mutant,gap frequency,popEVE,popped EVE,popped ESM-1v,EVE,ESM-1v,popEVE (unfiltered),popped EVE (unfiltered),popped ESM-1v (unfiltered),EVE (unfiltered),ESM-1v (unfiltered)
M1A,0.769,,,,,,-3.390,-3.529,-3.250,10.053,-6.937
M1C,0.769,,,,,,-3.558,-3.527,-3.590,9.994,-8.531
M1D,0.769,,,,,,-3.553,-3.532,-3.574,10.091,-8.457
M1E,0.769,,,,,,-3.468,-3.510,-3.426,9.824,-7.786
M1F,0.769,,,,,,-3.423,-3.535,-3.310,10.092,-7.231
M1G,0.769,,,,,,-3.468,-3.552,-3.383,10.292,-7.580
M1H,0.769,,,,,,-3.536,-3.545,-3.527,10.271,-8.235
M1I,0.769,,,,,,-3.302,-3.535,-3.068,10.134,-5.951
M1K,0.769,,,,,,-3.388,-3.543,-3.234,10.199,-6.847
M1L,0.769,,,,,,-3.269,-3.564,-2.974,10.452,-5.387
M1N,0.769,,,,,,-3.504,-3.526,-3.481,9.998,-8.037
M1P,0.769,,,,,,-3.485,-3.535,-3.435,10.105,-7.831
M1Q,0.769,,,,,,-3.363,-3.531,-3.195,10.086,-6.651
M1R,0.769,,,,,,-3.354,-3.540,-3.167,10.197,-6.493
M1S,0.769,,,,,,-3.373,-3.546,-3.200,10.235,-6.686
M1T,0.769,,,,,,-3.388,-3.510,-3.267,9.808,-7.020
M1V,0.769,,,,,,-3.224,-3.522,-2.926,9.968,-5.064
M1W,0.769,,,,,,-3.692,-3.525,-3.859,10.007,-9.684
M1Y,0.769,,,,,,-3.538,-3.521,-3.556,9.934,-8.382
I2A,0.448,-3.117,-3.034,-3.200,4.647,-6.681,-3.117,-3.034,-3.200,4.647,-6.681
I2C,0.448,-3.440,-3.241,-3.640,6.830,-8.746,-3.440,-3.241,-3.640,6.830,-8.746
I2D,0.448,-3.406,-3.274,-3.538,7.171,-8.290,-3.406,-3.274,-3.538,7.171,-8.290
I2E,0.448,-3.347,-3.158,-3.536,5.974,-8.287,-3.347,-3.158,-3.536,5.974,-8.287
I2F,0.448,-3.086,-3.254,-2.918,6.982,-5.020,-3.086,-3.254,-2.918,6.982,-5.020
I2G,0.448,-3.448,-3.230,-3.667,6.715,-8.872,-3.448,-3.230,-3.667,6.715,-8.872
I2H,0.448,-3.282,-3.143,-3.422,5.817,-7.764,-3.282,-3.143,-3.422,5.817,-7.764
I2K,0.448,-3.118,-3.044,-3.192,4.758,-6.627,-3.118,-3.044,-3.192,4.758,-6.627
I2L,0.448,-2.918,-3.180,-2.657,6.181,-2.071,-2.918,-3.180,-2.657,6.181,-2.071
I2M,0.448,-3.089,-3.277,-2.901,7.250,-4.892,-3.089,-3.277,-2.901,7.250,-4.892
I2N,0.448,-3.167,-3.039,-3.295,4.711,-7.156,-3.167,-3.039,-3.295,4.711,-7.156
I2P,0.448,-3.380,-3.284,-3.476,7.306,-8.016,-3.380,-3.284,-3.476,7.306,-8.016
I2Q,0.448,-3.152,-3.109,-3.196,5.430,-6.665,-3.152,-3.109,-3.196,5.430,-6.665
I2R,0.448,-3.132,-3.082,-3.181,5.154,-6.573,-3.132,-3.082,-3.181,5.154,-6.573
I2S,0.448,-3.006,-2.807,-3.204,2.294,-6.697,-3.006,-2.807,-3.204,2.294,-6.697
I2T,0.448,-3.080,-3.067,-3.092,5.000,-6.097,-3.080,-3.067,-3.092,5.000,-6.097
I2V,0.448,-2.975,-3.200,-2.750,6.382,-3.606,-2.975,-3.200,-2.750,6.382,-3.606
I2W,0.448,-3.406,-3.271,-3.542,7.176,-8.316,-3.406,-3.271,-3.542,7.176,-8.316
I2Y,0.448,-3.332,-3.273,-3.391,7.150,-7.617,-3.332,-3.273,-3.391,7.150,-7.617
V3A,0.371,-3.325,-3.459,-3.191,9.229,-6.620,-3.325,-3.459,-3.191,9.229,-6.620
V3C,0.371,-3.455,-3.467,-3.443,9.340,-7.862,-3.455,-3.467,-3.443,9.340,-7.862
V3D,0.371,-4.085,-3.465,-4.705,9.329,-13.222,-4.085,-3.465,-4.705,9.329,-13.222
V3E,0.371,-4.039,-3.445,-4.633,9.073,-12.918,-4.039,-3.445,-4.633,9.073,-12.918
V3F,0.371,-3.240,-3.439,-3.040,8.984,-5.795,-3.240,-3.439,-3.040,8.984,-5.795
V3G,0.371,-3.788,-3.426,-4.151,8.847,-10.897,-3.788,-3.426,-4.151,8.847,-10.897
V3H,0.371,-3.923,-3.419,-4.428,8.780,-12.062,-3.923,-3.419,-4.428,8.780,-12.062
V3I,0.371,-2.880,-3.086,-2.675,5.221,-0.530,-2.880,-3.086,-2.675,5.221,-0.530
V3K,0.371,-4.014,-3.473,-4.556,9.385,-12.595,-4.014,-3.473,-4.556,9.385,-12.595
V3L,0.371,-2.920,-3.176,-2.664,6.146,-2.243,-2.920,-3.176,-2.664,6.146,-2.243
V3M,0.371,-3.166,-3.255,-3.078,7.000,-6.013,-3.166,-3.255,-3.078,7.000,-6.013
V3N,0.371,-3.916,-3.447,-4.384,9.113,-11.864,-3.916,-3.447,-4.384,9.113,-11.864
V3P,0.371,-3.766,-3.465,-4.067,9.305,-10.555,-3.766,-3.465,-4.067,9.305,-10.555
V3Q,0.371,-3.916,-3.437,-4.396,8.964,-11.921,-3.916,-3.437,-4.396,8.964,-11.921
V3R,0.371,-3.818,-3.433,-4.204,8.968,-11.125,-3.818,-3.433,-4.204,8.968,-11.125
V3S,0.371,-3.629,-3.451,-3.807,9.162,-9.469,-3.629,-3.451,-3.807,9.162,-9.469
V3T,0.371,-3.401,-3.445,-3.357,9.067,-7.454,-3.401,-3.445,-3.357,9.067,-7.454
V3W,0.371,-3.956,-3.479,-4.434,9.463,-12.084,-3.956,-3.479,-4.434,9.463,-12.084
V3Y,0.371,-3.761,-3.419,-4.102,8.805,-10.705,-3.761,-3.419,-4.102,8.805,-10.705
F4A,0.365,-3.585,-3.360,-3.809,7.725,-9.476,-3.585,-3.360,-3.809,7.725,-9.476
F4C,0.365,-3.192,-3.365,-3.020,7.786,-5.672,-3.192,-3.365,-3.020,7.786,-5.672
F4D,0.365,-3.760,-3.352,-4.168,7.599,-10.976,-3.760,-3.352,-4.168,7.599,-10.976
F4E,0.365,-3.844,-3.382,-4.306,8.031,-11.552,-3.844,-3.382,-4.306,8.031,-11.552
F4G,0.365,-3.659,-3.370,-3.948,7.878,-10.058,-3.659,-3.370,-3.948,7.878,-10.058
F4H,0.365,-3.044,-3.212,-2.877,5.934,-4.726,-3.044,-3.212,-2.877,5.934,-4.726
F4I,0.365,-3.436,-3.306,-3.565,7.096,-8.415,-3.436,-3.306,-3.565,7.096,-8.415
F4K,0.365,-3.428,-3.258,-3.599,6.503,-8.570,-3.428,-3.258,-3.599,6.503,-8.570
F4L,0.365,-3.210,-3.137,-3.283,5.008,-7.093,-3.210,-3.137,-3.283,5.008,-7.093
F4M,0.365,-3.627,-3.316,-3.938,7.146,-10.027,-3.627,-3.316,-3.938,7.146,-10.027
F4N,0.365,-3.080,-3.101,-3.058,4.496,-5.893,-3.080,-3.101,-3.058,4.496,-5.893
F4P,0.365,-3.748,-3.363,-4.134,7.745,-10.833,-3.748,-3.363,-4.134,7.745,-10.833
F4Q,0.365,-3.382,-3.377,-3.388,7.942,-7.598,-3.382,-3.377,-3.388,7.942,-7.598
F4R,0.365,-3.228,-3.360,-3.095,7.757,-6.111,-3.228,-3.360,-3.095,7.757,-6.111
F4S,0.365,-3.209,-3.293,-3.125,6.766,-6.289,-3.209,-3.293,-3.125,6.766,-6.289
F4T,0.365,-3.330,-3.310,-3.350,6.976,-7.415,-3.330,-3.310,-3.350,6.976,-7.415
F4V,0.365,-3.396,-3.196,-3.596,5.686,-8.558,-3.396,-3.196,-3.596,5.686,-8.558
F4W,0.365,-3.428,-3.311,-3.545,7.072,-8.322,-3.428,-3.311,-3.545,7.072,-8.322
F4Y,0.365,-2.858,-3.054,-2.663,4.068,-0.849,-2.858,-3.054,-2.663,4.068,-0.849
V5A,0.361,-3.420,-3.486,-3.355,9.363,-7.447,-3.420,-3.486,-3.355,9.363,-7.447
V5C,0.361,-3.852,-3.497,-4.208,9.486,-11.141,-3.852,-3.497,-4.208,9.486,-11.141
V5D,0.361,-4.285,-3.475,-5.095,9.204,-14.968,-4.285,-3.475,-5.095,9.204,-14.968
V5E,0.361,-4.244,-3.498,-4.989,9.534,-14.478,-4.244,-3.498,-4.989,9.534,-14.478
V5F,0.361,-3.529,-3.497,-3.562,9.478,-8.400,-3.529,-3.497,-3.562,9.478,-8.400
V5G,0.361,-4.007,-3.465,-4.549,9.113,-12.565,-4.007,-3.465,-4.549,9.113,-12.565
V5H,0.361,-4.405,-3.478,-5.332,9.275,-16.121,-4.405,-3.478,-5.332,9.275,-16.121
V5I,0.361,-2.950,-3.145,-2.755,5.137,-3.661,-2.950,-3.145,-2.755,5.137,-3.661
V5K,0.361,-4.352,-3.473,-5.230,9.199,-15.602,-4.352,-3.473,-5.230,9.199,-15.602
V5L,0.361,-3.252,-3.408,-3.095,8.303,-6.109,-3.252,-3.408,-3.095,8.303,-6.109
V5M,0.361,-3.596,-3.435,-3.756,8.816,-9.247,-3.596,-3.435,-3.756,8.816,-9.247
V5N,0.361,-4.344,-3.481,-5.208,9.326,-15.506,-4.344,-3.481,-5.208,9.326,-15.506
V5P,0.361,-4.124,-3.511,-4.737,9.662,-13.359,-4.124,-3.511,-4.737,9.662,-13.359
V5Q,0.361,-4.357,-3.491,-5.222,9.437,-15.579,-4.357,-3.491,-5.222,9.437,-15.579
V5R,0.361,-4.308,-3.504,-5.112,9.583,-15.041,-4.308,-3.504,-5.112,9.583,-15.041
V5S,0.361,-4.056,-3.511,-4.601,9.690,-12.783,-4.056,-3.511,-4.601,9.690,-12.783
V5T,0.361,-3.757,-3.468,-4.046,9.178,-10.474,-3.757,-3.468,-4.046,9.178,-10.474
V5W,0.361,-4.312,-3.495,-5.130,9.497,-15.136,-4.312,-3.495,-5.130,9.497,-15.136
V5Y,0.361,-4.173,-3.470,-4.876,9.146,-13.968,-4.173,-3.470,-4.876,9.146,-13.968
R6A,0.361,-3.819,-3.435,-4.203,8.685,-11.121,-3.819,-3.435,-4.203,8.685,-11.121
R6C,0.361,-3.398,-3.388,-3.409,8.031,-7.704,-3.398,-3.388,-3.409,8.031,-7.704
R6D,0.361,-3.944,-3.431,-4.457,8.689,-12.182,-3.944,-3.431,-4.457,8.689,-12.182
R6E,0.361,-3.732,-3.422,-4.041,8.541,-10.457,-3.732,-3.422,-4.041,8.541,-10.457
R6F,0.361,-3.902,-3.423,-4.380,8.575,-11.853,-3.902,-3.423,-4.380,8.575,-11.853
R6G,0.361,-3.660,-3.447,-3.874,8.841,-9.747,-3.660,-3.447,-3.874,8.841,-9.747
R6H,0.361,-3.388,-3.419,-3.356,8.489,-7.451,-3.388,-3.419,-3.356,8.489,-7.451
R6I,0.361,-3.784,-3.458,-4.110,8.999,-10.732,-3.784,-3.458,-4.110,8.999,-10.732
R6K,0.361,-2.886,-2.988,-2.784,3.217,-3.948,-2.886,-2.988,-2.784,3.217,-3.948
R6L,0.361,-3.636,-3.432,-3.840,8.621,-9.620,-3.636,-3.432,-3.840,8.621,-9.620
R6M,0.361,-3.724,-3.456,-3.991,8.919,-10.233,-3.724,-3.456,-3.991,8.919,-10.233
R6N,0.361,-3.522,-3.374,-3.670,7.892,-8.877,-3.522,-3.374,-3.670,7.892,-8.877
R6P,0.361,-3.979,-3.434,-4.524,8.642,-12.458,-3.979,-3.434,-4.524,8.642,-12.458
R6Q,0.361,-3.293,-3.325,-3.261,7.289,-6.998,-3.293,-3.325,-3.261,7.289,-6.998
R6S,0.361,-3.552,-3.411,-3.692,8.396,-8.976,-3.552,-3.411,-3.692,8.396,-8.976
R6T,0.361,-3.606,-3.434,-3.779,8.653,-9.348,-3.606,-3.434,-3.779,8.653,-9.348
R6V,0.361,-3.799,-3.443,-4.155,8.812,-10.928,-3.799,-3.443,-4.155,8.812,-10.928
R6W,0.361,-3.548,-3.439,-3.657,8.732,-8.826,-3.548,-3.439,-3.657,8.732,-8.826
R6Y,0.361,-3.775,-3.411,-4.139,8.398,-10.847,-3.775,-3.411,-4.139,8.398,-10.847
F7A,0.359,-3.810,-3.322,-4.297,7.285,-11.514,-3.810,-3.322,-4.297,7.285,-11.514
F7C,0.359,-3.354,-3.289,-3.419,6.789,-7.749,-3.354,-3.289,-3.419,6.789,-7.749
F7D,0.359,-3.947,-3.403,-4.491,8.293,-12.318,-3.947,-3.403,-4.491,8.293,-12.318
F7E,0.359,-4.206,-3.453,-4.958,8.932,-14.333,-4.206,-3.453,-4.958,8.932,-14.333
F7G,0.359,-3.972,-3.446,-4.499,8.835,-12.355,-3.972,-3.446,-4.499,8.835,-12.355
F7H,0.359,-3.750,-3.430,-4.070,8.646,-10.572,-3.750,-3.430,-4.070,8.646,-10.572
F7I,0.359,-3.575,-3.406,-3.744,8.342,-9.201,-3.575,-3.406,-3.744,8.342,-9.201
F7K,0.359,-4.165,-3.464,-4.866,9.075,-13.928,-4.165,-3.464,-4.866,9.075,-13.928
F7L,0.359,-3.335,-3.367,-3.303,7.832,-7.192,-3.335,-3.367,-3.303,7.832,-7.192
F7M,0.359,-3.820,-3.468,-4.171,9.126,-10.986,-3.820,-3.468,-4.171,9.126,-10.986
F7N,0.359,-3.946,-3.394,-4.499,8.275,-12.350,-3.946,-3.394,-4.499,8.275,-12.350
F7P,0.359,-4.069,-3.446,-4.692,8.820,-13.176,-4.069,-3.446,-4.692,8.820,-13.176
F7Q,0.359,-4.062,-3.447,-4.677,8.869,-13.111,-4.062,-3.447,-4.677,8.869,-13.111
F7R,0.359,-3.984,-3.447,-4.520,8.846,-12.439,-3.984,-3.447,-4.520,8.846,-12.439
F7S,0.359,-3.504,-3.223,-3.785,6.035,-9.377,-3.504,-3.223,-3.785,6.035,-9.377
F7T,0.359,-3.654,-3.202,-4.106,5.819,-10.722,-3.654,-3.202,-4.106,5.819,-10.722
F7V,0.359,-3.568,-3.425,-3.712,8.585,-9.061,-3.568,-3.425,-3.712,8.585,-9.061
F7W,0.359,-3.603,-3.431,-3.775,8.662,-9.331,-3.603,-3.431,-3.775,8.662,-9.331
F7Y,0.359,-3.148,-3.108,-3.188,4.650,-6.614,-3.148,-3.108,-3.188,4.650,-6.614
N8A,0.371,-3.418,-3.273,-3.563,6.667,-8.413,-3.418,-3.273,-3.563,6.667,-8.413
N8C,0.371,-3.508,-3.405,-3.610,8.333,-8.623,-3.508,-3.405,-3.610,8.333,-8.623
N8D,0.371,-3.446,-3.389,-3.503,8.162,-8.145,-3.446,-3.389,-3.503,8.162,-8.145
N8E,0.371,-3.706,-3.382,-4.030,7.918,-10.405,-3.706,-3.382,-4.030,7.918,-10.405
N8F,0.371,-3.860,-3.405,-4.316,8.324,-11.585,-3.860,-3.405,-4.316,8.324,-11.585
N8G,0.371,-3.426,-3.324,-3.527,7.212,-8.254,-3.426,-3.324,-3.527,7.212,-8.254
N8H,0.371,-3.372,-3.441,-3.302,8.760,-7.184,-3.372,-3.441,-3.302,8.760,-7.184
N8I,0.371,-3.539,-3.281,-3.797,6.784,-9.425,-3.539,-3.281,-3.797,6.784,-9.425
N8K,0.371,-3.401,-3.339,-3.463,7.574,-7.961,-3.401,-3.339,-3.463,7.574,-7.961
N8L,0.371,-3.707,-3.453,-3.961,8.922,-10.120,-3.707,-3.453,-3.961,8.922,-10.120
N8M,0.371,-3.762,-3.434,-4.091,8.723,-10.655,-3.762,-3.434,-4.091,8.723,-10.655
N8P,0.371,-3.772,-3.384,-4.160,8.079,-10.941,-3.772,-3.384,-4.160,8.079,-10.941
N8Q,0.371,-3.458,-3.348,-3.567,7.499,-8.428,-3.458,-3.348,-3.567,7.499,-8.428
N8R,0.371,-3.505,-3.345,-3.665,7.551,-8.860,-3.505,-3.345,-3.665,7.551,-8.860
N8S,0.371,-3.028,-3.166,-2.890,5.432,-4.810,-3.028,-3.166,-2.890,5.432,-4.810
N8T,0.371,-3.228,-3.322,-3.135,7.320,-6.329,-3.228,-3.322,-3.135,7.320,-6.329
N8V,0.371,-3.653,-3.430,-3.876,8.631,-9.763,-3.653,-3.430,-3.876,8.631,-9.763
N8W,0.371,-4.101,-3.427,-4.775,8.604,-13.532,-4.101,-3.427,-4.775,8.604,-13.532
N8Y,0.371,-3.644,-3.281,-4.006,6.777,-10.304,-3.644,-3.281,-4.006,6.777,-10.304
S9A,0.355,-3.142,-3.251,-3.033,6.356,-5.754,-3.142,-3.251,-3.033,6.356,-5.754
S9C,0.355,-3.144,-3.342,-2.946,7.477,-5.205,-3.144,-3.342,-2.946,7.477,-5.205
S9D,0.355,-3.462,-3.275,-3.648,6.801,-8.781,-3.462,-3.275,-3.648,6.801,-8.781
S9E,0.355,-3.710,-3.372,-4.047,7.891,-10.470,-3.710,-3.372,-4.047,7.891,-10.470
S9F,0.355,-3.506,-3.411,-3.601,8.415,-8.583,-3.506,-3.411,-3.601,8.415,-8.583
S9G,0.355,-3.140,-3.193,-3.086,5.713,-6.066,-3.140,-3.193,-3.086,5.713,-6.066
S9H,0.355,-3.552,-3.390,-3.714,8.103,-9.077,-3.552,-3.390,-3.714,8.103,-9.077
S9I,0.355,-3.554,-3.349,-3.759,7.573,-9.269,-3.554,-3.349,-3.759,7.573,-9.269
S9K,0.355,-3.552,-3.350,-3.755,7.497,-9.249,-3.552,-3.350,-3.755,7.497,-9.249
S9L,0.355,-3.332,-3.107,-3.557,4.678,-8.374,-3.332,-3.107,-3.557,4.678,-8.374
S9M,0.355,-3.682,-3.389,-3.976,8.101,-10.178,-3.682,-3.389,-3.976,8.101,-10.178
S9N,0.355,-3.106,-3.194,-3.018,5.675,-5.673,-3.106,-3.194,-3.018,5.675,-5.673
S9P,0.355,-3.500,-3.291,-3.708,6.818,-9.043,-3.500,-3.291,-3.708,6.818,-9.043
S9Q,0.355,-3.544,-3.254,-3.834,6.302,-9.580,-3.544,-3.254,-3.834,6.302,-9.580
S9R,0.355,-3.386,-3.230,-3.542,6.164,-8.310,-3.386,-3.230,-3.542,6.164,-8.310
S9T,0.355,-2.968,-3.167,-2.770,5.411,-3.819,-2.968,-3.167,-2.770,5.411,-3.819
S9V,0.355,-3.400,-3.272,-3.528,6.699,-8.255,-3.400,-3.272,-3.528,6.699,-8.255
S9W,0.355,-3.711,-3.390,-4.032,8.129,-10.418,-3.711,-3.390,-4.032,8.129,-10.418
S9Y,0.355,-3.574,-3.415,-3.733,8.424,-9.147,-3.574,-3.415,-3.733,8.424,-9.147
S10A,0.357,-2.948,-3.202,-2.693,5.894,-2.868,-2.948,-3.202,-2.693,5.894,-2.868
S10C,0.357,-3.043,-3.183,-2.903,5.799,-4.902,-3.043,-3.183,-2.903,5.799,-4.902
S10D,0.357,-3.141,-3.165,-3.118,5.270,-6.233,-3.141,-3.165,-3.118,5.270,-6.233
S10E,0.357,-3.178,-3.270,-3.086,6.525,-6.047,-3.178,-3.270,-3.086,6.525,-6.047
S10F,0.357,-3.263,-3.320,-3.207,7.307,-6.717,-3.263,-3.320,-3.207,7.307,-6.717
S10G,0.357,-2.816,-2.926,-2.707,2.470,-3.092,-2.816,-2.926,-2.707,2.470,-3.092
S10H,0.357,-3.224,-3.316,-3.133,7.093,-6.327,-3.224,-3.316,-3.133,7.093,-6.327
S10I,0.357,-3.270,-3.324,-3.217,7.341,-6.774,-3.270,-3.324,-3.217,7.341,-6.774
S10K,0.357,-3.198,-3.309,-3.087,7.094,-6.057,-3.198,-3.309,-3.087,7.094,-6.057
S10L,0.357,-3.187,-3.333,-3.041,7.399,-5.796,-3.187,-3.333,-3.041,7.399,-5.796
S10M,0.357,-3.278,-3.291,-3.265,6.925,-7.009,-3.278,-3.291,-3.265,6.925,-7.009
S10N,0.357,-2.843,-2.963,-2.722,2.858,-3.308,-2.843,-2.963,-2.722,2.858,-3.308
S10P,0.357,-3.223,-3.315,-3.131,7.198,-6.311,-3.223,-3.315,-3.131,7.198,-6.311
S10Q,0.357,-3.090,-3.278,-2.902,6.686,-4.916,-3.090,-3.278,-2.902,6.686,-4.916
S10R,0.357,-3.131,-3.272,-2.990,6.681,-5.485,-3.131,-3.272,-2.990,6.681,-5.485
S10T,0.357,-3.024,-3.343,-2.706,7.516,-3.038,-3.024,-3.343,-2.706,7.516,-3.038
S10V,0.357,-3.154,-3.300,-3.009,6.982,-5.604,-3.154,-3.300,-3.009,6.982,-5.604
S10W,0.357,-3.512,-3.310,-3.715,7.108,-9.074,-3.512,-3.310,-3.715,7.108,-9.074
S10Y,0.357,-3.318,-3.296,-3.341,6.953,-7.386,-3.318,-3.296,-3.341,6.953,-7.386
H11A,0.351,-3.223,-3.217,-3.229,5.917,-6.828,-3.223,-3.217,-3.229,5.917,-6.828
H11C,0.351,-3.064,-3.263,-2.865,6.536,-4.639,-3.064,-3.263,-2.865,6.536,-4.639
H11D,0.351,-3.222,-3.139,-3.304,4.933,-7.204,-3.222,-3.139,-3.304,4.933,-7.204
H11E,0.351,-3.221,-3.157,-3.285,5.154,-7.106,-3.221,-3.157,-3.285,5.154,-7.106
H11F,0.351,-3.136,-3.330,-2.943,7.325,-5.186,-3.136,-3.330,-2.943,7.325,-5.186
H11G,0.351,-3.270,-3.274,-3.267,6.564,-7.013,-3.270,-3.274,-3.267,6.564,-7.013
H11I,0.351,-3.331,-3.246,-3.416,6.220,-7.729,-3.331,-3.246,-3.416,6.220,-7.729
H11K,0.351,-3.114,-3.138,-3.090,5.008,-6.077,-3.114,-3.138,-3.090,5.008,-6.077
H11L,0.351,-3.052,-3.173,-2.930,5.302,-5.107,-3.052,-3.173,-2.930,5.302,-5.107
H11M,0.351,-3.398,-3.314,-3.481,7.145,-8.033,-3.398,-3.314,-3.481,7.145,-8.033
H11N,0.351,-2.954,-3.117,-2.792,4.753,-4.022,-2.954,-3.117,-2.792,4.753,-4.022
H11P,0.351,-3.109,-3.046,-3.172,3.850,-6.524,-3.109,-3.046,-3.172,3.850,-6.524
H11Q,0.351,-2.867,-3.070,-2.664,4.196,-2.287,-2.867,-3.070,-2.664,4.196,-2.287
H11R,0.351,-2.961,-3.120,-2.802,4.733,-4.102,-2.961,-3.120,-2.802,4.733,-4.102
H11S,0.351,-2.984,-3.131,-2.837,4.941,-4.413,-2.984,-3.131,-2.837,4.941,-4.413
H11T,0.351,-3.078,-3.103,-3.053,4.417,-5.859,-3.078,-3.103,-3.053,4.417,-5.859
H11V,0.351,-3.292,-3.291,-3.292,6.815,-7.147,-3.292,-3.291,-3.292,6.815,-7.147
H11W,0.351,-3.273,-3.294,-3.252,6.857,-6.947,-3.273,-3.294,-3.252,6.857,-6.947
H11Y,0.351,-2.926,-3.122,-2.729,4.764,-3.383,-2.926,-3.122,-2.729,4.764,-3.383
G12A,0.353,-3.216,-3.246,-3.185,6.258,-6.594,-3.216,-3.246,-3.185,6.258,-6.594
G12C,0.353,-3.314,-3.132,-3.495,4.924,-8.105,-3.314,-3.132,-3.495,4.924,-8.105
G12D,0.353,-3.423,-3.378,-3.467,7.923,-7.973,-3.423,-3.378,-3.467,7.923,-7.973
G12E,0.353,-3.314,-3.219,-3.410,5.993,-7.713,-3.314,-3.219,-3.410,5.993,-7.713
G12F,0.353,-3.729,-3.364,-4.094,7.738,-10.667,-3.729,-3.364,-4.094,7.738,-10.667
G12H,0.353,-3.613,-3.363,-3.863,7.754,-9.699,-3.613,-3.363,-3.863,7.754,-9.699
G12I,0.353,-3.566,-3.324,-3.809,7.185,-9.478,-3.566,-3.324,-3.809,7.185,-9.478
G12K,0.353,-3.603,-3.228,-3.978,5.989,-10.183,-3.603,-3.228,-3.978,5.989,-10.183
G12L,0.353,-3.624,-3.364,-3.883,7.702,-9.785,-3.624,-3.364,-3.883,7.702,-9.785
G12M,0.353,-3.707,-3.339,-4.076,7.360,-10.602,-3.707,-3.339,-4.076,7.360,-10.602
G12N,0.353,-3.380,-3.209,-3.550,5.727,-8.349,-3.380,-3.209,-3.550,5.727,-8.349
G12P,0.353,-3.579,-3.271,-3.887,6.543,-9.806,-3.579,-3.271,-3.887,6.543,-9.806
G12Q,0.353,-3.603,-3.269,-3.937,6.523,-10.019,-3.603,-3.269,-3.937,6.523,-10.019
G12R,0.353,-3.444,-3.315,-3.572,7.115,-8.453,-3.444,-3.315,-3.572,7.115,-8.453
G12S,0.353,-3.110,-3.091,-3.130,4.350,-6.303,-3.110,-3.091,-3.130,4.350,-6.303
G12T,0.353,-3.189,-3.114,-3.264,4.694,-7.007,-3.189,-3.114,-3.264,4.694,-7.007
G12V,0.353,-3.385,-3.215,-3.555,5.845,-8.367,-3.385,-3.215,-3.555,5.845,-8.367
G12W,0.353,-3.789,-3.373,-4.205,7.821,-11.129,-3.789,-3.373,-4.205,7.821,-11.129
G12Y,0.353,-3.712,-3.286,-4.138,6.742,-10.850,-3.712,-3.286,-4.138,6.742,-10.850
F13A,0.347,-3.672,-3.343,-4.002,7.470,-10.294,-3.672,-3.343,-4.002,7.470,-10.294
F13C,0.347,-3.296,-3.293,-3.300,6.967,-7.184,-3.296,-3.293,-3.300,6.967,-7.184
F13D,0.347,-3.916,-3.341,-4.490,7.513,-12.318,-3.916,-3.341,-4.490,7.513,-12.318
F13E,0.347,-3.828,-3.292,-4.364,6.840,-11.790,-3.828,-3.292,-4.364,6.840,-11.790
F13G,0.347,-3.831,-3.371,-4.291,7.830,-11.496,-3.831,-3.371,-4.291,7.830,-11.496
F13H,0.347,-3.560,-3.351,-3.769,7.646,-9.306,-3.560,-3.351,-3.769,7.646,-9.306
F13I,0.347,-2.968,-3.009,-2.928,3.337,-5.079,-2.968,-3.009,-2.928,3.337,-5.079
F13K,0.347,-3.928,-3.352,-4.503,7.621,-12.374,-3.928,-3.352,-4.503,7.621,-12.374
F13L,0.347,-2.936,-3.077,-2.795,4.237,-4.063,-2.936,-3.077,-2.795,4.237,-4.063
F13M,0.347,-3.261,-3.272,-3.250,6.707,-6.949,-3.261,-3.272,-3.250,6.707,-6.949
F13N,0.347,-3.790,-3.338,-4.242,7.436,-11.284,-3.790,-3.338,-4.242,7.436,-11.284
F13P,0.347,-3.837,-3.339,-4.335,7.446,-11.660,-3.837,-3.339,-4.335,7.446,-11.660
F13Q,0.347,-3.718,-3.332,-4.105,7.325,-10.710,-3.718,-3.332,-4.105,7.325,-10.710
F13R,0.347,-3.714,-3.234,-4.195,6.251,-11.086,-3.714,-3.234,-4.195,6.251,-11.086
F13S,0.347,-3.447,-3.341,-3.553,7.469,-8.358,-3.447,-3.341,-3.553,7.469,-8.358
F13T,0.347,-3.494,-3.266,-3.721,6.540,-9.093,-3.494,-3.266,-3.721,6.540,-9.093
F13V,0.347,-3.038,-2.995,-3.082,3.193,-6.034,-3.038,-2.995,-3.082,3.193,-6.034
F13W,0.347,-3.531,-3.349,-3.713,7.589,-9.068,-3.531,-3.349,-3.713,7.589,-9.068
F13Y,0.347,-3.102,-3.204,-3.001,5.856,-5.561,-3.102,-3.204,-3.001,5.856,-5.561
P14A,0.347,-2.929,-3.077,-2.781,4.300,-3.921,-2.929,-3.077,-2.781,4.300,-3.921
P14C,0.347,-3.301,-3.243,-3.359,6.336,-7.470,-3.301,-3.243,-3.359,6.336,-7.470
P14D,0.347,-3.691,-3.328,-4.055,7.374,-10.503,-3.691,-3.328,-4.055,7.374,-10.503
P14E,0.347,-3.660,-3.360,-3.960,7.772,-10.115,-3.660,-3.360,-3.960,7.772,-10.115
P14F,0.347,-3.586,-3.389,-3.783,8.123,-9.363,-3.586,-3.389,-3.783,8.123,-9.363
P14G,0.347,-3.362,-3.385,-3.338,8.060,-7.368,-3.362,-3.385,-3.338,8.060,-7.368
P14H,0.347,-3.466,-3.352,-3.579,7.610,-8.484,-3.466,-3.352,-3.579,7.610,-8.484
P14I,0.347,-3.535,-3.385,-3.685,7.971,-8.953,-3.535,-3.385,-3.685,7.971,-8.953
P14K,0.347,-3.673,-3.361,-3.984,7.769,-10.215,-3.673,-3.361,-3.984,7.769,-10.215
P14L,0.347,-3.236,-3.201,-3.272,5.887,-7.044,-3.236,-3.201,-3.272,5.887,-7.044
P14M,0.347,-3.628,-3.408,-3.849,8.338,-9.647,-3.628,-3.408,-3.849,8.338,-9.647
P14N,0.347,-3.432,-3.313,-3.550,7.117,-8.343,-3.432,-3.313,-3.550,7.117,-8.343
P14Q,0.347,-3.358,-3.260,-3.456,6.479,-7.921,-3.358,-3.260,-3.456,6.479,-7.921
P14R,0.347,-3.438,-3.405,-3.470,8.339,-7.984,-3.438,-3.405,-3.470,8.339,-7.984
P14S,0.347,-2.964,-3.168,-2.759,5.380,-3.715,-2.964,-3.168,-2.759,5.380,-3.715
P14T,0.347,-3.040,-3.185,-2.895,5.605,-4.849,-3.040,-3.185,-2.895,5.605,-4.849
P14V,0.347,-3.293,-3.192,-3.394,5.659,-7.641,-3.293,-3.192,-3.394,5.659,-7.641
P14W,0.347,-3.779,-3.409,-4.149,8.332,-10.900,-3.779,-3.409,-4.149,8.332,-10.900
P14Y,0.347,-3.716,-3.413,-4.019,8.388,-10.363,-3.716,-3.413,-4.019,8.388,-10.363
V15A,0.347,-3.340,-3.425,-3.256,8.606,-6.969,-3.340,-3.425,-3.256,8.606,-6.969
V15C,0.347,-3.623,-3.437,-3.809,8.726,-9.478,-3.623,-3.437,-3.809,8.726,-9.478
V15D,0.347,-4.138,-3.430,-4.845,8.672,-13.822,-4.138,-3.430,-4.845,8.672,-13.822
V15E,0.347,-3.886,-3.435,-4.338,8.697,-11.681,-3.886,-3.435,-4.338,8.697,-11.681
V15F,0.347,-3.444,-3.446,-3.442,8.864,-7.861,-3.444,-3.446,-3.442,8.864,-7.861
V15G,0.347,-3.961,-3.438,-4.484,8.738,-12.291,-3.961,-3.438,-4.484,8.738,-12.291
V15H,0.347,-4.148,-3.446,-4.850,8.822,-13.859,-4.148,-3.446,-4.850,8.822,-13.859
V15I,0.347,-2.921,-3.161,-2.681,5.358,-2.637,-2.921,-3.161,-2.681,5.358,-2.637
V15K,0.347,-4.123,-3.422,-4.823,8.579,-13.745,-4.123,-3.422,-4.823,8.579,-13.745
V15L,0.347,-2.918,-3.104,-2.731,4.522,-3.412,-2.918,-3.104,-2.731,4.522,-3.412
V15M,0.347,-3.045,-3.183,-2.907,5.668,-4.932,-3.045,-3.183,-2.907,5.668,-4.932
V15N,0.347,-4.210,-3.409,-5.010,8.412,-14.578,-4.210,-3.409,-5.010,8.412,-14.578
V15P,0.347,-3.984,-3.439,-4.530,8.733,-12.488,-3.984,-3.439,-4.530,8.733,-12.488
V15Q,0.347,-3.970,-3.423,-4.518,8.604,-12.436,-3.970,-3.423,-4.518,8.604,-12.436
V15R,0.347,-4.033,-3.415,-4.650,8.414,-12.988,-4.033,-3.415,-4.650,8.414,-12.988
V15S,0.347,-3.841,-3.434,-4.248,8.688,-11.300,-3.841,-3.434,-4.248,8.688,-11.300
V15T,0.347,-3.426,-3.341,-3.510,7.600,-8.167,-3.426,-3.341,-3.510,7.600,-8.167
V15W,0.347,-3.990,-3.421,-4.560,8.538,-12.606,-3.990,-3.421,-4.560,8.538,-12.606
V15Y,0.347,-3.982,-3.393,-4.570,8.129,-12.652,-3.982,-3.393,-4.570,8.129,-12.652
E16A,0.345,-3.306,-3.229,-3.383,6.115,-7.580,-3.306,-3.229,-3.383,6.115,-7.580
E16C,0.345,-3.691,-3.333,-4.049,7.322,-10.484,-3.691,-3.333,-4.049,7.322,-10.484
E16D,0.345,-2.859,-3.047,-2.670,3.899,-2.414,-2.859,-3.047,-2.670,3.899,-2.414
E16F,0.345,-3.818,-3.331,-4.305,7.320,-11.533,-3.818,-3.331,-4.305,7.320,-11.533
E16G,0.345,-3.426,-3.393,-3.459,8.124,-7.944,-3.426,-3.393,-3.459,8.124,-7.944
E16H,0.345,-3.342,-3.267,-3.417,6.497,-7.731,-3.342,-3.267,-3.417,6.497,-7.731
E16I,0.345,-3.738,-3.374,-4.101,7.893,-10.692,-3.738,-3.374,-4.101,7.893,-10.692
E16K,0.345,-3.358,-3.268,-3.448,6.532,-7.890,-3.358,-3.268,-3.448,6.532,-7.890
E16L,0.345,-3.577,-3.368,-3.785,7.816,-9.371,-3.577,-3.368,-3.785,7.816,-9.371
E16M,0.345,-3.654,-3.375,-3.934,7.908,-9.997,-3.654,-3.375,-3.934,7.908,-9.997
E16N,0.345,-3.270,-3.172,-3.367,5.423,-7.507,-3.270,-3.172,-3.367,5.423,-7.507
E16P,0.345,-3.641,-3.362,-3.921,7.690,-9.944,-3.641,-3.362,-3.921,7.690,-9.944
E16Q,0.345,-3.038,-3.156,-2.921,5.119,-5.030,-3.038,-3.156,-2.921,5.119,-5.030
E16R,0.345,-3.414,-3.239,-3.590,6.125,-8.533,-3.414,-3.239,-3.590,6.125,-8.533
E16S,0.345,-3.392,-3.322,-3.463,7.204,-7.961,-3.392,-3.322,-3.463,7.204,-7.961
E16T,0.345,-3.349,-3.208,-3.490,5.755,-8.085,-3.349,-3.208,-3.490,5.755,-8.085
E16V,0.345,-3.415,-3.365,-3.465,7.660,-7.961,-3.415,-3.365,-3.465,7.660,-7.961
E16W,0.345,-3.894,-3.383,-4.404,7.986,-11.957,-3.894,-3.383,-4.404,7.986,-11.957
E16Y,0.345,-3.698,-3.304,-4.093,6.943,-10.661,-3.698,-3.304,-4.093,6.943,-10.661
V17A,0.345,-3.078,-3.245,-2.912,6.286,-4.971,-3.078,-3.245,-2.912,6.286,-4.971
V17C,0.345,-3.379,-3.359,-3.399,7.714,-7.659,-3.379,-3.359,-3.399,7.714,-7.659
V17D,0.345,-3.734,-3.371,-4.098,7.860,-10.680,-3.734,-3.371,-4.098,7.860,-10.680
V17E,0.345,-3.604,-3.377,-3.830,7.940,-9.568,-3.604,-3.377,-3.830,7.940,-9.568
V17F,0.345,-3.240,-3.354,-3.126,7.619,-6.286,-3.240,-3.354,-3.126,7.619,-6.286
V17G,0.345,-3.490,-3.348,-3.633,7.592,-8.713,-3.490,-3.348,-3.633,7.592,-8.713
V17H,0.345,-3.854,-3.354,-4.354,7.685,-11.745,-3.854,-3.354,-4.354,7.685,-11.745
V17I,0.345,-2.885,-3.093,-2.677,4.399,-2.590,-2.885,-3.093,-2.677,4.399,-2.590
V17K,0.345,-3.954,-3.362,-4.546,7.736,-12.545,-3.954,-3.362,-4.546,7.736,-12.545
V17L,0.345,-2.758,-2.861,-2.656,1.698,-1.963,-2.758,-2.861,-2.656,1.698,-1.963
V17M,0.345,-3.024,-3.264,-2.784,6.581,-3.939,-3.024,-3.264,-2.784,6.581,-3.939
V17N,0.345,-3.901,-3.357,-4.445,7.660,-12.118,-3.901,-3.357,-4.445,7.660,-12.118
V17P,0.345,-3.718,-3.369,-4.068,7.807,-10.560,-3.718,-3.369,-4.068,7.807,-10.560
V17Q,0.345,-3.724,-3.374,-4.075,7.939,-10.598,-3.724,-3.374,-4.075,7.939,-10.598
V17R,0.345,-3.852,-3.366,-4.338,7.782,-11.677,-3.852,-3.366,-4.338,7.782,-11.677
V17S,0.345,-3.550,-3.348,-3.751,7.569,-9.237,-3.550,-3.348,-3.751,7.569,-9.237
V17T,0.345,-3.276,-3.372,-3.181,7.923,-6.576,-3.276,-3.372,-3.181,7.923,-6.576
V17W,0.345,-3.710,-3.353,-4.066,7.679,-10.550,-3.710,-3.353,-4.066,7.679,-10.550
V17Y,0.345,-3.742,-3.360,-4.125,7.741,-10.793,-3.742,-3.360,-4.125,7.741,-10.793
D18A,0.343,-2.989,-3.073,-2.905,4.160,-4.919,-2.989,-3.073,-2.905,4.160,-4.919
D18C,0.343,-3.228,-3.301,-3.155,6.989,-6.435,-3.228,-3.301,-3.155,6.989,-6.435
D18E,0.343,-2.784,-2.916,-2.653,2.410,-1.823,-2.784,-2.916,-2.653,2.410,-1.823
D18F,0.343,-3.416,-3.280,-3.552,6.760,-8.359,-3.416,-3.280,-3.552,6.760,-8.359
D18G,0.343,-2.884,-3.072,-2.697,4.176,-2.938,-2.884,-3.072,-2.697,4.176,-2.938
D18H,0.343,-3.100,-3.250,-2.949,6.373,-5.217,-3.100,-3.250,-2.949,6.373,-5.217
D18I,0.343,-3.502,-3.301,-3.702,6.956,-9.023,-3.502,-3.301,-3.702,6.956,-9.023
D18K,0.343,-3.188,-3.174,-3.203,5.336,-6.697,-3.188,-3.174,-3.203,5.336,-6.697
D18L,0.343,-3.274,-3.276,-3.271,6.666,-7.037,-3.274,-3.276,-3.271,6.666,-7.037
D18M,0.343,-3.543,-3.313,-3.773,7.127,-9.323,-3.543,-3.313,-3.773,7.127,-9.323
D18N,0.343,-2.888,-3.074,-2.701,4.277,-3.013,-2.888,-3.074,-2.701,4.277,-3.013
D18P,0.343,-3.130,-3.214,-3.046,5.950,-5.824,-3.130,-3.214,-3.046,5.950,-5.824
D18Q,0.343,-3.004,-3.028,-2.979,3.678,-5.419,-3.004,-3.028,-2.979,3.678,-5.419
D18R,0.343,-3.188,-3.214,-3.162,5.834,-6.474,-3.188,-3.214,-3.162,5.834,-6.474
D18S,0.343,-2.904,-3.093,-2.715,4.411,-3.175,-2.904,-3.093,-2.715,4.411,-3.175
D18T,0.343,-3.082,-3.156,-3.007,5.227,-5.587,-3.082,-3.156,-3.007,5.227,-5.587
D18V,0.343,-3.334,-3.305,-3.362,7.048,-7.487,-3.334,-3.305,-3.362,7.048,-7.487
D18W,0.343,-3.651,-3.304,-3.998,7.004,-10.271,-3.651,-3.304,-3.998,7.004,-10.271
D18Y,0.343,-3.338,-3.296,-3.380,6.931,-7.565,-3.338,-3.296,-3.380,6.931,-7.565
S19A,0.343,-2.763,-2.862,-2.664,1.799,-0.779,-2.763,-2.862,-2.664,1.799,-0.779
S19C,0.343,-2.976,-3.135,-2.816,4.842,-4.233,-2.976,-3.135,-2.816,4.842,-4.233
S19D,0.343,-2.932,-3.086,-2.779,4.348,-3.927,-2.932,-3.086,-2.779,4.348,-3.927
S19E,0.343,-2.774,-2.793,-2.756,0.843,-3.674,-2.774,-2.793,-2.756,0.843,-3.674
S19F,0.343,-3.136,-3.157,-3.115,5.242,-6.215,-3.136,-3.157,-3.115,5.242,-6.215
S19G,0.343,-2.836,-3.009,-2.663,3.464,-0.829,-2.836,-3.009,-2.663,3.464,-0.829
S19H,0.343,-2.962,-3.137,-2.786,4.985,-3.980,-2.962,-3.137,-2.786,4.985,-3.980
S19I,0.343,-3.078,-3.181,-2.974,5.500,-5.399,-3.078,-3.181,-2.974,5.500,-5.399
S19K,0.343,-2.909,-3.053,-2.765,3.977,-3.763,-2.909,-3.053,-2.765,3.977,-3.763
S19L,0.343,-2.906,-3.042,-2.770,3.754,-3.824,-2.906,-3.042,-2.770,3.754,-3.824
S19M,0.343,-3.028,-3.156,-2.901,5.218,-4.896,-3.028,-3.156,-2.901,5.218,-4.896
S19N,0.343,-2.924,-3.157,-2.692,5.242,-2.845,-2.924,-3.157,-2.692,5.242,-2.845
S19P,0.343,-2.789,-2.894,-2.684,2.092,-0.355,-2.789,-2.894,-2.684,2.092,-0.355
S19Q,0.343,-2.872,-3.012,-2.732,3.503,-3.430,-2.872,-3.012,-2.732,3.503,-3.430
S19R,0.343,-2.847,-3.002,-2.692,3.317,-2.858,-2.847,-3.002,-2.692,3.317,-2.858
S19T,0.343,-2.864,-3.070,-2.659,4.084,-2.090,-2.864,-3.070,-2.659,4.084,-2.090
S19V,0.343,-2.876,-3.000,-2.753,3.380,-3.647,-2.876,-3.000,-2.753,3.380,-3.647
S19W,0.343,-3.168,-3.175,-3.161,5.439,-6.473,-3.168,-3.175,-3.161,5.439,-6.473
S19Y,0.343,-3.178,-3.164,-3.191,5.258,-6.640,-3.178,-3.164,-3.191,5.258,-6.640
D20A,0.339,-2.886,-3.118,-2.655,4.773,-1.166,-2.886,-3.118,-2.655,4.773,-1.166
D20C,0.339,-2.976,-3.274,-2.677,6.663,-2.591,-2.976,-3.274,-2.677,6.663,-2.591
D20E,0.339,-2.798,-2.935,-2.661,2.536,-0.914,-2.798,-2.935,-2.661,2.536,-0.914
D20F,0.339,-2.992,-3.281,-2.704,6.727,-3.056,-2.992,-3.281,-2.704,6.727,-3.056
D20G,0.339,-2.765,-2.866,-2.664,1.749,-0.786,-2.765,-2.866,-2.664,1.749,-0.786
D20H,0.339,-2.912,-3.162,-2.663,5.336,-0.886,-2.912,-3.162,-2.663,5.336,-0.886
D20I,0.339,-3.094,-3.259,-2.929,6.483,-5.090,-3.094,-3.259,-2.929,6.483,-5.090
D20K,0.339,-2.892,-3.074,-2.710,4.316,-3.141,-2.892,-3.074,-2.710,4.316,-3.141
D20L,0.339,-2.982,-3.286,-2.678,6.831,-2.614,-2.982,-3.286,-2.678,6.831,-2.614
D20M,0.339,-3.048,-3.265,-2.831,6.544,-4.356,-3.048,-3.265,-2.831,6.544,-4.356
D20N,0.339,-2.904,-3.081,-2.726,4.373,0.238,-2.904,-3.081,-2.726,4.373,0.238
D20P,0.339,-3.140,-3.282,-2.998,6.803,-5.538,-3.140,-3.282,-2.998,6.803,-5.538
D20Q,0.339,-2.846,-3.040,-2.652,3.747,-1.206,-2.846,-3.040,-2.652,3.747,-1.206
D20R,0.339,-2.948,-3.224,-2.671,6.045,-2.441,-2.948,-3.224,-2.671,6.045,-2.441
D20S,0.339,-2.879,-2.969,-2.789,2.967,0.852,-2.879,-2.969,-2.789,2.967,0.852
D20T,0.339,-2.891,-3.118,-2.664,4.801,-0.798,-2.891,-3.118,-2.664,4.801,-0.798
D20V,0.339,-3.031,-3.272,-2.790,6.684,-4.006,-3.031,-3.272,-2.790,6.684,-4.006
D20W,0.339,-3.094,-3.280,-2.908,6.756,-4.949,-3.094,-3.280,-2.908,6.756,-4.949
D20Y,0.339,-2.988,-3.271,-2.705,6.595,-3.048,-2.988,-3.271,-2.705,6.595,-3.048
T21A,0.339,-2.688,-2.717,-2.658,0.037,-2.036,-2.688,-2.717,-2.658,0.037,-2.036
T21C,0.339,-2.920,-3.090,-2.749,4.315,-3.612,-2.920,-3.090,-2.749,4.315,-3.612
T21D,0.339,-3.143,-3.062,-3.224,4.061,-6.811,-3.143,-3.062,-3.224,4.061,-6.811
T21E,0.339,-3.221,-3.164,-3.278,5.246,-7.070,-3.221,-3.164,-3.278,5.246,-7.070
T21F,0.339,-3.117,-3.172,-3.062,5.380,-5.917,-3.117,-3.172,-3.062,5.380,-5.917
T21G,0.339,-3.156,-3.198,-3.113,5.708,-6.216,-3.156,-3.198,-3.113,5.708,-6.216
T21H,0.339,-3.239,-3.202,-3.276,5.722,-7.062,-3.239,-3.202,-3.276,5.722,-7.062
T21I,0.339,-2.920,-3.177,-2.664,5.446,-2.259,-2.920,-3.177,-2.664,5.446,-2.259
T21K,0.339,-3.151,-3.222,-3.080,6.005,-6.015,-3.151,-3.222,-3.080,6.005,-6.015
T21L,0.339,-2.946,-3.187,-2.705,5.525,-3.057,-2.946,-3.187,-2.705,5.525,-3.057
T21M,0.339,-2.827,-2.993,-2.661,3.255,-2.180,-2.827,-2.993,-2.661,3.255,-2.180
T21N,0.339,-3.096,-3.209,-2.982,5.843,-5.438,-3.096,-3.209,-2.982,5.843,-5.438
T21P,0.339,-3.356,-3.230,-3.482,6.089,-8.053,-3.356,-3.230,-3.482,6.089,-8.053
T21Q,0.339,-3.114,-3.125,-3.102,4.795,-6.144,-3.114,-3.125,-3.102,4.795,-6.144
T21R,0.339,-3.110,-3.215,-3.005,5.885,-5.572,-3.110,-3.215,-3.005,5.885,-5.572
T21S,0.339,-2.810,-2.968,-2.651,2.948,-1.548,-2.810,-2.968,-2.651,2.948,-1.548
T21V,0.339,-2.964,-3.211,-2.717,5.890,-3.209,-2.964,-3.211,-2.717,5.890,-3.209
T21W,0.339,-2.830,-2.887,-2.774,1.919,-3.844,-2.830,-2.887,-2.774,1.919,-3.844
T21Y,0.339,-3.225,-3.124,-3.326,4.880,-7.309,-3.225,-3.124,-3.326,4.880,-7.309
S22A,0.339,-3.032,-3.315,-2.748,7.212,-3.613,-3.032,-3.315,-2.748,7.212,-3.613
S22C,0.339,-3.092,-3.255,-2.929,6.402,-5.087,-3.092,-3.255,-2.929,6.402,-5.087
S22D,0.339,-2.962,-3.136,-2.788,5.047,-3.984,-2.962,-3.136,-2.788,5.047,-3.984
S22E,0.339,-3.144,-3.293,-2.995,6.893,-5.514,-3.144,-3.293,-2.995,6.893,-5.514
S22F,0.339,-3.329,-3.367,-3.291,7.809,-7.141,-3.329,-3.367,-3.291,7.809,-7.141
S22G,0.339,-3.024,-3.363,-2.684,7.730,-2.712,-3.024,-3.363,-2.684,7.730,-2.712
S22H,0.339,-3.110,-3.335,-2.885,7.441,-4.773,-3.110,-3.335,-2.885,7.441,-4.773
S22I,0.339,-3.331,-3.349,-3.313,7.624,-7.241,-3.331,-3.349,-3.313,7.624,-7.241
S22K,0.339,-3.138,-3.171,-3.105,5.426,-6.162,-3.138,-3.171,-3.105,5.426,-6.162
S22L,0.339,-3.170,-3.353,-2.988,7.655,-5.474,-3.170,-3.353,-2.988,7.655,-5.474
S22M,0.339,-3.348,-3.374,-3.323,7.904,-7.295,-3.348,-3.374,-3.323,7.904,-7.295
S22N,0.339,-2.958,-3.242,-2.673,6.247,-2.516,-2.958,-3.242,-2.673,6.247,-2.516
S22P,0.339,-3.076,-3.371,-2.780,7.840,-3.927,-3.076,-3.371,-2.780,7.840,-3.927
S22Q,0.339,-3.199,-3.349,-3.049,7.578,-5.836,-3.199,-3.349,-3.049,7.578,-5.836
S22R,0.339,-3.064,-3.132,-2.997,4.982,-5.518,-3.064,-3.132,-2.997,4.982,-5.518
S22T,0.339,-2.790,-2.928,-2.652,2.423,-1.295,-2.790,-2.928,-2.652,2.423,-1.295
S22V,0.339,-3.193,-3.372,-3.014,7.884,-5.641,-3.193,-3.372,-3.014,7.884,-5.641
S22W,0.339,-3.565,-3.356,-3.774,7.656,-9.321,-3.565,-3.356,-3.774,7.656,-9.321
S22Y,0.339,-3.234,-3.287,-3.181,6.832,-6.577,-3.234,-3.287,-3.181,6.832,-6.577
I23A,0.339,-3.258,-3.310,-3.207,6.998,-6.705,-3.258,-3.310,-3.207,6.998,-6.705
I23C,0.339,-3.618,-3.368,-3.869,7.801,-9.729,-3.618,-3.368,-3.869,7.801,-9.729
I23D,0.339,-4.001,-3.369,-4.633,7.841,-12.914,-4.001,-3.369,-4.633,7.841,-12.914
I23E,0.339,-4.014,-3.354,-4.673,7.663,-13.080,-4.014,-3.354,-4.673,7.663,-13.080
I23F,0.339,-3.332,-3.374,-3.290,7.875,-7.127,-3.332,-3.374,-3.290,7.875,-7.127
I23G,0.339,-3.548,-3.305,-3.792,7.021,-9.405,-3.548,-3.305,-3.792,7.021,-9.405
I23H,0.339,-4.055,-3.362,-4.748,7.725,-13.414,-4.055,-3.362,-4.748,7.725,-13.414
I23K,0.339,-4.052,-3.381,-4.722,7.983,-13.308,-4.052,-3.381,-4.722,7.983,-13.308
I23L,0.339,-3.077,-3.341,-2.812,7.478,-4.206,-3.077,-3.341,-2.812,7.478,-4.206
I23M,0.339,-3.156,-3.300,-3.011,6.940,-5.622,-3.156,-3.300,-3.011,6.940,-5.622
I23N,0.339,-3.810,-3.372,-4.248,7.851,-11.304,-3.810,-3.372,-4.248,7.851,-11.304
I23P,0.339,-3.631,-3.374,-3.888,7.903,-9.805,-3.631,-3.374,-3.888,7.903,-9.805
I23Q,0.339,-4.002,-3.345,-4.658,7.568,-13.030,-4.002,-3.345,-4.658,7.568,-13.030
I23R,0.339,-3.992,-3.359,-4.624,7.727,-12.876,-3.992,-3.359,-4.624,7.727,-12.876
I23S,0.339,-3.553,-3.361,-3.745,7.741,-9.215,-3.553,-3.361,-3.745,7.741,-9.215
I23T,0.339,-3.240,-3.344,-3.136,7.514,-6.333,-3.240,-3.344,-3.136,7.514,-6.333
I23V,0.339,-2.726,-2.788,-2.663,0.781,-0.800,-2.726,-2.788,-2.663,0.781,-0.800
I23W,0.339,-3.964,-3.331,-4.598,7.393,-12.766,-3.964,-3.331,-4.598,7.393,-12.766
I23Y,0.339,-3.889,-3.374,-4.404,7.886,-11.961,-3.889,-3.374,-4.404,7.886,-11.961
F24A,0.339,-2.760,-2.796,-2.723,0.872,-3.309,-2.760,-2.796,-2.723,0.872,-3.309
F24C,0.339,-2.940,-3.079,-2.801,4.267,-4.097,-2.940,-3.079,-2.801,4.267,-4.097
F24D,0.339,-3.214,-3.224,-3.203,5.992,-6.700,-3.214,-3.224,-3.203,5.992,-6.700
F24E,0.339,-3.102,-3.107,-3.096,4.585,-6.105,-3.102,-3.107,-3.096,4.585,-6.105
F24G,0.339,-2.895,-2.944,-2.846,2.591,-4.489,-2.895,-2.944,-2.846,2.591,-4.489
F24H,0.339,-2.979,-3.200,-2.757,5.746,-3.693,-2.979,-3.200,-2.757,5.746,-3.693
F24I,0.339,-3.060,-3.188,-2.933,5.531,-5.111,-3.060,-3.188,-2.933,5.531,-5.111
F24K,0.339,-3.020,-2.992,-3.048,3.234,-5.839,-3.020,-2.992,-3.048,3.234,-5.839
F24L,0.339,-2.774,-2.891,-2.657,1.967,-1.934,-2.774,-2.891,-2.657,1.967,-1.934
F24M,0.339,-3.050,-3.208,-2.892,5.836,-4.833,-3.050,-3.208,-2.892,5.836,-4.833
F24N,0.339,-3.128,-3.228,-3.029,6.023,-5.725,-3.128,-3.228,-3.029,6.023,-5.725
F24P,0.339,-3.114,-3.199,-3.028,5.722,-5.708,-3.114,-3.199,-3.028,5.722,-5.708
F24Q,0.339,-2.944,-3.063,-2.826,4.026,-4.329,-2.944,-3.063,-2.826,4.026,-4.329
F24R,0.339,-2.922,-3.001,-2.843,3.346,-4.441,-2.922,-3.001,-2.843,3.346,-4.441
F24S,0.339,-2.810,-2.942,-2.678,2.503,-2.602,-2.810,-2.942,-2.678,2.503,-2.602
F24T,0.339,-3.053,-3.205,-2.901,5.809,-4.884,-3.053,-3.205,-2.901,5.809,-4.884
F24V,0.339,-2.960,-3.074,-2.845,4.177,-4.469,-2.960,-3.074,-2.845,4.177,-4.469
F24W,0.339,-3.058,-3.206,-2.911,5.789,-4.961,-3.058,-3.206,-2.911,5.789,-4.961
F24Y,0.339,-2.894,-3.137,-2.652,4.819,-1.688,-2.894,-3.137,-2.652,4.819,-1.688
Q25A,0.339,-3.071,-3.255,-2.887,6.391,-4.804,-3.071,-3.255,-2.887,6.391,-4.804
Q25C,0.339,-3.188,-3.284,-3.091,6.814,-6.093,-3.188,-3.284,-3.091,6.814,-6.093
Q25D,0.339,-2.839,-2.953,-2.725,2.767,-3.311,-2.839,-2.953,-2.725,2.767,-3.311
Q25E,0.339,-2.791,-2.875,-2.707,1.958,-3.065,-2.791,-2.875,-2.707,1.958,-3.065
Q25F,0.339,-3.296,-3.311,-3.281,7.101,-7.088,-3.296,-3.311,-3.281,7.101,-7.088
Q25G,0.339,-3.059,-3.291,-2.827,6.877,-4.327,-3.059,-3.291,-2.827,6.877,-4.327
Q25H,0.339,-2.862,-3.071,-2.652,4.252,-1.524,-2.862,-3.071,-2.652,4.252,-1.524
Q25I,0.339,-3.230,-3.204,-3.256,5.844,-6.966,-3.230,-3.204,-3.256,5.844,-6.966
Q25K,0.339,-2.941,-3.092,-2.790,4.462,-3.997,-2.941,-3.092,-2.790,4.462,-3.997
Q25L,0.339,-3.136,-3.297,-2.976,6.960,-5.402,-3.136,-3.297,-2.976,6.960,-5.402
Q25M,0.339,-3.173,-3.248,-3.098,6.321,-6.128,-3.173,-3.248,-3.098,6.321,-6.128
Q25N,0.339,-2.880,-3.108,-2.652,4.724,-1.700,-2.880,-3.108,-2.652,4.724,-1.700
Q25P,0.339,-3.692,-3.303,-4.080,7.039,-10.616,-3.692,-3.303,-4.080,7.039,-10.616
Q25R,0.339,-2.914,-3.049,-2.778,3.851,-3.899,-2.914,-3.049,-2.778,3.851,-3.899
Q25S,0.339,-2.970,-3.186,-2.755,5.588,-3.646,-2.970,-3.186,-2.755,5.588,-3.646
Q25T,0.339,-3.015,-3.155,-2.875,5.280,-4.703,-3.015,-3.155,-2.875,5.280,-4.703
Q25V,0.339,-3.117,-3.245,-2.988,6.285,-5.479,-3.117,-3.245,-2.988,6.285,-5.479
Q25W,0.339,-3.412,-3.293,-3.531,6.926,-8.258,-3.412,-3.293,-3.531,6.926,-8.258
Q25Y,0.339,-3.088,-3.234,-2.943,6.228,-5.169,-3.088,-3.234,-2.943,6.228,-5.169
L26A,0.339,-3.626,-3.470,-3.783,9.161,-9.365,-3.626,-3.470,-3.783,9.161,-9.365
L26C,0.339,-3.764,-3.448,-4.080,8.826,-10.621,-3.764,-3.448,-4.080,8.826,-10.621
L26D,0.339,-4.444,-3.471,-5.418,9.145,-16.565,-4.444,-3.471,-5.418,9.145,-16.565
L26E,0.339,-4.226,-3.475,-4.978,9.184,-14.434,-4.226,-3.475,-4.978,9.184,-14.434
L26F,0.339,-3.124,-3.448,-2.800,8.813,-4.102,-3.124,-3.448,-2.800,8.813,-4.102
L26G,0.339,-4.156,-3.480,-4.833,9.267,-13.791,-4.156,-3.480,-4.833,9.267,-13.791
L26H,0.339,-4.222,-3.458,-4.987,9.019,-14.470,-4.222,-3.458,-4.987,9.019,-14.470
L26I,0.339,-3.109,-3.187,-3.031,5.563,-5.730,-3.109,-3.187,-3.031,5.563,-5.730
L26K,0.339,-4.345,-3.473,-5.217,9.166,-15.542,-4.345,-3.473,-5.217,9.166,-15.542
L26M,0.339,-3.165,-3.367,-2.962,7.765,-5.314,-3.165,-3.367,-2.962,7.765,-5.314
L26N,0.339,-4.357,-3.480,-5.234,9.264,-15.636,-4.357,-3.480,-5.234,9.264,-15.636
L26P,0.339,-4.047,-3.463,-4.631,9.085,-12.908,-4.047,-3.463,-4.631,9.085,-12.908
L26Q,0.339,-4.046,-3.471,-4.621,9.150,-12.867,-4.046,-3.471,-4.621,9.150,-12.867
L26R,0.339,-4.212,-3.455,-4.968,8.934,-14.375,-4.212,-3.455,-4.968,8.934,-14.375
L26S,0.339,-3.952,-3.488,-4.416,9.378,-12.004,-3.952,-3.488,-4.416,9.378,-12.004
L26T,0.339,-3.744,-3.449,-4.038,8.837,-10.434,-3.744,-3.449,-4.038,8.837,-10.434
L26V,0.339,-2.981,-3.133,-2.829,4.965,-4.337,-2.981,-3.133,-2.829,4.965,-4.337
L26W,0.339,-3.848,-3.460,-4.235,8.986,-11.252,-3.848,-3.460,-4.235,8.986,-11.252
L26Y,0.339,-3.981,-3.464,-4.499,9.032,-12.351,-3.981,-3.464,-4.499,9.032,-12.351
K27A,0.339,-4.078,-3.524,-4.631,9.861,-12.908,-4.078,-3.524,-4.631,9.861,-12.908
K27C,0.339,-3.891,-3.522,-4.260,9.824,-11.362,-3.891,-3.522,-4.260,9.824,-11.362
K27D,0.339,-4.306,-3.522,-5.091,9.818,-14.944,-4.306,-3.522,-5.091,9.818,-14.944
K27E,0.339,-3.818,-3.510,-4.126,9.669,-10.803,-3.818,-3.510,-4.126,9.669,-10.803
K27F,0.339,-4.214,-3.521,-4.907,9.788,-14.108,-4.214,-3.521,-4.907,9.788,-14.108
K27G,0.339,-4.058,-3.509,-4.606,9.636,-12.800,-4.058,-3.509,-4.606,9.636,-12.800
K27H,0.339,-3.857,-3.534,-4.180,9.976,-11.021,-3.857,-3.534,-4.180,9.976,-11.021
K27I,0.339,-4.047,-3.529,-4.566,9.878,-12.637,-4.047,-3.529,-4.566,9.878,-12.637
K27L,0.339,-4.000,-3.531,-4.470,9.951,-12.229,-4.000,-3.531,-4.470,9.951,-12.229
K27M,0.339,-3.748,-3.463,-4.034,9.024,-10.420,-3.748,-3.463,-4.034,9.024,-10.420
K27N,0.339,-3.764,-3.525,-4.003,9.866,-10.291,-3.764,-3.525,-4.003,9.866,-10.291
K27P,0.339,-4.401,-3.512,-5.290,9.679,-15.911,-4.401,-3.512,-5.290,9.679,-15.911
K27Q,0.339,-3.500,-3.381,-3.618,8.012,-8.649,-3.500,-3.381,-3.618,8.012,-8.649
K27R,0.339,-3.176,-3.324,-3.027,7.338,-5.714,-3.176,-3.324,-3.027,7.338,-5.714
K27S,0.339,-3.867,-3.499,-4.236,9.547,-11.255,-3.867,-3.499,-4.236,9.547,-11.255
K27T,0.339,-3.795,-3.506,-4.084,9.620,-10.621,-3.795,-3.506,-4.084,9.620,-10.621
K27V,0.339,-4.098,-3.517,-4.680,9.743,-13.116,-4.098,-3.517,-4.680,9.743,-13.116
K27W,0.339,-4.206,-3.530,-4.881,9.924,-13.992,-4.206,-3.530,-4.881,9.924,-13.992
K27Y,0.339,-4.057,-3.512,-4.602,9.695,-12.792,-4.057,-3.512,-4.602,9.695,-12.792
E28A,0.339,-3.322,-3.290,-3.353,6.766,-7.440,-3.322,-3.290,-3.353,6.766,-7.440
E28C,0.339,-3.782,-3.393,-4.170,8.172,-10.981,-3.782,-3.393,-4.170,8.172,-10.981
E28D,0.339,-3.008,-3.267,-2.748,6.540,-3.617,-3.008,-3.267,-2.748,6.540,-3.617
E28F,0.339,-3.941,-3.399,-4.483,8.237,-12.285,-3.941,-3.399,-4.483,8.237,-12.285
E28G,0.339,-3.361,-3.409,-3.313,8.314,-7.237,-3.361,-3.409,-3.313,8.314,-7.237
E28H,0.339,-3.380,-3.277,-3.483,6.676,-8.044,-3.380,-3.277,-3.483,6.676,-8.044
E28I,0.339,-3.830,-3.349,-4.310,7.650,-11.564,-3.830,-3.349,-4.310,7.650,-11.564
E28K,0.339,-3.256,-3.205,-3.306,5.886,-7.203,-3.256,-3.205,-3.306,5.886,-7.203
E28L,0.339,-3.596,-3.390,-3.801,8.107,-9.448,-3.596,-3.390,-3.801,8.107,-9.448
E28M,0.339,-3.695,-3.408,-3.982,8.310,-10.197,-3.695,-3.408,-3.982,8.310,-10.197
E28N,0.339,-3.404,-3.312,-3.497,7.150,-8.114,-3.404,-3.312,-3.497,7.150,-8.114
E28P,0.339,-4.008,-3.411,-4.604,8.391,-12.792,-4.008,-3.411,-4.604,8.391,-12.792
E28Q,0.339,-2.994,-3.145,-2.843,5.004,-4.453,-2.994,-3.145,-2.843,5.004,-4.453
E28R,0.339,-3.410,-3.203,-3.618,5.740,-8.654,-3.410,-3.203,-3.618,5.740,-8.654
E28S,0.339,-3.368,-3.204,-3.532,5.784,-8.273,-3.368,-3.204,-3.532,5.784,-8.273
E28T,0.339,-3.488,-3.291,-3.686,6.782,-8.955,-3.488,-3.291,-3.686,6.782,-8.955
E28V,0.339,-3.547,-3.369,-3.725,7.789,-9.118,-3.547,-3.369,-3.725,7.789,-9.118
E28W,0.339,-3.875,-3.401,-4.350,8.276,-11.724,-3.875,-3.401,-4.350,8.276,-11.724
E28Y,0.339,-3.786,-3.398,-4.173,8.172,-10.992,-3.786,-3.398,-4.173,8.172,-10.992
V29A,0.339,-2.710,-2.765,-2.656,0.661,-1.031,-2.710,-2.765,-2.656,0.661,-1.031
V29C,0.339,-3.150,-3.195,-3.106,5.744,-6.176,-3.150,-3.195,-3.106,5.744,-6.176
V29D,0.339,-3.108,-3.220,-2.996,6.018,-5.526,-3.108,-3.220,-2.996,6.018,-5.526
V29E,0.339,-2.792,-2.917,-2.668,2.319,-2.359,-2.792,-2.917,-2.668,2.319,-2.359
V29F,0.339,-2.996,-3.032,-2.961,3.800,-5.306,-2.996,-3.032,-2.961,3.800,-5.306
V29G,0.339,-3.082,-3.195,-2.968,5.680,-5.353,-3.082,-3.195,-2.968,5.680,-5.353
V29H,0.339,-3.056,-3.062,-3.051,4.146,-5.855,-3.056,-3.062,-3.051,4.146,-5.855
V29I,0.339,-2.840,-3.030,-2.650,3.766,-1.373,-2.840,-3.030,-2.650,3.766,-1.373
V29K,0.339,-3.030,-3.029,-3.032,3.689,-5.730,-3.030,-3.029,-3.032,3.689,-5.730
V29L,0.339,-2.768,-2.869,-2.667,1.904,-0.708,-2.768,-2.869,-2.667,1.904,-0.708
V29M,0.339,-2.835,-3.017,-2.653,3.585,-1.324,-2.835,-3.017,-2.653,3.585,-1.324
V29N,0.339,-3.056,-3.113,-3.000,4.738,-5.547,-3.056,-3.113,-3.000,4.738,-5.547
V29P,0.339,-3.384,-3.240,-3.527,6.269,-8.246,-3.384,-3.240,-3.527,6.269,-8.246
V29Q,0.339,-2.994,-3.153,-2.834,5.087,-4.394,-2.994,-3.153,-2.834,5.087,-4.394
V29R,0.339,-3.058,-3.051,-3.064,3.921,-5.932,-3.058,-3.051,-3.064,3.921,-5.932
V29S,0.339,-2.944,-3.155,-2.733,5.144,-3.411,-2.944,-3.155,-2.733,5.144,-3.411
V29T,0.339,-2.830,-3.006,-2.654,3.335,-1.946,-2.830,-3.006,-2.654,3.335,-1.946
V29W,0.339,-3.332,-3.204,-3.461,5.826,-7.948,-3.332,-3.204,-3.461,5.826,-7.948
V29Y,0.339,-3.249,-3.173,-3.325,5.474,-7.306,-3.249,-3.173,-3.325,5.474,-7.306
V30A,0.339,-3.226,-3.424,-3.027,8.507,-5.718,-3.226,-3.424,-3.027,8.507,-5.718
V30C,0.339,-3.838,-3.414,-4.263,8.422,-11.374,-3.838,-3.414,-4.263,8.422,-11.374
V30D,0.339,-4.209,-3.429,-4.989,8.611,-14.483,-4.209,-3.429,-4.989,8.611,-14.483
V30E,0.339,-4.071,-3.438,-4.704,8.692,-13.214,-4.071,-3.438,-4.704,8.692,-13.214
V30F,0.339,-3.608,-3.384,-3.831,8.006,-9.565,-3.608,-3.384,-3.831,8.006,-9.565
V30G,0.339,-3.877,-3.454,-4.300,8.910,-11.518,-3.877,-3.454,-4.300,8.910,-11.518
V30H,0.339,-4.360,-3.426,-5.293,8.562,-15.926,-4.360,-3.426,-5.293,8.562,-15.926
V30I,0.339,-2.888,-3.069,-2.708,4.078,-3.101,-2.888,-3.069,-2.708,4.078,-3.101
V30K,0.339,-4.366,-3.439,-5.293,8.734,-15.925,-4.366,-3.439,-5.293,8.734,-15.925
V30L,0.339,-3.022,-3.076,-2.969,4.206,-5.342,-3.022,-3.076,-2.969,4.206,-5.342
V30M,0.339,-3.324,-3.443,-3.205,8.794,-6.704,-3.324,-3.443,-3.205,8.794,-6.704
V30N,0.339,-4.126,-3.453,-4.799,8.921,-13.623,-4.126,-3.453,-4.799,8.921,-13.623
V30P,0.339,-3.997,-3.443,-4.551,8.767,-12.569,-3.997,-3.443,-4.551,8.767,-12.569
V30Q,0.339,-4.287,-3.416,-5.158,8.467,-15.271,-4.287,-3.416,-5.158,8.467,-15.271
V30R,0.339,-4.392,-3.456,-5.328,8.931,-16.099,-4.392,-3.456,-5.328,8.931,-16.099
V30S,0.339,-3.788,-3.444,-4.131,8.825,-10.822,-3.788,-3.444,-4.131,8.825,-10.822
V30T,0.339,-3.414,-3.463,-3.364,9.035,-7.496,-3.414,-3.463,-3.364,9.035,-7.496
V30W,0.339,-4.222,-3.422,-5.021,8.495,-14.630,-4.222,-3.422,-5.021,8.495,-14.630
V30Y,0.339,-4.176,-3.446,-4.907,8.811,-14.107,-4.176,-3.446,-4.907,8.811,-14.107
A31C,0.337,-3.173,-3.288,-3.058,6.910,-5.894,-3.173,-3.288,-3.058,6.910,-5.894
A31D,0.337,-3.596,-3.365,-3.828,7.749,-9.557,-3.596,-3.365,-3.828,7.749,-9.557
A31E,0.337,-3.309,-3.408,-3.210,8.315,-6.721,-3.309,-3.408,-3.210,8.315,-6.721
A31F,0.337,-3.295,-3.394,-3.196,8.146,-6.666,-3.295,-3.394,-3.196,8.146,-6.666
A31G,0.337,-2.842,-2.920,-2.764,2.406,-3.743,-2.842,-2.920,-2.764,2.406,-3.743
A31H,0.337,-3.393,-3.345,-3.441,7.429,-7.863,-3.393,-3.345,-3.441,7.429,-7.863
A31I,0.337,-3.528,-3.336,-3.721,7.473,-9.091,-3.528,-3.336,-3.721,7.473,-9.091
A31K,0.337,-3.462,-3.289,-3.634,6.867,-8.721,-3.462,-3.289,-3.634,6.867,-8.721
A31L,0.337,-3.465,-3.349,-3.581,7.548,-8.494,-3.465,-3.349,-3.581,7.548,-8.494
A31M,0.337,-3.504,-3.368,-3.639,7.818,-8.743,-3.504,-3.368,-3.639,7.818,-8.743
A31N,0.337,-3.505,-3.397,-3.614,8.196,-8.643,-3.505,-3.397,-3.614,8.196,-8.643
A31P,0.337,-3.765,-3.401,-4.129,8.208,-10.814,-3.765,-3.401,-4.129,8.208,-10.814
A31Q,0.337,-3.349,-3.366,-3.332,7.791,-7.346,-3.349,-3.366,-3.332,7.791,-7.346
A31R,0.337,-3.327,-3.372,-3.282,7.901,-7.104,-3.327,-3.372,-3.282,7.901,-7.104
A31S,0.337,-2.907,-3.152,-2.661,5.137,-2.193,-2.907,-3.152,-2.661,5.137,-2.193
A31T,0.337,-3.204,-3.393,-3.014,8.149,-5.632,-3.204,-3.393,-3.014,8.149,-5.632
A31V,0.337,-3.178,-3.224,-3.132,5.988,-6.312,-3.178,-3.224,-3.132,5.988,-6.312
A31W,0.337,-3.513,-3.397,-3.630,8.160,-8.698,-3.513,-3.397,-3.630,8.160,-8.698
A31Y,0.337,-3.386,-3.380,-3.393,7.975,-7.623,-3.386,-3.380,-3.393,7.975,-7.623
K32A,0.337,-2.907,-3.108,-2.707,4.478,-3.099,-2.907,-3.108,-2.707,4.478,-3.099
K32C,0.337,-2.982,-3.050,-2.914,3.842,-4.985,-2.982,-3.050,-2.914,3.842,-4.985
K32D,0.337,-2.994,-3.159,-2.830,5.218,-4.346,-2.994,-3.159,-2.830,5.218,-4.346
K32E,0.337,-2.866,-3.047,-2.685,3.826,-2.718,-2.866,-3.047,-2.685,3.826,-2.718
K32F,0.337,-3.176,-3.164,-3.187,5.295,-6.608,-3.176,-3.164,-3.187,5.295,-6.608
K32G,0.337,-2.854,-2.999,-2.708,3.340,-3.085,-2.854,-2.999,-2.708,3.340,-3.085
K32H,0.337,-2.936,-3.149,-2.722,5.071,-3.270,-2.936,-3.149,-2.722,5.071,-3.270
K32I,0.337,-3.058,-3.196,-2.920,5.666,-5.024,-3.058,-3.196,-2.920,5.666,-5.024
K32L,0.337,-2.926,-3.159,-2.694,5.160,-2.872,-2.926,-3.159,-2.694,5.160,-2.872
K32M,0.337,-3.004,-3.126,-2.883,4.806,-4.757,-3.004,-3.126,-2.883,4.806,-4.757
K32N,0.337,-2.976,-3.196,-2.755,5.634,-3.668,-2.976,-3.196,-2.755,5.634,-3.668
K32P,0.337,-2.916,-2.986,-2.846,3.107,-4.478,-2.916,-2.986,-2.846,3.107,-4.478
K32Q,0.337,-2.787,-2.906,-2.668,2.234,-0.712,-2.787,-2.906,-2.668,2.234,-0.712
K32R,0.337,-2.718,-2.729,-2.707,0.044,0.021,-2.718,-2.729,-2.707,0.044,0.021
K32S,0.337,-2.800,-2.917,-2.684,2.245,-2.755,-2.800,-2.917,-2.684,2.245,-2.755
K32T,0.337,-2.896,-3.054,-2.738,3.873,-3.469,-2.896,-3.054,-2.738,3.873,-3.469
K32V,0.337,-2.963,-3.154,-2.772,5.111,-3.855,-2.963,-3.154,-2.772,5.111,-3.855
K32W,0.337,-3.142,-3.212,-3.072,5.845,-5.978,-3.142,-3.212,-3.072,5.845,-5.978
K32Y,0.337,-3.221,-3.217,-3.224,5.881,-6.795,-3.221,-3.217,-3.224,5.881,-6.795
R33A,0.337,-3.308,-3.249,-3.366,6.330,-7.493,-3.308,-3.249,-3.366,6.330,-7.493
R33C,0.337,-3.200,-3.247,-3.154,6.362,-6.429,-3.200,-3.247,-3.154,6.362,-6.429
R33D,0.337,-3.273,-3.109,-3.437,4.688,-7.835,-3.273,-3.109,-3.437,4.688,-7.835
R33E,0.337,-3.047,-2.993,-3.101,3.208,-6.129,-3.047,-2.993,-3.101,3.208,-6.129
R33F,0.337,-3.564,-3.255,-3.874,6.411,-9.749,-3.564,-3.255,-3.874,6.411,-9.749
R33G,0.337,-3.214,-3.259,-3.169,6.469,-6.514,-3.214,-3.259,-3.169,6.469,-6.514
R33H,0.337,-3.026,-3.135,-2.918,4.918,-5.002,-3.026,-3.135,-2.918,4.918,-5.002
R33I,0.337,-3.388,-3.222,-3.555,5.935,-8.379,-3.388,-3.222,-3.555,5.935,-8.379
R33K,0.337,-2.820,-2.963,-2.677,2.872,-2.606,-2.820,-2.963,-2.677,2.872,-2.606
R33L,0.337,-3.045,-2.970,-3.120,2.957,-6.252,-3.045,-2.970,-3.120,2.957,-6.252
R33M,0.337,-3.310,-3.249,-3.372,6.400,-7.529,-3.310,-3.249,-3.372,6.400,-7.529
R33N,0.337,-3.172,-3.214,-3.129,5.826,-6.290,-3.172,-3.214,-3.129,5.826,-6.290
R33P,0.337,-3.544,-3.266,-3.822,6.564,-9.531,-3.544,-3.266,-3.822,6.564,-9.531
R33Q,0.337,-2.774,-2.791,-2.757,0.829,-3.695,-2.774,-2.791,-2.757,0.829,-3.695
R33S,0.337,-3.142,-3.202,-3.082,5.592,-6.034,-3.142,-3.202,-3.082,5.592,-6.034
R33T,0.337,-3.222,-3.187,-3.258,5.491,-6.980,-3.222,-3.187,-3.258,5.491,-6.980
R33V,0.337,-3.299,-3.181,-3.417,5.537,-7.748,-3.299,-3.181,-3.417,5.537,-7.748
R33W,0.337,-3.304,-3.235,-3.373,6.147,-7.533,-3.304,-3.235,-3.373,6.147,-7.533
R33Y,0.337,-3.370,-3.174,-3.566,5.382,-8.428,-3.370,-3.174,-3.566,5.382,-8.428
Q34A,0.337,-3.644,-3.226,-4.062,6.059,-10.543,-3.644,-3.226,-4.062,6.059,-10.543
Q34C,0.337,-3.602,-3.223,-3.981,6.053,-10.195,-3.602,-3.223,-3.981,6.053,-10.195
Q34D,0.337,-3.781,-3.337,-4.225,7.514,-11.214,-3.781,-3.337,-4.225,7.514,-11.214
Q34E,0.337,-3.241,-3.265,-3.217,6.574,-6.765,-3.241,-3.265,-3.217,6.574,-6.765
Q34F,0.337,-3.714,-3.334,-4.093,7.365,-10.666,-3.714,-3.334,-4.093,7.365,-10.666
Q34G,0.337,-3.748,-3.277,-4.219,6.691,-11.184,-3.748,-3.277,-4.219,6.691,-11.184
Q34H,0.337,-3.131,-3.162,-3.100,5.361,-6.135,-3.131,-3.162,-3.100,5.361,-6.135
Q34I,0.337,-3.639,-3.180,-4.098,5.535,-10.682,-3.639,-3.180,-4.098,5.535,-10.682
Q34K,0.337,-3.427,-3.328,-3.526,7.321,-8.239,-3.427,-3.328,-3.526,7.321,-8.239
Q34L,0.337,-3.104,-3.014,-3.195,3.483,-6.657,-3.104,-3.014,-3.195,3.483,-6.657
Q34M,0.337,-3.460,-3.208,-3.713,5.929,-9.065,-3.460,-3.208,-3.713,5.929,-9.065
Q34N,0.337,-3.686,-3.356,-4.015,7.712,-10.337,-3.686,-3.356,-4.015,7.712,-10.337
Q34P,0.337,-3.613,-3.357,-3.869,7.741,-9.729,-3.613,-3.357,-3.869,7.741,-9.729
Q34R,0.337,-3.256,-3.170,-3.343,5.414,-7.385,-3.256,-3.170,-3.343,5.414,-7.385
Q34S,0.337,-3.556,-3.233,-3.878,6.241,-9.766,-3.556,-3.233,-3.878,6.241,-9.766
Q34T,0.337,-3.604,-3.321,-3.887,7.238,-9.814,-3.604,-3.321,-3.887,7.238,-9.814
Q34V,0.337,-3.639,-3.277,-4.001,6.701,-10.279,-3.639,-3.277,-4.001,6.701,-10.279
Q34W,0.337,-3.803,-3.343,-4.263,7.552,-11.374,-3.803,-3.343,-4.263,7.552,-11.374
Q34Y,0.337,-3.716,-3.352,-4.080,7.619,-10.615,-3.716,-3.352,-4.080,7.619,-10.615
G35A,0.333,-3.158,-3.343,-2.973,7.553,-5.360,-3.158,-3.343,-2.973,7.553,-5.360
G35C,0.333,-3.246,-3.275,-3.217,6.665,-6.763,-3.246,-3.275,-3.217,6.665,-6.763
G35D,0.333,-3.082,-3.233,-2.930,6.102,-5.098,-3.082,-3.233,-2.930,6.102,-5.098
G35E,0.333,-3.235,-3.443,-3.027,8.715,-5.712,-3.235,-3.443,-3.027,8.715,-5.712
G35F,0.333,-3.697,-3.422,-3.971,8.511,-10.157,-3.697,-3.422,-3.971,8.511,-10.157
G35H,0.333,-3.391,-3.440,-3.342,8.702,-7.387,-3.391,-3.440,-3.342,8.702,-7.387
G35I,0.333,-3.718,-3.335,-4.102,7.343,-10.700,-3.718,-3.335,-4.102,7.343,-10.700
G35K,0.333,-3.256,-3.201,-3.312,5.719,-7.237,-3.256,-3.201,-3.312,5.719,-7.237
G35L,0.333,-3.500,-3.412,-3.589,8.356,-8.529,-3.500,-3.412,-3.589,8.356,-8.529
G35M,0.333,-3.586,-3.406,-3.767,8.302,-9.300,-3.586,-3.406,-3.767,8.302,-9.300
G35N,0.333,-3.064,-3.176,-2.952,5.427,-5.251,-3.064,-3.176,-2.952,5.427,-5.251
G35P,0.333,-3.842,-3.410,-4.274,8.368,-11.418,-3.842,-3.410,-4.274,8.368,-11.418
G35Q,0.333,-3.246,-3.290,-3.202,6.772,-6.686,-3.246,-3.290,-3.202,6.772,-6.686
G35R,0.333,-3.226,-3.415,-3.038,8.402,-5.766,-3.226,-3.415,-3.038,8.402,-5.766
G35S,0.333,-3.082,-3.305,-2.860,6.971,-4.596,-3.082,-3.305,-2.860,6.971,-4.596
G35T,0.333,-3.470,-3.400,-3.540,8.197,-8.301,-3.470,-3.400,-3.540,8.197,-8.301
G35V,0.333,-3.444,-3.394,-3.493,8.125,-8.094,-3.444,-3.394,-3.493,8.125,-8.094
G35W,0.333,-3.594,-3.417,-3.772,8.458,-9.319,-3.594,-3.417,-3.772,8.458,-9.319
G35Y,0.333,-3.681,-3.422,-3.940,8.518,-10.023,-3.681,-3.422,-3.940,8.518,-10.023
V36A,0.333,-3.091,-3.333,-2.849,7.477,-4.518,-3.091,-3.333,-2.849,7.477,-4.518
V36C,0.333,-3.484,-3.414,-3.553,8.446,-8.368,-3.484,-3.414,-3.553,8.446,-8.368
V36D,0.333,-4.019,-3.375,-4.663,7.938,-13.046,-4.019,-3.375,-4.663,7.938,-13.046
V36E,0.333,-3.827,-3.400,-4.253,8.277,-11.330,-3.827,-3.400,-4.253,8.277,-11.330
V36F,0.333,-3.275,-3.364,-3.186,7.855,-6.603,-3.275,-3.364,-3.186,7.855,-6.603
V36G,0.333,-3.734,-3.418,-4.049,8.515,-10.478,-3.734,-3.418,-4.049,8.515,-10.478
V36H,0.333,-3.917,-3.417,-4.417,8.514,-12.010,-3.917,-3.417,-4.417,8.514,-12.010
V36I,0.333,-2.947,-3.180,-2.713,5.553,-3.158,-2.947,-3.180,-2.713,5.553,-3.158
V36K,0.333,-3.947,-3.429,-4.464,8.649,-12.209,-3.947,-3.429,-4.464,8.649,-12.209
V36L,0.333,-2.974,-3.063,-2.885,4.094,-4.777,-2.974,-3.063,-2.885,4.094,-4.777
V36M,0.333,-3.163,-3.287,-3.039,6.923,-5.793,-3.163,-3.287,-3.039,6.923,-5.793
V36N,0.333,-3.816,-3.391,-4.242,8.153,-11.286,-3.816,-3.391,-4.242,8.153,-11.286
V36P,0.333,-3.793,-3.384,-4.202,8.100,-11.118,-3.793,-3.384,-4.202,8.100,-11.118
V36Q,0.333,-3.688,-3.342,-4.033,7.550,-10.426,-3.688,-3.342,-4.033,7.550,-10.426
V36R,0.333,-3.810,-3.410,-4.211,8.316,-11.147,-3.810,-3.410,-4.211,8.316,-11.147
V36S,0.333,-3.354,-3.330,-3.379,7.359,-7.560,-3.354,-3.330,-3.379,7.359,-7.560
V36T,0.333,-3.048,-3.161,-2.936,5.263,-5.130,-3.048,-3.161,-2.936,5.263,-5.130
V36W,0.333,-3.946,-3.403,-4.488,8.287,-12.304,-3.946,-3.403,-4.488,8.287,-12.304
V36Y,0.333,-3.802,-3.419,-4.186,8.521,-11.052,-3.802,-3.419,-4.186,8.521,-11.052
P37A,0.333,-2.928,-3.168,-2.689,5.432,-2.805,-2.928,-3.168,-2.689,5.432,-2.805
P37C,0.333,-3.214,-3.317,-3.111,7.245,-6.198,-3.214,-3.317,-3.111,7.245,-6.198
P37D,0.333,-3.067,-3.163,-2.971,5.202,-5.371,-3.067,-3.163,-2.971,5.202,-5.371
P37E,0.333,-3.021,-3.146,-2.897,5.129,-4.869,-3.021,-3.146,-2.897,5.129,-4.869
P37F,0.333,-3.325,-3.346,-3.304,7.571,-7.200,-3.325,-3.346,-3.304,7.571,-7.200
P37G,0.333,-3.160,-3.348,-2.973,7.588,-5.376,-3.160,-3.348,-2.973,7.588,-5.376
P37H,0.333,-3.010,-3.240,-2.780,6.284,-3.900,-3.010,-3.240,-2.780,6.284,-3.900
P37I,0.333,-3.340,-3.349,-3.331,7.605,-7.324,-3.340,-3.349,-3.331,7.605,-7.324
P37K,0.333,-3.181,-3.131,-3.231,4.943,-6.834,-3.181,-3.131,-3.231,4.943,-6.834
P37L,0.333,-2.932,-3.128,-2.735,4.928,-3.433,-2.932,-3.128,-2.735,4.928,-3.433
P37M,0.333,-3.343,-3.349,-3.336,7.607,-7.353,-3.343,-3.349,-3.336,7.607,-7.353
P37N,0.333,-3.096,-3.155,-3.036,5.204,-5.766,-3.096,-3.155,-3.036,5.204,-5.766
P37Q,0.333,-2.836,-2.996,-2.677,3.303,-2.556,-2.836,-2.996,-2.677,3.303,-2.556
P37R,0.333,-3.032,-3.114,-2.950,4.747,-5.242,-3.032,-3.114,-2.950,4.747,-5.242
P37S,0.333,-2.898,-3.114,-2.683,4.760,-2.689,-2.898,-3.114,-2.683,4.760,-2.689
P37T,0.333,-3.069,-3.254,-2.884,6.362,-4.779,-3.069,-3.254,-2.884,6.362,-4.779
P37V,0.333,-3.146,-3.323,-2.968,7.271,-5.340,-3.146,-3.323,-2.968,7.271,-5.340
P37W,0.333,-3.524,-3.348,-3.699,7.586,-9.013,-3.524,-3.348,-3.699,7.586,-9.013
P37Y,0.333,-3.341,-3.342,-3.340,7.496,-7.380,-3.341,-3.342,-3.340,7.496,-7.380
A38C,0.333,-3.128,-3.323,-2.933,7.297,-5.117,-3.128,-3.323,-2.933,7.297,-5.117
A38D,0.333,-3.398,-3.337,-3.459,7.430,-7.939,-3.398,-3.337,-3.459,7.430,-7.939
A38E,0.333,-3.127,-3.195,-3.059,5.692,-5.907,-3.127,-3.195,-3.059,5.692,-5.907
A38F,0.333,-3.315,-3.300,-3.330,7.046,-7.313,-3.315,-3.300,-3.330,7.046,-7.313
A38G,0.333,-3.042,-3.307,-2.778,7.064,-3.884,-3.042,-3.307,-2.778,7.064,-3.884
A38H,0.333,-3.192,-3.242,-3.142,6.324,-6.358,-3.192,-3.242,-3.142,6.324,-6.358
A38I,0.333,-3.060,-3.205,-2.914,5.916,-4.979,-3.060,-3.205,-2.914,5.916,-4.979
A38K,0.333,-3.145,-3.329,-2.961,7.355,-5.294,-3.145,-3.329,-2.961,7.355,-5.294
A38L,0.333,-3.056,-3.277,-2.836,6.593,-4.388,-3.056,-3.277,-2.836,6.593,-4.388
A38M,0.333,-3.150,-3.334,-2.966,7.415,-5.335,-3.150,-3.334,-2.966,7.415,-5.335
A38N,0.333,-3.247,-3.339,-3.155,7.460,-6.429,-3.247,-3.339,-3.155,7.460,-6.429
A38P,0.333,-2.771,-2.879,-2.663,1.917,-0.823,-2.771,-2.879,-2.663,1.917,-0.823
A38Q,0.333,-3.050,-3.212,-2.887,5.857,-4.798,-3.050,-3.212,-2.887,5.857,-4.798
A38R,0.333,-3.116,-3.328,-2.905,7.319,-4.928,-3.116,-3.328,-2.905,7.319,-4.928
A38S,0.333,-2.870,-3.089,-2.651,4.327,-1.751,-2.870,-3.089,-2.651,4.327,-1.751
A38T,0.333,-2.897,-3.131,-2.663,4.848,-2.210,-2.897,-3.131,-2.663,4.848,-2.210
A38V,0.333,-2.916,-3.168,-2.665,5.308,-2.277,-2.916,-3.168,-2.665,5.308,-2.277
A38W,0.333,-3.438,-3.332,-3.545,7.375,-8.322,-3.438,-3.332,-3.545,7.375,-8.322
A38Y,0.333,-3.356,-3.338,-3.375,7.450,-7.548,-3.356,-3.338,-3.375,7.450,-7.548
D39A,0.333,-3.106,-3.108,-3.103,4.575,-6.148,-3.106,-3.108,-3.103,4.575,-6.148
D39C,0.333,-3.375,-3.275,-3.476,6.650,-8.020,-3.375,-3.275,-3.476,6.650,-8.020
D39E,0.333,-2.768,-2.877,-2.658,1.877,-2.077,-2.768,-2.877,-2.658,1.877,-2.077
D39F,0.333,-3.544,-3.283,-3.805,6.753,-9.459,-3.544,-3.283,-3.805,6.753,-9.459
D39G,0.333,-2.989,-3.100,-2.878,4.559,-4.730,-2.989,-3.100,-2.878,4.559,-4.730
D39H,0.333,-3.069,-3.117,-3.022,4.654,-5.687,-3.069,-3.117,-3.022,4.654,-5.687
D39I,0.333,-3.604,-3.259,-3.948,6.505,-10.065,-3.604,-3.259,-3.948,6.505,-10.065
D39K,0.333,-3.360,-3.198,-3.522,5.751,-8.234,-3.360,-3.198,-3.522,5.751,-8.234
D39L,0.333,-3.522,-3.277,-3.766,6.619,-9.299,-3.522,-3.277,-3.766,6.619,-9.299
D39M,0.333,-3.705,-3.291,-4.119,6.840,-10.766,-3.705,-3.291,-4.119,6.840,-10.766
D39N,0.333,-2.943,-3.084,-2.802,4.316,-4.115,-2.943,-3.084,-2.802,4.316,-4.115
D39P,0.333,-3.464,-3.272,-3.656,6.609,-8.812,-3.464,-3.272,-3.656,6.609,-8.812
D39Q,0.333,-3.052,-2.919,-3.186,2.344,-6.596,-3.052,-2.919,-3.186,2.344,-6.596
D39R,0.333,-3.384,-3.168,-3.601,5.380,-8.574,-3.384,-3.168,-3.601,5.380,-8.574
D39S,0.333,-3.011,-3.046,-2.976,3.854,-5.399,-3.011,-3.046,-2.976,3.854,-5.399
D39T,0.333,-3.287,-3.231,-3.344,6.021,-7.398,-3.287,-3.231,-3.344,6.021,-7.398
D39V,0.333,-3.374,-3.288,-3.460,6.827,-7.946,-3.374,-3.288,-3.460,6.827,-7.946
D39W,0.333,-3.698,-3.278,-4.117,6.695,-10.760,-3.698,-3.278,-4.117,6.695,-10.760
D39Y,0.333,-3.344,-3.272,-3.417,6.572,-7.747,-3.344,-3.272,-3.417,6.572,-7.747
Q40A,0.333,-3.303,-3.266,-3.340,6.602,-7.373,-3.303,-3.266,-3.340,6.602,-7.373
Q40C,0.333,-3.354,-3.375,-3.334,7.912,-7.353,-3.354,-3.375,-3.334,7.912,-7.353
Q40D,0.333,-3.058,-3.074,-3.043,4.228,-5.807,-3.058,-3.074,-3.043,4.228,-5.807
Q40E,0.333,-2.878,-2.990,-2.767,3.170,-3.789,-2.878,-2.990,-2.767,3.170,-3.789
Q40F,0.333,-3.577,-3.363,-3.792,7.723,-9.405,-3.577,-3.363,-3.792,7.723,-9.405
Q40G,0.333,-3.256,-3.299,-3.213,6.905,-6.735,-3.256,-3.299,-3.213,6.905,-6.735
Q40H,0.333,-3.022,-3.208,-2.836,5.833,-4.401,-3.022,-3.208,-2.836,5.833,-4.401
Q40I,0.333,-3.537,-3.335,-3.739,7.384,-9.181,-3.537,-3.335,-3.739,7.384,-9.181
Q40K,0.333,-3.149,-3.328,-2.971,7.265,-5.355,-3.149,-3.328,-2.971,7.265,-5.355
Q40L,0.333,-3.050,-3.201,-2.898,5.733,-4.880,-3.050,-3.201,-2.898,5.733,-4.880
Q40M,0.333,-3.341,-3.384,-3.298,7.983,-7.175,-3.341,-3.384,-3.298,7.983,-7.175
Q40N,0.333,-3.178,-3.172,-3.183,5.388,-6.577,-3.178,-3.172,-3.183,5.388,-6.577
Q40P,0.333,-3.722,-3.269,-4.175,6.509,-11.002,-3.722,-3.269,-4.175,6.509,-11.002
Q40R,0.333,-2.958,-3.097,-2.820,4.479,-4.266,-2.958,-3.097,-2.820,4.479,-4.266
Q40S,0.333,-3.276,-3.338,-3.215,7.383,-6.759,-3.276,-3.338,-3.215,7.383,-6.759
Q40T,0.333,-3.339,-3.225,-3.453,6.071,-7.913,-3.339,-3.225,-3.453,6.071,-7.913
Q40V,0.333,-3.407,-3.272,-3.543,6.638,-8.312,-3.407,-3.272,-3.543,6.638,-8.312
Q40W,0.333,-3.521,-3.332,-3.710,7.333,-9.053,-3.521,-3.332,-3.710,7.333,-9.053
Q40Y,0.333,-3.486,-3.350,-3.621,7.578,-8.666,-3.486,-3.350,-3.621,7.578,-8.666
L41A,0.333,-3.646,-3.466,-3.827,9.101,-9.558,-3.646,-3.466,-3.827,9.101,-9.558
L41C,0.333,-3.578,-3.431,-3.726,8.718,-9.119,-3.578,-3.431,-3.726,8.718,-9.119
L41D,0.333,-4.102,-3.457,-4.748,8.998,-13.404,-4.102,-3.457,-4.748,8.998,-13.404
L41E,0.333,-3.944,-3.471,-4.417,9.154,-12.001,-3.944,-3.471,-4.417,9.154,-12.001
L41F,0.333,-3.322,-3.486,-3.157,9.362,-6.450,-3.322,-3.486,-3.157,9.362,-6.450
L41G,0.333,-3.884,-3.460,-4.308,9.023,-11.559,-3.884,-3.460,-4.308,9.023,-11.559
L41H,0.333,-3.554,-3.431,-3.677,8.584,-8.909,-3.554,-3.431,-3.677,8.584,-8.909
L41I,0.333,-2.864,-3.047,-2.680,3.879,-2.626,-2.864,-3.047,-2.680,3.879,-2.626
L41K,0.333,-3.942,-3.451,-4.433,8.884,-12.084,-3.942,-3.451,-4.433,8.884,-12.084
L41M,0.333,-3.086,-3.313,-2.859,7.249,-4.583,-3.086,-3.313,-2.859,7.249,-4.583
L41N,0.333,-3.884,-3.465,-4.303,9.060,-11.539,-3.884,-3.465,-4.303,9.060,-11.539
L41P,0.333,-3.803,-3.449,-4.157,8.896,-10.931,-3.803,-3.449,-4.157,8.896,-10.931
L41Q,0.333,-3.244,-3.487,-3.001,9.333,-5.537,-3.244,-3.487,-3.001,9.333,-5.537
L41R,0.333,-3.712,-3.453,-3.970,8.921,-10.163,-3.712,-3.453,-3.970,8.921,-10.163
L41S,0.333,-3.604,-3.448,-3.760,8.880,-9.272,-3.604,-3.448,-3.760,8.880,-9.272
L41T,0.333,-3.510,-3.473,-3.548,9.212,-8.339,-3.510,-3.473,-3.548,9.212,-8.339
L41V,0.333,-3.029,-3.209,-2.849,5.922,-4.498,-3.029,-3.209,-2.849,5.922,-4.498
L41W,0.333,-3.875,-3.425,-4.326,8.546,-11.630,-3.875,-3.425,-4.326,8.546,-11.630
L41Y,0.333,-3.773,-3.428,-4.118,8.542,-10.767,-3.773,-3.428,-4.118,8.542,-10.767
R42A,0.331,-3.296,-3.173,-3.420,5.531,-7.762,-3.296,-3.173,-3.420,5.531,-7.762
R42C,0.331,-3.041,-3.275,-2.807,6.859,-4.156,-3.041,-3.275,-2.807,6.859,-4.156
R42D,0.331,-3.566,-3.366,-3.765,7.883,-9.283,-3.566,-3.366,-3.765,7.883,-9.283
R42E,0.331,-3.524,-3.225,-3.824,6.172,-9.549,-3.524,-3.225,-3.824,6.172,-9.549
R42F,0.331,-3.588,-3.398,-3.777,8.276,-9.341,-3.588,-3.398,-3.777,8.276,-9.341
R42G,0.331,-3.252,-3.286,-3.217,6.947,-6.758,-3.252,-3.286,-3.217,6.947,-6.758
R42H,0.331,-2.993,-3.071,-2.915,4.384,-4.980,-2.993,-3.071,-2.915,4.384,-4.980
R42I,0.331,-3.470,-3.364,-3.576,7.942,-8.467,-3.470,-3.364,-3.576,7.942,-8.467
R42K,0.331,-2.878,-3.055,-2.700,4.143,-2.961,-2.878,-3.055,-2.700,4.143,-2.961
R42L,0.331,-3.354,-3.383,-3.325,8.127,-7.298,-3.354,-3.383,-3.325,8.127,-7.298
R42M,0.331,-3.464,-3.375,-3.552,8.001,-8.359,-3.464,-3.375,-3.552,8.001,-8.359
R42N,0.331,-3.270,-3.316,-3.224,7.262,-6.803,-3.270,-3.316,-3.224,7.262,-6.803
R42P,0.331,-3.820,-3.364,-4.277,7.816,-11.423,-3.820,-3.364,-4.277,7.816,-11.423
R42Q,0.331,-3.115,-3.286,-2.944,6.877,-5.178,-3.115,-3.286,-2.944,6.877,-5.178
R42S,0.331,-3.058,-3.173,-2.944,5.481,-5.195,-3.058,-3.173,-2.944,5.481,-5.195
R42T,0.331,-3.326,-3.365,-3.286,7.895,-7.105,-3.326,-3.365,-3.286,7.895,-7.105
R42V,0.331,-3.278,-3.305,-3.250,7.238,-6.935,-3.278,-3.305,-3.250,7.238,-6.935
R42W,0.331,-3.324,-3.345,-3.302,7.626,-7.198,-3.324,-3.345,-3.302,7.626,-7.198
R42Y,0.331,-3.520,-3.376,-3.665,8.006,-8.868,-3.520,-3.376,-3.665,8.006,-8.868
V43A,0.331,-3.408,-3.454,-3.362,8.889,-7.477,-3.408,-3.454,-3.362,8.889,-7.477
V43C,0.331,-3.685,-3.446,-3.924,8.777,-9.961,-3.685,-3.446,-3.924,8.777,-9.961
V43D,0.331,-4.242,-3.434,-5.051,8.635,-14.759,-4.242,-3.434,-5.051,8.635,-14.759
V43E,0.331,-4.190,-3.437,-4.943,8.710,-14.277,-4.190,-3.437,-4.943,8.710,-14.277
V43F,0.331,-3.477,-3.438,-3.516,8.686,-8.203,-3.477,-3.438,-3.516,8.686,-8.203
V43G,0.331,-3.982,-3.417,-4.547,8.443,-12.544,-3.982,-3.417,-4.547,8.443,-12.544
V43H,0.331,-4.190,-3.413,-4.966,8.384,-14.369,-4.190,-3.413,-4.966,8.384,-14.369
V43I,0.331,-2.838,-3.014,-2.663,3.468,-2.207,-2.838,-3.014,-2.663,3.468,-2.207
V43K,0.331,-4.404,-3.435,-5.374,8.695,-16.347,-4.404,-3.435,-5.374,8.695,-16.347
V43L,0.331,-3.008,-3.141,-2.876,5.008,-4.705,-3.008,-3.141,-2.876,5.008,-4.705
V43M,0.331,-3.340,-3.402,-3.279,8.191,-7.072,-3.340,-3.402,-3.279,8.191,-7.072
V43N,0.331,-4.150,-3.440,-4.860,8.771,-13.900,-4.150,-3.440,-4.860,8.771,-13.900
V43P,0.331,-3.850,-3.443,-4.257,8.782,-11.341,-3.850,-3.443,-4.257,8.782,-11.341
V43Q,0.331,-4.213,-3.417,-5.009,8.459,-14.574,-4.213,-3.417,-5.009,8.459,-14.574
V43R,0.331,-4.312,-3.431,-5.194,8.615,-15.432,-4.312,-3.431,-5.194,8.615,-15.432
V43S,0.331,-3.859,-3.459,-4.258,8.958,-11.348,-3.859,-3.459,-4.258,8.958,-11.348
V43T,0.331,-3.581,-3.439,-3.723,8.734,-9.111,-3.581,-3.439,-3.723,8.734,-9.111
V43W,0.331,-3.958,-3.462,-4.454,8.983,-12.171,-3.958,-3.462,-4.454,8.983,-12.171
V43Y,0.331,-4.043,-3.454,-4.632,8.937,-12.906,-4.043,-3.454,-4.632,8.937,-12.906
I44A,0.331,-3.673,-3.459,-3.887,8.996,-9.807,-3.673,-3.459,-3.887,8.996,-9.807
I44C,0.331,-3.950,-3.465,-4.436,9.074,-12.088,-3.950,-3.465,-4.436,9.074,-12.088
I44D,0.331,-4.294,-3.492,-5.095,9.424,-14.965,-4.294,-3.492,-5.095,9.424,-14.965
I44E,0.331,-4.242,-3.454,-5.031,8.914,-14.665,-4.242,-3.454,-5.031,8.914,-14.665
I44F,0.331,-3.415,-3.470,-3.360,9.154,-7.483,-3.415,-3.470,-3.360,9.154,-7.483
I44G,0.331,-4.089,-3.454,-4.724,8.973,-13.315,-4.089,-3.454,-4.724,8.973,-13.315
I44H,0.331,-4.039,-3.474,-4.604,9.189,-12.793,-4.039,-3.474,-4.604,9.189,-12.793
I44K,0.331,-4.157,-3.487,-4.827,9.342,-13.756,-4.157,-3.487,-4.827,9.342,-13.756
I44L,0.331,-2.937,-3.104,-2.770,4.591,-3.811,-2.937,-3.104,-2.770,4.591,-3.811
I44M,0.331,-3.300,-3.466,-3.134,9.077,-6.328,-3.300,-3.466,-3.134,9.077,-6.328
I44N,0.331,-3.950,-3.469,-4.431,9.113,-12.073,-3.950,-3.469,-4.431,9.113,-12.073
I44P,0.331,-4.198,-3.490,-4.907,9.365,-14.107,-4.198,-3.490,-4.907,9.365,-14.107
I44Q,0.331,-4.062,-3.478,-4.646,9.257,-12.968,-4.062,-3.478,-4.646,9.257,-12.968
I44R,0.331,-4.102,-3.476,-4.729,9.232,-13.325,-4.102,-3.476,-4.729,9.232,-13.325
I44S,0.331,-3.718,-3.486,-3.951,9.319,-10.075,-3.718,-3.486,-3.951,9.319,-10.075
I44T,0.331,-3.518,-3.481,-3.554,9.305,-8.364,-3.518,-3.481,-3.554,9.305,-8.364
I44V,0.331,-2.972,-3.222,-2.723,6.066,-3.282,-2.972,-3.222,-2.723,6.066,-3.282
I44W,0.331,-4.142,-3.471,-4.812,9.104,-13.691,-4.142,-3.471,-4.812,9.104,-13.691
I44Y,0.331,-3.936,-3.468,-4.404,9.107,-11.957,-3.936,-3.468,-4.404,9.107,-11.957
F45A,0.331,-3.894,-3.526,-4.261,9.878,-11.361,-3.894,-3.526,-4.261,9.878,-11.361
F45C,0.331,-3.332,-3.508,-3.155,9.639,-6.432,-3.332,-3.508,-3.155,9.639,-6.432
F45D,0.331,-4.320,-3.506,-5.134,9.596,-15.145,-4.320,-3.506,-5.134,9.596,-15.145
F45E,0.331,-4.405,-3.487,-5.322,9.374,-16.075,-4.405,-3.487,-5.322,9.374,-16.075
F45G,0.331,-4.021,-3.530,-4.513,9.889,-12.418,-4.021,-3.530,-4.513,9.889,-12.418
F45H,0.331,-3.476,-3.518,-3.435,9.790,-7.836,-3.476,-3.518,-3.435,9.790,-7.836
F45I,0.331,-3.606,-3.521,-3.691,9.781,-8.963,-3.606,-3.521,-3.691,9.781,-8.963
F45K,0.331,-4.221,-3.531,-4.911,9.893,-14.130,-4.221,-3.531,-4.911,9.893,-14.130
F45L,0.331,-3.222,-3.274,-3.170,6.668,-6.513,-3.222,-3.274,-3.170,6.668,-6.513
F45M,0.331,-3.714,-3.505,-3.922,9.591,-9.950,-3.714,-3.505,-3.922,9.591,-9.950
F45N,0.331,-3.840,-3.523,-4.156,9.839,-10.929,-3.840,-3.523,-4.156,9.839,-10.929
F45P,0.331,-4.356,-3.529,-5.183,9.950,-15.389,-4.356,-3.529,-5.183,9.950,-15.389
F45Q,0.331,-4.068,-3.526,-4.609,9.912,-12.818,-4.068,-3.526,-4.609,9.912,-12.818
F45R,0.331,-4.024,-3.526,-4.521,9.890,-12.446,-4.024,-3.526,-4.521,9.890,-12.446
F45S,0.331,-3.537,-3.532,-3.542,9.948,-8.319,-3.537,-3.532,-3.542,9.948,-8.319
F45T,0.331,-4.028,-3.519,-4.537,9.812,-12.505,-4.028,-3.519,-4.537,9.812,-12.505
F45V,0.331,-3.550,-3.516,-3.585,9.723,-8.501,-3.550,-3.516,-3.585,9.723,-8.501
F45W,0.331,-3.721,-3.509,-3.933,9.664,-10.000,-3.721,-3.509,-3.933,9.664,-10.000
F45Y,0.331,-3.201,-3.549,-2.853,10.169,-4.543,-3.201,-3.549,-2.853,10.169,-4.543
A46C,0.331,-3.399,-3.289,-3.509,7.012,-8.164,-3.399,-3.289,-3.509,7.012,-8.164
A46D,0.331,-3.748,-3.478,-4.017,9.251,-10.348,-3.748,-3.478,-4.017,9.251,-10.348
A46E,0.331,-3.639,-3.404,-3.874,8.319,-9.748,-3.639,-3.404,-3.874,8.319,-9.748
A46F,0.331,-3.882,-3.465,-4.300,9.099,-11.519,-3.882,-3.465,-4.300,9.099,-11.519
A46G,0.331,-3.172,-3.452,-2.891,8.895,-4.822,-3.172,-3.452,-2.891,8.895,-4.822
A46H,0.331,-3.962,-3.481,-4.443,9.316,-12.115,-3.962,-3.481,-4.443,9.316,-12.115
A46I,0.331,-3.744,-3.474,-4.014,9.215,-10.342,-3.744,-3.474,-4.014,9.215,-10.342
A46K,0.331,-3.752,-3.501,-4.003,9.556,-10.297,-3.752,-3.501,-4.003,9.556,-10.297
A46L,0.331,-3.750,-3.493,-4.007,9.413,-10.309,-3.750,-3.493,-4.007,9.413,-10.309
A46M,0.331,-3.546,-3.418,-3.674,8.560,-8.895,-3.546,-3.418,-3.674,8.560,-8.895
A46N,0.331,-3.654,-3.454,-3.854,8.898,-9.666,-3.654,-3.454,-3.854,8.898,-9.666
A46P,0.331,-3.794,-3.483,-4.104,9.304,-10.708,-3.794,-3.483,-4.104,9.304,-10.708
A46Q,0.331,-3.749,-3.467,-4.031,9.014,-10.414,-3.749,-3.467,-4.031,9.014,-10.414
A46R,0.331,-3.684,-3.504,-3.864,9.575,-9.719,-3.684,-3.504,-3.864,9.575,-9.719
A46S,0.331,-3.108,-3.393,-2.823,8.132,-4.282,-3.108,-3.393,-2.823,8.132,-4.282
A46T,0.331,-3.312,-3.477,-3.148,9.222,-6.402,-3.312,-3.477,-3.148,9.222,-6.402
A46V,0.331,-3.335,-3.483,-3.187,9.325,-6.614,-3.335,-3.483,-3.187,9.325,-6.614
A46W,0.331,-4.087,-3.471,-4.703,9.151,-13.214,-4.087,-3.471,-4.703,9.151,-13.214
A46Y,0.331,-4.042,-3.477,-4.606,9.239,-12.801,-4.042,-3.477,-4.606,9.239,-12.801
G47A,0.331,-3.721,-3.581,-3.861,10.604,-9.696,-3.721,-3.581,-3.861,10.604,-9.696
G47C,0.331,-3.876,-3.578,-4.175,10.548,-11.001,-3.876,-3.578,-4.175,10.548,-11.001
G47D,0.331,-3.784,-3.580,-3.987,10.577,-10.232,-3.784,-3.580,-3.987,10.577,-10.232
G47E,0.331,-3.798,-3.558,-4.037,10.283,-10.438,-3.798,-3.558,-4.037,10.283,-10.438
G47F,0.331,-4.282,-3.571,-4.994,10.459,-14.503,-4.282,-3.571,-4.994,10.459,-14.503
G47H,0.331,-4.165,-3.558,-4.772,10.288,-13.521,-4.165,-3.558,-4.772,10.288,-13.521
G47I,0.331,-4.430,-3.575,-5.285,10.537,-15.885,-4.430,-3.575,-5.285,10.537,-15.885
G47K,0.331,-4.068,-3.585,-4.552,10.634,-12.575,-4.068,-3.585,-4.552,10.634,-12.575
G47L,0.331,-4.246,-3.584,-4.909,10.632,-14.111,-4.246,-3.584,-4.909,10.632,-14.111
G47M,0.331,-4.304,-3.560,-5.049,10.326,-14.751,-4.304,-3.560,-5.049,10.326,-14.751
G47N,0.331,-3.900,-3.573,-4.227,10.465,-11.225,-3.900,-3.573,-4.227,10.465,-11.225
G47P,0.331,-4.452,-3.568,-5.336,10.412,-16.144,-4.452,-3.568,-5.336,10.412,-16.144
G47Q,0.331,-4.071,-3.577,-4.565,10.529,-12.625,-4.071,-3.577,-4.565,10.529,-12.625
G47R,0.331,-3.722,-3.562,-3.881,10.337,-9.774,-3.722,-3.562,-3.881,10.337,-9.774
G47S,0.331,-3.679,-3.598,-3.760,10.807,-9.265,-3.679,-3.598,-3.760,10.807,-9.265
G47T,0.331,-4.119,-3.572,-4.666,10.481,-13.060,-4.119,-3.572,-4.666,10.481,-13.060
G47V,0.331,-4.001,-3.576,-4.426,10.546,-12.048,-4.001,-3.576,-4.426,10.546,-12.048
G47W,0.331,-4.095,-3.592,-4.598,10.742,-12.770,-4.095,-3.592,-4.598,10.742,-12.770
G47Y,0.331,-4.254,-3.566,-4.943,10.417,-14.268,-4.254,-3.566,-4.943,10.417,-14.268
K48A,0.333,-3.538,-3.341,-3.734,7.446,-9.157,-3.538,-3.341,-3.734,7.446,-9.157
K48C,0.333,-3.392,-3.325,-3.458,7.280,-7.934,-3.392,-3.325,-3.458,7.280,-7.934
K48D,0.333,-3.792,-3.332,-4.253,7.413,-11.324,-3.792,-3.332,-4.253,7.413,-11.324
K48E,0.333,-3.455,-3.340,-3.570,7.521,-8.434,-3.455,-3.340,-3.570,7.521,-8.434
K48F,0.333,-3.884,-3.334,-4.434,7.391,-12.078,-3.884,-3.334,-4.434,7.391,-12.078
K48G,0.333,-3.477,-3.346,-3.608,7.520,-8.612,-3.477,-3.346,-3.608,7.520,-8.612
K48H,0.333,-3.288,-3.282,-3.293,6.875,-7.145,-3.288,-3.282,-3.293,6.875,-7.145
K48I,0.333,-3.578,-3.334,-3.822,7.464,-9.538,-3.578,-3.334,-3.822,7.464,-9.538
K48L,0.333,-3.479,-3.325,-3.633,7.304,-8.721,-3.479,-3.325,-3.633,7.304,-8.721
K48M,0.333,-3.412,-3.342,-3.483,7.516,-8.044,-3.412,-3.342,-3.483,7.516,-8.044
K48N,0.333,-3.248,-3.216,-3.280,5.939,-7.079,-3.248,-3.216,-3.280,5.939,-7.079
K48P,0.333,-4.034,-3.349,-4.719,7.591,-13.293,-4.034,-3.349,-4.719,7.591,-13.293
K48Q,0.333,-3.092,-3.162,-3.022,5.315,-5.693,-3.092,-3.162,-3.022,5.315,-5.693
K48R,0.333,-2.744,-2.836,-2.652,1.400,-1.242,-2.744,-2.836,-2.652,1.400,-1.242
K48S,0.333,-3.417,-3.333,-3.501,7.402,-8.134,-3.417,-3.333,-3.501,7.402,-8.134
K48T,0.333,-3.267,-3.153,-3.381,5.177,-7.570,-3.267,-3.153,-3.381,5.177,-7.570
K48V,0.333,-3.481,-3.272,-3.690,6.701,-8.968,-3.481,-3.272,-3.690,6.701,-8.968
K48W,0.333,-3.588,-3.353,-3.823,7.671,-9.537,-3.588,-3.353,-3.823,7.671,-9.537
K48Y,0.333,-3.758,-3.336,-4.181,7.407,-11.024,-3.758,-3.336,-4.181,7.407,-11.024
E49A,0.331,-3.593,-3.352,-3.835,7.689,-9.583,-3.593,-3.352,-3.835,7.689,-9.583
E49C,0.331,-3.972,-3.466,-4.478,9.089,-12.260,-3.972,-3.466,-4.478,9.089,-12.260
E49D,0.331,-3.382,-3.390,-3.373,8.090,-7.529,-3.382,-3.390,-3.373,8.090,-7.529
E49F,0.331,-4.056,-3.449,-4.663,8.904,-13.041,-4.056,-3.449,-4.663,8.904,-13.041
E49G,0.331,-3.617,-3.456,-3.778,9.003,-9.355,-3.617,-3.456,-3.778,9.003,-9.355
E49H,0.331,-3.568,-3.434,-3.703,8.655,-9.024,-3.568,-3.434,-3.703,8.655,-9.024
E49I,0.331,-3.811,-3.441,-4.181,8.750,-11.037,-3.811,-3.441,-4.181,8.750,-11.037
E49K,0.331,-3.516,-3.380,-3.652,8.029,-8.804,-3.516,-3.380,-3.652,8.029,-8.804
E49L,0.331,-3.546,-3.280,-3.813,6.706,-9.494,-3.546,-3.280,-3.813,6.706,-9.494
E49M,0.331,-3.878,-3.451,-4.306,8.912,-11.537,-3.878,-3.451,-4.306,8.912,-11.537
E49N,0.331,-3.816,-3.407,-4.225,8.415,-11.216,-3.816,-3.407,-4.225,8.415,-11.216
E49P,0.331,-3.665,-3.452,-3.879,8.934,-9.776,-3.665,-3.452,-3.879,8.934,-9.776
E49Q,0.331,-3.112,-3.368,-2.857,7.857,-4.561,-3.112,-3.368,-2.857,7.857,-4.561
E49R,0.331,-3.664,-3.424,-3.903,8.506,-9.865,-3.664,-3.424,-3.903,8.506,-9.865
E49S,0.331,-3.802,-3.267,-4.338,6.574,-11.677,-3.802,-3.267,-4.338,6.574,-11.677
E49T,0.331,-3.869,-3.438,-4.300,8.755,-11.524,-3.869,-3.438,-4.300,8.755,-11.524
E49V,0.331,-3.538,-3.391,-3.684,8.065,-8.942,-3.538,-3.391,-3.684,8.065,-8.942
E49W,0.331,-4.179,-3.497,-4.861,9.465,-13.902,-4.179,-3.497,-4.861,9.465,-13.902
E49Y,0.331,-4.019,-3.451,-4.586,8.891,-12.717,-4.019,-3.451,-4.586,8.891,-12.717
L50A,0.331,-3.909,-3.550,-4.268,10.175,-11.389,-3.909,-3.550,-4.268,10.175,-11.389
L50C,0.331,-3.838,-3.553,-4.122,10.233,-10.778,-3.838,-3.553,-4.122,10.233,-10.778
L50D,0.331,-4.424,-3.530,-5.319,9.921,-16.058,-4.424,-3.530,-5.319,9.921,-16.058
L50E,0.331,-4.240,-3.563,-4.917,10.348,-14.160,-4.240,-3.563,-4.917,10.348,-14.160
L50F,0.331,-3.611,-3.561,-3.661,10.326,-8.845,-3.611,-3.561,-3.661,10.326,-8.845
L50G,0.331,-4.235,-3.538,-4.932,10.042,-14.219,-4.235,-3.538,-4.932,10.042,-14.219
L50H,0.331,-4.053,-3.568,-4.539,10.415,-12.517,-4.053,-3.568,-4.539,10.415,-12.517
L50I,0.331,-3.391,-3.437,-3.346,8.752,-7.398,-3.391,-3.437,-3.346,8.752,-7.398
L50K,0.331,-4.156,-3.523,-4.788,9.875,-13.575,-4.156,-3.523,-4.788,9.875,-13.575
L50M,0.331,-3.280,-3.495,-3.066,9.561,-5.948,-3.280,-3.495,-3.066,9.561,-5.948
L50N,0.331,-4.326,-3.554,-5.097,10.234,-14.976,-4.326,-3.554,-5.097,10.234,-14.976
L50P,0.331,-3.790,-3.538,-4.041,10.024,-10.444,-3.790,-3.538,-4.041,10.024,-10.444
L50Q,0.331,-3.832,-3.547,-4.116,10.153,-10.751,-3.832,-3.547,-4.116,10.153,-10.751
L50R,0.331,-3.878,-3.533,-4.222,9.993,-11.195,-3.878,-3.533,-4.222,9.993,-11.195
L50S,0.331,-3.954,-3.536,-4.371,10.004,-11.820,-3.954,-3.536,-4.371,10.004,-11.820
L50T,0.331,-3.915,-3.554,-4.276,10.250,-11.429,-3.915,-3.554,-4.276,10.250,-11.429
L50V,0.331,-3.442,-3.568,-3.315,10.418,-7.251,-3.442,-3.568,-3.315,10.418,-7.251
L50W,0.331,-4.036,-3.549,-4.523,10.173,-12.448,-4.036,-3.549,-4.523,10.173,-12.448
L50Y,0.331,-4.126,-3.536,-4.715,10.036,-13.268,-4.126,-3.536,-4.715,10.036,-13.268
R51A,0.329,-2.921,-3.062,-2.780,4.096,-3.919,-2.921,-3.062,-2.780,4.096,-3.919
R51C,0.329,-2.885,-3.022,-2.748,3.661,-3.616,-2.885,-3.022,-2.748,3.661,-3.616
R51D,0.329,-3.037,-2.997,-3.078,3.248,-6.011,-3.037,-2.997,-3.078,3.248,-6.011
R51E,0.329,-2.962,-3.066,-2.859,4.141,-4.582,-2.962,-3.066,-2.859,4.141,-4.582
R51F,0.329,-3.232,-3.176,-3.288,5.496,-7.124,-3.232,-3.176,-3.288,5.496,-7.124
R51G,0.329,-2.878,-2.953,-2.803,2.825,-4.128,-2.878,-2.953,-2.803,2.825,-4.128
R51H,0.329,-2.764,-2.871,-2.656,1.819,-2.021,-2.764,-2.871,-2.656,1.819,-2.021
R51I,0.329,-3.130,-3.167,-3.093,5.335,-6.102,-3.130,-3.167,-3.093,5.335,-6.102
R51K,0.329,-2.832,-3.002,-2.661,3.238,-0.880,-2.832,-3.002,-2.661,3.238,-0.880
R51L,0.329,-2.900,-2.988,-2.813,3.159,-4.220,-2.900,-2.988,-2.813,3.159,-4.220
R51M,0.329,-3.072,-3.085,-3.058,4.391,-5.898,-3.072,-3.085,-3.058,4.391,-5.898
R51N,0.329,-2.840,-3.000,-2.679,3.292,-2.630,-2.840,-3.000,-2.679,3.292,-2.630
R51P,0.329,-2.913,-2.908,-2.918,2.236,-5.007,-2.913,-2.908,-2.918,2.236,-5.007
R51Q,0.329,-2.770,-2.872,-2.667,1.808,-0.680,-2.770,-2.872,-2.667,1.808,-0.680
R51S,0.329,-2.777,-2.865,-2.689,1.772,-2.810,-2.777,-2.865,-2.689,1.772,-2.810
R51T,0.329,-2.949,-3.164,-2.734,5.214,-3.441,-2.949,-3.164,-2.734,5.214,-3.441
R51V,0.329,-3.032,-3.171,-2.894,5.422,-4.843,-3.032,-3.171,-2.894,5.422,-4.843
R51W,0.329,-3.251,-3.176,-3.326,5.472,-7.304,-3.251,-3.176,-3.326,5.472,-7.304
R51Y,0.329,-3.144,-3.171,-3.116,5.451,-6.222,-3.144,-3.171,-3.116,5.451,-6.222
N52A,0.327,-3.332,-3.338,-3.326,7.435,-7.313,-3.332,-3.338,-3.326,7.435,-7.313
N52C,0.327,-3.374,-3.370,-3.378,7.831,-7.559,-3.374,-3.370,-3.378,7.831,-7.559
N52D,0.327,-2.853,-2.916,-2.790,2.288,-4.016,-2.853,-2.916,-2.790,2.288,-4.016
N52E,0.327,-3.341,-3.279,-3.403,6.728,-7.679,-3.341,-3.279,-3.403,6.728,-7.679
N52F,0.327,-3.657,-3.374,-3.941,7.917,-10.032,-3.657,-3.374,-3.941,7.917,-10.032
N52G,0.327,-3.220,-3.340,-3.100,7.452,-6.148,-3.220,-3.340,-3.100,7.452,-6.148
N52H,0.327,-3.240,-3.332,-3.148,7.387,-6.400,-3.240,-3.332,-3.148,7.387,-6.400
N52I,0.327,-3.612,-3.354,-3.870,7.661,-9.733,-3.612,-3.354,-3.870,7.661,-9.733
N52K,0.327,-3.458,-3.354,-3.563,7.640,-8.414,-3.458,-3.354,-3.563,7.640,-8.414
N52L,0.327,-3.577,-3.359,-3.795,7.773,-9.423,-3.577,-3.359,-3.795,7.773,-9.423
N52M,0.327,-3.647,-3.368,-3.926,7.860,-9.964,-3.647,-3.368,-3.926,7.860,-9.964
N52P,0.327,-3.345,-3.314,-3.376,7.139,-7.551,-3.345,-3.314,-3.376,7.139,-7.551
N52Q,0.327,-3.460,-3.367,-3.553,7.796,-8.356,-3.460,-3.367,-3.553,7.796,-8.356
N52R,0.327,-3.494,-3.358,-3.630,7.673,-8.706,-3.494,-3.358,-3.630,7.673,-8.706
N52S,0.327,-2.896,-2.959,-2.833,2.924,-4.355,-2.896,-2.959,-2.833,2.924,-4.355
N52T,0.327,-3.236,-3.350,-3.121,7.618,-6.257,-3.236,-3.350,-3.121,7.618,-6.257
N52V,0.327,-3.574,-3.351,-3.798,7.651,-9.431,-3.574,-3.351,-3.798,7.651,-9.431
N52W,0.327,-3.757,-3.373,-4.141,7.899,-10.862,-3.757,-3.373,-4.141,7.899,-10.862
N52Y,0.327,-3.488,-3.368,-3.607,7.836,-8.595,-3.488,-3.368,-3.607,7.836,-8.595
D53A,0.325,-3.058,-3.147,-2.969,5.148,-5.353,-3.058,-3.147,-2.969,5.148,-5.353
D53C,0.325,-3.188,-3.209,-3.166,5.861,-6.500,-3.188,-3.209,-3.166,5.861,-6.500
D53E,0.325,-2.851,-3.035,-2.666,3.763,-2.349,-2.851,-3.035,-2.666,3.763,-2.349
D53F,0.325,-3.429,-3.325,-3.533,7.255,-8.276,-3.429,-3.325,-3.533,7.255,-8.276
D53G,0.325,-2.941,-3.118,-2.764,4.718,-3.756,-2.941,-3.118,-2.764,4.718,-3.756
D53H,0.325,-3.011,-3.165,-2.857,5.254,-4.576,-3.011,-3.165,-2.857,5.254,-4.576
D53I,0.325,-3.452,-3.334,-3.570,7.412,-8.447,-3.452,-3.334,-3.570,7.412,-8.447
D53K,0.325,-3.343,-3.263,-3.424,6.568,-7.781,-3.343,-3.263,-3.424,6.568,-7.781
D53L,0.325,-3.400,-3.335,-3.465,7.387,-7.967,-3.400,-3.335,-3.465,7.387,-7.967
D53M,0.325,-3.528,-3.324,-3.731,7.271,-9.141,-3.528,-3.324,-3.731,7.271,-9.141
D53N,0.325,-2.898,-3.037,-2.758,3.735,-3.706,-2.898,-3.037,-2.758,3.735,-3.706
D53P,0.325,-3.351,-3.319,-3.382,7.190,-7.580,-3.351,-3.319,-3.382,7.190,-7.580
D53Q,0.325,-3.158,-3.210,-3.106,5.812,-6.168,-3.158,-3.210,-3.106,5.812,-6.168
D53R,0.325,-3.394,-3.276,-3.512,6.660,-8.183,-3.394,-3.276,-3.512,6.660,-8.183
D53S,0.325,-2.913,-3.023,-2.803,3.612,-4.120,-2.913,-3.023,-2.803,3.612,-4.120
D53T,0.325,-3.070,-3.084,-3.056,4.372,-5.884,-3.070,-3.084,-3.056,4.372,-5.884
D53V,0.325,-3.292,-3.265,-3.320,6.510,-7.277,-3.292,-3.265,-3.320,6.510,-7.277
D53W,0.325,-3.458,-3.308,-3.608,7.065,-8.612,-3.458,-3.308,-3.608,7.065,-8.612
D53Y,0.325,-3.270,-3.341,-3.200,7.483,-6.680,-3.270,-3.341,-3.200,7.483,-6.680
W54A,0.321,-2.740,-2.677,-2.802,-0.376,0.979,-2.740,-2.677,-2.802,-0.376,0.979
W54C,0.321,-2.756,-2.658,-2.854,-0.594,1.372,-2.756,-2.658,-2.854,-0.594,1.372
W54D,0.321,-2.780,-2.769,-2.790,0.687,0.871,-2.780,-2.769,-2.790,0.687,0.871
W54E,0.321,-2.854,-2.950,-2.759,2.841,0.590,-2.854,-2.950,-2.759,2.841,0.590
W54F,0.321,-2.884,-2.732,-3.036,0.242,2.448,-2.884,-2.732,-3.036,0.242,2.448
W54G,0.321,-2.778,-2.903,-2.653,2.306,-1.258,-2.778,-2.903,-2.653,2.306,-1.258
W54H,0.321,-2.997,-2.950,-3.044,2.825,2.476,-2.997,-2.950,-3.044,2.825,2.476
W54I,0.321,-2.902,-2.756,-3.049,0.565,2.499,-2.902,-2.756,-3.049,0.565,2.499
W54K,0.321,-2.774,-2.873,-2.674,2.005,-2.507,-2.774,-2.873,-2.674,2.005,-2.507
W54L,0.321,-2.881,-2.425,-3.337,-3.313,3.800,-2.881,-2.425,-3.337,-3.313,3.800
W54M,0.321,-2.844,-2.792,-2.897,0.905,1.647,-2.844,-2.792,-2.897,0.905,1.647
W54N,0.321,-2.817,-2.900,-2.734,2.271,0.324,-2.817,-2.900,-2.734,2.271,0.324
W54P,0.321,-2.835,-2.912,-2.759,2.367,-3.712,-2.835,-2.912,-2.759,2.367,-3.712
W54Q,0.321,-2.822,-2.802,-2.841,1.094,1.267,-2.822,-2.802,-2.841,1.094,1.267
W54R,0.321,-2.764,-2.878,-2.651,2.003,-1.396,-2.764,-2.878,-2.651,2.003,-1.396
W54S,0.321,-2.729,-2.595,-2.863,-1.355,1.419,-2.729,-2.595,-2.863,-1.355,1.419
W54T,0.321,-2.796,-2.681,-2.910,-0.331,1.724,-2.796,-2.681,-2.910,-0.331,1.724
W54V,0.321,-2.913,-2.678,-3.148,-0.451,2.990,-2.913,-2.678,-3.148,-0.451,2.990
W54Y,0.321,-2.934,-2.883,-2.984,1.977,2.160,-2.934,-2.883,-2.984,1.977,2.160
T55A,0.312,-3.172,-3.377,-2.967,7.898,-5.353,-3.172,-3.377,-2.967,7.898,-5.353
T55C,0.312,-3.220,-3.358,-3.081,7.645,-6.027,-3.220,-3.358,-3.081,7.645,-6.027
T55D,0.312,-3.498,-3.364,-3.632,7.766,-8.711,-3.498,-3.364,-3.632,7.766,-8.711
T55E,0.312,-3.523,-3.331,-3.715,7.352,-9.079,-3.523,-3.331,-3.715,7.352,-9.079
T55F,0.312,-3.330,-3.366,-3.293,7.767,-7.144,-3.330,-3.366,-3.293,7.767,-7.144
T55G,0.312,-3.471,-3.382,-3.559,8.037,-8.390,-3.471,-3.382,-3.559,8.037,-8.390
T55H,0.312,-3.386,-3.379,-3.394,7.986,-7.637,-3.386,-3.379,-3.394,7.986,-7.637
T55I,0.312,-3.000,-3.138,-2.863,5.002,-4.617,-3.000,-3.138,-2.863,5.002,-4.617
T55K,0.312,-3.264,-3.158,-3.369,5.219,-7.521,-3.264,-3.158,-3.369,5.219,-7.521
T55L,0.312,-3.034,-3.183,-2.884,5.603,-4.773,-3.034,-3.183,-2.884,5.603,-4.773
T55M,0.312,-3.165,-3.378,-2.951,7.969,-5.238,-3.165,-3.378,-2.951,7.969,-5.238
T55N,0.312,-3.212,-3.375,-3.048,7.929,-5.825,-3.212,-3.375,-3.048,7.929,-5.825
T55P,0.312,-3.260,-3.281,-3.238,6.722,-6.880,-3.260,-3.281,-3.238,6.722,-6.880
T55Q,0.312,-3.343,-3.267,-3.420,6.534,-7.756,-3.343,-3.267,-3.420,6.534,-7.756
T55R,0.312,-3.264,-3.257,-3.272,6.456,-7.037,-3.264,-3.257,-3.272,6.456,-7.037
T55S,0.312,-2.938,-3.135,-2.742,4.910,-3.517,-2.938,-3.135,-2.742,4.910,-3.517
T55V,0.312,-2.979,-3.083,-2.874,4.352,-4.698,-2.979,-3.083,-2.874,4.352,-4.698
T55W,0.312,-3.754,-3.382,-4.127,8.045,-10.803,-3.754,-3.382,-4.127,8.045,-10.803
T55Y,0.312,-3.435,-3.352,-3.518,7.584,-8.206,-3.435,-3.352,-3.518,7.584,-8.206
V56A,0.294,-3.046,-3.130,-2.962,4.883,-5.304,-3.046,-3.130,-2.962,4.883,-5.304
V56C,0.294,-3.353,-3.131,-3.575,4.916,-8.456,-3.353,-3.131,-3.575,4.916,-8.456
V56D,0.294,-3.851,-3.164,-4.537,5.381,-12.512,-3.851,-3.164,-4.537,5.381,-12.512
V56E,0.294,-3.725,-3.178,-4.272,5.561,-11.407,-3.725,-3.178,-4.272,5.561,-11.407
V56F,0.294,-3.053,-3.074,-3.032,4.122,-5.738,-3.053,-3.074,-3.032,4.122,-5.738
V56G,0.294,-3.577,-3.188,-3.966,5.684,-10.136,-3.577,-3.188,-3.966,5.684,-10.136
V56H,0.294,-3.735,-3.142,-4.328,5.143,-11.633,-3.735,-3.142,-4.328,5.143,-11.633
V56I,0.294,-2.756,-2.841,-2.672,1.533,-0.573,-2.756,-2.841,-2.672,1.533,-0.573
V56K,0.294,-3.839,-3.173,-4.505,5.455,-12.376,-3.839,-3.173,-4.505,5.455,-12.376
V56L,0.294,-2.609,-2.506,-2.713,-2.436,0.064,-2.609,-2.506,-2.713,-2.436,0.064
V56M,0.294,-2.895,-3.021,-2.769,3.644,-3.805,-2.895,-3.021,-2.769,3.644,-3.805
V56N,0.294,-3.780,-3.142,-4.419,5.101,-12.014,-3.780,-3.142,-4.419,5.101,-12.014
V56P,0.294,-3.164,-3.185,-3.142,5.666,-6.369,-3.164,-3.185,-3.142,5.666,-6.369
V56Q,0.294,-3.588,-3.149,-4.027,5.220,-10.390,-3.588,-3.149,-4.027,5.220,-10.390
V56R,0.294,-3.694,-3.186,-4.201,5.660,-11.109,-3.694,-3.186,-4.201,5.660,-11.109
V56S,0.294,-3.408,-3.140,-3.676,5.096,-8.907,-3.408,-3.140,-3.676,5.096,-8.907
V56T,0.294,-3.169,-3.112,-3.226,4.746,-6.809,-3.169,-3.112,-3.226,4.746,-6.809
V56W,0.294,-3.545,-3.178,-3.913,5.576,-9.914,-3.545,-3.178,-3.913,5.576,-9.914
V56Y,0.294,-3.730,-3.154,-4.306,5.253,-11.545,-3.730,-3.154,-4.306,5.253,-11.545
Q57A,0.286,-3.102,-3.197,-3.007,5.769,-5.590,-3.102,-3.197,-3.007,5.769,-5.590
Q57C,0.286,-3.290,-3.376,-3.203,7.992,-6.698,-3.290,-3.376,-3.203,7.992,-6.698
Q57D,0.286,-3.218,-3.298,-3.138,6.941,-6.356,-3.218,-3.298,-3.138,6.941,-6.356
Q57E,0.286,-2.969,-3.105,-2.833,4.602,-4.388,-2.969,-3.105,-2.833,4.602,-4.388
Q57F,0.286,-3.392,-3.368,-3.417,7.864,-7.741,-3.392,-3.368,-3.417,7.864,-7.741
Q57G,0.286,-3.134,-3.276,-2.993,6.608,-5.520,-3.134,-3.276,-2.993,6.608,-5.520
Q57H,0.286,-3.038,-3.367,-2.710,7.810,-3.130,-3.038,-3.367,-2.710,7.810,-3.130
Q57I,0.286,-3.452,-3.382,-3.521,8.065,-8.210,-3.452,-3.382,-3.521,8.065,-8.210
Q57K,0.286,-2.898,-2.971,-2.825,3.045,-4.315,-2.898,-2.971,-2.825,3.045,-4.315
Q57L,0.286,-3.144,-3.320,-2.969,7.321,-5.351,-3.144,-3.320,-2.969,7.321,-5.351
Q57M,0.286,-3.338,-3.336,-3.341,7.450,-7.381,-3.338,-3.336,-3.341,7.450,-7.381
Q57N,0.286,-3.206,-3.264,-3.147,6.640,-6.398,-3.206,-3.264,-3.147,6.640,-6.398
Q57P,0.286,-3.368,-3.356,-3.381,7.750,-7.575,-3.368,-3.356,-3.381,7.750,-7.575
Q57R,0.286,-2.943,-3.179,-2.707,5.466,-3.103,-2.943,-3.179,-2.707,5.466,-3.103
Q57S,0.286,-3.088,-3.190,-2.987,5.778,-5.462,-3.088,-3.190,-2.987,5.778,-5.462
Q57T,0.286,-3.337,-3.369,-3.305,7.900,-7.200,-3.337,-3.369,-3.305,7.900,-7.200
Q57V,0.286,-3.362,-3.395,-3.328,8.194,-7.318,-3.362,-3.395,-3.328,8.194,-7.318
Q57W,0.286,-3.328,-3.392,-3.264,8.188,-7.001,-3.328,-3.392,-3.264,8.188,-7.001
Q57Y,0.286,-3.318,-3.369,-3.266,7.899,-7.014,-3.318,-3.369,-3.266,7.899,-7.014
N58A,0.284,-2.802,-2.940,-2.663,2.639,-0.840,-2.802,-2.940,-2.663,2.639,-0.840
N58C,0.284,-2.907,-3.155,-2.660,5.185,-2.154,-2.907,-3.155,-2.660,5.185,-2.154
N58D,0.284,-2.758,-2.821,-2.695,1.097,-0.152,-2.758,-2.821,-2.695,1.097,-0.152
N58E,0.284,-2.778,-2.894,-2.663,2.096,-0.839,-2.778,-2.894,-2.663,2.096,-0.839
N58F,0.284,-2.984,-3.182,-2.787,5.477,-3.980,-2.984,-3.182,-2.787,5.477,-3.980
N58G,0.284,-2.753,-2.843,-2.663,1.467,-0.801,-2.753,-2.843,-2.663,1.467,-0.801
N58H,0.284,-2.870,-3.088,-2.652,4.350,-1.605,-2.870,-3.088,-2.652,4.350,-1.605
N58I,0.284,-3.082,-3.206,-2.958,5.805,-5.288,-3.082,-3.206,-2.958,5.805,-5.288
N58K,0.284,-2.940,-3.126,-2.754,4.894,-3.654,-2.940,-3.126,-2.754,4.894,-3.654
N58L,0.284,-2.978,-3.159,-2.798,5.193,-4.078,-2.978,-3.159,-2.798,5.193,-4.078
N58M,0.284,-3.001,-3.188,-2.814,5.587,-4.204,-3.001,-3.188,-2.814,5.587,-4.204
N58P,0.284,-3.191,-3.154,-3.228,5.173,-6.821,-3.191,-3.154,-3.228,5.173,-6.821
N58Q,0.284,-2.834,-3.015,-2.652,3.470,-1.303,-2.834,-3.015,-2.652,3.470,-1.303
N58R,0.284,-2.922,-3.157,-2.686,5.256,-2.750,-2.922,-3.157,-2.686,5.256,-2.750
N58S,0.284,-2.808,-2.727,-2.890,0.165,1.597,-2.808,-2.727,-2.890,0.165,1.597
N58T,0.284,-2.859,-3.065,-2.653,4.076,-1.413,-2.859,-3.065,-2.653,4.076,-1.413
N58V,0.284,-2.996,-3.168,-2.824,5.292,-4.309,-2.996,-3.168,-2.824,5.292,-4.309
N58W,0.284,-3.074,-3.144,-3.005,5.071,-5.575,-3.074,-3.144,-3.005,5.071,-5.575
N58Y,0.284,-2.964,-3.151,-2.776,5.141,-3.881,-2.964,-3.151,-2.776,5.141,-3.881
C59A,0.282,-3.285,-3.307,-3.263,6.875,-7.005,-3.285,-3.307,-3.263,6.875,-7.005
C59D,0.282,-3.888,-3.426,-4.351,8.551,-11.732,-3.888,-3.426,-4.351,8.551,-11.732
C59E,0.282,-3.923,-3.462,-4.383,9.011,-11.871,-3.923,-3.462,-4.383,9.011,-11.871
C59F,0.282,-3.366,-3.346,-3.385,7.465,-7.592,-3.366,-3.346,-3.385,7.465,-7.592
C59G,0.282,-3.546,-3.439,-3.652,8.713,-8.804,-3.546,-3.439,-3.652,8.713,-8.804
C59H,0.282,-3.418,-3.441,-3.394,8.731,-7.634,-3.418,-3.441,-3.394,8.731,-7.634
C59I,0.282,-3.530,-3.402,-3.659,8.211,-8.841,-3.530,-3.402,-3.659,8.211,-8.841
C59K,0.282,-3.941,-3.445,-4.437,8.780,-12.099,-3.941,-3.445,-4.437,8.780,-12.099
C59L,0.282,-3.357,-3.305,-3.409,6.970,-7.698,-3.357,-3.305,-3.409,6.970,-7.698
C59M,0.282,-3.724,-3.436,-4.013,8.653,-10.328,-3.724,-3.436,-4.013,8.653,-10.328
C59N,0.282,-3.434,-3.449,-3.418,8.836,-7.745,-3.434,-3.449,-3.418,8.836,-7.745
C59P,0.282,-3.899,-3.437,-4.360,8.674,-11.768,-3.899,-3.437,-4.360,8.674,-11.768
C59Q,0.282,-3.689,-3.439,-3.939,8.745,-10.018,-3.689,-3.439,-3.939,8.745,-10.018
C59R,0.282,-3.646,-3.423,-3.870,8.454,-9.736,-3.646,-3.423,-3.870,8.454,-9.736
C59S,0.282,-3.053,-3.228,-2.878,6.058,-4.724,-3.053,-3.228,-2.878,6.058,-4.724
C59T,0.282,-3.454,-3.456,-3.453,8.911,-7.909,-3.454,-3.456,-3.453,8.911,-7.909
C59V,0.282,-3.428,-3.448,-3.409,8.849,-7.706,-3.428,-3.448,-3.409,8.849,-7.706
C59W,0.282,-3.652,-3.423,-3.880,8.514,-9.774,-3.652,-3.423,-3.880,8.514,-9.774
C59Y,0.282,-2.994,-3.169,-2.819,5.392,-4.259,-2.994,-3.169,-2.819,5.392,-4.259
D60A,0.282,-3.202,-3.422,-2.983,8.509,-5.442,-3.202,-3.422,-2.983,8.509,-5.442
D60C,0.282,-3.287,-3.433,-3.141,8.701,-6.364,-3.287,-3.433,-3.141,8.701,-6.364
D60E,0.282,-2.928,-3.111,-2.744,4.634,-3.543,-2.928,-3.111,-2.744,4.634,-3.543
D60F,0.282,-3.498,-3.404,-3.593,8.317,-8.547,-3.498,-3.404,-3.593,8.317,-8.547
D60G,0.282,-2.946,-3.177,-2.715,5.496,-3.215,-2.946,-3.177,-2.715,5.496,-3.215
D60H,0.282,-3.134,-3.433,-2.835,8.678,-4.387,-3.134,-3.433,-2.835,8.678,-4.387
D60I,0.282,-3.557,-3.425,-3.689,8.542,-8.962,-3.557,-3.425,-3.689,8.542,-8.962
D60K,0.282,-3.262,-3.408,-3.115,8.336,-6.219,-3.262,-3.408,-3.115,8.336,-6.219
D60L,0.282,-3.427,-3.400,-3.454,8.246,-7.914,-3.427,-3.400,-3.454,8.246,-7.914
D60M,0.282,-3.585,-3.415,-3.755,8.435,-9.239,-3.585,-3.415,-3.755,8.435,-9.239
D60N,0.282,-2.998,-3.343,-2.653,7.445,-1.877,-2.998,-3.343,-2.653,7.445,-1.877
D60P,0.282,-3.580,-3.442,-3.717,8.808,-9.081,-3.580,-3.442,-3.717,8.808,-9.081
D60Q,0.282,-3.120,-3.269,-2.972,6.574,-5.373,-3.120,-3.269,-2.972,6.574,-5.373
D60R,0.282,-3.267,-3.376,-3.158,7.895,-6.445,-3.267,-3.376,-3.158,7.895,-6.445
D60S,0.282,-3.104,-3.390,-2.817,8.179,-4.234,-3.104,-3.390,-2.817,8.179,-4.234
D60T,0.282,-3.359,-3.382,-3.336,8.116,-7.355,-3.359,-3.382,-3.336,8.116,-7.355
D60V,0.282,-3.390,-3.403,-3.376,8.292,-7.547,-3.390,-3.403,-3.376,8.292,-7.547
D60W,0.282,-3.755,-3.427,-4.084,8.604,-10.639,-3.755,-3.427,-4.084,8.604,-10.639
D60Y,0.282,-3.358,-3.426,-3.290,8.560,-7.137,-3.358,-3.426,-3.290,8.560,-7.137
L61A,0.282,-3.537,-3.462,-3.612,8.979,-8.619,-3.537,-3.462,-3.612,8.979,-8.619
L61C,0.282,-3.793,-3.480,-4.106,9.218,-10.714,-3.793,-3.480,-4.106,9.218,-10.714
L61D,0.282,-4.117,-3.461,-4.773,8.982,-13.516,-4.117,-3.461,-4.773,8.982,-13.516
L61E,0.282,-3.942,-3.457,-4.427,8.894,-12.040,-3.942,-3.457,-4.427,8.894,-12.040
L61F,0.282,-3.228,-3.320,-3.137,7.166,-6.348,-3.228,-3.320,-3.137,7.166,-6.348
L61G,0.282,-3.862,-3.467,-4.257,9.052,-11.345,-3.862,-3.467,-4.257,9.052,-11.345
L61H,0.282,-3.885,-3.443,-4.327,8.761,-11.624,-3.885,-3.443,-4.327,8.761,-11.624
L61I,0.282,-3.004,-3.181,-2.826,5.376,-4.320,-3.004,-3.181,-2.826,5.376,-4.320
L61K,0.282,-3.930,-3.449,-4.411,8.871,-11.981,-3.930,-3.449,-4.411,8.871,-11.981
L61M,0.282,-3.110,-3.335,-2.885,7.356,-4.766,-3.110,-3.335,-2.885,7.356,-4.766
L61N,0.282,-4.018,-3.448,-4.588,8.855,-12.724,-4.018,-3.448,-4.588,8.855,-12.724
L61P,0.282,-3.630,-3.445,-3.814,8.808,-9.502,-3.630,-3.445,-3.814,8.808,-9.502
L61Q,0.282,-3.664,-3.461,-3.868,8.992,-9.721,-3.664,-3.461,-3.868,8.992,-9.721
L61R,0.282,-3.786,-3.460,-4.112,8.994,-10.741,-3.786,-3.460,-4.112,8.994,-10.741
L61S,0.282,-3.729,-3.465,-3.993,9.059,-10.254,-3.729,-3.465,-3.993,9.059,-10.254
L61T,0.282,-3.636,-3.446,-3.826,8.782,-9.553,-3.636,-3.446,-3.826,8.782,-9.553
L61V,0.282,-2.994,-3.157,-2.832,5.106,-4.369,-2.994,-3.157,-2.832,5.106,-4.369
L61W,0.282,-3.732,-3.449,-4.015,8.866,-10.343,-3.732,-3.449,-4.015,8.866,-10.343
L61Y,0.282,-4.010,-3.454,-4.566,8.884,-12.634,-4.010,-3.454,-4.566,8.884,-12.634
D62A,0.280,-2.692,-2.717,-2.668,0.151,-0.742,-2.692,-2.717,-2.668,0.151,-0.742
D62C,0.280,-2.862,-2.944,-2.781,2.734,-3.909,-2.862,-2.944,-2.781,2.734,-3.909
D62E,0.280,-2.682,-2.693,-2.672,-0.133,-0.569,-2.682,-2.693,-2.672,-0.133,-0.569
D62F,0.280,-2.938,-2.988,-2.888,3.228,-4.800,-2.938,-2.988,-2.888,3.228,-4.800
D62G,0.280,-2.819,-2.708,-2.930,-0.068,1.854,-2.819,-2.708,-2.930,-0.068,1.854
D62H,0.280,-2.846,-3.014,-2.677,3.527,-2.608,-2.846,-3.014,-2.677,3.527,-2.608
D62I,0.280,-2.896,-2.868,-2.925,1.880,-5.059,-2.896,-2.868,-2.925,1.880,-5.059
D62K,0.280,-2.888,-2.947,-2.829,2.829,-4.346,-2.888,-2.947,-2.829,2.829,-4.346
D62L,0.280,-2.768,-2.828,-2.707,1.341,-3.092,-2.768,-2.828,-2.707,1.341,-3.092
D62M,0.280,-2.980,-3.005,-2.956,3.449,-5.258,-2.980,-3.005,-2.956,3.449,-5.258
D62N,0.280,-2.820,-2.978,-2.662,3.062,-2.182,-2.820,-2.978,-2.662,3.062,-2.182
D62P,0.280,-2.619,-2.569,-2.669,-1.744,-0.659,-2.619,-2.569,-2.669,-1.744,-0.659
D62Q,0.280,-2.750,-2.848,-2.652,1.611,-1.801,-2.750,-2.848,-2.652,1.611,-1.801
D62R,0.280,-2.871,-3.006,-2.736,3.502,-3.425,-2.871,-3.006,-2.736,3.502,-3.425
D62S,0.280,-2.772,-2.869,-2.675,1.896,-0.519,-2.772,-2.869,-2.675,1.896,-0.519
D62T,0.280,-2.786,-2.909,-2.664,2.361,-2.258,-2.786,-2.909,-2.664,2.361,-2.258
D62V,0.280,-2.826,-2.952,-2.699,2.842,-2.984,-2.826,-2.952,-2.699,2.842,-2.984
D62W,0.280,-3.093,-3.028,-3.158,3.715,-6.442,-3.093,-3.028,-3.158,3.715,-6.442
D62Y,0.280,-2.980,-3.016,-2.943,3.554,-5.191,-2.980,-3.016,-2.943,3.554,-5.191
Q63A,0.282,-3.321,-3.252,-3.390,6.315,-7.619,-3.321,-3.252,-3.390,6.315,-7.619
Q63C,0.282,-3.419,-3.332,-3.506,7.359,-8.147,-3.419,-3.332,-3.506,7.359,-8.147
Q63D,0.282,-3.250,-3.106,-3.395,4.583,-7.639,-3.250,-3.106,-3.395,4.583,-7.639
Q63E,0.282,-2.888,-2.867,-2.909,1.746,-4.933,-2.888,-2.867,-2.909,1.746,-4.933
Q63F,0.282,-3.607,-3.302,-3.912,7.001,-9.911,-3.607,-3.302,-3.912,7.001,-9.911
Q63G,0.282,-3.316,-3.343,-3.289,7.517,-7.128,-3.316,-3.343,-3.289,7.517,-7.128
Q63H,0.282,-2.930,-3.073,-2.788,4.214,-3.984,-2.930,-3.073,-2.788,4.214,-3.984
Q63I,0.282,-3.631,-3.345,-3.917,7.527,-9.936,-3.631,-3.345,-3.917,7.527,-9.936
Q63K,0.282,-3.082,-3.293,-2.872,6.847,-4.683,-3.082,-3.293,-2.872,6.847,-4.683
Q63L,0.282,-3.297,-3.356,-3.238,7.681,-6.874,-3.297,-3.356,-3.238,7.681,-6.874
Q63M,0.282,-3.453,-3.317,-3.589,7.096,-8.519,-3.453,-3.317,-3.589,7.096,-8.519
Q63N,0.282,-3.114,-3.100,-3.127,4.447,-6.286,-3.114,-3.100,-3.127,4.447,-6.286
Q63P,0.282,-3.294,-3.300,-3.289,6.929,-7.129,-3.294,-3.300,-3.289,6.929,-7.129
Q63R,0.282,-3.114,-3.335,-2.892,7.396,-4.821,-3.114,-3.335,-2.892,7.396,-4.821
Q63S,0.282,-3.200,-3.197,-3.204,5.680,-6.693,-3.200,-3.197,-3.204,5.680,-6.693
Q63T,0.282,-3.337,-3.204,-3.470,5.788,-7.988,-3.337,-3.204,-3.470,5.788,-7.988
Q63V,0.282,-3.528,-3.366,-3.690,7.758,-8.963,-3.528,-3.366,-3.690,7.758,-8.963
Q63W,0.282,-3.675,-3.331,-4.020,7.324,-10.356,-3.675,-3.331,-4.020,7.324,-10.356
Q63Y,0.282,-3.474,-3.353,-3.594,7.598,-8.542,-3.474,-3.353,-3.594,7.598,-8.542
Q64A,0.282,-3.622,-3.447,-3.797,8.851,-9.427,-3.622,-3.447,-3.797,8.851,-9.427
Q64C,0.282,-3.638,-3.368,-3.907,7.905,-9.885,-3.638,-3.368,-3.907,7.905,-9.885
Q64D,0.282,-3.590,-3.433,-3.747,8.677,-9.204,-3.590,-3.433,-3.747,8.677,-9.204
Q64E,0.282,-3.325,-3.413,-3.237,8.356,-6.862,-3.325,-3.413,-3.237,8.356,-6.862
Q64F,0.282,-3.686,-3.368,-4.005,7.846,-10.301,-3.686,-3.368,-4.005,7.846,-10.301
Q64G,0.282,-3.366,-3.363,-3.368,7.789,-7.511,-3.366,-3.363,-3.368,7.789,-7.511
Q64H,0.282,-3.104,-3.232,-2.976,6.017,-5.409,-3.104,-3.232,-2.976,6.017,-5.409
Q64I,0.282,-4.010,-3.465,-4.555,9.051,-12.589,-4.010,-3.465,-4.555,9.051,-12.589
Q64K,0.282,-3.356,-3.286,-3.426,6.936,-7.785,-3.356,-3.286,-3.426,6.936,-7.785
Q64L,0.282,-3.312,-3.415,-3.209,8.459,-6.728,-3.312,-3.415,-3.209,8.459,-6.728
Q64M,0.282,-3.560,-3.425,-3.696,8.546,-8.997,-3.560,-3.425,-3.696,8.546,-8.997
Q64N,0.282,-3.290,-3.184,-3.395,5.513,-7.635,-3.290,-3.184,-3.395,5.513,-7.635
Q64P,0.282,-3.677,-3.426,-3.928,8.557,-9.974,-3.677,-3.426,-3.928,8.557,-9.974
Q64R,0.282,-3.287,-3.238,-3.336,6.246,-7.366,-3.287,-3.238,-3.336,6.246,-7.366
Q64S,0.282,-3.493,-3.416,-3.570,8.423,-8.443,-3.493,-3.416,-3.570,8.423,-8.443
Q64T,0.282,-3.708,-3.360,-4.056,7.804,-10.514,-3.708,-3.360,-4.056,7.804,-10.514
Q64V,0.282,-3.897,-3.437,-4.357,8.685,-11.759,-3.897,-3.437,-4.357,8.685,-11.759
Q64W,0.282,-3.816,-3.440,-4.192,8.770,-11.079,-3.816,-3.440,-4.192,8.770,-11.079
Q64Y,0.282,-3.522,-3.309,-3.734,7.112,-9.153,-3.522,-3.309,-3.734,7.112,-9.153
S65A,0.282,-3.222,-3.498,-2.946,9.504,-5.203,-3.222,-3.498,-2.946,9.504,-5.203
S65C,0.282,-3.198,-3.481,-2.915,9.285,-4.996,-3.198,-3.481,-2.915,9.285,-4.996
S65D,0.282,-3.354,-3.456,-3.251,8.897,-6.941,-3.354,-3.456,-3.251,8.897,-6.941
S65E,0.282,-3.780,-3.492,-4.067,9.403,-10.562,-3.780,-3.492,-4.067,9.403,-10.562
S65F,0.282,-3.546,-3.468,-3.624,9.117,-8.680,-3.546,-3.468,-3.624,9.117,-8.680
S65G,0.282,-3.334,-3.507,-3.161,9.598,-6.470,-3.334,-3.507,-3.161,9.598,-6.470
S65H,0.282,-3.420,-3.490,-3.351,9.434,-7.432,-3.420,-3.490,-3.351,9.434,-7.432
S65I,0.282,-3.639,-3.454,-3.824,9.021,-9.546,-3.639,-3.454,-3.824,9.021,-9.546
S65K,0.282,-3.692,-3.474,-3.911,9.241,-9.909,-3.692,-3.474,-3.911,9.241,-9.909
S65L,0.282,-3.540,-3.502,-3.578,9.504,-8.474,-3.540,-3.502,-3.578,9.504,-8.474
S65M,0.282,-3.670,-3.488,-3.851,9.398,-9.654,-3.670,-3.488,-3.851,9.398,-9.654
S65N,0.282,-3.212,-3.469,-2.954,9.181,-5.253,-3.212,-3.469,-2.954,9.181,-5.253
S65P,0.282,-3.786,-3.474,-4.099,9.154,-10.682,-3.786,-3.474,-4.099,9.154,-10.682
S65Q,0.282,-3.624,-3.490,-3.758,9.439,-9.257,-3.624,-3.490,-3.758,9.439,-9.257
S65R,0.282,-3.602,-3.497,-3.707,9.520,-9.042,-3.602,-3.497,-3.707,9.520,-9.042
S65T,0.282,-3.076,-3.113,-3.038,4.624,-5.780,-3.076,-3.113,-3.038,4.624,-5.780
S65V,0.282,-3.550,-3.500,-3.599,9.495,-8.559,-3.550,-3.500,-3.599,9.495,-8.559
S65W,0.282,-3.961,-3.476,-4.446,9.259,-12.134,-3.961,-3.476,-4.446,9.259,-12.134
S65Y,0.282,-3.554,-3.490,-3.617,9.406,-8.644,-3.554,-3.490,-3.617,9.406,-8.644
I66A,0.280,-3.156,-3.307,-3.006,7.062,-5.601,-3.156,-3.307,-3.006,7.062,-5.601
I66C,0.280,-3.382,-3.239,-3.524,6.227,-8.233,-3.382,-3.239,-3.524,6.227,-8.233
I66D,0.280,-3.609,-3.282,-3.935,6.786,-10.009,-3.609,-3.282,-3.935,6.786,-10.009
I66E,0.280,-3.564,-3.289,-3.838,6.879,-9.595,-3.564,-3.289,-3.838,6.879,-9.595
I66F,0.280,-3.214,-3.249,-3.178,6.279,-6.566,-3.214,-3.249,-3.178,6.279,-6.566
I66G,0.280,-3.530,-3.312,-3.748,7.120,-9.214,-3.530,-3.312,-3.748,7.120,-9.214
I66H,0.280,-3.602,-3.284,-3.920,6.802,-9.944,-3.602,-3.284,-3.920,6.802,-9.944
I66K,0.280,-3.516,-3.302,-3.731,7.022,-9.151,-3.516,-3.302,-3.731,7.022,-9.151
I66L,0.280,-3.010,-3.203,-2.816,5.883,-4.246,-3.010,-3.203,-2.816,5.883,-4.246
I66M,0.280,-2.969,-3.122,-2.816,4.872,-4.226,-2.969,-3.122,-2.816,4.872,-4.226
I66N,0.280,-3.339,-3.285,-3.393,6.789,-7.632,-3.339,-3.285,-3.393,6.789,-7.632
I66P,0.280,-3.522,-3.306,-3.738,7.095,-9.174,-3.522,-3.306,-3.738,7.095,-9.174
I66Q,0.280,-3.468,-3.298,-3.638,7.006,-8.738,-3.468,-3.298,-3.638,7.006,-8.738
I66R,0.280,-3.537,-3.296,-3.779,6.911,-9.342,-3.537,-3.296,-3.779,6.911,-9.342
I66S,0.280,-3.137,-3.290,-2.984,6.817,-5.450,-3.137,-3.290,-2.984,6.817,-5.450
I66T,0.280,-2.714,-2.768,-2.660,0.576,-2.115,-2.714,-2.768,-2.660,0.576,-2.115
I66V,0.280,-2.812,-2.972,-2.652,2.937,-1.591,-2.812,-2.972,-2.652,2.937,-1.591
I66W,0.280,-3.754,-3.299,-4.209,7.019,-11.153,-3.754,-3.299,-4.209,7.019,-11.153
I66Y,0.280,-3.547,-3.194,-3.900,5.676,-9.861,-3.547,-3.194,-3.900,5.676,-9.861
V67A,0.280,-3.298,-3.481,-3.115,9.237,-6.216,-3.298,-3.481,-3.115,9.237,-6.216
V67C,0.280,-3.732,-3.487,-3.977,9.323,-10.182,-3.732,-3.487,-3.977,9.323,-10.182
V67D,0.280,-4.174,-3.449,-4.900,8.886,-14.076,-4.174,-3.449,-4.900,8.886,-14.076
V67E,0.280,-4.114,-3.483,-4.745,9.307,-13.400,-4.114,-3.483,-4.745,9.307,-13.400
V67F,0.280,-3.373,-3.466,-3.280,9.078,-7.081,-3.373,-3.466,-3.280,9.078,-7.081
V67G,0.280,-3.887,-3.468,-4.306,9.127,-11.546,-3.887,-3.468,-4.306,9.127,-11.546
V67H,0.280,-4.170,-3.461,-4.879,9.043,-13.984,-4.170,-3.461,-4.879,9.043,-13.984
V67I,0.280,-2.880,-3.107,-2.652,4.599,-1.352,-2.880,-3.107,-2.652,4.599,-1.352
V67K,0.280,-4.248,-3.464,-5.031,9.032,-14.671,-4.248,-3.464,-5.031,9.032,-14.671
V67L,0.280,-2.890,-3.116,-2.664,4.769,-2.274,-2.890,-3.116,-2.664,4.769,-2.274
V67M,0.280,-3.221,-3.479,-2.962,9.299,-5.320,-3.221,-3.479,-2.962,9.299,-5.320
V67N,0.280,-4.096,-3.487,-4.705,9.330,-13.221,-4.096,-3.487,-4.705,9.330,-13.221
V67P,0.280,-3.829,-3.481,-4.177,9.228,-11.010,-3.829,-3.481,-4.177,9.228,-11.010
V67Q,0.280,-4.052,-3.460,-4.644,8.972,-12.959,-4.052,-3.460,-4.644,8.972,-12.959
V67R,0.280,-4.202,-3.459,-4.946,9.010,-14.282,-4.202,-3.459,-4.946,9.010,-14.282
V67S,0.280,-3.790,-3.473,-4.107,9.174,-10.722,-3.790,-3.473,-4.107,9.174,-10.722
V67T,0.280,-3.475,-3.476,-3.474,9.201,-8.012,-3.475,-3.476,-3.474,9.201,-8.012
V67W,0.280,-4.205,-3.483,-4.927,9.328,-14.201,-4.205,-3.483,-4.927,9.328,-14.201
V67Y,0.280,-4.086,-3.473,-4.699,9.149,-13.196,-4.086,-3.473,-4.699,9.149,-13.196
H68A,0.280,-4.072,-3.519,-4.625,9.774,-12.878,-4.072,-3.519,-4.625,9.774,-12.878
H68C,0.280,-3.821,-3.518,-4.124,9.747,-10.793,-3.821,-3.518,-4.124,9.747,-10.793
H68D,0.280,-3.922,-3.443,-4.400,8.745,-11.941,-3.922,-3.443,-4.400,8.745,-11.941
H68E,0.280,-4.093,-3.506,-4.681,9.618,-13.124,-4.093,-3.506,-4.681,9.618,-13.124
H68F,0.280,-3.589,-3.289,-3.889,6.890,-9.814,-3.589,-3.289,-3.889,6.890,-9.814
H68G,0.280,-4.074,-3.512,-4.635,9.665,-12.925,-4.074,-3.512,-4.635,9.665,-12.925
H68I,0.280,-4.051,-3.528,-4.574,9.847,-12.671,-4.051,-3.528,-4.574,9.847,-12.671
H68K,0.280,-4.098,-3.532,-4.664,9.922,-13.047,-4.098,-3.532,-4.664,9.922,-13.047
H68L,0.280,-3.670,-3.484,-3.856,9.309,-9.672,-3.670,-3.484,-3.856,9.309,-9.672
H68M,0.280,-4.020,-3.520,-4.521,9.801,-12.441,-4.020,-3.520,-4.521,9.801,-12.441
H68N,0.280,-3.445,-3.354,-3.536,7.672,-8.282,-3.445,-3.354,-3.536,7.672,-8.282
H68P,0.280,-4.069,-3.495,-4.643,9.473,-12.958,-4.069,-3.495,-4.643,9.473,-12.958
H68Q,0.280,-3.294,-3.521,-3.067,9.777,-5.954,-3.294,-3.521,-3.067,9.777,-5.954
H68R,0.280,-3.796,-3.527,-4.065,9.864,-10.554,-3.796,-3.527,-4.065,9.864,-10.554
H68S,0.280,-3.781,-3.509,-4.053,9.646,-10.505,-3.781,-3.509,-4.053,9.646,-10.505
H68T,0.280,-4.027,-3.500,-4.553,9.488,-12.567,-4.027,-3.500,-4.553,9.488,-12.567
H68V,0.280,-3.866,-3.489,-4.243,9.342,-11.286,-3.866,-3.489,-4.243,9.342,-11.286
H68W,0.280,-4.155,-3.511,-4.798,9.681,-13.627,-4.155,-3.511,-4.798,9.681,-13.627
H68Y,0.280,-3.422,-3.505,-3.338,9.571,-7.359,-3.422,-3.505,-3.338,9.571,-7.359
I69A,0.280,-2.742,-2.820,-2.665,1.200,-0.765,-2.742,-2.820,-2.665,1.200,-0.765
I69C,0.280,-3.119,-3.176,-3.062,5.412,-5.919,-3.119,-3.176,-3.062,5.412,-5.919
I69D,0.280,-3.754,-3.180,-4.327,5.541,-11.640,-3.754,-3.180,-4.327,5.541,-11.640
I69E,0.280,-3.566,-3.179,-3.954,5.546,-10.090,-3.566,-3.179,-3.954,5.546,-10.090
I69F,0.280,-3.036,-3.182,-2.891,5.529,-4.810,-3.036,-3.182,-2.891,5.529,-4.810
I69G,0.280,-3.268,-3.183,-3.353,5.584,-7.434,-3.268,-3.183,-3.353,5.584,-7.434
I69H,0.280,-3.588,-3.185,-3.991,5.622,-10.242,-3.588,-3.185,-3.991,5.622,-10.242
I69K,0.280,-3.742,-3.215,-4.268,5.912,-11.388,-3.742,-3.215,-4.268,5.912,-11.388
I69L,0.280,-2.934,-3.138,-2.730,4.969,0.275,-2.934,-3.138,-2.730,4.969,0.275
I69M,0.280,-2.840,-3.028,-2.653,3.702,-1.802,-2.840,-3.028,-2.653,3.702,-1.802
I69N,0.280,-3.704,-3.192,-4.215,5.675,-11.169,-3.704,-3.192,-4.215,5.675,-11.169
I69P,0.280,-3.400,-3.199,-3.602,5.777,-8.583,-3.400,-3.199,-3.602,5.777,-8.583
I69Q,0.280,-3.447,-3.196,-3.697,5.703,-8.993,-3.447,-3.196,-3.697,5.703,-8.993
I69R,0.280,-3.616,-3.196,-4.036,5.712,-10.427,-3.616,-3.196,-4.036,5.712,-10.427
I69S,0.280,-3.253,-3.176,-3.330,5.489,-7.332,-3.253,-3.176,-3.330,5.489,-7.332
I69T,0.280,-3.014,-3.160,-2.868,5.162,-4.659,-3.014,-3.160,-2.868,5.162,-4.659
I69V,0.280,-2.822,-2.591,-3.053,-1.418,2.530,-2.822,-2.591,-3.053,-1.418,2.530
I69W,0.280,-3.612,-3.193,-4.031,5.713,-10.406,-3.612,-3.193,-4.031,5.713,-10.406
I69Y,0.280,-3.478,-3.165,-3.792,5.397,-9.401,-3.478,-3.165,-3.792,5.397,-9.401
V70A,0.280,-3.252,-3.368,-3.137,7.865,-6.335,-3.252,-3.368,-3.137,7.865,-6.335
V70C,0.280,-3.708,-3.453,-3.962,8.923,-10.120,-3.708,-3.453,-3.962,8.923,-10.120
V70D,0.280,-4.026,-3.468,-4.584,9.099,-12.711,-4.026,-3.468,-4.584,9.099,-12.711
V70E,0.280,-3.828,-3.438,-4.219,8.774,-11.188,-3.828,-3.438,-4.219,8.774,-11.188
V70F,0.280,-3.450,-3.299,-3.600,6.944,-8.568,-3.450,-3.299,-3.600,6.944,-8.568
V70G,0.280,-3.714,-3.438,-3.991,8.720,-10.244,-3.714,-3.438,-3.991,8.720,-10.244
V70H,0.280,-3.890,-3.485,-4.294,9.302,-11.496,-3.890,-3.485,-4.294,9.302,-11.496
V70I,0.280,-2.944,-3.137,-2.751,5.000,-3.638,-2.944,-3.137,-2.751,5.000,-3.638
V70K,0.280,-3.854,-3.459,-4.249,9.033,-11.316,-3.854,-3.459,-4.249,9.033,-11.316
V70L,0.280,-3.108,-3.287,-2.929,6.886,-5.098,-3.108,-3.287,-2.929,6.886,-5.098
V70M,0.280,-3.276,-3.482,-3.069,9.309,-5.964,-3.276,-3.482,-3.069,9.309,-5.964
V70N,0.280,-3.836,-3.457,-4.214,8.962,-11.170,-3.836,-3.457,-4.214,8.962,-11.170
V70P,0.280,-3.875,-3.471,-4.279,9.129,-11.434,-3.875,-3.471,-4.279,9.129,-11.434
V70Q,0.280,-3.663,-3.468,-3.858,9.100,-9.681,-3.663,-3.468,-3.858,9.100,-9.681
V70R,0.280,-3.788,-3.474,-4.102,9.178,-10.697,-3.788,-3.474,-4.102,9.178,-10.697
V70S,0.280,-3.592,-3.460,-3.723,8.993,-9.101,-3.592,-3.460,-3.723,8.993,-9.101
V70T,0.280,-3.327,-3.357,-3.297,7.791,-7.165,-3.327,-3.357,-3.297,7.791,-7.165
V70W,0.280,-3.978,-3.443,-4.513,8.794,-12.416,-3.978,-3.443,-4.513,8.794,-12.416
V70Y,0.280,-3.882,-3.445,-4.319,8.822,-11.601,-3.882,-3.445,-4.319,8.822,-11.601
Q71A,0.282,-3.076,-3.217,-2.934,6.010,-5.119,-3.076,-3.217,-2.934,6.010,-5.119
Q71C,0.282,-3.010,-3.093,-2.926,4.504,-5.059,-3.010,-3.093,-2.926,4.504,-5.059
Q71D,0.282,-3.341,-3.158,-3.524,5.268,-8.237,-3.341,-3.158,-3.524,5.268,-8.237
Q71E,0.282,-3.096,-3.187,-3.004,5.655,-5.568,-3.096,-3.187,-3.004,5.655,-5.568
Q71F,0.282,-3.010,-3.135,-2.884,4.935,-4.776,-3.010,-3.135,-2.884,4.935,-4.776
Q71G,0.282,-3.169,-3.220,-3.118,5.962,-6.245,-3.169,-3.220,-3.118,5.962,-6.245
Q71H,0.282,-2.890,-3.072,-2.707,4.187,-3.086,-2.890,-3.072,-2.707,4.187,-3.086
Q71I,0.282,-2.930,-3.121,-2.738,4.745,-3.466,-2.930,-3.121,-2.738,4.745,-3.466
Q71K,0.282,-2.944,-2.966,-2.923,2.938,-5.047,-2.944,-2.966,-2.923,2.938,-5.047
Q71L,0.282,-2.720,-2.709,-2.731,-0.065,0.284,-2.720,-2.709,-2.731,-0.065,0.284
Q71M,0.282,-2.953,-3.200,-2.706,5.746,-3.073,-2.953,-3.200,-2.706,5.746,-3.073
Q71N,0.282,-3.186,-3.194,-3.179,5.755,-6.566,-3.186,-3.194,-3.179,5.755,-6.566
Q71P,0.282,-2.950,-3.053,-2.847,3.959,-4.489,-2.950,-3.053,-2.847,3.959,-4.489
Q71R,0.282,-2.761,-2.865,-2.657,1.761,-2.085,-2.761,-2.865,-2.657,1.761,-2.085
Q71S,0.282,-2.983,-3.096,-2.870,4.458,-4.649,-2.983,-3.096,-2.870,4.458,-4.649
Q71T,0.282,-3.053,-3.209,-2.897,5.834,-4.868,-3.053,-3.209,-2.897,5.834,-4.868
Q71V,0.282,-2.843,-3.003,-2.683,3.407,-2.696,-2.843,-3.003,-2.683,3.407,-2.696
Q71W,0.282,-3.090,-3.223,-2.956,6.060,-5.261,-3.090,-3.223,-2.956,6.060,-5.261
Q71Y,0.282,-3.103,-3.187,-3.019,5.547,-5.660,-3.103,-3.187,-3.019,5.547,-5.660
R72A,0.280,-2.871,-2.994,-2.748,3.282,-3.585,-2.871,-2.994,-2.748,3.282,-3.585
R72C,0.280,-2.932,-2.959,-2.906,2.892,-4.924,-2.932,-2.959,-2.906,2.892,-4.924
R72D,0.280,-3.311,-3.145,-3.477,5.084,-8.026,-3.311,-3.145,-3.477,5.084,-8.026
R72E,0.280,-3.217,-3.177,-3.257,5.465,-6.969,-3.217,-3.177,-3.257,5.465,-6.969
R72F,0.280,-3.214,-3.171,-3.257,5.393,-6.968,-3.214,-3.171,-3.257,5.393,-6.968
R72G,0.280,-2.906,-2.989,-2.823,3.028,-4.289,-2.906,-2.989,-2.823,3.028,-4.289
R72H,0.280,-2.928,-3.009,-2.848,3.358,-4.486,-2.928,-3.009,-2.848,3.358,-4.486
R72I,0.280,-3.017,-3.008,-3.026,3.458,-5.710,-3.017,-3.008,-3.026,3.458,-5.710
R72K,0.280,-2.852,-3.022,-2.683,3.582,-2.694,-2.852,-3.022,-2.683,3.582,-2.694
R72L,0.280,-2.920,-3.021,-2.818,3.653,-4.255,-2.920,-3.021,-2.818,3.653,-4.255
R72M,0.280,-3.054,-3.125,-2.984,4.903,-5.446,-3.054,-3.125,-2.984,4.903,-5.446
R72N,0.280,-2.941,-2.919,-2.963,2.416,-5.312,-2.941,-2.919,-2.963,2.416,-5.312
R72P,0.280,-2.786,-2.781,-2.792,0.712,-4.014,-2.786,-2.781,-2.792,0.712,-4.014
R72Q,0.280,-2.899,-3.084,-2.715,4.192,-3.191,-2.899,-3.084,-2.715,4.192,-3.191
R72S,0.280,-2.777,-2.821,-2.732,1.264,-3.386,-2.777,-2.821,-2.732,1.264,-3.386
R72T,0.280,-2.923,-3.003,-2.843,3.476,-4.447,-2.923,-3.003,-2.843,3.476,-4.447
R72V,0.280,-2.938,-2.997,-2.878,3.255,-4.724,-2.938,-2.997,-2.878,3.255,-4.724
R72W,0.280,-3.074,-3.017,-3.131,3.473,-6.302,-3.074,-3.017,-3.131,3.473,-6.302
R72Y,0.280,-3.165,-3.105,-3.224,4.799,-6.796,-3.165,-3.105,-3.224,4.799,-6.796
P73A,0.280,-2.840,-2.985,-2.696,3.235,-2.922,-2.840,-2.985,-2.696,3.235,-2.922
P73C,0.280,-3.210,-3.205,-3.216,5.818,-6.763,-3.210,-3.205,-3.216,5.818,-6.763
P73D,0.280,-3.213,-3.204,-3.222,5.881,-6.790,-3.213,-3.204,-3.222,5.881,-6.790
P73E,0.280,-3.128,-3.163,-3.093,5.378,-6.092,-3.128,-3.163,-3.093,5.378,-6.092
P73F,0.280,-3.230,-3.237,-3.224,6.214,-6.802,-3.230,-3.237,-3.224,6.214,-6.802
P73G,0.280,-2.994,-3.092,-2.897,4.298,-4.863,-2.994,-3.092,-2.897,4.298,-4.863
P73H,0.280,-2.983,-3.054,-2.912,3.945,-4.955,-2.983,-3.054,-2.912,3.945,-4.955
P73I,0.280,-2.979,-2.982,-2.975,3.272,-5.386,-2.979,-2.982,-2.975,3.272,-5.386
P73K,0.280,-3.011,-3.000,-3.022,3.301,-5.676,-3.011,-3.000,-3.022,3.301,-5.676
P73L,0.280,-2.910,-3.073,-2.746,4.145,-3.563,-2.910,-3.073,-2.746,4.145,-3.563
P73M,0.280,-3.113,-3.219,-3.007,6.048,-5.593,-3.113,-3.219,-3.007,6.048,-5.593
P73N,0.280,-3.088,-3.197,-2.978,5.736,-5.419,-3.088,-3.197,-2.978,5.736,-5.419
P73Q,0.280,-2.872,-3.038,-2.707,3.786,-3.087,-2.872,-3.038,-2.707,3.786,-3.087
P73R,0.280,-2.888,-2.911,-2.865,2.321,-4.612,-2.888,-2.911,-2.865,2.321,-4.612
P73S,0.280,-2.764,-2.829,-2.698,1.303,-2.961,-2.764,-2.829,-2.698,1.303,-2.961
P73T,0.280,-2.843,-2.937,-2.748,2.646,-3.578,-2.843,-2.937,-2.748,2.646,-3.578
P73V,0.280,-2.938,-3.061,-2.814,4.113,-4.217,-2.938,-3.061,-2.814,4.113,-4.217
P73W,0.280,-3.326,-3.201,-3.450,5.794,-7.892,-3.326,-3.201,-3.450,5.794,-7.892
P73Y,0.280,-3.302,-3.200,-3.404,5.806,-7.678,-3.302,-3.200,-3.404,5.806,-7.678
W74A,0.280,-2.867,-2.663,-3.071,-0.659,2.624,-2.867,-2.663,-3.071,-0.659,2.624
W74C,0.280,-2.792,-2.822,-2.763,1.257,0.624,-2.792,-2.822,-2.763,1.257,0.624
W74D,0.280,-2.764,-2.773,-2.754,0.626,0.540,-2.764,-2.773,-2.754,0.626,0.540
W74E,0.280,-2.866,-2.832,-2.900,1.404,1.670,-2.866,-2.832,-2.900,1.404,1.670
W74F,0.280,-2.782,-2.894,-2.669,2.128,-0.680,-2.782,-2.894,-2.669,2.128,-0.680
W74G,0.280,-2.851,-2.702,-3.000,-0.149,2.252,-2.851,-2.702,-3.000,-0.149,2.252
W74H,0.280,-2.802,-2.732,-2.873,0.267,1.481,-2.802,-2.732,-2.873,0.267,1.481
W74I,0.280,-2.766,-2.814,-2.719,1.210,0.157,-2.766,-2.814,-2.719,1.210,0.157
W74K,0.280,-2.703,-2.586,-2.820,-1.471,1.104,-2.703,-2.586,-2.820,-1.471,1.104
W74L,0.280,-2.844,-2.778,-2.910,0.800,1.741,-2.844,-2.778,-2.910,0.800,1.741
W74M,0.280,-2.798,-2.909,-2.687,2.317,-0.295,-2.798,-2.909,-2.687,2.317,-0.295
W74N,0.280,-2.774,-2.778,-2.770,0.757,0.699,-2.774,-2.778,-2.770,0.757,0.699
W74P,0.280,-2.844,-2.581,-3.107,-1.607,2.798,-2.844,-2.581,-3.107,-1.607,2.798
W74Q,0.280,-2.832,-2.509,-3.154,-2.404,3.021,-2.832,-2.509,-3.154,-2.404,3.021
W74R,0.280,-2.796,-2.604,-2.987,-1.247,2.188,-2.796,-2.604,-2.987,-1.247,2.188
W74S,0.280,-2.756,-2.490,-3.022,-2.668,2.376,-2.756,-2.490,-3.022,-2.668,2.376
W74T,0.280,-2.792,-2.717,-2.866,0.033,1.440,-2.792,-2.717,-2.866,0.033,1.440
W74V,0.280,-2.851,-2.798,-2.904,0.990,1.694,-2.851,-2.798,-2.904,0.990,1.694
W74Y,0.280,-2.760,-2.850,-2.671,1.604,-0.610,-2.760,-2.850,-2.671,1.604,-0.610
R75A,0.280,-2.836,-2.974,-2.698,3.085,-0.137,-2.836,-2.974,-2.698,3.085,-0.137
R75C,0.280,-2.891,-3.091,-2.690,4.479,-2.839,-2.891,-3.091,-2.690,4.479,-2.839
R75D,0.280,-2.764,-2.877,-2.652,1.963,-1.561,-2.764,-2.877,-2.652,1.963,-1.561
R75E,0.280,-2.828,-2.986,-2.671,3.293,-0.578,-2.828,-2.986,-2.671,3.293,-0.578
R75F,0.280,-2.941,-3.123,-2.759,4.921,-3.710,-2.941,-3.123,-2.759,4.921,-3.710
R75G,0.280,-2.787,-2.851,-2.723,1.632,0.190,-2.787,-2.851,-2.723,1.632,0.190
R75H,0.280,-2.842,-3.028,-2.655,3.713,-1.868,-2.842,-3.028,-2.655,3.713,-1.868
R75I,0.280,-2.817,-2.972,-2.662,3.090,-2.242,-2.817,-2.972,-2.662,3.090,-2.242
R75K,0.280,-2.766,-2.832,-2.701,1.463,-0.075,-2.766,-2.832,-2.701,1.463,-0.075
R75L,0.280,-2.876,-3.103,-2.650,4.637,-1.303,-2.876,-3.103,-2.650,4.637,-1.303
R75M,0.280,-2.899,-3.136,-2.663,5.012,-2.267,-2.899,-3.136,-2.663,5.012,-2.267
R75N,0.280,-2.798,-2.940,-2.655,2.657,-1.176,-2.798,-2.940,-2.655,2.657,-1.176
R75P,0.280,-2.864,-3.028,-2.700,3.763,-0.100,-2.864,-3.028,-2.700,3.763,-0.100
R75Q,0.280,-2.818,-2.951,-2.686,2.729,-0.319,-2.818,-2.951,-2.686,2.729,-0.319
R75S,0.280,-2.775,-2.852,-2.698,1.645,-0.130,-2.775,-2.852,-2.698,1.645,-0.130
R75T,0.280,-2.824,-2.978,-2.669,3.052,-0.623,-2.824,-2.978,-2.669,3.052,-0.623
R75V,0.280,-2.850,-3.042,-2.657,3.892,-0.992,-2.850,-3.042,-2.657,3.892,-0.992
R75W,0.280,-2.915,-3.060,-2.769,3.970,-3.796,-2.915,-3.060,-2.769,3.970,-3.796
R75Y,0.280,-2.969,-3.156,-2.782,5.269,-3.922,-2.969,-3.156,-2.782,5.269,-3.922
K76A,0.280,-2.789,-2.828,-2.750,1.328,0.479,-2.789,-2.828,-2.750,1.328,0.479
K76C,0.280,-2.862,-3.070,-2.654,4.168,-1.856,-2.862,-3.070,-2.654,4.168,-1.856
K76D,0.280,-2.784,-2.884,-2.683,2.077,-0.345,-2.784,-2.884,-2.683,2.077,-0.345
K76E,0.280,-2.840,-2.927,-2.752,2.507,0.527,-2.840,-2.927,-2.752,2.507,0.527
K76F,0.280,-2.904,-3.107,-2.701,4.677,-3.000,-2.904,-3.107,-2.701,4.677,-3.000
K76G,0.280,-2.832,-2.846,-2.819,1.570,1.095,-2.832,-2.846,-2.819,1.570,1.095
K76H,0.280,-2.785,-2.913,-2.657,2.317,-1.010,-2.785,-2.913,-2.657,2.317,-1.010
K76I,0.280,-2.806,-2.955,-2.658,2.823,-2.115,-2.806,-2.955,-2.658,2.823,-2.115
K76L,0.280,-2.797,-2.920,-2.674,2.373,-0.546,-2.797,-2.920,-2.674,2.373,-0.546
K76M,0.280,-2.844,-3.034,-2.654,3.804,-1.889,-2.844,-3.034,-2.654,3.804,-1.889
K76N,0.280,-2.766,-2.863,-2.668,1.801,-0.679,-2.766,-2.863,-2.668,1.801,-0.679
K76P,0.280,-2.776,-2.740,-2.812,0.250,1.043,-2.776,-2.740,-2.812,0.250,1.043
K76Q,0.280,-2.836,-2.891,-2.782,2.021,0.795,-2.836,-2.891,-2.782,2.021,0.795
K76R,0.280,-2.832,-2.872,-2.793,1.951,0.889,-2.832,-2.872,-2.793,1.951,0.889
K76S,0.280,-2.735,-2.694,-2.776,-0.262,0.741,-2.735,-2.694,-2.776,-0.262,0.741
K76T,0.280,-2.836,-2.966,-2.707,3.033,0.028,-2.836,-2.966,-2.707,3.033,0.028
K76V,0.280,-2.832,-2.991,-2.672,3.208,-0.577,-2.832,-2.991,-2.672,3.208,-0.577
K76W,0.280,-2.882,-3.081,-2.682,4.370,-2.696,-2.882,-3.081,-2.682,4.370,-2.696
K76Y,0.280,-2.896,-3.086,-2.705,4.444,-3.051,-2.896,-3.086,-2.705,4.444,-3.051
G77A,0.282,-2.730,-2.774,-2.686,0.675,-0.295,-2.730,-2.774,-2.686,0.675,-0.295
G77C,0.282,-2.851,-3.008,-2.694,3.511,-2.914,-2.851,-3.008,-2.694,3.511,-2.914
G77D,0.282,-2.754,-2.832,-2.676,1.478,-0.471,-2.754,-2.832,-2.676,1.478,-0.471
G77E,0.282,-2.802,-2.875,-2.728,1.928,0.249,-2.802,-2.875,-2.728,1.928,0.249
G77F,0.282,-2.870,-3.005,-2.734,3.522,-3.436,-2.870,-3.005,-2.734,3.522,-3.436
G77H,0.282,-2.852,-3.053,-2.651,3.987,-1.572,-2.852,-3.053,-2.651,3.987,-1.572
G77I,0.282,-2.770,-2.882,-2.657,2.017,-2.065,-2.770,-2.882,-2.657,2.017,-2.065
G77K,0.282,-2.798,-2.913,-2.684,2.378,-0.350,-2.798,-2.913,-2.684,2.378,-0.350
G77L,0.282,-2.746,-2.832,-2.659,1.361,-0.989,-2.746,-2.832,-2.659,1.361,-0.989
G77M,0.282,-2.851,-3.035,-2.666,3.851,-2.340,-2.851,-3.035,-2.666,3.851,-2.340
G77N,0.282,-2.769,-2.882,-2.656,1.998,-0.990,-2.769,-2.882,-2.656,1.998,-0.990
G77P,0.282,-2.846,-2.940,-2.751,2.650,0.510,-2.846,-2.940,-2.751,2.650,0.510
G77Q,0.282,-2.862,-3.003,-2.722,3.452,0.183,-2.862,-3.003,-2.722,3.452,0.183
G77R,0.282,-2.781,-2.876,-2.686,1.943,-0.310,-2.781,-2.876,-2.686,1.943,-0.310
G77S,0.282,-2.717,-2.730,-2.704,0.142,-0.049,-2.717,-2.730,-2.704,0.142,-0.049
G77T,0.282,-2.752,-2.826,-2.678,1.335,-0.473,-2.752,-2.826,-2.678,1.335,-0.473
G77V,0.282,-2.796,-2.934,-2.659,2.599,-0.944,-2.796,-2.934,-2.659,2.599,-0.944
G77W,0.282,-2.942,-3.113,-2.772,4.718,-3.827,-2.942,-3.113,-2.772,4.718,-3.827
G77Y,0.282,-2.911,-3.081,-2.741,4.319,-3.517,-2.911,-3.081,-2.741,4.319,-3.517
Q78A,0.282,-2.854,-3.000,-2.709,3.222,0.021,-2.854,-3.000,-2.709,3.222,0.021
Q78C,0.282,-2.887,-3.112,-2.662,4.685,-2.238,-2.887,-3.112,-2.662,4.685,-2.238
Q78D,0.282,-2.880,-3.073,-2.687,4.114,-0.280,-2.880,-3.073,-2.687,4.114,-0.280
Q78E,0.282,-2.817,-2.882,-2.752,1.888,0.526,-2.817,-2.882,-2.752,1.888,0.526
Q78F,0.282,-2.892,-3.086,-2.698,4.398,-2.940,-2.892,-3.086,-2.698,4.398,-2.940
Q78G,0.282,-2.897,-3.051,-2.743,3.926,0.425,-2.897,-3.051,-2.743,3.926,0.425
Q78H,0.282,-2.824,-2.994,-2.653,3.209,-1.754,-2.824,-2.994,-2.653,3.209,-1.754
Q78I,0.282,-2.859,-3.061,-2.656,3.975,-2.035,-2.859,-3.061,-2.656,3.975,-2.035
Q78K,0.282,-2.843,-2.997,-2.690,3.292,-0.245,-2.843,-2.997,-2.690,3.292,-0.245
Q78L,0.282,-2.790,-2.908,-2.672,2.226,-0.568,-2.790,-2.908,-2.672,2.226,-0.568
Q78M,0.282,-2.910,-3.168,-2.652,5.295,-1.668,-2.910,-3.168,-2.652,5.295,-1.668
Q78N,0.282,-2.802,-2.950,-2.655,2.737,-1.076,-2.802,-2.950,-2.655,2.737,-1.076
Q78P,0.282,-2.814,-2.916,-2.711,2.292,0.034,-2.814,-2.916,-2.711,2.292,0.034
Q78R,0.282,-2.764,-2.830,-2.699,1.268,-0.123,-2.764,-2.830,-2.699,1.268,-0.123
Q78S,0.282,-2.769,-2.822,-2.716,1.142,0.108,-2.769,-2.822,-2.716,1.142,0.108
Q78T,0.282,-2.846,-3.008,-2.685,3.371,-0.296,-2.846,-3.008,-2.685,3.371,-0.296
Q78V,0.282,-2.844,-3.019,-2.669,3.461,-0.649,-2.844,-3.019,-2.669,3.461,-0.649
Q78W,0.282,-2.943,-3.178,-2.708,5.449,-3.113,-2.943,-3.178,-2.708,5.449,-3.113
Q78Y,0.282,-2.934,-3.131,-2.736,4.893,-3.452,-2.934,-3.131,-2.736,4.893,-3.452
E79A,0.282,-2.802,-2.928,-2.676,2.578,-0.471,-2.802,-2.928,-2.676,2.578,-0.471
E79C,0.282,-2.884,-3.067,-2.701,4.186,-2.977,-2.884,-3.067,-2.701,4.186,-2.977
E79D,0.282,-2.820,-2.954,-2.687,2.805,-0.289,-2.820,-2.954,-2.687,2.805,-0.289
E79F,0.282,-2.915,-3.107,-2.722,4.685,-3.283,-2.915,-3.107,-2.722,4.685,-3.283
E79G,0.282,-2.806,-2.913,-2.698,2.365,-0.113,-2.806,-2.913,-2.698,2.365,-0.113
E79H,0.282,-2.848,-3.041,-2.655,3.826,-1.817,-2.848,-3.041,-2.655,3.826,-1.817
E79I,0.282,-2.858,-3.058,-2.659,3.969,-2.152,-2.858,-3.058,-2.659,3.969,-2.152
E79K,0.282,-2.708,-2.764,-2.653,0.717,-1.291,-2.708,-2.764,-2.653,0.717,-1.291
E79L,0.282,-2.818,-2.984,-2.653,3.200,-1.193,-2.818,-2.984,-2.653,3.200,-1.193
E79M,0.282,-2.862,-3.058,-2.667,3.974,-2.375,-2.862,-3.058,-2.667,3.974,-2.375
E79N,0.282,-2.796,-2.935,-2.658,2.725,-0.967,-2.796,-2.935,-2.658,2.725,-0.967
E79P,0.282,-2.791,-2.907,-2.675,2.272,-0.550,-2.791,-2.907,-2.675,2.272,-0.550
E79Q,0.282,-2.794,-2.913,-2.674,2.342,-0.540,-2.794,-2.913,-2.674,2.342,-0.540
E79R,0.282,-2.716,-2.778,-2.654,0.800,-1.072,-2.716,-2.778,-2.654,0.800,-1.072
E79S,0.282,-2.746,-2.816,-2.676,1.228,-0.512,-2.746,-2.816,-2.676,1.228,-0.512
E79T,0.282,-2.836,-3.011,-2.662,3.530,-0.819,-2.836,-3.011,-2.662,3.530,-0.819
E79V,0.282,-2.795,-2.935,-2.655,2.577,-1.069,-2.795,-2.935,-2.655,2.577,-1.069
E79W,0.282,-2.962,-3.142,-2.783,5.102,-3.951,-2.962,-3.142,-2.783,5.102,-3.951
E79Y,0.282,-2.910,-3.065,-2.754,4.139,-3.645,-2.910,-3.065,-2.754,4.139,-3.645
M80A,0.280,-2.796,-2.592,-3.000,-1.541,2.252,-2.796,-2.592,-3.000,-1.541,2.252
M80C,0.280,-2.764,-2.822,-2.707,1.305,0.016,-2.764,-2.822,-2.707,1.305,0.016
M80D,0.280,-2.760,-2.531,-2.988,-2.106,2.190,-2.760,-2.531,-2.988,-2.106,2.190
M80E,0.280,-2.880,-2.669,-3.090,-0.486,2.724,-2.880,-2.669,-3.090,-0.486,2.724
M80F,0.280,-2.700,-2.740,-2.660,0.367,-0.904,-2.700,-2.740,-2.660,0.367,-0.904
M80G,0.280,-2.818,-2.514,-3.121,-2.310,2.865,-2.818,-2.514,-3.121,-2.310,2.865
M80H,0.280,-2.756,-2.729,-2.783,0.252,0.793,-2.756,-2.729,-2.783,0.252,0.793
M80I,0.280,-2.716,-2.697,-2.734,-0.106,0.342,-2.716,-2.697,-2.734,-0.106,0.342
M80K,0.280,-2.720,-2.537,-2.904,-2.026,1.691,-2.720,-2.537,-2.904,-2.026,1.691
M80L,0.280,-2.734,-2.601,-2.868,-1.277,1.456,-2.734,-2.601,-2.868,-1.277,1.456
M80N,0.280,-2.722,-2.550,-2.893,-1.871,1.628,-2.722,-2.550,-2.893,-1.871,1.628
M80P,0.280,-2.783,-2.581,-2.985,-1.524,2.170,-2.783,-2.581,-2.985,-1.524,2.170
M80Q,0.280,-2.790,-2.590,-2.990,-1.434,2.212,-2.790,-2.590,-2.990,-1.434,2.212
M80R,0.280,-2.704,-2.449,-2.958,-3.118,2.024,-2.704,-2.449,-2.958,-3.118,2.024
M80S,0.280,-2.720,-2.433,-3.008,-3.356,2.298,-2.720,-2.433,-3.008,-3.356,2.298
M80T,0.280,-2.712,-2.485,-2.938,-2.668,1.910,-2.712,-2.485,-2.938,-2.668,1.910
M80V,0.280,-2.742,-2.612,-2.871,-1.094,1.481,-2.742,-2.612,-2.871,-1.094,1.481
M80W,0.280,-2.740,-2.827,-2.654,1.377,-1.100,-2.740,-2.827,-2.654,1.377,-1.100
M80Y,0.280,-2.705,-2.757,-2.653,0.514,-1.353,-2.705,-2.757,-2.653,0.514,-1.353
N81A,0.280,-2.798,-2.673,-2.923,-0.473,1.808,-2.798,-2.673,-2.923,-0.473,1.808
N81C,0.280,-2.785,-2.912,-2.658,2.451,-0.940,-2.785,-2.912,-2.658,2.451,-0.940
N81D,0.280,-2.706,-2.633,-2.779,-0.932,0.769,-2.706,-2.633,-2.779,-0.932,0.769
N81E,0.280,-2.760,-2.654,-2.867,-0.704,1.462,-2.760,-2.654,-2.867,-0.704,1.462
N81F,0.280,-2.774,-2.896,-2.653,2.179,-1.823,-2.774,-2.896,-2.653,2.179,-1.823
N81G,0.280,-2.838,-2.786,-2.890,0.908,1.603,-2.838,-2.786,-2.890,0.908,1.603
N81H,0.280,-2.756,-2.849,-2.664,1.634,-0.746,-2.756,-2.849,-2.664,1.634,-0.746
N81I,0.280,-2.717,-2.777,-2.657,0.731,-0.953,-2.717,-2.777,-2.657,0.731,-0.953
N81K,0.280,-2.770,-2.816,-2.725,1.278,0.222,-2.770,-2.816,-2.725,1.278,0.222
N81L,0.280,-2.754,-2.747,-2.761,0.367,0.626,-2.754,-2.747,-2.761,0.367,0.626
N81M,0.280,-2.820,-2.964,-2.677,3.022,-0.484,-2.820,-2.964,-2.677,3.022,-0.484
N81P,0.280,-2.802,-2.743,-2.860,0.345,1.400,-2.802,-2.743,-2.860,0.345,1.400
N81Q,0.280,-2.752,-2.730,-2.775,0.175,0.732,-2.752,-2.730,-2.775,0.175,0.732
N81R,0.280,-2.774,-2.794,-2.753,0.893,0.536,-2.774,-2.794,-2.753,0.893,0.536
N81S,0.280,-2.799,-2.751,-2.847,0.406,1.300,-2.799,-2.751,-2.847,0.406,1.300
N81T,0.280,-2.734,-2.669,-2.798,-0.533,0.923,-2.734,-2.669,-2.798,-0.533,0.923
N81V,0.280,-2.768,-2.765,-2.770,0.625,0.692,-2.768,-2.765,-2.770,0.625,0.692
N81W,0.280,-2.811,-2.964,-2.658,2.968,-2.139,-2.811,-2.964,-2.658,2.968,-2.139
N81Y,0.280,-2.824,-2.976,-2.671,3.116,-2.452,-2.824,-2.976,-2.671,3.116,-2.452
A82C,0.280,-2.851,-3.051,-2.650,4.052,-1.365,-2.851,-3.051,-2.650,4.052,-1.365
A82D,0.280,-2.771,-2.864,-2.679,1.795,-0.427,-2.771,-2.864,-2.679,1.795,-0.427
A82E,0.280,-2.664,-2.632,-2.695,-0.905,-0.164,-2.664,-2.632,-2.695,-0.905,-0.164
A82F,0.280,-2.857,-3.057,-2.657,4.141,-2.001,-2.857,-3.057,-2.657,4.141,-2.001
A82G,0.280,-2.800,-2.786,-2.815,0.843,1.069,-2.800,-2.786,-2.815,0.843,1.069
A82H,0.280,-2.794,-2.929,-2.659,2.605,-1.014,-2.794,-2.929,-2.659,2.605,-1.014
A82I,0.280,-2.801,-2.947,-2.655,2.819,-1.152,-2.801,-2.947,-2.655,2.819,-1.152
A82K,0.280,-2.795,-2.924,-2.667,2.576,-0.724,-2.795,-2.924,-2.667,2.576,-0.724
A82L,0.280,-2.710,-2.724,-2.697,0.127,-0.154,-2.710,-2.724,-2.697,0.127,-0.154
A82M,0.280,-2.814,-2.977,-2.651,3.130,-1.622,-2.814,-2.977,-2.651,3.130,-1.622
A82N,0.280,-2.774,-2.879,-2.669,2.020,-0.697,-2.774,-2.879,-2.669,2.020,-0.697
A82P,0.280,-2.718,-2.727,-2.709,0.152,0.053,-2.718,-2.727,-2.709,0.152,0.053
A82Q,0.280,-2.794,-2.889,-2.699,2.111,-0.112,-2.794,-2.889,-2.699,2.111,-0.112
A82R,0.280,-2.782,-2.859,-2.706,1.854,0.001,-2.782,-2.859,-2.706,1.854,0.001
A82S,0.280,-2.739,-2.710,-2.768,0.040,0.682,-2.739,-2.710,-2.768,0.040,0.682
A82T,0.280,-2.752,-2.802,-2.702,1.060,-0.091,-2.752,-2.802,-2.702,1.060,-0.091
A82V,0.280,-2.736,-2.780,-2.692,0.762,-0.234,-2.736,-2.780,-2.692,0.762,-0.234
A82W,0.280,-2.855,-3.035,-2.675,3.783,-2.545,-2.855,-3.035,-2.675,3.783,-2.545
A82Y,0.280,-2.831,-2.982,-2.680,3.170,-2.666,-2.831,-2.982,-2.680,3.170,-2.666
T83A,0.280,-2.786,-2.763,-2.809,0.719,1.035,-2.786,-2.763,-2.809,0.719,1.035
T83C,0.280,-2.876,-3.099,-2.652,4.564,-1.397,-2.876,-3.099,-2.652,4.564,-1.397
T83D,0.280,-2.850,-2.965,-2.735,3.121,0.353,-2.850,-2.965,-2.735,3.121,0.353
T83E,0.280,-2.773,-2.798,-2.748,1.029,0.489,-2.773,-2.798,-2.748,1.029,0.489
T83F,0.280,-2.796,-2.932,-2.661,2.573,-2.161,-2.796,-2.932,-2.661,2.573,-2.161
T83G,0.280,-2.852,-2.880,-2.824,1.984,1.140,-2.852,-2.880,-2.824,1.984,1.140
T83H,0.280,-2.852,-3.051,-2.653,4.030,-1.192,-2.852,-3.051,-2.653,4.030,-1.192
T83I,0.280,-2.811,-2.971,-2.651,3.056,-1.725,-2.811,-2.971,-2.651,3.056,-1.725
T83K,0.280,-2.777,-2.891,-2.663,2.181,-0.788,-2.777,-2.891,-2.663,2.181,-0.788
T83L,0.280,-2.760,-2.827,-2.694,1.361,-0.191,-2.760,-2.827,-2.694,1.361,-0.191
T83M,0.280,-2.879,-3.105,-2.653,4.718,-1.749,-2.879,-3.105,-2.653,4.718,-1.749
T83N,0.280,-2.773,-2.863,-2.683,1.793,-0.347,-2.773,-2.863,-2.683,1.793,-0.347
T83P,0.280,-2.820,-2.903,-2.736,2.290,0.350,-2.820,-2.903,-2.736,2.290,0.350
T83Q,0.280,-2.834,-2.974,-2.693,3.128,-0.202,-2.834,-2.974,-2.693,3.128,-0.202
T83R,0.280,-2.831,-2.971,-2.691,3.152,-0.230,-2.831,-2.971,-2.691,3.152,-0.230
T83S,0.280,-2.808,-2.835,-2.782,1.434,0.799,-2.808,-2.835,-2.782,1.434,0.799
T83V,0.280,-2.773,-2.847,-2.699,1.677,-0.106,-2.773,-2.847,-2.699,1.677,-0.106
T83W,0.280,-2.914,-3.123,-2.704,4.931,-3.062,-2.914,-3.123,-2.704,4.931,-3.062
T83Y,0.280,-2.890,-3.081,-2.699,4.492,-2.936,-2.890,-3.081,-2.699,4.492,-2.936
G84A,0.377,-2.815,-2.927,-2.703,2.492,-0.049,-2.815,-2.927,-2.703,2.492,-0.049
G84C,0.377,-2.846,-3.034,-2.658,3.806,-2.074,-2.846,-3.034,-2.658,3.806,-2.074
G84D,0.377,-2.844,-3.024,-2.665,3.663,-0.741,-2.844,-3.024,-2.665,3.663,-0.741
G84E,0.377,-2.713,-2.761,-2.665,0.623,-0.768,-2.713,-2.761,-2.665,0.623,-0.768
G84F,0.377,-2.837,-2.978,-2.696,3.161,-2.923,-2.837,-2.978,-2.696,3.161,-2.923
G84H,0.377,-2.860,-3.068,-2.653,4.131,-1.896,-2.860,-3.068,-2.653,4.131,-1.896
G84I,0.377,-2.846,-3.020,-2.672,3.597,-2.436,-2.846,-3.020,-2.672,3.597,-2.436
G84K,0.377,-2.794,-2.940,-2.649,2.609,-1.623,-2.794,-2.940,-2.649,2.609,-1.623
G84L,0.377,-2.736,-2.814,-2.657,1.102,-1.039,-2.736,-2.814,-2.657,1.102,-1.039
G84M,0.377,-2.874,-3.070,-2.677,4.261,-2.574,-2.874,-3.070,-2.677,4.261,-2.574
G84N,0.377,-2.780,-2.900,-2.661,2.232,-0.900,-2.780,-2.900,-2.661,2.232,-0.900
G84P,0.377,-2.827,-2.966,-2.687,2.902,-0.257,-2.827,-2.966,-2.687,2.902,-0.257
G84Q,0.377,-2.771,-2.887,-2.655,2.018,-1.134,-2.771,-2.887,-2.655,2.018,-1.134
G84R,0.377,-2.824,-2.991,-2.657,3.359,-1.059,-2.824,-2.991,-2.657,3.359,-1.059
G84S,0.377,-2.746,-2.790,-2.703,0.926,-0.048,-2.746,-2.790,-2.703,0.926,-0.048
G84T,0.377,-2.750,-2.833,-2.668,1.397,-0.691,-2.750,-2.833,-2.668,1.397,-0.691
G84V,0.377,-2.809,-2.962,-2.656,2.872,-1.074,-2.809,-2.962,-2.656,2.872,-1.074
G84W,0.377,-2.946,-3.110,-2.783,4.702,-3.949,-2.946,-3.110,-2.783,4.702,-3.949
G84Y,0.377,-2.928,-3.106,-2.749,4.681,-3.583,-2.928,-3.106,-2.749,4.681,-3.583
G85A,0.734,,,,,,-2.890,-3.084,-2.696,5.188,-0.148
G85C,0.734,,,,,,-2.886,-3.115,-2.656,5.499,-2.014
G85D,0.734,,,,,,-2.729,-2.798,-2.660,2.212,-0.914
G85E,0.734,,,,,,-2.802,-2.930,-2.673,3.560,-0.568
G85F,0.734,,,,,,-2.890,-3.076,-2.704,5.092,-3.056
G85H,0.734,,,,,,-2.801,-2.947,-2.655,3.735,-1.814
G85I,0.734,,,,,,-2.868,-3.073,-2.664,5.040,-2.278
G85K,0.734,,,,,,-2.820,-2.982,-2.657,4.103,-1.032
G85L,0.734,,,,,,-2.856,-3.052,-2.659,4.849,-0.964
G85M,0.734,,,,,,-2.810,-2.965,-2.656,3.915,-1.995
G85N,0.734,,,,,,-2.758,-2.864,-2.652,2.890,-1.342
G85P,0.734,,,,,,-2.720,-2.750,-2.690,1.705,-0.261
G85Q,0.734,,,,,,-2.700,-2.733,-2.668,1.546,-0.703
G85R,0.734,,,,,,-2.724,-2.777,-2.671,1.995,-0.577
G85S,0.734,,,,,,-2.748,-2.786,-2.709,2.063,0.045
G85T,0.734,,,,,,-2.851,-3.021,-2.680,4.524,-0.418
G85V,0.734,,,,,,-2.838,-3.021,-2.656,4.494,-1.097
G85W,0.734,,,,,,-2.883,-3.016,-2.750,4.465,-3.648
G85Y,0.734,,,,,,-2.880,-3.011,-2.749,4.435,-3.600
D86A,0.708,,,,,,-2.686,-2.585,-2.786,0.009,0.839
D86C,0.708,,,,,,-2.738,-2.823,-2.654,2.466,-1.106
D86E,0.708,,,,,,-2.740,-2.726,-2.753,1.474,0.536
D86F,0.708,,,,,,-2.832,-3.005,-2.659,4.359,-2.139
D86G,0.708,,,,,,-2.787,-2.759,-2.816,1.803,1.081
D86H,0.708,,,,,,-2.730,-2.805,-2.656,2.281,-1.009
D86I,0.708,,,,,,-2.790,-2.928,-2.651,3.553,-1.504
D86K,0.708,,,,,,-2.739,-2.784,-2.694,2.044,-0.167
D86L,0.708,,,,,,-2.785,-2.862,-2.708,2.861,0.001
D86M,0.708,,,,,,-2.782,-2.912,-2.653,3.374,-1.239
D86N,0.708,,,,,,-2.628,-2.587,-2.669,0.032,-0.641
D86P,0.708,,,,,,-2.718,-2.670,-2.766,0.875,0.651
D86Q,0.708,,,,,,-2.796,-2.861,-2.732,2.881,0.317
D86R,0.708,,,,,,-2.808,-2.867,-2.749,2.908,0.485
D86S,0.708,,,,,,-2.746,-2.689,-2.802,1.080,0.964
D86T,0.708,,,,,,-2.829,-2.919,-2.739,3.461,0.379
D86V,0.708,,,,,,-2.760,-2.824,-2.697,2.506,-0.126
D86W,0.708,,,,,,-2.787,-2.909,-2.666,3.359,-2.363
D86Y,0.708,,,,,,-2.809,-2.930,-2.688,3.562,-2.802
D87A,0.665,,,,,,-2.662,-2.529,-2.794,-0.598,0.891
D87C,0.665,,,,,,-2.555,-2.446,-2.664,-1.482,-0.788
D87E,0.665,,,,,,-2.664,-2.572,-2.756,-0.117,0.559
D87F,0.665,,,,,,-2.646,-2.642,-2.651,0.589,-1.526
D87G,0.665,,,,,,-2.688,-2.540,-2.836,-0.480,1.238
D87H,0.665,,,,,,-2.609,-2.557,-2.662,-0.298,-0.818
D87I,0.665,,,,,,-2.649,-2.633,-2.664,0.531,-0.754
D87K,0.665,,,,,,-2.548,-2.402,-2.694,-1.932,-0.174
D87L,0.665,,,,,,-2.604,-2.464,-2.743,-1.289,0.437
D87M,0.665,,,,,,-2.694,-2.734,-2.653,1.547,-1.252
D87N,0.665,,,,,,-2.496,-2.318,-2.673,-2.879,-0.557
D87P,0.665,,,,,,-2.689,-2.629,-2.748,0.436,0.489
D87Q,0.665,,,,,,-2.638,-2.542,-2.733,-0.450,0.307
D87R,0.665,,,,,,-2.654,-2.558,-2.750,-0.294,0.482
D87S,0.665,,,,,,-2.594,-2.367,-2.822,-2.314,1.114
D87T,0.665,,,,,,-2.713,-2.685,-2.741,1.042,0.412
D87V,0.665,,,,,,-2.736,-2.731,-2.740,1.525,0.387
D87W,0.665,,,,,,-2.697,-2.727,-2.667,1.458,-2.328
D87Y,0.665,,,,,,-2.714,-2.755,-2.672,1.767,-2.475
P88A,0.606,,,,,,-2.823,-2.899,-2.747,3.257,0.453
P88C,0.606,,,,,,-2.881,-3.103,-2.659,5.359,-0.978
P88D,0.606,,,,,,-2.864,-3.024,-2.703,4.549,-0.062
P88E,0.606,,,,,,-2.818,-2.924,-2.713,3.528,0.071
P88F,0.606,,,,,,-2.881,-3.107,-2.655,5.418,-1.924
P88G,0.606,,,,,,-2.843,-2.856,-2.831,2.832,1.199
P88H,0.606,,,,,,-2.842,-3.015,-2.668,4.474,-0.687
P88I,0.606,,,,,,-2.766,-2.876,-2.657,3.021,-1.009
P88K,0.606,,,,,,-2.844,-2.991,-2.697,4.191,-0.135
P88L,0.606,,,,,,-2.704,-2.703,-2.706,1.254,-0.015
P88M,0.606,,,,,,-2.782,-2.912,-2.652,3.405,-1.510
P88N,0.606,,,,,,-2.843,-2.993,-2.692,4.253,-0.202
P88Q,0.606,,,,,,-2.762,-2.815,-2.709,2.382,0.028
P88R,0.606,,,,,,-2.790,-2.826,-2.755,2.498,0.547
P88S,0.606,,,,,,-2.822,-2.848,-2.796,2.731,0.917
P88T,0.606,,,,,,-2.840,-2.963,-2.718,3.934,0.131
P88V,0.606,,,,,,-2.728,-2.750,-2.705,1.716,-0.018
P88W,0.606,,,,,,-2.890,-3.101,-2.678,5.352,-2.621
P88Y,0.606,,,,,,-2.863,-3.058,-2.668,4.916,-2.400
R89A,0.578,,,,,,-2.665,-2.611,-2.718,0.265,0.162
R89C,0.578,,,,,,-2.672,-2.691,-2.652,1.090,-1.567
R89D,0.578,,,,,,-2.760,-2.855,-2.665,2.776,-0.748
R89E,0.578,,,,,,-2.635,-2.585,-2.685,-0.012,-0.301
R89F,0.578,,,,,,-2.790,-2.898,-2.681,3.258,-2.662
R89G,0.578,,,,,,-2.583,-2.406,-2.760,-1.906,0.598
R89H,0.578,,,,,,-2.712,-2.773,-2.651,1.951,-1.429
R89I,0.578,,,,,,-2.770,-2.881,-2.658,3.070,-1.993
R89K,0.578,,,,,,-2.732,-2.804,-2.661,2.287,-0.891
R89L,0.578,,,,,,-2.704,-2.737,-2.671,1.583,-0.591
R89M,0.578,,,,,,-2.756,-2.853,-2.658,2.770,-2.001
R89N,0.578,,,,,,-2.735,-2.816,-2.654,2.410,-1.129
R89P,0.578,,,,,,-2.728,-2.772,-2.684,1.953,-0.359
R89Q,0.578,,,,,,-2.635,-2.590,-2.680,0.029,-0.386
R89S,0.578,,,,,,-2.676,-2.619,-2.733,0.360,0.314
R89T,0.578,,,,,,-2.721,-2.771,-2.671,1.947,-0.610
R89V,0.578,,,,,,-2.746,-2.814,-2.678,2.370,-0.440
R89W,0.578,,,,,,-2.780,-2.862,-2.698,2.897,-2.940
R89Y,0.578,,,,,,-2.814,-2.911,-2.718,3.374,-3.237
N90A,0.536,,,,,,-2.812,-2.676,-2.947,0.939,1.949
N90C,0.536,,,,,,-2.802,-2.930,-2.674,3.577,-0.509
N90D,0.536,,,,,,-2.770,-2.741,-2.799,1.608,0.942
N90E,0.536,,,,,,-2.796,-2.746,-2.845,1.672,1.300
N90F,0.536,,,,,,-2.766,-2.879,-2.653,3.045,-1.746
N90G,0.536,,,,,,-2.742,-2.551,-2.934,-0.359,1.875
N90H,0.536,,,,,,-2.704,-2.721,-2.687,1.414,-0.300
N90I,0.536,,,,,,-2.682,-2.707,-2.658,1.257,-0.903
N90K,0.536,,,,,,-2.790,-2.823,-2.758,2.478,0.590
N90L,0.536,,,,,,-2.764,-2.758,-2.770,1.795,0.697
N90M,0.536,,,,,,-2.808,-2.950,-2.665,3.797,-0.754
N90P,0.536,,,,,,-2.840,-2.766,-2.915,1.870,1.758
N90Q,0.536,,,,,,-2.800,-2.815,-2.785,2.378,0.809
N90R,0.536,,,,,,-2.762,-2.684,-2.840,1.033,1.263
N90S,0.536,,,,,,-2.826,-2.773,-2.879,1.949,1.531
N90T,0.536,,,,,,-2.744,-2.679,-2.809,0.971,1.026
N90V,0.536,,,,,,-2.800,-2.826,-2.773,2.511,0.717
N90W,0.536,,,,,,-2.736,-2.818,-2.655,2.420,-1.973
N90Y,0.536,,,,,,-2.736,-2.805,-2.666,2.292,-2.327
A91C,0.477,-2.828,-3.002,-2.654,4.329,-1.914,-2.828,-3.002,-2.654,4.329,-1.914
A91D,0.477,-2.778,-2.899,-2.658,3.257,-0.924,-2.778,-2.899,-2.658,3.257,-0.924
A91E,0.477,-2.764,-2.854,-2.674,2.798,-0.500,-2.764,-2.854,-2.674,2.798,-0.500
A91F,0.477,-2.840,-2.992,-2.688,4.224,-2.812,-2.840,-2.992,-2.688,4.224,-2.812
A91G,0.477,-2.870,-2.975,-2.766,4.036,0.649,-2.870,-2.975,-2.766,4.036,0.649
A91H,0.477,-2.849,-3.047,-2.651,4.794,-1.675,-2.849,-3.047,-2.651,4.794,-1.675
A91I,0.477,-2.622,-2.588,-2.655,0.006,-1.918,-2.622,-2.588,-2.655,0.006,-1.918
A91K,0.477,-2.836,-3.017,-2.656,4.470,-1.010,-2.836,-3.017,-2.656,4.470,-1.010
A91L,0.477,-2.594,-2.515,-2.672,-0.736,-0.587,-2.594,-2.515,-2.672,-0.736,-0.587
A91M,0.477,-2.765,-2.875,-2.655,2.984,-1.950,-2.765,-2.875,-2.655,2.984,-1.950
A91N,0.477,-2.800,-2.946,-2.653,3.757,-1.314,-2.800,-2.946,-2.653,3.757,-1.314
A91P,0.477,-2.745,-2.782,-2.708,2.008,0.017,-2.745,-2.782,-2.708,2.008,0.017
A91Q,0.477,-2.762,-2.849,-2.675,2.724,-0.507,-2.762,-2.849,-2.675,2.724,-0.507
A91R,0.477,-2.816,-2.946,-2.687,3.758,-0.286,-2.816,-2.946,-2.687,3.758,-0.286
A91S,0.477,-2.753,-2.777,-2.729,2.017,0.272,-2.753,-2.777,-2.729,2.017,0.272
A91T,0.477,-2.649,-2.617,-2.682,0.323,-0.365,-2.649,-2.617,-2.682,0.323,-0.365
A91V,0.477,-2.697,-2.729,-2.665,1.498,-0.745,-2.697,-2.729,-2.665,1.498,-0.745
A91W,0.477,-2.868,-3.022,-2.715,4.535,-3.185,-2.868,-3.022,-2.715,4.535,-3.185
A91Y,0.477,-2.867,-3.006,-2.728,4.407,-3.342,-2.867,-3.006,-2.728,4.407,-3.342
A92C,0.450,-2.679,-2.694,-2.664,1.127,-2.325,-2.679,-2.694,-2.664,1.127,-2.325
A92D,0.450,-2.698,-2.729,-2.666,1.506,-0.728,-2.698,-2.729,-2.666,1.506,-0.728
A92E,0.450,-2.649,-2.630,-2.668,0.465,-0.674,-2.649,-2.630,-2.668,0.465,-0.674
A92F,0.450,-2.758,-2.813,-2.703,2.386,-3.026,-2.758,-2.813,-2.703,2.386,-3.026
A92G,0.450,-2.761,-2.808,-2.714,2.330,0.089,-2.761,-2.808,-2.714,2.330,0.089
A92H,0.450,-2.762,-2.865,-2.659,2.930,-2.084,-2.762,-2.865,-2.659,2.930,-2.084
A92I,0.450,-2.715,-2.752,-2.678,1.747,-2.610,-2.715,-2.752,-2.678,1.747,-2.610
A92K,0.450,-2.724,-2.796,-2.652,2.182,-1.813,-2.724,-2.796,-2.652,2.182,-1.813
A92L,0.450,-2.532,-2.410,-2.653,-1.885,-1.119,-2.532,-2.410,-2.653,-1.885,-1.119
A92M,0.450,-2.641,-2.592,-2.689,0.070,-2.788,-2.641,-2.592,-2.689,0.070,-2.788
A92N,0.450,-2.648,-2.642,-2.655,0.621,-1.092,-2.648,-2.642,-2.655,0.621,-1.092
A92P,0.450,-2.620,-2.566,-2.675,-0.202,-0.517,-2.620,-2.566,-2.675,-0.202,-0.517
A92Q,0.450,-2.561,-2.469,-2.653,-1.230,-1.221,-2.561,-2.469,-2.653,-1.230,-1.221
A92R,0.450,-2.639,-2.625,-2.653,0.406,-1.132,-2.639,-2.625,-2.653,0.406,-1.132
A92S,0.450,-2.620,-2.541,-2.698,-0.465,-0.110,-2.620,-2.541,-2.698,-0.465,-0.110
A92T,0.450,-2.654,-2.643,-2.664,0.608,-0.859,-2.654,-2.643,-2.664,0.608,-0.859
A92V,0.450,-2.609,-2.564,-2.655,-0.224,-1.070,-2.609,-2.564,-2.655,-0.224,-1.070
A92W,0.450,-2.818,-2.859,-2.776,2.848,-3.893,-2.818,-2.859,-2.776,2.848,-3.893
A92Y,0.450,-2.775,-2.785,-2.765,2.059,-3.764,-2.775,-2.785,-2.765,2.059,-3.764
G93A,0.440,-2.782,-2.861,-2.704,2.846,-0.067,-2.782,-2.861,-2.704,2.846,-0.067
G93C,0.440,-2.896,-3.121,-2.672,5.564,-2.489,-2.896,-3.121,-2.672,5.564,-2.489
G93D,0.440,-2.818,-2.979,-2.657,4.091,-0.978,-2.818,-2.979,-2.657,4.091,-0.978
G93E,0.440,-2.772,-2.883,-2.662,3.077,-0.816,-2.772,-2.883,-2.662,3.077,-0.816
G93F,0.440,-2.907,-3.098,-2.717,5.336,-3.211,-2.907,-3.098,-2.717,5.336,-3.211
G93H,0.440,-2.790,-2.918,-2.662,3.442,-2.254,-2.790,-2.918,-2.662,3.442,-2.254
G93I,0.440,-2.876,-3.067,-2.685,4.999,-2.751,-2.876,-3.067,-2.685,4.999,-2.751
G93K,0.440,-2.697,-2.740,-2.653,1.611,-1.692,-2.697,-2.740,-2.653,1.611,-1.692
G93L,0.440,-2.845,-3.036,-2.654,4.677,-1.179,-2.845,-3.036,-2.654,4.677,-1.179
G93M,0.440,-2.847,-3.001,-2.693,4.325,-2.892,-2.847,-3.001,-2.693,4.325,-2.892
G93N,0.440,-2.742,-2.830,-2.655,2.517,-1.138,-2.742,-2.830,-2.655,2.517,-1.138
G93P,0.440,-2.812,-2.947,-2.678,3.750,-0.466,-2.812,-2.947,-2.678,3.750,-0.466
G93Q,0.440,-2.756,-2.859,-2.652,2.840,-1.231,-2.756,-2.859,-2.652,2.840,-1.231
G93R,0.440,-2.657,-2.660,-2.655,0.769,-1.016,-2.657,-2.660,-2.655,0.769,-1.016
G93S,0.440,-2.741,-2.788,-2.694,2.122,-0.180,-2.741,-2.788,-2.694,2.122,-0.180
G93T,0.440,-2.792,-2.926,-2.658,3.537,-0.987,-2.792,-2.926,-2.658,3.537,-0.987
G93V,0.440,-2.789,-2.924,-2.654,3.539,-1.165,-2.789,-2.924,-2.654,3.539,-1.165
G93W,0.440,-2.918,-3.045,-2.791,4.745,-4.019,-2.918,-3.045,-2.791,4.745,-4.019
G93Y,0.440,-2.964,-3.145,-2.782,5.830,-3.932,-2.964,-3.145,-2.782,5.830,-3.932
G94A,0.410,-2.759,-2.833,-2.685,2.568,-0.318,-2.759,-2.833,-2.685,2.568,-0.318
G94C,0.410,-2.886,-3.120,-2.652,5.547,-1.664,-2.886,-3.120,-2.652,5.547,-1.664
G94D,0.410,-2.762,-2.860,-2.665,2.840,-0.747,-2.762,-2.860,-2.665,2.840,-0.747
G94E,0.410,-2.774,-2.890,-2.659,3.160,-0.964,-2.774,-2.890,-2.659,3.160,-0.964
G94F,0.410,-2.838,-3.002,-2.673,4.314,-2.542,-2.838,-3.002,-2.673,4.314,-2.542
G94H,0.410,-2.856,-3.061,-2.650,4.927,-1.570,-2.856,-3.061,-2.650,4.927,-1.570
G94I,0.410,-2.818,-2.982,-2.655,4.118,-1.935,-2.818,-2.982,-2.655,4.118,-1.935
G94K,0.410,-2.849,-3.048,-2.650,4.797,-1.380,-2.849,-3.048,-2.650,4.797,-1.380
G94L,0.410,-2.839,-3.018,-2.660,4.482,-0.858,-2.839,-3.018,-2.660,4.482,-0.858
G94M,0.410,-2.883,-3.079,-2.687,5.113,-2.748,-2.883,-3.079,-2.687,5.113,-2.748
G94N,0.410,-2.832,-3.012,-2.653,4.410,-1.238,-2.832,-3.012,-2.653,4.410,-1.238
G94P,0.410,-2.764,-2.839,-2.690,2.651,-0.278,-2.764,-2.839,-2.690,2.651,-0.278
G94Q,0.410,-2.786,-2.916,-2.657,3.440,-1.076,-2.786,-2.916,-2.657,3.440,-1.076
G94R,0.410,-2.696,-2.726,-2.667,1.465,-0.679,-2.696,-2.726,-2.667,1.465,-0.679
G94S,0.410,-2.711,-2.696,-2.726,1.157,0.235,-2.711,-2.696,-2.726,1.157,0.235
G94T,0.410,-2.778,-2.886,-2.671,3.134,-0.623,-2.778,-2.886,-2.671,3.134,-0.623
G94V,0.410,-2.784,-2.910,-2.659,3.352,-0.947,-2.784,-2.910,-2.659,3.352,-0.947
G94W,0.410,-2.924,-3.088,-2.761,5.232,-3.708,-2.924,-3.088,-2.761,5.232,-3.708
G94Y,0.410,-2.877,-3.035,-2.719,4.648,-3.265,-2.877,-3.035,-2.719,4.648,-3.265
C95A,0.355,-2.794,-2.561,-3.028,-0.222,2.399,-2.794,-2.561,-3.028,-0.222,2.399
C95D,0.355,-2.710,-2.546,-2.874,-0.389,1.485,-2.710,-2.546,-2.874,-0.389,1.485
C95E,0.355,-2.754,-2.542,-2.967,-0.452,2.064,-2.754,-2.542,-2.967,-0.452,2.064
C95F,0.355,-2.682,-2.694,-2.670,1.140,-0.607,-2.682,-2.694,-2.670,1.140,-0.607
C95G,0.355,-2.797,-2.507,-3.087,-0.838,2.698,-2.797,-2.507,-3.087,-0.838,2.698
C95H,0.355,-2.646,-2.554,-2.738,-0.328,0.363,-2.646,-2.554,-2.738,-0.328,0.363
C95I,0.355,-2.654,-2.593,-2.714,0.081,0.098,-2.654,-2.593,-2.714,0.081,0.098
C95K,0.355,-2.768,-2.663,-2.874,0.813,1.494,-2.768,-2.663,-2.874,0.813,1.494
C95L,0.355,-2.540,-2.189,-2.892,-4.288,1.615,-2.540,-2.189,-2.892,-4.288,1.615
C95M,0.355,-2.632,-2.534,-2.729,-0.549,0.246,-2.632,-2.534,-2.729,-0.549,0.246
C95N,0.355,-2.598,-2.422,-2.774,-1.737,0.728,-2.598,-2.422,-2.774,-1.737,0.728
C95P,0.355,-2.674,-2.373,-2.976,-2.257,2.131,-2.674,-2.373,-2.976,-2.257,2.131
C95Q,0.355,-2.761,-2.610,-2.912,0.237,1.734,-2.761,-2.610,-2.912,0.237,1.734
C95R,0.355,-2.720,-2.454,-2.986,-1.406,2.173,-2.720,-2.454,-2.986,-1.406,2.173
C95S,0.355,-2.684,-2.349,-3.019,-2.524,2.351,-2.684,-2.349,-3.019,-2.524,2.351
C95T,0.355,-2.752,-2.584,-2.919,-0.019,1.783,-2.752,-2.584,-2.919,-0.019,1.783
C95V,0.355,-2.706,-2.528,-2.884,-0.618,1.556,-2.706,-2.528,-2.884,-0.618,1.556
C95W,0.355,-2.686,-2.711,-2.661,1.298,-0.898,-2.686,-2.711,-2.661,1.298,-0.898
C95Y,0.355,-2.662,-2.672,-2.651,0.903,-1.345,-2.662,-2.672,-2.651,0.903,-1.345
E96A,0.347,-2.779,-2.808,-2.750,2.303,0.489,-2.779,-2.808,-2.750,2.303,0.489
E96C,0.347,-2.783,-2.885,-2.681,3.131,-0.406,-2.783,-2.885,-2.681,3.131,-0.406
E96D,0.347,-2.782,-2.854,-2.710,2.793,0.050,-2.782,-2.854,-2.710,2.793,0.050
E96F,0.347,-2.862,-3.073,-2.652,5.055,-1.317,-2.862,-3.073,-2.652,5.055,-1.317
E96G,0.347,-2.706,-2.596,-2.816,0.112,1.080,-2.706,-2.596,-2.816,0.112,1.080
E96H,0.347,-2.843,-3.000,-2.687,4.307,-0.316,-2.843,-3.000,-2.687,4.307,-0.316
E96I,0.347,-2.790,-2.924,-2.656,3.518,-1.076,-2.790,-2.924,-2.656,3.518,-1.076
E96K,0.347,-2.770,-2.847,-2.692,2.716,-0.220,-2.770,-2.847,-2.692,2.716,-0.220
E96L,0.347,-2.796,-2.860,-2.733,2.831,0.307,-2.796,-2.860,-2.733,2.831,0.307
E96M,0.347,-2.842,-3.031,-2.653,4.618,-1.919,-2.842,-3.031,-2.653,4.618,-1.919
E96N,0.347,-2.813,-2.953,-2.673,3.810,-0.545,-2.813,-2.953,-2.673,3.810,-0.545
E96P,0.347,-2.844,-2.914,-2.774,3.401,0.728,-2.844,-2.914,-2.774,3.401,0.728
E96Q,0.347,-2.822,-2.917,-2.727,3.409,0.241,-2.822,-2.917,-2.727,3.409,0.241
E96R,0.347,-2.835,-2.895,-2.775,3.221,0.738,-2.835,-2.895,-2.775,3.221,0.738
E96S,0.347,-2.830,-2.811,-2.849,2.330,1.325,-2.830,-2.811,-2.849,2.330,1.325
E96T,0.347,-2.899,-3.079,-2.718,5.129,0.144,-2.899,-3.079,-2.718,5.129,0.144
E96V,0.347,-2.832,-2.957,-2.708,3.841,0.042,-2.832,-2.957,-2.708,3.841,0.042
E96W,0.347,-2.884,-3.111,-2.656,5.483,-2.043,-2.884,-3.111,-2.656,5.483,-2.043
E96Y,0.347,-2.827,-2.997,-2.656,4.269,-1.845,-2.827,-2.997,-2.656,4.269,-1.845
R97A,0.339,-2.874,-3.027,-2.721,3.671,0.165,-2.874,-3.027,-2.721,3.671,0.165
R97C,0.339,-2.964,-3.253,-2.675,6.378,-2.532,-2.964,-3.253,-2.675,6.378,-2.532
R97D,0.339,-2.844,-3.023,-2.664,3.631,-0.790,-2.844,-3.023,-2.664,3.631,-0.790
R97E,0.339,-2.818,-2.939,-2.696,2.573,-0.166,-2.818,-2.939,-2.696,2.573,-0.166
R97F,0.339,-2.960,-3.220,-2.701,6.036,-3.002,-2.960,-3.220,-2.701,6.036,-3.002
R97G,0.339,-2.842,-2.964,-2.720,2.923,0.162,-2.842,-2.964,-2.720,2.923,0.162
R97H,0.339,-2.912,-3.171,-2.654,5.455,-1.828,-2.912,-3.171,-2.654,5.455,-1.828
R97I,0.339,-2.950,-3.245,-2.655,6.299,-2.033,-2.950,-3.245,-2.655,6.299,-2.033
R97K,0.339,-2.837,-2.984,-2.690,3.208,-0.262,-2.837,-2.984,-2.690,3.208,-0.262
R97L,0.339,-2.922,-3.168,-2.675,5.396,-0.508,-2.922,-3.168,-2.675,5.396,-0.508
R97M,0.339,-2.926,-3.200,-2.653,5.766,-1.798,-2.926,-3.200,-2.653,5.766,-1.798
R97N,0.339,-2.887,-3.123,-2.651,4.798,-1.323,-2.887,-3.123,-2.651,4.798,-1.323
R97P,0.339,-2.930,-3.137,-2.722,4.956,0.186,-2.930,-3.137,-2.722,4.956,0.186
R97Q,0.339,-2.822,-2.962,-2.682,2.908,-0.341,-2.822,-2.962,-2.682,2.908,-0.341
R97S,0.339,-2.916,-3.121,-2.712,4.877,0.055,-2.916,-3.121,-2.712,4.877,0.055
R97T,0.339,-2.867,-3.047,-2.687,3.882,-0.319,-2.867,-3.047,-2.687,3.882,-0.319
R97V,0.339,-2.867,-3.062,-2.672,4.128,-0.590,-2.867,-3.062,-2.672,4.128,-0.590
R97W,0.339,-2.957,-3.175,-2.739,5.472,-3.498,-2.957,-3.175,-2.739,5.472,-3.498
R97Y,0.339,-2.994,-3.244,-2.743,6.296,-3.533,-2.994,-3.244,-2.743,6.296,-3.533
E98A,0.339,-2.902,-3.069,-2.734,5.036,0.332,-2.902,-3.069,-2.734,5.036,0.332
E98C,0.339,-3.002,-3.354,-2.649,8.058,-1.399,-3.002,-3.354,-2.649,8.058,-1.399
E98D,0.339,-2.923,-3.160,-2.685,5.981,-0.314,-2.923,-3.160,-2.685,5.981,-0.314
E98F,0.339,-3.003,-3.353,-2.653,8.039,-1.714,-3.003,-3.353,-2.653,8.039,-1.714
E98G,0.339,-2.846,-2.962,-2.729,3.905,0.271,-2.846,-2.962,-2.729,3.905,0.271
E98H,0.339,-2.948,-3.243,-2.654,6.885,-1.115,-2.948,-3.243,-2.654,6.885,-1.115
E98I,0.339,-3.010,-3.357,-2.663,8.084,-0.830,-3.010,-3.357,-2.663,8.084,-0.830
E98K,0.339,-2.880,-3.072,-2.687,5.059,-0.289,-2.880,-3.072,-2.687,5.059,-0.289
E98L,0.339,-2.946,-3.146,-2.747,5.839,0.476,-2.946,-3.146,-2.747,5.839,0.476
E98M,0.339,-2.993,-3.335,-2.651,7.867,-1.545,-2.993,-3.335,-2.651,7.867,-1.545
E98N,0.339,-2.907,-3.154,-2.661,5.917,-0.912,-2.907,-3.154,-2.661,5.917,-0.912
E98P,0.339,-3.005,-3.252,-2.759,6.967,0.576,-3.005,-3.252,-2.759,6.967,0.576
E98Q,0.339,-3.000,-3.289,-2.712,7.321,0.061,-3.000,-3.289,-2.712,7.321,0.061
E98R,0.339,-2.928,-3.130,-2.727,5.669,0.258,-2.928,-3.130,-2.727,5.669,0.258
E98S,0.339,-2.923,-3.091,-2.756,5.264,0.564,-2.923,-3.091,-2.756,5.264,0.564
E98T,0.339,-2.975,-3.246,-2.704,6.891,-0.029,-2.975,-3.246,-2.704,6.891,-0.029
E98V,0.339,-2.982,-3.257,-2.708,7.004,0.016,-2.982,-3.257,-2.708,7.004,0.016
E98W,0.339,-3.010,-3.324,-2.697,7.723,-2.954,-3.010,-3.324,-2.697,7.723,-2.954
E98Y,0.339,-3.022,-3.365,-2.678,8.185,-2.616,-3.022,-3.365,-2.678,8.185,-2.616
P99A,0.347,-2.899,-3.105,-2.693,5.385,-0.192,-2.899,-3.105,-2.693,5.385,-0.192
P99C,0.347,-2.909,-3.161,-2.657,5.991,-2.038,-2.909,-3.161,-2.657,5.991,-2.038
P99D,0.347,-2.799,-2.937,-2.661,3.664,-0.894,-2.799,-2.937,-2.661,3.664,-0.894
P99E,0.347,-2.846,-3.020,-2.672,4.505,-0.587,-2.846,-3.020,-2.672,4.505,-0.587
P99F,0.347,-2.941,-3.227,-2.655,6.676,-1.973,-2.941,-3.227,-2.655,6.676,-1.973
P99G,0.347,-2.884,-3.064,-2.704,4.973,-0.054,-2.884,-3.064,-2.704,4.973,-0.054
P99H,0.347,-2.892,-3.135,-2.650,5.728,-1.437,-2.892,-3.135,-2.650,5.728,-1.437
P99I,0.347,-2.889,-3.126,-2.652,5.615,-1.332,-2.889,-3.126,-2.652,5.615,-1.332
P99K,0.347,-2.920,-3.167,-2.672,6.035,-0.578,-2.920,-3.167,-2.672,6.035,-0.578
P99L,0.347,-2.915,-3.102,-2.728,5.364,0.273,-2.915,-3.102,-2.728,5.364,0.273
P99M,0.347,-2.856,-3.061,-2.652,4.935,-1.673,-2.856,-3.061,-2.652,4.935,-1.673
P99N,0.347,-2.851,-3.046,-2.656,4.788,-1.147,-2.851,-3.046,-2.656,4.788,-1.147
P99Q,0.347,-2.866,-3.045,-2.687,4.766,-0.281,-2.866,-3.045,-2.687,4.766,-0.281
P99R,0.347,-2.946,-3.181,-2.711,6.207,0.050,-2.946,-3.181,-2.711,6.207,0.050
P99S,0.347,-2.839,-2.954,-2.724,3.823,0.199,-2.839,-2.954,-2.724,3.823,0.199
P99T,0.347,-2.846,-3.009,-2.683,4.391,-0.381,-2.846,-3.009,-2.683,4.391,-0.381
P99V,0.347,-2.722,-2.764,-2.680,1.867,-0.413,-2.722,-2.764,-2.680,1.867,-0.413
P99W,0.347,-2.946,-3.164,-2.727,6.025,-3.336,-2.946,-3.164,-2.727,6.025,-3.336
P99Y,0.347,-2.935,-3.182,-2.688,6.224,-2.788,-2.935,-3.182,-2.688,6.224,-2.788
Q100A,0.343,-2.805,-2.826,-2.784,1.452,0.821,-2.805,-2.826,-2.784,1.452,0.821
Q100C,0.343,-2.794,-2.919,-2.668,2.527,-0.697,-2.794,-2.919,-2.668,2.527,-0.697
Q100D,0.343,-2.670,-2.638,-2.701,-0.779,-0.079,-2.670,-2.638,-2.701,-0.779,-0.079
Q100E,0.343,-2.632,-2.548,-2.715,-1.775,0.135,-2.632,-2.548,-2.715,-1.775,0.135
Q100F,0.343,-2.803,-2.943,-2.663,2.901,-0.812,-2.803,-2.943,-2.663,2.901,-0.812
Q100G,0.343,-2.770,-2.732,-2.807,0.323,0.996,-2.770,-2.732,-2.807,0.323,0.996
Q100H,0.343,-2.786,-2.906,-2.665,2.541,-0.793,-2.786,-2.906,-2.665,2.541,-0.793
Q100I,0.343,-2.742,-2.804,-2.681,1.232,-0.383,-2.742,-2.804,-2.681,1.232,-0.383
Q100K,0.343,-2.724,-2.774,-2.674,0.927,-0.549,-2.724,-2.774,-2.674,0.927,-0.549
Q100L,0.343,-2.840,-2.880,-2.801,2.176,0.945,-2.840,-2.880,-2.801,2.176,0.945
Q100M,0.343,-2.803,-2.952,-2.654,2.979,-1.258,-2.803,-2.952,-2.654,2.979,-1.258
Q100N,0.343,-2.716,-2.771,-2.661,0.684,-0.900,-2.716,-2.771,-2.661,0.684,-0.900
Q100P,0.343,-2.822,-2.876,-2.767,2.052,0.678,-2.822,-2.876,-2.767,2.052,0.678
Q100R,0.343,-2.780,-2.815,-2.746,1.302,0.466,-2.780,-2.815,-2.746,1.302,0.466
Q100S,0.343,-2.832,-2.837,-2.826,1.606,1.147,-2.832,-2.837,-2.826,1.606,1.147
Q100T,0.343,-2.702,-2.692,-2.711,-0.107,0.053,-2.702,-2.692,-2.711,-0.107,0.053
Q100V,0.343,-2.810,-2.819,-2.802,1.368,0.955,-2.810,-2.819,-2.802,1.368,0.955
Q100W,0.343,-2.804,-2.949,-2.660,2.893,-2.152,-2.804,-2.949,-2.660,2.893,-2.152
Q100Y,0.343,-2.827,-3.002,-2.653,3.598,-1.835,-2.827,-3.002,-2.653,3.598,-1.835
S101A,0.333,-3.016,-3.339,-2.694,7.457,-0.170,-3.016,-3.339,-2.694,7.457,-0.170
S101C,0.333,-3.002,-3.350,-2.654,7.726,-1.974,-3.002,-3.350,-2.654,7.726,-1.974
S101D,0.333,-2.970,-3.276,-2.665,6.761,-0.756,-2.970,-3.276,-2.665,6.761,-0.756
S101E,0.333,-2.944,-3.222,-2.666,6.030,-0.713,-2.944,-3.222,-2.666,6.030,-0.713
S101F,0.333,-3.036,-3.379,-2.694,7.965,-2.876,-3.036,-3.379,-2.694,7.965,-2.876
S101G,0.333,-2.946,-3.200,-2.692,5.750,-0.189,-2.946,-3.200,-2.692,5.750,-0.189
S101H,0.333,-2.970,-3.291,-2.650,6.938,-1.323,-2.970,-3.291,-2.650,6.938,-1.323
S101I,0.333,-3.004,-3.352,-2.655,7.711,-1.924,-3.004,-3.352,-2.655,7.711,-1.924
S101K,0.333,-2.969,-3.272,-2.666,6.715,-0.707,-2.969,-3.272,-2.666,6.715,-0.707
S101L,0.333,-2.968,-3.269,-2.666,6.629,-0.711,-2.968,-3.269,-2.666,6.629,-0.711
S101M,0.333,-3.038,-3.409,-2.667,8.416,-2.372,-3.038,-3.409,-2.667,8.416,-2.372
S101N,0.333,-2.940,-3.226,-2.654,6.123,-1.153,-2.940,-3.226,-2.654,6.123,-1.153
S101P,0.333,-3.003,-3.294,-2.712,6.971,0.048,-3.003,-3.294,-2.712,6.971,0.048
S101Q,0.333,-2.971,-3.268,-2.674,6.696,-0.572,-2.971,-3.268,-2.674,6.696,-0.572
S101R,0.333,-2.942,-3.170,-2.713,5.446,0.073,-2.942,-3.170,-2.713,5.446,0.073
S101T,0.333,-2.931,-3.184,-2.678,5.647,-0.451,-2.931,-3.184,-2.678,5.647,-0.451
S101V,0.333,-3.006,-3.345,-2.667,7.580,-0.706,-3.006,-3.345,-2.667,7.580,-0.706
S101W,0.333,-3.078,-3.377,-2.780,7.990,-3.902,-3.078,-3.377,-2.780,7.990,-3.902
S101Y,0.333,-3.040,-3.359,-2.722,7.801,-3.279,-3.040,-3.359,-2.722,7.801,-3.279
L102A,0.333,-2.978,-3.271,-2.685,6.735,-0.347,-2.978,-3.271,-2.685,6.735,-0.347
L102C,0.333,-3.011,-3.369,-2.652,7.929,-1.277,-3.011,-3.369,-2.652,7.929,-1.277
L102D,0.333,-3.057,-3.446,-2.668,8.842,-0.752,-3.057,-3.446,-2.668,8.842,-0.752
L102E,0.333,-2.955,-3.229,-2.680,6.144,-0.437,-2.955,-3.229,-2.680,6.144,-0.437
L102F,0.333,-2.986,-3.319,-2.652,7.264,-1.617,-2.986,-3.319,-2.652,7.264,-1.617
L102G,0.333,-3.022,-3.339,-2.704,7.447,-0.019,-3.022,-3.339,-2.704,7.447,-0.019
L102H,0.333,-3.048,-3.437,-2.658,8.695,-1.037,-3.048,-3.437,-2.658,8.695,-1.037
L102I,0.333,-2.965,-3.280,-2.651,6.770,-1.351,-2.965,-3.280,-2.651,6.770,-1.351
L102K,0.333,-3.046,-3.427,-2.665,8.597,-0.737,-3.046,-3.427,-2.665,8.597,-0.737
L102M,0.333,-3.058,-3.461,-2.656,9.052,-2.003,-3.058,-3.461,-2.656,9.052,-2.003
L102N,0.333,-3.024,-3.394,-2.653,8.103,-1.221,-3.024,-3.394,-2.653,8.103,-1.221
L102P,0.333,-3.057,-3.424,-2.690,8.584,-0.217,-3.057,-3.424,-2.690,8.584,-0.217
L102Q,0.333,-3.058,-3.416,-2.699,8.554,-0.115,-3.058,-3.416,-2.699,8.554,-0.115
L102R,0.333,-3.066,-3.397,-2.735,8.240,0.340,-3.066,-3.397,-2.735,8.240,0.340
L102S,0.333,-3.053,-3.353,-2.753,7.723,0.523,-3.053,-3.353,-2.753,7.723,0.523
L102T,0.333,-3.024,-3.373,-2.676,7.925,-0.507,-3.024,-3.373,-2.676,7.925,-0.507
L102V,0.333,-2.992,-3.293,-2.691,6.953,-0.222,-2.992,-3.293,-2.691,6.953,-0.222
L102W,0.333,-3.070,-3.462,-2.677,9.053,-2.566,-3.070,-3.462,-2.677,9.053,-2.566
L102Y,0.333,-2.997,-3.330,-2.664,7.501,-2.306,-2.997,-3.330,-2.664,7.501,-2.306
T103A,0.321,-3.015,-3.288,-2.742,6.893,0.409,-3.015,-3.288,-2.742,6.893,0.409
T103C,0.321,-3.002,-3.351,-2.652,7.711,-1.284,-3.002,-3.351,-2.652,7.711,-1.284
T103D,0.321,-3.022,-3.361,-2.684,7.846,-0.337,-3.022,-3.361,-2.684,7.846,-0.337
T103E,0.321,-2.987,-3.268,-2.706,6.644,-0.025,-2.987,-3.268,-2.706,6.644,-0.025
T103F,0.321,-3.041,-3.409,-2.673,8.403,-2.480,-3.041,-3.409,-2.673,8.403,-2.480
T103G,0.321,-3.064,-3.373,-2.756,7.920,0.566,-3.064,-3.373,-2.756,7.920,0.566
T103H,0.321,-3.022,-3.375,-2.670,7.876,-0.662,-3.022,-3.375,-2.670,7.876,-0.662
T103I,0.321,-3.008,-3.363,-2.653,7.762,-1.762,-3.008,-3.363,-2.653,7.762,-1.762
T103K,0.321,-3.010,-3.332,-2.688,7.375,-0.252,-3.010,-3.332,-2.688,7.375,-0.252
T103L,0.321,-2.994,-3.308,-2.681,7.112,-0.394,-2.994,-3.308,-2.681,7.112,-0.394
T103M,0.321,-3.036,-3.411,-2.661,8.462,-2.165,-3.036,-3.411,-2.661,8.462,-2.165
T103N,0.321,-2.968,-3.268,-2.669,6.765,-0.631,-2.968,-3.268,-2.669,6.765,-0.631
T103P,0.321,-2.996,-3.233,-2.758,6.208,0.575,-2.996,-3.233,-2.758,6.208,0.575
T103Q,0.321,-3.038,-3.342,-2.735,7.482,0.343,-3.038,-3.342,-2.735,7.482,0.343
T103R,0.321,-3.032,-3.294,-2.771,7.186,0.702,-3.032,-3.294,-2.771,7.186,0.702
T103S,0.321,-2.980,-3.158,-2.802,5.217,0.959,-2.980,-3.158,-2.802,5.217,0.959
T103V,0.321,-2.994,-3.304,-2.683,7.107,-0.364,-2.994,-3.304,-2.683,7.107,-0.364
T103W,0.321,-3.078,-3.431,-2.724,8.673,-3.297,-3.078,-3.431,-2.724,8.673,-3.297
T103Y,0.321,-3.048,-3.415,-2.680,8.462,-2.648,-3.048,-3.415,-2.680,8.462,-2.648
R104A,0.320,-2.996,-3.329,-2.662,7.383,-0.829,-2.996,-3.329,-2.662,7.383,-0.829
R104C,0.320,-3.015,-3.364,-2.666,7.834,-2.349,-3.015,-3.364,-2.666,7.834,-2.349
R104D,0.320,-2.940,-3.218,-2.661,6.042,-2.149,-2.940,-3.218,-2.661,6.042,-2.149
R104E,0.320,-2.912,-3.170,-2.653,5.478,-1.869,-2.912,-3.170,-2.653,5.478,-1.869
R104F,0.320,-3.014,-3.302,-2.727,7.012,-3.360,-3.014,-3.302,-2.727,7.012,-3.360
R104G,0.320,-2.956,-3.260,-2.653,6.582,-1.127,-2.956,-3.260,-2.653,6.582,-1.127
R104H,0.320,-2.998,-3.343,-2.652,7.620,-1.757,-2.998,-3.343,-2.652,7.620,-1.757
R104I,0.320,-2.990,-3.280,-2.701,6.836,-3.003,-2.990,-3.280,-2.701,6.836,-3.003
R104K,0.320,-2.994,-3.319,-2.669,7.159,-0.628,-2.994,-3.319,-2.669,7.159,-0.628
R104L,0.320,-2.980,-3.307,-2.652,7.224,-1.452,-2.980,-3.307,-2.652,7.224,-1.452
R104M,0.320,-3.034,-3.379,-2.688,8.014,-2.792,-3.034,-3.379,-2.688,8.014,-2.792
R104N,0.320,-2.944,-3.229,-2.659,6.198,-2.024,-2.944,-3.229,-2.659,6.198,-2.024
R104P,0.320,-2.955,-3.253,-2.657,6.366,-1.031,-2.955,-3.253,-2.657,6.366,-1.031
R104Q,0.320,-2.874,-3.091,-2.656,4.522,-1.016,-2.874,-3.091,-2.656,4.522,-1.016
R104S,0.320,-2.906,-3.130,-2.681,4.994,-0.415,-2.906,-3.130,-2.681,4.994,-0.415
R104T,0.320,-2.942,-3.230,-2.654,6.134,-1.061,-2.942,-3.230,-2.654,6.134,-1.061
R104V,0.320,-2.946,-3.242,-2.650,6.294,-1.402,-2.946,-3.242,-2.650,6.294,-1.402
R104W,0.320,-3.076,-3.323,-2.829,7.311,-4.346,-3.076,-3.323,-2.829,7.311,-4.346
R104Y,0.320,-3.053,-3.347,-2.760,7.637,-3.712,-3.053,-3.347,-2.760,7.637,-3.712
V105A,0.312,-2.937,-3.213,-2.661,5.970,-0.859,-2.937,-3.213,-2.661,5.970,-0.859
V105C,0.312,-2.974,-3.259,-2.688,6.473,-2.770,-2.974,-3.259,-2.688,6.473,-2.770
V105D,0.312,-2.952,-3.239,-2.666,6.320,-2.308,-2.952,-3.239,-2.666,6.320,-2.308
V105E,0.312,-2.942,-3.232,-2.651,6.235,-1.609,-2.942,-3.232,-2.651,6.235,-1.609
V105F,0.312,-2.934,-3.199,-2.668,5.725,-2.376,-2.934,-3.199,-2.668,5.725,-2.376
V105G,0.312,-2.993,-3.335,-2.651,7.447,-1.512,-2.993,-3.335,-2.651,7.447,-1.512
V105H,0.312,-3.016,-3.348,-2.684,7.611,-2.708,-3.016,-3.348,-2.684,7.611,-2.708
V105I,0.312,-2.858,-3.052,-2.663,4.089,-0.851,-2.858,-3.052,-2.663,4.089,-0.851
V105K,0.312,-2.966,-3.279,-2.654,6.777,-1.934,-2.966,-3.279,-2.654,6.777,-1.934
V105L,0.312,-2.818,-2.884,-2.753,2.027,0.541,-2.818,-2.884,-2.753,2.027,0.541
V105M,0.312,-2.965,-3.276,-2.654,6.779,-1.244,-2.965,-3.276,-2.654,6.779,-1.244
V105N,0.312,-2.969,-3.248,-2.690,6.471,-2.803,-2.969,-3.248,-2.690,6.471,-2.803
V105P,0.312,-2.929,-3.199,-2.659,5.742,-0.942,-2.929,-3.199,-2.659,5.742,-0.942
V105Q,0.312,-2.942,-3.234,-2.650,6.218,-1.508,-2.942,-3.234,-2.650,6.218,-1.508
V105R,0.312,-2.964,-3.278,-2.651,6.826,-1.267,-2.964,-3.278,-2.651,6.826,-1.267
V105S,0.312,-2.938,-3.218,-2.657,5.919,-1.033,-2.938,-3.218,-2.657,5.919,-1.033
V105T,0.312,-2.930,-3.201,-2.659,5.815,-0.948,-2.930,-3.201,-2.659,5.815,-0.948
V105W,0.312,-3.037,-3.317,-2.757,7.280,-3.696,-3.037,-3.317,-2.757,7.280,-3.696
V105Y,0.312,-3.008,-3.274,-2.741,6.634,-3.505,-3.008,-3.274,-2.741,6.634,-3.505
D106A,0.321,-2.974,-3.294,-2.655,6.936,-1.989,-2.974,-3.294,-2.655,6.936,-1.989
D106C,0.321,-3.072,-3.410,-2.735,8.354,-3.445,-3.072,-3.410,-2.735,8.354,-3.445
D106E,0.321,-2.900,-3.148,-2.652,5.073,-1.380,-2.900,-3.148,-2.652,5.073,-1.380
D106F,0.321,-3.099,-3.377,-2.821,7.939,-4.293,-3.099,-3.377,-2.821,7.939,-4.293
D106G,0.321,-2.984,-3.316,-2.653,7.284,-1.806,-2.984,-3.316,-2.653,7.284,-1.806
D106H,0.321,-3.040,-3.406,-2.674,8.303,-2.537,-3.040,-3.406,-2.674,8.303,-2.537
D106I,0.321,-3.074,-3.345,-2.804,7.550,-4.114,-3.074,-3.345,-2.804,7.550,-4.114
D106K,0.321,-3.018,-3.346,-2.689,7.506,-2.786,-3.018,-3.346,-2.689,7.506,-2.786
D106L,0.321,-2.969,-3.252,-2.686,6.474,-2.744,-2.969,-3.252,-2.686,6.474,-2.744
D106M,0.321,-3.141,-3.435,-2.846,8.638,-4.487,-3.141,-3.435,-2.846,8.638,-4.487
D106N,0.321,-2.936,-3.222,-2.651,6.032,-1.653,-2.936,-3.222,-2.651,6.032,-1.653
D106P,0.321,-2.984,-3.316,-2.652,7.131,-1.375,-2.984,-3.316,-2.652,7.131,-1.375
D106Q,0.321,-2.950,-3.242,-2.657,6.315,-1.989,-2.950,-3.242,-2.657,6.315,-1.989
D106R,0.321,-3.035,-3.406,-2.664,8.298,-2.302,-3.035,-3.406,-2.664,8.298,-2.302
D106S,0.321,-2.930,-3.201,-2.658,5.734,-0.934,-2.930,-3.201,-2.658,5.734,-0.934
D106T,0.321,-2.978,-3.298,-2.658,6.970,-2.068,-2.978,-3.298,-2.658,6.970,-2.068
D106V,0.321,-2.991,-3.290,-2.692,6.816,-2.869,-2.991,-3.290,-2.692,6.816,-2.869
D106W,0.321,-3.224,-3.386,-3.062,8.147,-5.920,-3.224,-3.386,-3.062,8.147,-5.920
D106Y,0.321,-3.109,-3.373,-2.845,7.809,-4.474,-3.109,-3.373,-2.845,7.809,-4.474
L107A,0.316,-2.980,-3.306,-2.653,7.134,-1.532,-2.980,-3.306,-2.653,7.134,-1.532
L107C,0.316,-3.032,-3.364,-2.700,7.859,-3.004,-3.032,-3.364,-2.700,7.859,-3.004
L107D,0.316,-2.974,-3.274,-2.675,6.741,-2.523,-2.974,-3.274,-2.675,6.741,-2.523
L107E,0.316,-2.961,-3.247,-2.675,6.454,-2.518,-2.961,-3.247,-2.675,6.454,-2.518
L107F,0.316,-2.988,-3.303,-2.672,7.269,-2.413,-2.988,-3.303,-2.672,7.269,-2.413
L107G,0.316,-2.988,-3.325,-2.652,7.384,-1.416,-2.988,-3.325,-2.652,7.384,-1.416
L107H,0.316,-3.026,-3.356,-2.696,7.848,-2.883,-3.026,-3.356,-2.696,7.848,-2.883
L107I,0.316,-2.977,-3.301,-2.653,7.082,-1.310,-2.977,-3.301,-2.653,7.082,-1.310
L107K,0.316,-3.057,-3.415,-2.699,8.437,-2.958,-3.057,-3.415,-2.699,8.437,-2.958
L107M,0.316,-3.008,-3.357,-2.660,7.849,-2.136,-3.008,-3.357,-2.660,7.849,-2.136
L107N,0.316,-2.974,-3.261,-2.687,6.660,-2.746,-2.974,-3.261,-2.687,6.660,-2.746
L107P,0.316,-2.982,-3.313,-2.652,7.335,-1.296,-2.982,-3.313,-2.652,7.335,-1.296
L107Q,0.316,-3.024,-3.380,-2.667,8.144,-2.304,-3.024,-3.380,-2.667,8.144,-2.304
L107R,0.316,-3.013,-3.371,-2.655,8.022,-1.882,-3.013,-3.371,-2.655,8.022,-1.882
L107S,0.316,-2.974,-3.285,-2.663,6.867,-0.837,-2.974,-3.285,-2.663,6.867,-0.837
L107T,0.316,-2.976,-3.302,-2.650,7.150,-1.395,-2.976,-3.302,-2.650,7.150,-1.395
L107V,0.316,-3.000,-3.338,-2.663,7.570,-0.812,-3.000,-3.338,-2.663,7.570,-0.812
L107W,0.316,-3.117,-3.368,-2.867,7.951,-4.639,-3.117,-3.368,-2.867,7.951,-4.639
L107Y,0.316,-3.097,-3.406,-2.788,8.391,-3.980,-3.097,-3.406,-2.788,8.391,-3.980
S108A,0.296,-2.976,-3.294,-2.657,7.000,-0.977,-2.976,-3.294,-2.657,7.000,-0.977
S108C,0.296,-2.996,-3.335,-2.657,7.402,-2.048,-2.996,-3.335,-2.657,7.402,-2.048
S108D,0.296,-2.919,-3.187,-2.651,5.702,-1.371,-2.919,-3.187,-2.651,5.702,-1.371
S108E,0.296,-2.890,-3.128,-2.651,4.880,-1.474,-2.890,-3.128,-2.651,4.880,-1.474
S108F,0.296,-3.023,-3.361,-2.685,7.711,-2.755,-3.023,-3.361,-2.685,7.711,-2.755
S108G,0.296,-2.940,-3.214,-2.667,5.964,-0.711,-2.940,-3.214,-2.667,5.964,-0.711
S108H,0.296,-2.907,-3.161,-2.654,5.378,-1.711,-2.907,-3.161,-2.654,5.378,-1.711
S108I,0.296,-3.011,-3.345,-2.676,7.585,-2.544,-3.011,-3.345,-2.676,7.585,-2.544
S108K,0.296,-2.968,-3.285,-2.651,6.842,-1.702,-2.968,-3.285,-2.651,6.842,-1.702
S108L,0.296,-3.011,-3.365,-2.657,7.802,-1.043,-3.011,-3.365,-2.657,7.802,-1.043
S108M,0.296,-3.016,-3.338,-2.693,7.493,-2.814,-3.016,-3.338,-2.693,7.493,-2.814
S108N,0.296,-2.846,-3.041,-2.650,3.858,-1.370,-2.846,-3.041,-2.650,3.858,-1.370
S108P,0.296,-2.942,-3.232,-2.652,6.175,-1.186,-2.942,-3.232,-2.652,6.175,-1.186
S108Q,0.296,-2.964,-3.271,-2.656,6.627,-1.045,-2.964,-3.271,-2.656,6.627,-1.045
S108R,0.296,-2.974,-3.289,-2.659,6.769,-0.943,-2.974,-3.289,-2.659,6.769,-0.943
S108T,0.296,-2.884,-3.111,-2.658,4.671,-0.985,-2.884,-3.111,-2.658,4.671,-0.985
S108V,0.296,-2.976,-3.301,-2.652,7.075,-1.530,-2.976,-3.301,-2.652,7.075,-1.530
S108W,0.296,-3.100,-3.385,-2.815,8.054,-4.247,-3.100,-3.385,-2.815,8.054,-4.247
S108Y,0.296,-3.044,-3.384,-2.703,8.040,-3.038,-3.044,-3.384,-2.703,8.040,-3.038
S109A,0.294,-2.761,-2.865,-2.657,1.864,-1.065,-2.761,-2.865,-2.657,1.864,-1.065
S109C,0.294,-2.950,-3.223,-2.677,6.089,-2.572,-2.950,-3.223,-2.677,6.089,-2.572
S109D,0.294,-2.822,-2.987,-2.657,3.202,-2.014,-2.822,-2.987,-2.657,3.202,-2.014
S109E,0.294,-2.779,-2.898,-2.660,2.140,-2.209,-2.779,-2.898,-2.660,2.140,-2.209
S109F,0.294,-2.964,-3.150,-2.778,5.201,-3.892,-2.964,-3.150,-2.778,5.201,-3.892
S109G,0.294,-2.829,-2.998,-2.660,3.445,-0.895,-2.829,-2.998,-2.660,3.445,-0.895
S109H,0.294,-2.888,-3.108,-2.667,4.657,-2.349,-2.888,-3.108,-2.667,4.657,-2.349
S109I,0.294,-2.992,-3.220,-2.765,6.022,-3.776,-2.992,-3.220,-2.765,6.022,-3.776
S109K,0.294,-2.918,-3.184,-2.652,5.545,-1.881,-2.918,-3.184,-2.652,5.545,-1.881
S109L,0.294,-2.878,-3.094,-2.661,4.620,-2.188,-2.878,-3.094,-2.661,4.620,-2.188
S109M,0.294,-2.934,-3.122,-2.746,4.882,-3.560,-2.934,-3.122,-2.746,4.882,-3.560
S109N,0.294,-2.820,-2.989,-2.652,3.337,-1.815,-2.820,-2.989,-2.652,3.337,-1.815
S109P,0.294,-2.926,-3.200,-2.651,5.797,-1.597,-2.926,-3.200,-2.651,5.797,-1.597
S109Q,0.294,-2.821,-2.990,-2.652,3.302,-1.703,-2.821,-2.990,-2.652,3.302,-1.703
S109R,0.294,-2.889,-3.123,-2.655,5.012,-1.095,-2.889,-3.123,-2.655,5.012,-1.095
S109T,0.294,-2.716,-2.778,-2.655,0.856,-1.094,-2.716,-2.778,-2.655,0.856,-1.094
S109V,0.294,-2.883,-3.100,-2.666,4.595,-2.279,-2.883,-3.100,-2.666,4.595,-2.279
S109W,0.294,-3.026,-3.203,-2.848,5.819,-4.503,-3.026,-3.203,-2.848,5.819,-4.503
S109Y,0.294,-2.990,-3.172,-2.809,5.391,-4.171,-2.990,-3.172,-2.809,5.391,-4.171
S110A,0.286,-2.896,-3.112,-2.681,4.755,-0.412,-2.896,-3.112,-2.681,4.755,-0.412
S110C,0.286,-2.900,-3.149,-2.652,5.203,-1.820,-2.900,-3.149,-2.652,5.203,-1.820
S110D,0.286,-2.875,-3.095,-2.654,4.600,-1.164,-2.875,-3.095,-2.654,4.600,-1.164
S110E,0.286,-2.940,-3.225,-2.655,6.166,-1.132,-2.940,-3.225,-2.655,6.166,-1.132
S110F,0.286,-2.975,-3.272,-2.678,6.706,-2.603,-2.975,-3.272,-2.678,6.706,-2.603
S110G,0.286,-2.901,-3.124,-2.678,4.916,-0.464,-2.901,-3.124,-2.678,4.916,-0.464
S110H,0.286,-2.922,-3.191,-2.653,5.809,-1.780,-2.922,-3.191,-2.653,5.809,-1.780
S110I,0.286,-2.945,-3.217,-2.673,6.068,-2.496,-2.945,-3.217,-2.673,6.068,-2.496
S110K,0.286,-2.932,-3.212,-2.651,5.793,-1.399,-2.932,-3.212,-2.651,5.793,-1.399
S110L,0.286,-2.962,-3.266,-2.659,6.534,-0.957,-2.962,-3.266,-2.659,6.534,-0.957
S110M,0.286,-2.948,-3.214,-2.681,5.962,-2.663,-2.948,-3.214,-2.681,5.962,-2.663
S110N,0.286,-2.846,-3.038,-2.654,3.948,-1.842,-2.846,-3.038,-2.654,3.948,-1.842
S110P,0.286,-2.914,-3.154,-2.673,5.238,-0.530,-2.914,-3.154,-2.673,5.238,-0.530
S110Q,0.286,-2.922,-3.185,-2.659,5.595,-0.921,-2.922,-3.185,-2.659,5.595,-0.921
S110R,0.286,-2.940,-3.206,-2.675,5.808,-0.523,-2.940,-3.206,-2.675,5.808,-0.523
S110T,0.286,-2.840,-3.019,-2.660,3.679,-0.904,-2.840,-3.019,-2.660,3.679,-0.904
S110V,0.286,-2.920,-3.184,-2.657,5.577,-1.019,-2.920,-3.184,-2.657,5.577,-1.019
S110W,0.286,-3.017,-3.294,-2.740,6.991,-3.504,-3.017,-3.294,-2.740,6.991,-3.504
S110Y,0.286,-3.000,-3.303,-2.696,7.062,-2.914,-3.000,-3.303,-2.696,7.062,-2.914
V111A,0.282,-2.905,-3.056,-2.754,4.160,0.533,-2.905,-3.056,-2.754,4.160,0.533
V111C,0.282,-2.858,-3.059,-2.657,3.971,-0.985,-2.858,-3.059,-2.657,3.971,-0.985
V111D,0.282,-2.859,-3.039,-2.679,3.872,-0.406,-2.859,-3.039,-2.679,3.872,-0.406
V111E,0.282,-2.840,-2.994,-2.686,3.309,-0.283,-2.840,-2.994,-2.686,3.309,-0.283
V111F,0.282,-2.856,-3.059,-2.652,4.124,-1.700,-2.856,-3.059,-2.652,4.124,-1.700
V111G,0.282,-2.883,-3.030,-2.737,3.811,0.372,-2.883,-3.030,-2.737,3.811,0.372
V111H,0.282,-2.851,-3.029,-2.673,3.721,-0.594,-2.851,-3.029,-2.673,3.721,-0.594
V111I,0.282,-2.734,-2.817,-2.651,1.330,-1.337,-2.734,-2.817,-2.651,1.330,-1.337
V111K,0.282,-2.904,-3.113,-2.695,4.801,-0.173,-2.904,-3.113,-2.695,4.801,-0.173
V111L,0.282,-2.763,-2.797,-2.729,1.140,0.270,-2.763,-2.797,-2.729,1.140,0.270
V111M,0.282,-2.864,-3.075,-2.653,4.263,-1.734,-2.864,-3.075,-2.653,4.263,-1.734
V111N,0.282,-2.863,-3.064,-2.662,4.278,-0.845,-2.863,-3.064,-2.662,4.278,-0.845
V111P,0.282,-2.901,-3.050,-2.752,4.017,0.522,-2.901,-3.050,-2.752,4.017,0.522
V111Q,0.282,-2.939,-3.154,-2.724,5.225,0.203,-2.939,-3.154,-2.724,5.225,0.203
V111R,0.282,-2.759,-2.748,-2.770,0.379,0.687,-2.759,-2.748,-2.770,0.379,0.687
V111S,0.282,-2.875,-2.907,-2.843,2.352,1.286,-2.875,-2.907,-2.843,2.352,1.286
V111T,0.282,-2.852,-2.987,-2.716,3.153,0.131,-2.852,-2.987,-2.716,3.153,0.131
V111W,0.282,-2.910,-3.146,-2.675,5.160,-2.535,-2.910,-3.146,-2.675,5.160,-2.535
V111Y,0.282,-2.867,-3.069,-2.666,4.223,-2.314,-2.867,-3.069,-2.666,4.223,-2.314
L112A,0.286,-2.962,-3.215,-2.710,5.878,0.048,-2.962,-3.215,-2.710,5.878,0.048
L112C,0.286,-2.943,-3.235,-2.651,6.151,-1.445,-2.943,-3.235,-2.651,6.151,-1.445
L112D,0.286,-2.975,-3.293,-2.657,7.014,-1.048,-2.975,-3.293,-2.657,7.014,-1.048
L112E,0.286,-2.924,-3.175,-2.674,5.472,-0.565,-2.924,-3.175,-2.674,5.472,-0.565
L112F,0.286,-2.923,-3.192,-2.654,5.663,-1.809,-2.923,-3.192,-2.654,5.663,-1.809
L112G,0.286,-3.024,-3.349,-2.698,7.576,-0.130,-3.024,-3.349,-2.698,7.576,-0.130
L112H,0.286,-2.980,-3.306,-2.655,7.041,-1.089,-2.980,-3.306,-2.655,7.041,-1.089
L112I,0.286,-2.982,-3.312,-2.652,7.220,-1.371,-2.982,-3.312,-2.652,7.220,-1.371
L112K,0.286,-2.936,-3.168,-2.705,5.420,-0.043,-2.936,-3.168,-2.705,5.420,-0.043
L112M,0.286,-2.996,-3.334,-2.658,7.351,-2.071,-2.996,-3.334,-2.658,7.351,-2.071
L112N,0.286,-2.979,-3.301,-2.657,6.980,-1.055,-2.979,-3.301,-2.657,6.980,-1.055
L112P,0.286,-3.006,-3.304,-2.709,7.117,0.029,-3.006,-3.304,-2.709,7.117,0.029
L112Q,0.286,-2.988,-3.266,-2.710,6.563,0.033,-2.988,-3.266,-2.710,6.563,0.033
L112R,0.286,-2.950,-3.179,-2.722,5.538,0.209,-2.950,-3.179,-2.722,5.538,0.209
L112S,0.286,-2.944,-3.146,-2.742,5.173,0.422,-2.944,-3.146,-2.742,5.173,0.422
L112T,0.286,-2.950,-3.218,-2.681,5.947,-0.382,-2.950,-3.218,-2.681,5.947,-0.382
L112V,0.286,-2.938,-3.191,-2.686,5.705,-0.296,-2.938,-3.191,-2.686,5.705,-0.296
L112W,0.286,-3.047,-3.361,-2.733,7.708,-3.425,-3.047,-3.361,-2.733,7.708,-3.425
L112Y,0.286,-3.000,-3.323,-2.677,7.331,-2.585,-3.000,-3.323,-2.677,7.331,-2.585
P113A,0.278,-2.954,-3.251,-2.656,6.329,-1.056,-2.954,-3.251,-2.656,6.329,-1.056
P113C,0.278,-2.988,-3.270,-2.707,6.641,-3.092,-2.988,-3.270,-2.707,6.641,-3.092
P113D,0.278,-2.974,-3.298,-2.651,6.951,-1.453,-2.974,-3.298,-2.651,6.951,-1.453
P113E,0.278,-2.918,-3.185,-2.652,5.550,-1.387,-2.918,-3.185,-2.652,5.550,-1.387
P113F,0.278,-3.064,-3.336,-2.791,7.412,-4.019,-3.064,-3.336,-2.791,7.412,-4.019
P113G,0.278,-2.944,-3.230,-2.658,6.166,-0.941,-2.944,-3.230,-2.658,6.166,-0.941
P113H,0.278,-2.932,-3.201,-2.664,5.794,-2.285,-2.932,-3.201,-2.664,5.794,-2.285
P113I,0.278,-3.068,-3.372,-2.764,7.883,-3.772,-3.068,-3.372,-2.764,7.883,-3.772
P113K,0.278,-3.012,-3.366,-2.657,7.772,-2.095,-3.012,-3.366,-2.657,7.772,-2.095
P113L,0.278,-2.922,-3.185,-2.658,5.519,-2.097,-2.922,-3.185,-2.658,5.519,-2.097
P113M,0.278,-3.064,-3.365,-2.764,7.806,-3.767,-3.064,-3.365,-2.764,7.806,-3.767
P113N,0.278,-2.934,-3.216,-2.652,5.978,-1.754,-2.934,-3.216,-2.652,5.978,-1.754
P113Q,0.278,-3.002,-3.353,-2.651,7.617,-1.417,-3.002,-3.353,-2.651,7.617,-1.417
P113R,0.278,-3.006,-3.359,-2.653,7.699,-1.552,-3.006,-3.359,-2.653,7.699,-1.552
P113S,0.278,-2.904,-3.131,-2.676,4.931,-0.499,-2.904,-3.131,-2.676,4.931,-0.499
P113T,0.278,-2.910,-3.168,-2.651,5.402,-1.493,-2.910,-3.168,-2.651,5.402,-1.493
P113V,0.278,-2.956,-3.245,-2.666,6.247,-2.302,-2.956,-3.245,-2.666,6.247,-2.302
P113W,0.278,-3.170,-3.384,-2.955,8.021,-5.260,-3.170,-3.384,-2.955,8.021,-5.260
P113Y,0.278,-3.096,-3.375,-2.818,7.911,-4.252,-3.096,-3.375,-2.818,7.911,-4.252
G114A,0.272,-2.656,-2.593,-2.718,-1.399,0.157,-2.656,-2.593,-2.718,-1.399,0.157
G114C,0.272,-2.810,-2.968,-2.651,2.966,-1.626,-2.810,-2.968,-2.651,2.966,-1.626
G114D,0.272,-2.774,-2.896,-2.653,2.259,-1.102,-2.774,-2.896,-2.653,2.259,-1.102
G114E,0.272,-2.776,-2.876,-2.676,1.839,-0.481,-2.776,-2.876,-2.676,1.839,-0.481
G114F,0.272,-2.800,-2.903,-2.697,2.343,-2.942,-2.800,-2.903,-2.697,2.343,-2.942
G114H,0.272,-2.834,-3.013,-2.655,3.573,-1.866,-2.834,-3.013,-2.655,3.573,-1.866
G114I,0.272,-2.827,-2.978,-2.675,3.109,-2.523,-2.827,-2.978,-2.675,3.109,-2.523
G114K,0.272,-2.848,-3.026,-2.669,3.689,-0.641,-2.848,-3.026,-2.669,3.689,-0.641
G114L,0.272,-2.702,-2.738,-2.666,0.138,-0.729,-2.702,-2.738,-2.666,0.138,-0.729
G114M,0.272,-2.779,-2.896,-2.662,2.167,-2.233,-2.779,-2.896,-2.662,2.167,-2.233
G114N,0.272,-2.824,-2.996,-2.652,3.357,-1.414,-2.824,-2.996,-2.652,3.357,-1.414
G114P,0.272,-2.820,-2.923,-2.717,2.368,0.148,-2.820,-2.923,-2.717,2.368,0.148
G114Q,0.272,-2.866,-3.048,-2.684,3.936,-0.337,-2.866,-3.048,-2.684,3.936,-0.337
G114R,0.272,-2.852,-3.009,-2.695,3.582,-0.172,-2.852,-3.009,-2.695,3.582,-0.172
G114S,0.272,-2.692,-2.592,-2.792,-1.420,0.889,-2.692,-2.592,-2.792,-1.420,0.889
G114T,0.272,-2.672,-2.646,-2.697,-0.797,-0.150,-2.672,-2.646,-2.697,-0.797,-0.150
G114V,0.272,-2.772,-2.882,-2.663,1.942,-0.838,-2.772,-2.882,-2.663,1.942,-0.838
G114W,0.272,-2.898,-3.051,-2.744,3.976,-3.533,-2.898,-3.051,-2.744,3.976,-3.533
G114Y,0.272,-2.882,-3.022,-2.742,3.573,-3.504,-2.882,-3.022,-2.742,3.573,-3.504
D115A,0.272,-2.738,-2.775,-2.701,0.664,-0.064,-2.738,-2.775,-2.701,0.664,-0.064
D115C,0.272,-2.767,-2.879,-2.655,1.944,-1.908,-2.767,-2.879,-2.655,1.944,-1.908
D115E,0.272,-2.794,-2.897,-2.690,2.148,-0.254,-2.794,-2.897,-2.690,2.148,-0.254
D115F,0.272,-2.837,-2.987,-2.687,3.253,-2.784,-2.837,-2.987,-2.687,3.253,-2.784
D115G,0.272,-2.818,-2.914,-2.721,2.325,0.153,-2.818,-2.914,-2.721,2.325,0.153
D115H,0.272,-2.688,-2.722,-2.653,0.110,-1.340,-2.688,-2.722,-2.653,0.110,-1.340
D115I,0.272,-2.795,-2.934,-2.656,2.585,-2.007,-2.795,-2.934,-2.656,2.585,-2.007
D115K,0.272,-2.823,-2.992,-2.654,3.166,-1.204,-2.823,-2.992,-2.654,3.166,-1.204
D115L,0.272,-2.768,-2.881,-2.654,1.999,-1.154,-2.768,-2.881,-2.654,1.999,-1.154
D115M,0.272,-2.862,-3.045,-2.678,3.850,-2.622,-2.862,-3.045,-2.678,3.850,-2.622
D115N,0.272,-2.702,-2.736,-2.669,0.314,-0.686,-2.702,-2.736,-2.669,0.314,-0.686
D115P,0.272,-2.876,-3.034,-2.718,3.799,0.131,-2.876,-3.034,-2.718,3.799,0.131
D115Q,0.272,-2.785,-2.898,-2.672,2.169,-0.603,-2.785,-2.898,-2.672,2.169,-0.603
D115R,0.272,-2.816,-2.965,-2.667,3.030,-0.697,-2.816,-2.965,-2.667,3.030,-0.697
D115S,0.272,-2.781,-2.784,-2.778,0.755,0.748,-2.781,-2.784,-2.778,0.755,0.748
D115T,0.272,-2.700,-2.711,-2.690,-0.033,-0.242,-2.700,-2.711,-2.690,-0.033,-0.242
D115V,0.272,-2.778,-2.894,-2.663,2.080,-0.864,-2.778,-2.894,-2.663,2.080,-0.864
D115W,0.272,-2.918,-3.034,-2.801,3.785,-4.101,-2.918,-3.034,-2.801,3.785,-4.101
D115Y,0.272,-2.782,-2.845,-2.718,1.632,-3.239,-2.782,-2.845,-2.718,1.632,-3.239
S116A,0.266,-2.911,-3.148,-2.674,5.281,-0.524,-2.911,-3.148,-2.674,5.281,-0.524
S116C,0.266,-2.923,-3.176,-2.669,5.588,-2.359,-2.923,-3.176,-2.669,5.588,-2.359
S116D,0.266,-2.955,-3.245,-2.665,6.305,-0.766,-2.955,-3.245,-2.665,6.305,-0.766
S116E,0.266,-2.886,-3.107,-2.665,4.606,-0.731,-2.886,-3.107,-2.665,4.606,-0.731
S116F,0.266,-3.019,-3.343,-2.695,7.573,-2.911,-3.019,-3.343,-2.695,7.573,-2.911
S116G,0.266,-2.993,-3.284,-2.702,6.704,-0.064,-2.993,-3.284,-2.702,6.704,-0.064
S116H,0.266,-2.990,-3.327,-2.653,7.292,-1.820,-2.990,-3.327,-2.653,7.292,-1.820
S116I,0.266,-3.011,-3.351,-2.671,7.614,-2.442,-3.011,-3.351,-2.671,7.614,-2.442
S116K,0.266,-2.940,-3.224,-2.656,6.021,-1.070,-2.940,-3.224,-2.656,6.021,-1.070
S116L,0.266,-2.962,-3.272,-2.651,6.687,-1.364,-2.962,-3.272,-2.651,6.687,-1.364
S116M,0.266,-3.000,-3.321,-2.678,7.280,-2.591,-3.000,-3.321,-2.678,7.280,-2.591
S116N,0.266,-2.928,-3.205,-2.651,5.810,-1.431,-2.928,-3.205,-2.651,5.810,-1.431
S116P,0.266,-2.953,-3.234,-2.672,6.192,-0.585,-2.953,-3.234,-2.672,6.192,-0.585
S116Q,0.266,-2.941,-3.222,-2.660,6.057,-0.938,-2.941,-3.222,-2.660,6.057,-0.938
S116R,0.266,-2.961,-3.253,-2.669,6.452,-0.629,-2.961,-3.253,-2.669,6.452,-0.629
S116T,0.266,-2.896,-3.126,-2.667,4.959,-0.673,-2.896,-3.126,-2.667,4.959,-0.673
S116V,0.266,-2.907,-3.162,-2.653,5.385,-1.256,-2.907,-3.162,-2.653,5.385,-1.256
S116W,0.266,-3.071,-3.338,-2.804,7.459,-4.134,-3.071,-3.338,-2.804,7.459,-4.134
S116Y,0.266,-3.048,-3.379,-2.716,8.019,-3.227,-3.048,-3.379,-2.716,8.019,-3.227
V117A,0.260,-2.754,-2.714,-2.794,-0.021,0.889,-2.754,-2.714,-2.794,-0.021,0.889
V117C,0.260,-2.880,-3.095,-2.666,4.512,-0.738,-2.880,-3.095,-2.666,4.512,-0.738
V117D,0.260,-2.864,-2.918,-2.810,2.378,1.023,-2.864,-2.918,-2.810,2.378,1.023
V117E,0.260,-2.827,-2.868,-2.787,1.748,0.839,-2.827,-2.868,-2.787,1.748,0.839
V117F,0.260,-2.891,-3.129,-2.652,4.896,-1.771,-2.891,-3.129,-2.652,4.896,-1.771
V117G,0.260,-2.883,-2.936,-2.829,2.599,1.171,-2.883,-2.936,-2.829,2.599,1.171
V117H,0.260,-2.902,-3.103,-2.701,4.509,-0.082,-2.902,-3.103,-2.701,4.509,-0.082
V117I,0.260,-2.808,-2.964,-2.651,2.990,-1.357,-2.808,-2.964,-2.651,2.990,-1.357
V117K,0.260,-2.909,-3.077,-2.741,4.336,0.387,-2.909,-3.077,-2.741,4.336,0.387
V117L,0.260,-2.842,-2.963,-2.721,2.884,0.174,-2.842,-2.963,-2.721,2.884,0.174
V117M,0.260,-2.858,-3.062,-2.653,4.069,-1.656,-2.858,-3.062,-2.653,4.069,-1.656
V117N,0.260,-2.866,-3.000,-2.731,3.373,0.300,-2.866,-3.000,-2.731,3.373,0.300
V117P,0.260,-2.875,-2.971,-2.780,2.973,0.781,-2.875,-2.971,-2.780,2.973,0.781
V117Q,0.260,-2.899,-2.999,-2.799,3.320,0.933,-2.899,-2.999,-2.799,3.320,0.933
V117R,0.260,-2.933,-3.055,-2.811,4.043,1.027,-2.933,-3.055,-2.811,4.043,1.027
V117S,0.260,-2.848,-2.782,-2.914,0.676,1.750,-2.848,-2.782,-2.914,0.676,1.750
V117T,0.260,-2.757,-2.739,-2.775,0.299,0.747,-2.757,-2.739,-2.775,0.299,0.747
V117W,0.260,-2.902,-3.116,-2.687,4.749,-2.775,-2.902,-3.116,-2.687,4.749,-2.775
V117Y,0.260,-2.854,-3.051,-2.657,3.985,-1.992,-2.854,-3.051,-2.657,3.985,-1.992
G118A,0.260,-3.000,-3.280,-2.721,6.722,0.169,-3.000,-3.280,-2.721,6.722,0.169
G118C,0.260,-3.038,-3.406,-2.670,8.291,-0.579,-3.038,-3.406,-2.670,8.291,-0.579
G118D,0.260,-2.962,-3.195,-2.729,5.824,0.283,-2.962,-3.195,-2.729,5.824,0.283
G118E,0.260,-2.997,-3.263,-2.731,6.490,0.297,-2.997,-3.263,-2.731,6.490,0.297
G118F,0.260,-3.009,-3.366,-2.652,7.716,-1.257,-3.009,-3.366,-2.652,7.716,-1.257
G118H,0.260,-3.044,-3.346,-2.742,7.450,0.428,-3.044,-3.346,-2.742,7.450,0.428
G118I,0.260,-2.942,-3.231,-2.652,6.092,-1.551,-2.942,-3.231,-2.652,6.092,-1.551
G118K,0.260,-3.014,-3.293,-2.734,6.856,0.333,-3.014,-3.293,-2.734,6.856,0.333
G118L,0.260,-2.895,-3.099,-2.691,4.539,-0.230,-2.895,-3.099,-2.691,4.539,-0.230
G118M,0.260,-2.942,-3.230,-2.655,6.115,-1.929,-2.942,-3.230,-2.655,6.115,-1.929
G118N,0.260,-3.023,-3.324,-2.722,7.287,0.196,-3.023,-3.324,-2.722,7.287,0.196
G118P,0.260,-3.062,-3.343,-2.782,7.388,0.795,-3.062,-3.343,-2.782,7.388,0.795
G118Q,0.260,-3.076,-3.375,-2.777,7.879,0.763,-3.076,-3.375,-2.777,7.879,0.763
G118R,0.260,-3.072,-3.338,-2.807,7.330,0.997,-3.072,-3.338,-2.807,7.330,0.997
G118S,0.260,-3.075,-3.301,-2.849,6.922,1.324,-3.075,-3.301,-2.849,6.922,1.324
G118T,0.260,-2.982,-3.199,-2.766,5.715,0.647,-2.982,-3.199,-2.766,5.715,0.647
G118V,0.260,-2.944,-3.210,-2.678,5.897,-0.456,-2.944,-3.210,-2.678,5.897,-0.456
G118W,0.260,-3.050,-3.393,-2.708,8.137,-3.097,-3.050,-3.393,-2.708,8.137,-3.097
G118Y,0.260,-3.024,-3.385,-2.662,8.052,-0.890,-3.024,-3.385,-2.662,8.052,-0.890
L119A,0.250,-2.950,-3.244,-2.656,6.276,-1.046,-2.950,-3.244,-2.656,6.276,-1.046
L119C,0.250,-2.961,-3.186,-2.736,5.638,-3.467,-2.961,-3.186,-2.736,5.638,-3.467
L119D,0.250,-2.963,-3.274,-2.652,6.674,-1.382,-2.963,-3.274,-2.652,6.674,-1.382
L119E,0.250,-2.932,-3.212,-2.651,5.874,-1.554,-2.932,-3.212,-2.651,5.874,-1.554
L119F,0.250,-3.000,-3.326,-2.674,7.362,-2.529,-3.000,-3.326,-2.674,7.362,-2.529
L119G,0.250,-2.938,-3.220,-2.656,5.971,-1.105,-2.938,-3.220,-2.656,5.971,-1.105
L119H,0.250,-3.023,-3.368,-2.678,7.796,-2.602,-3.023,-3.368,-2.678,7.796,-2.602
L119I,0.250,-2.899,-3.147,-2.651,5.093,-1.383,-2.899,-3.147,-2.651,5.093,-1.383
L119K,0.250,-2.978,-3.281,-2.674,6.765,-2.497,-2.978,-3.281,-2.674,6.765,-2.497
L119M,0.250,-2.941,-3.229,-2.653,6.198,-1.851,-2.941,-3.229,-2.653,6.198,-1.851
L119N,0.250,-2.928,-3.199,-2.658,5.711,-2.118,-2.928,-3.199,-2.658,5.711,-2.118
L119P,0.250,-2.980,-3.302,-2.657,7.065,-1.072,-2.980,-3.302,-2.657,7.065,-1.072
L119Q,0.250,-3.002,-3.348,-2.655,7.633,-1.860,-3.002,-3.348,-2.655,7.633,-1.860
L119R,0.250,-3.012,-3.370,-2.655,7.810,-1.982,-3.012,-3.370,-2.655,7.810,-1.982
L119S,0.250,-2.940,-3.220,-2.661,5.930,-0.884,-2.940,-3.220,-2.661,5.930,-0.884
L119T,0.250,-2.943,-3.232,-2.654,6.235,-1.234,-2.943,-3.232,-2.654,6.235,-1.234
L119V,0.250,-2.928,-3.188,-2.668,5.552,-0.669,-2.928,-3.188,-2.668,5.552,-0.669
L119W,0.250,-3.140,-3.381,-2.899,7.994,-4.877,-3.140,-3.381,-2.899,7.994,-4.877
L119Y,0.250,-3.068,-3.362,-2.773,7.783,-3.828,-3.068,-3.362,-2.773,7.783,-3.828
A120C,0.245,-2.971,-3.291,-2.651,6.858,-1.470,-2.971,-3.291,-2.651,6.858,-1.470
A120D,0.245,-2.940,-3.150,-2.730,5.158,0.285,-2.940,-3.150,-2.730,5.158,0.285
A120E,0.245,-2.963,-3.173,-2.753,5.461,0.524,-2.963,-3.173,-2.753,5.461,0.524
A120F,0.245,-3.012,-3.354,-2.671,7.650,-2.422,-3.012,-3.354,-2.671,7.650,-2.422
A120G,0.245,-2.950,-3.195,-2.706,5.599,-0.022,-2.950,-3.195,-2.706,5.599,-0.022
A120H,0.245,-2.951,-3.225,-2.677,6.115,-0.482,-2.951,-3.225,-2.677,6.115,-0.482
A120I,0.245,-3.028,-3.370,-2.685,7.829,-2.728,-3.028,-3.370,-2.685,7.829,-2.728
A120K,0.245,-2.926,-3.132,-2.720,4.888,0.155,-2.926,-3.132,-2.720,4.888,0.155
A120L,0.245,-2.995,-3.339,-2.651,7.418,-1.352,-2.995,-3.339,-2.651,7.418,-1.352
A120M,0.245,-2.967,-3.267,-2.667,6.593,-2.379,-2.967,-3.267,-2.667,6.593,-2.379
A120N,0.245,-2.956,-3.204,-2.709,5.865,0.031,-2.956,-3.204,-2.709,5.865,0.031
A120P,0.245,-2.966,-3.199,-2.732,5.707,0.321,-2.966,-3.199,-2.732,5.707,0.321
A120Q,0.245,-2.981,-3.212,-2.750,5.967,0.502,-2.981,-3.212,-2.750,5.967,0.502
A120R,0.245,-2.988,-3.213,-2.762,5.976,0.613,-2.988,-3.213,-2.762,5.976,0.613
A120S,0.245,-2.986,-3.126,-2.845,4.770,1.298,-2.986,-3.126,-2.845,4.770,1.298
A120T,0.245,-2.914,-3.078,-2.751,4.290,0.504,-2.914,-3.078,-2.751,4.290,0.504
A120V,0.245,-2.981,-3.309,-2.653,7.050,-1.255,-2.981,-3.309,-2.653,7.050,-1.255
A120W,0.245,-3.076,-3.381,-2.771,7.974,-3.836,-3.076,-3.381,-2.771,7.974,-3.836
A120Y,0.245,-3.018,-3.374,-2.661,7.899,-2.190,-3.018,-3.374,-2.661,7.899,-2.190
V121A,0.239,-2.820,-2.963,-2.676,2.931,-0.520,-2.820,-2.963,-2.676,2.931,-0.520
V121C,0.239,-3.007,-3.319,-2.695,7.183,-2.878,-3.007,-3.319,-2.695,7.183,-2.878
V121D,0.239,-2.981,-3.302,-2.660,6.912,-0.856,-2.981,-3.302,-2.660,6.912,-0.856
V121E,0.239,-2.922,-3.190,-2.654,5.578,-1.093,-2.922,-3.190,-2.654,5.578,-1.093
V121F,0.239,-2.931,-3.210,-2.652,5.884,-1.490,-2.931,-3.210,-2.652,5.884,-1.490
V121G,0.239,-2.882,-3.110,-2.655,4.670,-1.094,-2.882,-3.110,-2.655,4.670,-1.094
V121H,0.239,-2.927,-3.200,-2.654,5.735,-1.848,-2.927,-3.200,-2.654,5.735,-1.848
V121I,0.239,-2.896,-3.137,-2.656,4.981,-1.109,-2.896,-3.137,-2.656,4.981,-1.109
V121K,0.239,-2.948,-3.228,-2.668,5.967,-2.389,-2.948,-3.228,-2.668,5.967,-2.389
V121L,0.239,-2.873,-3.009,-2.737,3.404,0.369,-2.873,-3.009,-2.737,3.404,0.369
V121M,0.239,-2.951,-3.247,-2.655,6.371,-1.897,-2.951,-3.247,-2.655,6.371,-1.897
V121N,0.239,-2.912,-3.170,-2.653,5.339,-1.694,-2.912,-3.170,-2.653,5.339,-1.694
V121P,0.239,-2.967,-3.272,-2.662,6.521,-0.920,-2.967,-3.272,-2.662,6.521,-0.920
V121Q,0.239,-2.954,-3.257,-2.650,6.499,-1.413,-2.954,-3.257,-2.650,6.499,-1.413
V121R,0.239,-2.911,-3.171,-2.651,5.348,-1.466,-2.911,-3.171,-2.651,5.348,-1.466
V121S,0.239,-2.856,-3.027,-2.685,3.599,-0.292,-2.856,-3.027,-2.685,3.599,-0.292
V121T,0.239,-2.917,-3.175,-2.659,5.365,-0.923,-2.917,-3.175,-2.659,5.365,-0.923
V121W,0.239,-3.010,-3.229,-2.792,6.153,-4.013,-3.010,-3.229,-2.792,6.153,-4.013
V121Y,0.239,-2.990,-3.289,-2.690,6.853,-2.859,-2.990,-3.289,-2.690,6.853,-2.859
I122A,0.233,-3.033,-3.195,-2.871,5.790,1.481,-3.033,-3.195,-2.871,5.790,1.481
I122C,0.233,-3.032,-3.345,-2.719,7.548,0.150,-3.032,-3.345,-2.719,7.548,0.150
I122D,0.233,-3.030,-3.189,-2.871,5.574,1.477,-3.030,-3.189,-2.871,5.574,1.477
I122E,0.233,-2.982,-3.112,-2.851,4.711,1.340,-2.982,-3.112,-2.851,4.711,1.340
I122F,0.233,-3.012,-3.307,-2.717,7.025,0.146,-3.012,-3.307,-2.717,7.025,0.146
I122G,0.233,-3.042,-3.266,-2.818,6.539,1.079,-3.042,-3.266,-2.818,6.539,1.079
I122H,0.233,-3.007,-3.186,-2.828,5.597,1.179,-3.007,-3.186,-2.828,5.597,1.179
I122K,0.233,-3.010,-3.239,-2.782,6.249,0.799,-3.010,-3.239,-2.782,6.249,0.799
I122L,0.233,-3.068,-3.253,-2.882,6.418,1.562,-3.068,-3.253,-2.882,6.418,1.562
I122M,0.233,-2.951,-3.213,-2.689,6.055,-0.274,-2.951,-3.213,-2.689,6.055,-0.274
I122N,0.233,-3.045,-3.239,-2.851,6.303,1.342,-3.045,-3.239,-2.851,6.303,1.342
I122P,0.233,-3.012,-3.147,-2.876,5.128,1.509,-3.012,-3.147,-2.876,5.128,1.509
I122Q,0.233,-2.972,-3.038,-2.905,3.785,1.708,-2.972,-3.038,-2.905,3.785,1.708
I122R,0.233,-3.034,-3.165,-2.903,5.333,1.688,-3.034,-3.165,-2.903,5.333,1.688
I122S,0.233,-3.055,-3.101,-3.009,4.587,2.307,-3.055,-3.101,-3.009,4.587,2.307
I122T,0.233,-3.010,-3.106,-2.915,4.641,1.768,-3.010,-3.106,-2.915,4.641,1.768
I122V,0.233,-2.900,-2.963,-2.838,2.923,1.241,-2.900,-2.963,-2.838,2.923,1.241
I122W,0.233,-2.996,-3.341,-2.651,7.495,-1.590,-2.996,-3.341,-2.651,7.495,-1.590
I122Y,0.233,-3.002,-3.303,-2.702,7.054,-0.071,-3.002,-3.303,-2.702,7.054,-0.071
L123A,0.233,-2.912,-3.157,-2.666,5.143,-0.697,-2.912,-3.157,-2.666,5.143,-0.697
L123C,0.233,-2.962,-3.272,-2.653,6.625,-1.811,-2.962,-3.272,-2.653,6.625,-1.811
L123D,0.233,-2.980,-3.293,-2.667,6.914,-0.730,-2.980,-3.293,-2.667,6.914,-0.730
L123E,0.233,-2.951,-3.240,-2.662,6.265,-0.892,-2.951,-3.240,-2.662,6.265,-0.892
L123F,0.233,-2.950,-3.244,-2.656,6.240,-1.958,-2.950,-3.244,-2.656,6.240,-1.958
L123G,0.233,-2.948,-3.224,-2.672,5.962,-0.612,-2.948,-3.224,-2.672,5.962,-0.612
L123H,0.233,-2.968,-3.284,-2.651,6.751,-1.408,-2.968,-3.284,-2.651,6.751,-1.408
L123I,0.233,-2.915,-3.181,-2.650,5.517,-1.602,-2.915,-3.181,-2.650,5.517,-1.602
L123K,0.233,-3.022,-3.393,-2.651,8.095,-1.546,-3.022,-3.393,-2.651,8.095,-1.546
L123M,0.233,-2.982,-3.307,-2.656,7.143,-2.029,-2.982,-3.307,-2.656,7.143,-2.029
L123N,0.233,-2.974,-3.283,-2.664,6.817,-0.784,-2.974,-3.283,-2.664,6.817,-0.784
L123P,0.233,-3.048,-3.395,-2.700,8.095,-0.080,-3.048,-3.395,-2.700,8.095,-0.080
L123Q,0.233,-2.997,-3.326,-2.668,7.228,-0.657,-2.997,-3.326,-2.668,7.228,-0.657
L123R,0.233,-2.992,-3.319,-2.664,7.173,-0.844,-2.992,-3.319,-2.664,7.173,-0.844
L123S,0.233,-2.974,-3.211,-2.737,5.946,0.377,-2.974,-3.211,-2.737,5.946,0.377
L123T,0.233,-2.959,-3.229,-2.689,6.112,-0.268,-2.959,-3.229,-2.689,6.112,-0.268
L123V,0.233,-2.900,-3.138,-2.663,4.982,-0.818,-2.900,-3.138,-2.663,4.982,-0.818
L123W,0.233,-3.104,-3.392,-2.817,8.100,-4.246,-3.104,-3.392,-2.817,8.100,-4.246
L123Y,0.233,-3.020,-3.350,-2.689,7.617,-2.799,-3.020,-3.350,-2.689,7.617,-2.799
H124A,0.237,-2.716,-2.655,-2.778,-0.604,0.754,-2.716,-2.655,-2.778,-0.604,0.754
H124C,0.237,-2.747,-2.836,-2.659,1.517,-0.923,-2.747,-2.836,-2.659,1.517,-0.923
H124D,0.237,-2.629,-2.317,-2.941,-4.642,1.908,-2.629,-2.317,-2.941,-4.642,1.908
H124E,0.237,-2.636,-2.358,-2.913,-4.158,1.753,-2.636,-2.358,-2.913,-4.158,1.753
H124F,0.237,-2.744,-2.833,-2.655,1.488,-1.936,-2.744,-2.833,-2.655,1.488,-1.936
H124G,0.237,-2.720,-2.593,-2.846,-1.306,1.301,-2.720,-2.593,-2.846,-1.306,1.301
H124I,0.237,-2.708,-2.764,-2.652,0.735,-1.277,-2.708,-2.764,-2.652,0.735,-1.277
H124K,0.237,-2.691,-2.636,-2.746,-0.798,0.462,-2.691,-2.636,-2.746,-0.798,0.462
H124L,0.237,-2.753,-2.789,-2.717,0.995,0.118,-2.753,-2.789,-2.717,0.995,0.118
H124M,0.237,-2.732,-2.813,-2.651,1.242,-1.349,-2.732,-2.813,-2.651,1.242,-1.349
H124N,0.237,-2.690,-2.580,-2.801,-1.532,0.946,-2.690,-2.580,-2.801,-1.532,0.946
H124P,0.237,-2.811,-2.764,-2.859,0.688,1.386,-2.811,-2.764,-2.859,0.688,1.386
H124Q,0.237,-2.730,-2.648,-2.813,-0.675,1.056,-2.730,-2.648,-2.813,-0.675,1.056
H124R,0.237,-2.714,-2.648,-2.781,-0.693,0.770,-2.714,-2.648,-2.781,-0.693,0.770
H124S,0.237,-2.721,-2.556,-2.886,-1.799,1.580,-2.721,-2.556,-2.886,-1.799,1.580
H124T,0.237,-2.651,-2.535,-2.767,-2.093,0.673,-2.651,-2.535,-2.767,-2.093,0.673
H124V,0.237,-2.766,-2.817,-2.716,1.369,0.114,-2.766,-2.817,-2.716,1.369,0.114
H124W,0.237,-2.768,-2.828,-2.709,1.439,-3.133,-2.768,-2.828,-2.709,1.439,-3.133
H124Y,0.237,-2.742,-2.827,-2.657,1.419,-2.020,-2.742,-2.827,-2.657,1.419,-2.020
T125A,0.243,-2.868,-3.039,-2.698,3.844,-0.115,-2.868,-3.039,-2.698,3.844,-0.115
T125C,0.243,-2.881,-3.110,-2.652,4.678,-1.694,-2.881,-3.110,-2.652,4.678,-1.694
T125D,0.243,-2.763,-2.816,-2.710,1.202,0.022,-2.763,-2.816,-2.710,1.202,0.022
T125E,0.243,-2.796,-2.860,-2.732,1.732,0.313,-2.796,-2.860,-2.732,1.732,0.313
T125F,0.243,-2.951,-3.213,-2.689,5.928,-2.792,-2.951,-3.213,-2.689,5.928,-2.792
T125G,0.243,-2.854,-2.952,-2.756,2.781,0.572,-2.854,-2.952,-2.756,2.781,0.572
T125H,0.243,-2.889,-3.124,-2.654,4.993,-1.156,-2.889,-3.124,-2.654,4.993,-1.156
T125I,0.243,-2.921,-3.176,-2.666,5.457,-2.294,-2.921,-3.176,-2.666,5.457,-2.294
T125K,0.243,-2.849,-3.012,-2.686,3.497,-0.326,-2.849,-3.012,-2.686,3.497,-0.326
T125L,0.243,-2.901,-3.130,-2.672,4.922,-0.560,-2.901,-3.130,-2.672,4.922,-0.560
T125M,0.243,-2.934,-3.211,-2.656,5.874,-2.046,-2.934,-3.211,-2.656,5.874,-2.046
T125N,0.243,-2.746,-2.830,-2.663,1.478,-0.796,-2.746,-2.830,-2.663,1.478,-0.796
T125P,0.243,-2.896,-3.011,-2.780,3.546,0.789,-2.896,-3.011,-2.780,3.546,0.789
T125Q,0.243,-2.892,-3.063,-2.720,4.123,0.168,-2.892,-3.063,-2.720,4.123,0.168
T125R,0.243,-2.867,-3.020,-2.715,3.634,0.118,-2.867,-3.020,-2.715,3.634,0.118
T125S,0.243,-2.887,-2.993,-2.781,3.274,0.805,-2.887,-2.993,-2.781,3.274,0.805
T125V,0.243,-2.886,-3.114,-2.657,4.706,-1.036,-2.886,-3.114,-2.657,4.706,-1.036
T125W,0.243,-2.974,-3.192,-2.757,5.653,-3.690,-2.974,-3.192,-2.757,5.653,-3.690
T125Y,0.243,-2.952,-3.205,-2.698,5.849,-2.949,-2.952,-3.205,-2.698,5.849,-2.949
D126A,0.260,-2.742,-2.815,-2.668,1.271,-0.678,-2.742,-2.815,-2.668,1.271,-0.678
D126C,0.260,-2.887,-3.119,-2.655,4.846,-1.951,-2.887,-3.119,-2.655,4.846,-1.951
D126E,0.260,-2.669,-2.639,-2.699,-0.893,-0.097,-2.669,-2.639,-2.699,-0.893,-0.097
D126F,0.260,-2.883,-3.085,-2.680,4.431,-2.665,-2.883,-3.085,-2.680,4.431,-2.665
D126G,0.260,-2.748,-2.813,-2.682,1.204,-0.359,-2.748,-2.813,-2.682,1.204,-0.359
D126H,0.260,-2.856,-3.056,-2.655,4.121,-1.877,-2.856,-3.056,-2.655,4.121,-1.877
D126I,0.260,-2.856,-3.038,-2.673,3.920,-2.548,-2.856,-3.038,-2.673,3.920,-2.548
D126K,0.260,-2.777,-2.902,-2.652,2.275,-1.729,-2.777,-2.902,-2.652,2.275,-1.729
D126L,0.260,-2.844,-3.035,-2.653,3.853,-1.232,-2.844,-3.035,-2.653,3.853,-1.232
D126M,0.260,-2.902,-3.109,-2.696,4.771,-2.942,-2.902,-3.109,-2.696,4.771,-2.942
D126N,0.260,-2.784,-2.917,-2.650,2.387,-1.551,-2.784,-2.917,-2.650,2.387,-1.551
D126P,0.260,-2.792,-2.893,-2.692,2.107,-0.192,-2.792,-2.893,-2.692,2.107,-0.192
D126Q,0.260,-2.774,-2.892,-2.657,2.096,-0.995,-2.774,-2.892,-2.657,2.096,-0.995
D126R,0.260,-2.766,-2.878,-2.654,1.976,-1.209,-2.766,-2.878,-2.654,1.976,-1.209
D126S,0.260,-2.766,-2.831,-2.700,1.432,-0.116,-2.766,-2.831,-2.700,1.432,-0.116
D126T,0.260,-2.727,-2.802,-2.652,1.198,-1.153,-2.727,-2.802,-2.652,1.198,-1.153
D126V,0.260,-2.822,-2.991,-2.652,3.314,-1.328,-2.822,-2.991,-2.652,3.314,-1.328
D126W,0.260,-2.952,-3.098,-2.805,4.630,-4.146,-2.952,-3.098,-2.805,4.630,-4.146
D126Y,0.260,-2.909,-3.101,-2.717,4.713,-3.191,-2.909,-3.101,-2.717,4.713,-3.191
S127A,0.264,-2.758,-2.848,-2.667,1.602,-0.734,-2.758,-2.848,-2.667,1.602,-0.734
S127C,0.264,-2.846,-3.037,-2.654,3.795,-1.837,-2.846,-3.037,-2.654,3.795,-1.837
S127D,0.264,-2.669,-2.671,-2.667,-0.492,-0.711,-2.669,-2.671,-2.667,-0.492,-0.711
S127E,0.264,-2.690,-2.706,-2.673,-0.187,-0.550,-2.690,-2.706,-2.673,-0.187,-0.550
S127F,0.264,-2.878,-3.071,-2.684,4.221,-2.767,-2.878,-3.071,-2.684,4.221,-2.767
S127G,0.264,-2.780,-2.869,-2.690,1.828,-0.261,-2.780,-2.869,-2.690,1.828,-0.261
S127H,0.264,-2.823,-2.995,-2.651,3.340,-1.612,-2.823,-2.995,-2.651,3.340,-1.612
S127I,0.264,-2.795,-2.929,-2.661,2.652,-2.209,-2.795,-2.929,-2.661,2.652,-2.209
S127K,0.264,-2.750,-2.844,-2.657,1.556,-1.005,-2.750,-2.844,-2.657,1.556,-1.005
S127L,0.264,-2.781,-2.908,-2.654,2.299,-1.091,-2.781,-2.908,-2.654,2.299,-1.091
S127M,0.264,-2.848,-3.005,-2.692,3.469,-2.851,-2.848,-3.005,-2.692,3.469,-2.851
S127N,0.264,-2.722,-2.792,-2.652,0.929,-1.398,-2.722,-2.792,-2.652,0.929,-1.398
S127P,0.264,-2.796,-2.907,-2.685,2.260,-0.337,-2.796,-2.907,-2.685,2.260,-0.337
S127Q,0.264,-2.771,-2.875,-2.667,1.869,-0.725,-2.771,-2.875,-2.667,1.869,-0.725
S127R,0.264,-2.726,-2.781,-2.672,0.800,-0.584,-2.726,-2.781,-2.672,0.800,-0.584
S127T,0.264,-2.803,-2.943,-2.663,2.738,-0.778,-2.803,-2.943,-2.663,2.738,-0.778
S127V,0.264,-2.763,-2.874,-2.652,1.965,-1.284,-2.763,-2.874,-2.652,1.965,-1.284
S127W,0.264,-2.912,-3.064,-2.761,4.174,-3.715,-2.912,-3.064,-2.761,4.174,-3.715
S127Y,0.264,-2.838,-2.970,-2.705,3.027,-3.048,-2.838,-2.970,-2.705,3.027,-3.048
R128A,0.262,-2.794,-2.892,-2.697,2.124,-0.157,-2.794,-2.892,-2.697,2.124,-0.157
R128C,0.262,-2.826,-2.998,-2.653,3.422,-1.233,-2.826,-2.998,-2.653,3.422,-1.233
R128D,0.262,-2.768,-2.856,-2.679,1.619,-0.443,-2.768,-2.856,-2.679,1.619,-0.443
R128E,0.262,-2.668,-2.648,-2.689,-0.737,-0.263,-2.668,-2.648,-2.689,-0.737,-0.263
R128F,0.262,-2.830,-2.995,-2.664,3.357,-2.316,-2.830,-2.995,-2.664,3.357,-2.316
R128G,0.262,-2.700,-2.683,-2.716,-0.347,0.124,-2.700,-2.683,-2.716,-0.347,0.124
R128H,0.262,-2.766,-2.880,-2.652,2.073,-1.207,-2.766,-2.880,-2.652,2.073,-1.207
R128I,0.262,-2.810,-2.968,-2.653,3.104,-1.852,-2.810,-2.968,-2.653,3.104,-1.852
R128K,0.262,-2.738,-2.787,-2.689,0.897,-0.279,-2.738,-2.787,-2.689,0.897,-0.279
R128L,0.262,-2.744,-2.812,-2.677,1.132,-0.478,-2.744,-2.812,-2.677,1.132,-0.478
R128M,0.262,-2.817,-2.970,-2.664,3.063,-2.315,-2.817,-2.970,-2.664,3.063,-2.315
R128N,0.262,-2.737,-2.816,-2.658,1.368,-0.978,-2.737,-2.816,-2.658,1.368,-0.978
R128P,0.262,-2.788,-2.858,-2.719,1.803,0.137,-2.788,-2.858,-2.719,1.803,0.137
R128Q,0.262,-2.711,-2.734,-2.688,0.299,-0.246,-2.711,-2.734,-2.688,0.299,-0.246
R128S,0.262,-2.730,-2.695,-2.765,-0.162,0.643,-2.730,-2.695,-2.765,-0.162,0.643
R128T,0.262,-2.790,-2.896,-2.683,2.218,-0.376,-2.790,-2.896,-2.683,2.218,-0.376
R128V,0.262,-2.808,-2.948,-2.668,2.770,-0.659,-2.808,-2.948,-2.668,2.770,-0.659
R128W,0.262,-2.859,-3.042,-2.677,3.923,-2.585,-2.859,-3.042,-2.677,3.923,-2.585
R128Y,0.262,-2.837,-2.986,-2.688,3.327,-2.803,-2.837,-2.986,-2.688,3.327,-2.803
K129A,0.276,-2.772,-2.752,-2.793,1.730,0.888,-2.772,-2.752,-2.793,1.730,0.888
K129C,0.276,-2.782,-2.909,-2.656,3.338,-1.032,-2.782,-2.909,-2.656,3.338,-1.032
K129D,0.276,-2.633,-2.543,-2.722,-0.425,0.189,-2.633,-2.543,-2.722,-0.425,0.189
K129E,0.276,-2.649,-2.548,-2.750,-0.390,0.485,-2.649,-2.548,-2.750,-0.390,0.485
K129F,0.276,-2.724,-2.793,-2.656,2.164,-1.964,-2.724,-2.793,-2.656,2.164,-1.964
K129G,0.276,-2.664,-2.553,-2.776,-0.324,0.746,-2.664,-2.553,-2.776,-0.324,0.746
K129H,0.276,-2.714,-2.761,-2.667,1.809,-0.728,-2.714,-2.761,-2.667,1.809,-0.728
K129I,0.276,-2.719,-2.787,-2.651,2.103,-1.416,-2.719,-2.787,-2.651,2.103,-1.416
K129L,0.276,-2.720,-2.714,-2.726,1.352,0.255,-2.720,-2.714,-2.726,1.352,0.255
K129M,0.276,-2.774,-2.893,-2.654,3.173,-1.218,-2.774,-2.893,-2.654,3.173,-1.218
K129N,0.276,-2.606,-2.542,-2.669,-0.481,-0.632,-2.606,-2.542,-2.669,-0.481,-0.632
K129P,0.276,-2.790,-2.729,-2.852,1.508,1.348,-2.790,-2.729,-2.852,1.508,1.348
K129Q,0.276,-2.694,-2.640,-2.748,0.560,0.483,-2.694,-2.640,-2.748,0.560,0.483
K129R,0.276,-2.706,-2.622,-2.790,0.372,0.857,-2.706,-2.622,-2.790,0.372,0.857
K129S,0.276,-2.601,-2.371,-2.831,-2.283,1.193,-2.601,-2.371,-2.831,-2.283,1.193
K129T,0.276,-2.662,-2.571,-2.752,-0.147,0.518,-2.662,-2.571,-2.752,-0.147,0.518
K129V,0.276,-2.741,-2.779,-2.703,2.008,-0.046,-2.741,-2.779,-2.703,2.008,-0.046
K129W,0.276,-2.775,-2.881,-2.669,3.079,-2.385,-2.775,-2.881,-2.669,3.079,-2.385
K129Y,0.276,-2.796,-2.921,-2.671,3.470,-2.373,-2.796,-2.921,-2.671,3.470,-2.373
D130A,0.298,-2.670,-2.612,-2.728,0.272,0.259,-2.670,-2.612,-2.728,0.272,0.259
D130C,0.298,-2.824,-2.996,-2.651,4.263,-1.526,-2.824,-2.996,-2.651,4.263,-1.526
D130E,0.298,-2.674,-2.636,-2.713,0.548,0.090,-2.674,-2.636,-2.713,0.548,0.090
D130F,0.298,-2.842,-3.022,-2.662,4.521,-2.186,-2.842,-3.022,-2.662,4.521,-2.186
D130G,0.298,-2.695,-2.675,-2.715,0.916,0.100,-2.695,-2.675,-2.715,0.916,0.100
D130H,0.298,-2.751,-2.849,-2.653,2.721,-1.210,-2.751,-2.849,-2.653,2.721,-1.210
D130I,0.298,-2.690,-2.729,-2.651,1.500,-1.568,-2.690,-2.729,-2.651,1.500,-1.568
D130K,0.298,-2.753,-2.841,-2.665,2.647,-0.773,-2.753,-2.841,-2.665,2.647,-0.773
D130L,0.298,-2.724,-2.765,-2.682,1.886,-0.364,-2.724,-2.765,-2.682,1.886,-0.364
D130M,0.298,-2.846,-3.031,-2.661,4.622,-2.143,-2.846,-3.031,-2.661,4.622,-2.143
D130N,0.298,-2.729,-2.801,-2.656,2.248,-1.043,-2.729,-2.801,-2.656,2.248,-1.043
D130P,0.298,-2.804,-2.837,-2.770,2.616,0.688,-2.804,-2.837,-2.770,2.616,0.688
D130Q,0.298,-2.708,-2.729,-2.687,1.500,-0.311,-2.708,-2.729,-2.687,1.500,-0.311
D130R,0.298,-2.736,-2.788,-2.683,2.125,-0.355,-2.736,-2.788,-2.683,2.125,-0.355
D130S,0.298,-2.730,-2.705,-2.756,1.223,0.552,-2.730,-2.705,-2.756,1.223,0.552
D130T,0.298,-2.714,-2.737,-2.692,1.586,-0.210,-2.714,-2.737,-2.692,1.586,-0.210
D130V,0.298,-2.740,-2.809,-2.671,2.328,-0.574,-2.740,-2.809,-2.671,2.328,-0.574
D130W,0.298,-2.832,-2.959,-2.705,3.854,-3.066,-2.832,-2.959,-2.705,3.854,-3.066
D130Y,0.298,-2.827,-2.975,-2.679,4.028,-2.614,-2.827,-2.975,-2.679,4.028,-2.614
S131A,0.671,,,,,,-2.738,-2.772,-2.705,1.940,-0.008
S131C,0.671,,,,,,-2.862,-3.071,-2.654,5.080,-1.860
S131D,0.671,,,,,,-2.684,-2.706,-2.663,1.264,-0.847
S131E,0.671,,,,,,-2.680,-2.673,-2.687,0.924,-0.318
S131F,0.671,,,,,,-2.885,-3.102,-2.668,5.363,-2.379
S131G,0.671,,,,,,-2.785,-2.878,-2.692,3.043,-0.205
S131H,0.671,,,,,,-2.831,-3.010,-2.652,4.411,-1.715
S131I,0.671,,,,,,-2.788,-2.922,-2.653,3.491,-1.814
S131K,0.671,,,,,,-2.814,-2.965,-2.664,3.933,-0.791
S131L,0.671,,,,,,-2.852,-3.025,-2.679,4.545,-0.415
S131M,0.671,,,,,,-2.875,-3.082,-2.668,5.174,-2.372
S131N,0.671,,,,,,-2.832,-3.012,-2.651,4.443,-1.628
S131P,0.671,,,,,,-2.827,-2.939,-2.714,3.673,0.089
S131Q,0.671,,,,,,-2.758,-2.836,-2.681,2.616,-0.409
S131R,0.671,,,,,,-2.782,-2.893,-2.671,3.182,-0.557
S131T,0.671,,,,,,-2.791,-2.908,-2.674,3.354,-0.570
S131V,0.671,,,,,,-2.811,-2.957,-2.666,3.842,-0.737
S131W,0.671,,,,,,-2.928,-3.125,-2.730,5.633,-3.369
S131Y,0.671,,,,,,-2.898,-3.080,-2.716,5.167,-3.221
P132A,0.424,-2.720,-2.720,-2.719,0.097,0.163,-2.720,-2.720,-2.719,0.097,0.163
P132C,0.424,-2.830,-3.009,-2.651,3.438,-1.403,-2.830,-3.009,-2.651,3.438,-1.403
P132D,0.424,-2.774,-2.877,-2.672,1.943,-0.592,-2.774,-2.877,-2.672,1.943,-0.592
P132E,0.424,-2.699,-2.703,-2.695,-0.202,-0.176,-2.699,-2.703,-2.695,-0.202,-0.176
P132F,0.424,-2.843,-3.025,-2.661,3.808,-2.216,-2.843,-3.025,-2.661,3.808,-2.216
P132G,0.424,-2.773,-2.825,-2.721,1.377,0.173,-2.773,-2.825,-2.721,1.377,0.173
P132H,0.424,-2.832,-3.015,-2.650,3.548,-1.554,-2.832,-3.015,-2.650,3.548,-1.554
P132I,0.424,-2.820,-2.988,-2.652,3.159,-1.671,-2.820,-2.988,-2.652,3.159,-1.671
P132K,0.424,-2.800,-2.940,-2.659,2.747,-0.918,-2.800,-2.940,-2.659,2.747,-0.918
P132L,0.424,-2.737,-2.786,-2.688,1.017,-0.304,-2.737,-2.786,-2.688,1.017,-0.304
P132M,0.424,-2.816,-2.962,-2.671,3.001,-2.437,-2.816,-2.962,-2.671,3.001,-2.437
P132N,0.424,-2.778,-2.903,-2.652,2.326,-1.499,-2.778,-2.903,-2.652,2.326,-1.499
P132Q,0.424,-2.764,-2.848,-2.681,1.615,-0.377,-2.764,-2.848,-2.681,1.615,-0.377
P132R,0.424,-2.766,-2.855,-2.678,1.708,-0.463,-2.766,-2.855,-2.678,1.708,-0.463
P132S,0.424,-2.686,-2.625,-2.746,-0.958,0.459,-2.686,-2.625,-2.746,-0.958,0.459
P132T,0.424,-2.744,-2.812,-2.676,1.206,-0.482,-2.744,-2.812,-2.676,1.206,-0.482
P132V,0.424,-2.728,-2.779,-2.678,0.804,-0.444,-2.728,-2.779,-2.678,0.804,-0.444
P132W,0.424,-2.878,-3.047,-2.709,3.973,-3.141,-2.878,-3.047,-2.709,3.973,-3.141
P132Y,0.424,-2.820,-2.926,-2.715,2.503,-3.213,-2.820,-2.926,-2.715,2.503,-3.213
P133A,0.316,-2.736,-2.738,-2.733,0.218,0.324,-2.736,-2.738,-2.733,0.218,0.324
P133C,0.316,-2.846,-3.027,-2.666,3.649,-2.358,-2.846,-3.027,-2.666,3.649,-2.358
P133D,0.316,-2.756,-2.854,-2.658,1.564,-0.937,-2.756,-2.854,-2.658,1.564,-0.937
P133E,0.316,-2.742,-2.815,-2.668,1.182,-0.655,-2.742,-2.815,-2.668,1.182,-0.655
P133F,0.316,-2.864,-3.025,-2.702,3.638,-2.988,-2.864,-3.025,-2.702,3.638,-2.988
P133G,0.316,-2.792,-2.877,-2.706,1.845,0.010,-2.792,-2.877,-2.706,1.845,0.010
P133H,0.316,-2.794,-2.929,-2.660,2.608,-2.134,-2.794,-2.929,-2.660,2.608,-2.134
P133I,0.316,-2.812,-2.948,-2.677,2.746,-2.592,-2.812,-2.948,-2.677,2.746,-2.592
P133K,0.316,-2.766,-2.881,-2.651,1.917,-1.464,-2.766,-2.881,-2.651,1.917,-1.464
P133L,0.316,-2.745,-2.836,-2.654,1.461,-1.094,-2.745,-2.836,-2.654,1.461,-1.094
P133M,0.316,-2.876,-3.070,-2.683,4.208,-2.707,-2.876,-3.070,-2.683,4.208,-2.707
P133N,0.316,-2.791,-2.926,-2.656,2.429,-1.950,-2.791,-2.926,-2.656,2.429,-1.950
P133Q,0.316,-2.753,-2.851,-2.655,1.583,-1.025,-2.753,-2.851,-2.655,1.583,-1.025
P133R,0.316,-2.802,-2.945,-2.660,2.686,-0.898,-2.802,-2.945,-2.660,2.686,-0.898
P133S,0.316,-2.761,-2.804,-2.718,0.987,0.123,-2.761,-2.804,-2.718,0.987,0.123
P133T,0.316,-2.740,-2.813,-2.667,1.136,-0.778,-2.740,-2.813,-2.667,1.136,-0.778
P133V,0.316,-2.785,-2.909,-2.661,2.262,-0.887,-2.785,-2.909,-2.661,2.262,-0.887
P133W,0.316,-2.932,-3.100,-2.763,4.566,-3.736,-2.932,-3.100,-2.763,4.566,-3.736
P133Y,0.316,-2.926,-3.090,-2.763,4.402,-3.750,-2.926,-3.090,-2.763,4.402,-3.750
A134C,0.217,-2.851,-3.049,-2.654,3.998,-1.835,-2.851,-3.049,-2.654,3.998,-1.835
A134D,0.217,-2.818,-2.982,-2.654,3.259,-1.109,-2.818,-2.982,-2.654,3.259,-1.109
A134E,0.217,-2.773,-2.884,-2.662,2.004,-0.830,-2.773,-2.884,-2.662,2.004,-0.830
A134F,0.217,-2.887,-3.072,-2.702,4.307,-2.982,-2.887,-3.072,-2.702,4.307,-2.982
A134G,0.217,-2.778,-2.869,-2.688,1.850,-0.294,-2.778,-2.869,-2.688,1.850,-0.294
A134H,0.217,-2.832,-3.009,-2.656,3.596,-1.952,-2.832,-3.009,-2.656,3.596,-1.952
A134I,0.217,-2.848,-3.013,-2.683,3.660,-2.694,-2.848,-3.013,-2.683,3.660,-2.694
A134K,0.217,-2.809,-2.967,-2.651,3.059,-1.679,-2.809,-2.967,-2.651,3.059,-1.679
A134L,0.217,-2.744,-2.831,-2.658,1.464,-1.010,-2.744,-2.831,-2.658,1.464,-1.010
A134M,0.217,-2.899,-3.094,-2.704,4.482,-3.033,-2.899,-3.094,-2.704,4.482,-3.033
A134N,0.217,-2.816,-2.979,-2.654,3.208,-1.889,-2.816,-2.979,-2.654,3.208,-1.889
A134P,0.217,-2.770,-2.816,-2.724,1.239,0.214,-2.770,-2.816,-2.724,1.239,0.214
A134Q,0.217,-2.768,-2.876,-2.659,1.995,-0.896,-2.768,-2.876,-2.659,1.995,-0.896
A134R,0.217,-2.849,-3.039,-2.659,3.927,-0.935,-2.849,-3.039,-2.659,3.927,-0.935
A134S,0.217,-2.781,-2.839,-2.723,1.422,0.191,-2.781,-2.839,-2.723,1.422,0.191
A134T,0.217,-2.780,-2.896,-2.664,2.147,-0.779,-2.780,-2.896,-2.664,2.147,-0.779
A134V,0.217,-2.841,-3.028,-2.654,3.812,-1.194,-2.841,-3.028,-2.654,3.812,-1.194
A134W,0.217,-2.957,-3.169,-2.745,5.453,-3.556,-2.957,-3.169,-2.745,5.453,-3.556
A134Y,0.217,-2.941,-3.130,-2.752,4.967,-3.615,-2.941,-3.130,-2.752,4.967,-3.615
G135A,0.185,-2.694,-2.645,-2.744,-0.818,0.437,-2.694,-2.645,-2.744,-0.818,0.437
G135C,0.185,-2.836,-3.020,-2.652,3.670,-1.818,-2.836,-3.020,-2.652,3.670,-1.818
G135D,0.185,-2.778,-2.871,-2.684,1.975,-0.349,-2.778,-2.871,-2.684,1.975,-0.349
G135E,0.185,-2.697,-2.712,-2.682,0.091,-0.379,-2.697,-2.712,-2.682,0.091,-0.379
G135F,0.185,-2.801,-2.942,-2.660,2.839,-2.103,-2.801,-2.942,-2.660,2.839,-2.103
G135H,0.185,-2.782,-2.914,-2.650,2.321,-1.513,-2.782,-2.914,-2.650,2.321,-1.513
G135I,0.185,-2.770,-2.887,-2.653,2.117,-1.879,-2.770,-2.887,-2.653,2.117,-1.879
G135K,0.185,-2.740,-2.828,-2.652,1.406,-1.343,-2.740,-2.828,-2.652,1.406,-1.343
G135L,0.185,-2.717,-2.763,-2.671,0.562,-0.614,-2.717,-2.763,-2.671,0.562,-0.614
G135M,0.185,-2.830,-2.982,-2.679,3.154,-2.641,-2.830,-2.982,-2.679,3.154,-2.641
G135N,0.185,-2.734,-2.818,-2.651,1.312,-1.474,-2.734,-2.818,-2.651,1.312,-1.474
G135P,0.185,-2.700,-2.632,-2.768,-0.936,0.671,-2.700,-2.632,-2.768,-0.936,0.671
G135Q,0.185,-2.760,-2.854,-2.667,1.711,-0.716,-2.760,-2.854,-2.667,1.711,-0.716
G135R,0.185,-2.732,-2.800,-2.664,1.045,-0.775,-2.732,-2.800,-2.664,1.045,-0.775
G135S,0.185,-2.718,-2.665,-2.771,-0.479,0.688,-2.718,-2.665,-2.771,-0.479,0.688
G135T,0.185,-2.732,-2.778,-2.686,0.819,-0.319,-2.732,-2.778,-2.686,0.819,-0.319
G135V,0.185,-2.724,-2.776,-2.672,0.778,-0.583,-2.724,-2.776,-2.672,0.778,-0.583
G135W,0.185,-2.868,-3.011,-2.726,3.544,-3.325,-2.868,-3.011,-2.726,3.544,-3.325
G135Y,0.185,-2.849,-3.008,-2.690,3.525,-2.836,-2.849,-3.008,-2.690,3.525,-2.836
S136A,0.170,-2.662,-2.617,-2.706,-1.082,-0.008,-2.662,-2.617,-2.706,-1.082,-0.008
S136C,0.170,-2.794,-2.928,-2.659,2.590,-2.143,-2.794,-2.928,-2.659,2.590,-2.143
S136D,0.170,-2.678,-2.691,-2.665,-0.171,-0.753,-2.678,-2.691,-2.665,-0.171,-0.753
S136E,0.170,-2.662,-2.649,-2.676,-0.678,-0.510,-2.662,-2.649,-2.676,-0.678,-0.510
S136F,0.170,-2.836,-2.997,-2.676,3.399,-2.520,-2.836,-2.997,-2.676,3.399,-2.520
S136G,0.170,-2.653,-2.610,-2.696,-1.164,-0.155,-2.653,-2.610,-2.696,-1.164,-0.155
S136H,0.170,-2.799,-2.948,-2.650,2.792,-1.837,-2.799,-2.948,-2.650,2.792,-1.837
S136I,0.170,-2.770,-2.885,-2.655,2.109,-1.917,-2.770,-2.885,-2.655,2.109,-1.917
S136K,0.170,-2.732,-2.807,-2.658,1.215,-1.006,-2.732,-2.807,-2.658,1.215,-1.006
S136L,0.170,-2.738,-2.811,-2.665,1.166,-0.764,-2.738,-2.811,-2.665,1.166,-0.764
S136M,0.170,-2.803,-2.920,-2.686,2.500,-2.756,-2.803,-2.920,-2.686,2.500,-2.756
S136N,0.170,-2.737,-2.824,-2.650,1.399,-1.545,-2.737,-2.824,-2.650,1.399,-1.545
S136P,0.170,-2.732,-2.754,-2.710,0.458,0.047,-2.732,-2.754,-2.710,0.458,0.047
S136Q,0.170,-2.742,-2.818,-2.667,1.277,-0.709,-2.742,-2.818,-2.667,1.277,-0.709
S136R,0.170,-2.729,-2.793,-2.665,1.149,-0.765,-2.729,-2.793,-2.665,1.149,-0.765
S136T,0.170,-2.732,-2.792,-2.673,0.977,-0.545,-2.732,-2.792,-2.673,0.977,-0.545
S136V,0.170,-2.722,-2.786,-2.659,0.916,-0.906,-2.722,-2.786,-2.659,0.916,-0.906
S136W,0.170,-2.854,-2.996,-2.712,3.384,-3.125,-2.854,-2.996,-2.712,3.384,-3.125
S136Y,0.170,-2.866,-2.992,-2.739,3.358,-3.489,-2.866,-2.992,-2.739,3.358,-3.489
P137A,0.152,-2.798,-2.867,-2.730,1.840,0.292,-2.798,-2.867,-2.730,1.840,0.292
P137C,0.152,-2.856,-3.046,-2.665,3.954,-2.285,-2.856,-3.046,-2.665,3.954,-2.285
P137D,0.152,-2.768,-2.860,-2.677,1.777,-0.479,-2.768,-2.860,-2.677,1.777,-0.479
P137E,0.152,-2.770,-2.846,-2.693,1.573,-0.211,-2.770,-2.846,-2.693,1.573,-0.211
P137F,0.152,-2.858,-3.025,-2.691,3.693,-2.839,-2.858,-3.025,-2.691,3.693,-2.839
P137G,0.152,-2.766,-2.793,-2.739,0.951,0.388,-2.766,-2.793,-2.739,0.951,0.388
P137H,0.152,-2.764,-2.873,-2.654,1.920,-1.903,-2.764,-2.873,-2.654,1.920,-1.903
P137I,0.152,-2.835,-2.994,-2.675,3.338,-2.565,-2.835,-2.994,-2.675,3.338,-2.565
P137K,0.152,-2.708,-2.762,-2.653,0.611,-1.223,-2.708,-2.762,-2.653,0.611,-1.223
P137L,0.152,-2.772,-2.892,-2.653,2.114,-1.188,-2.772,-2.892,-2.653,2.114,-1.188
P137M,0.152,-2.884,-3.075,-2.692,4.286,-2.851,-2.884,-3.075,-2.692,4.286,-2.851
P137N,0.152,-2.729,-2.805,-2.652,1.169,-1.575,-2.729,-2.805,-2.652,1.169,-1.575
P137Q,0.152,-2.732,-2.797,-2.666,0.965,-0.737,-2.732,-2.797,-2.666,0.965,-0.737
P137R,0.152,-2.754,-2.844,-2.664,1.576,-0.797,-2.754,-2.844,-2.664,1.576,-0.797
P137S,0.152,-2.746,-2.742,-2.751,0.408,0.510,-2.746,-2.742,-2.751,0.408,0.510
P137T,0.152,-2.800,-2.923,-2.678,2.503,-0.459,-2.800,-2.923,-2.678,2.503,-0.459
P137V,0.152,-2.747,-2.837,-2.657,1.492,-0.994,-2.747,-2.837,-2.657,1.492,-0.994
P137W,0.152,-2.908,-3.067,-2.749,4.219,-3.623,-2.908,-3.067,-2.749,4.219,-3.623
P137Y,0.152,-2.892,-3.036,-2.748,3.854,-3.602,-2.892,-3.036,-2.748,3.854,-3.602
A138C,0.142,-2.842,-3.015,-2.669,3.565,-2.393,-2.842,-3.015,-2.669,3.565,-2.393
A138D,0.142,-2.797,-2.931,-2.663,2.518,-0.826,-2.797,-2.931,-2.663,2.518,-0.826
A138E,0.142,-2.776,-2.886,-2.665,2.098,-0.752,-2.776,-2.886,-2.665,2.098,-0.752
A138F,0.142,-2.933,-3.162,-2.704,5.322,-3.016,-2.933,-3.162,-2.704,5.322,-3.016
A138G,0.142,-2.755,-2.810,-2.700,1.272,-0.108,-2.755,-2.810,-2.700,1.272,-0.108
A138H,0.142,-2.832,-3.011,-2.653,3.523,-1.855,-2.832,-3.011,-2.653,3.523,-1.855
A138I,0.142,-2.886,-3.084,-2.687,4.443,-2.772,-2.886,-3.084,-2.687,4.443,-2.772
A138K,0.142,-2.773,-2.896,-2.650,2.161,-1.516,-2.773,-2.896,-2.650,2.161,-1.516
A138L,0.142,-2.822,-2.991,-2.652,3.283,-1.205,-2.822,-2.991,-2.652,3.283,-1.205
A138M,0.142,-2.908,-3.105,-2.712,4.634,-3.129,-2.908,-3.105,-2.712,4.634,-3.129
A138N,0.142,-2.775,-2.897,-2.653,2.166,-1.735,-2.775,-2.897,-2.653,2.166,-1.735
A138P,0.142,-2.764,-2.814,-2.714,1.156,0.068,-2.764,-2.814,-2.714,1.156,0.068
A138Q,0.142,-2.832,-3.000,-2.665,3.478,-0.801,-2.832,-3.000,-2.665,3.478,-0.801
A138R,0.142,-2.754,-2.841,-2.666,1.516,-0.765,-2.754,-2.841,-2.666,1.516,-0.765
A138S,0.142,-2.718,-2.716,-2.719,0.148,0.167,-2.718,-2.716,-2.719,0.148,0.167
A138T,0.142,-2.712,-2.763,-2.662,0.554,-0.789,-2.712,-2.763,-2.662,0.554,-0.789
A138V,0.142,-2.796,-2.940,-2.653,2.739,-1.277,-2.796,-2.940,-2.653,2.739,-1.277
A138W,0.142,-2.954,-3.122,-2.785,4.930,-3.974,-2.954,-3.122,-2.785,4.930,-3.974
A138Y,0.142,-2.938,-3.130,-2.747,5.003,-3.579,-2.938,-3.130,-2.747,5.003,-3.579
G139A,0.136,-2.824,-2.943,-2.704,2.624,-0.058,-2.824,-2.943,-2.704,2.624,-0.058
G139C,0.136,-2.899,-3.147,-2.651,5.126,-1.424,-2.899,-3.147,-2.651,5.126,-1.424
G139D,0.136,-2.754,-2.847,-2.662,1.557,-0.817,-2.754,-2.847,-2.662,1.557,-0.817
G139E,0.136,-2.772,-2.878,-2.666,1.916,-0.710,-2.772,-2.878,-2.666,1.916,-0.710
G139F,0.136,-2.932,-3.210,-2.654,5.851,-1.923,-2.932,-3.210,-2.654,5.851,-1.923
G139H,0.136,-2.915,-3.152,-2.679,5.188,-0.421,-2.915,-3.152,-2.679,5.188,-0.421
G139I,0.136,-2.849,-3.034,-2.664,3.715,-2.267,-2.849,-3.034,-2.664,3.715,-2.267
G139K,0.136,-2.866,-3.058,-2.673,4.064,-0.541,-2.866,-3.058,-2.673,4.064,-0.541
G139L,0.136,-2.882,-3.096,-2.667,4.555,-0.757,-2.882,-3.096,-2.667,4.555,-0.757
G139M,0.136,-2.940,-3.196,-2.684,5.708,-2.705,-2.940,-3.196,-2.684,5.708,-2.705
G139N,0.136,-2.848,-3.030,-2.665,3.629,-0.789,-2.848,-3.030,-2.665,3.629,-0.789
G139P,0.136,-2.876,-2.990,-2.763,3.234,0.619,-2.876,-2.990,-2.763,3.234,0.619
G139Q,0.136,-2.843,-2.960,-2.727,2.869,0.236,-2.843,-2.960,-2.727,2.869,0.236
G139R,0.136,-2.886,-3.049,-2.724,3.960,0.211,-2.886,-3.049,-2.724,3.960,0.211
G139S,0.136,-2.824,-2.880,-2.768,1.940,0.663,-2.824,-2.880,-2.768,1.940,0.663
G139T,0.136,-2.846,-3.014,-2.679,3.450,-0.438,-2.846,-3.014,-2.679,3.450,-0.438
G139V,0.136,-2.830,-3.003,-2.657,3.360,-1.081,-2.830,-3.003,-2.657,3.360,-1.081
G139W,0.136,-2.940,-3.201,-2.680,5.767,-2.664,-2.940,-3.201,-2.680,5.767,-2.664
G139Y,0.136,-2.875,-3.093,-2.657,4.462,-1.961,-2.875,-3.093,-2.657,4.462,-1.961
R140A,0.122,-2.645,-2.568,-2.722,-1.632,0.190,-2.645,-2.568,-2.722,-1.632,0.190
R140C,0.122,-2.787,-2.921,-2.654,2.513,-1.772,-2.787,-2.921,-2.654,2.513,-1.772
R140D,0.122,-2.742,-2.819,-2.666,1.254,-0.814,-2.742,-2.819,-2.666,1.254,-0.814
R140E,0.122,-2.732,-2.805,-2.660,1.103,-0.939,-2.732,-2.805,-2.660,1.103,-0.939
R140F,0.122,-2.810,-2.967,-2.653,3.003,-1.778,-2.810,-2.967,-2.653,3.003,-1.778
R140G,0.122,-2.722,-2.715,-2.729,0.003,0.284,-2.722,-2.715,-2.729,0.003,0.284
R140H,0.122,-2.761,-2.863,-2.659,1.786,-0.951,-2.761,-2.863,-2.659,1.786,-0.951
R140I,0.122,-2.756,-2.857,-2.654,1.742,-1.837,-2.756,-2.857,-2.654,1.742,-1.837
R140K,0.122,-2.700,-2.722,-2.678,0.135,-0.462,-2.700,-2.722,-2.678,0.135,-0.462
R140L,0.122,-2.807,-2.943,-2.671,2.782,-0.596,-2.807,-2.943,-2.671,2.782,-0.596
R140M,0.122,-2.790,-2.908,-2.671,2.352,-2.440,-2.790,-2.908,-2.671,2.352,-2.440
R140N,0.122,-2.764,-2.865,-2.663,1.824,-0.771,-2.764,-2.865,-2.663,1.824,-0.771
R140P,0.122,-2.760,-2.742,-2.779,0.374,0.754,-2.760,-2.742,-2.779,0.374,0.754
R140Q,0.122,-2.782,-2.874,-2.691,1.914,-0.222,-2.782,-2.874,-2.691,1.914,-0.222
R140S,0.122,-2.686,-2.571,-2.802,-1.635,0.962,-2.686,-2.571,-2.802,-1.635,0.962
R140T,0.122,-2.703,-2.704,-2.702,-0.057,-0.041,-2.703,-2.704,-2.702,-0.057,-0.041
R140V,0.122,-2.717,-2.771,-2.663,0.665,-0.862,-2.717,-2.771,-2.663,0.665,-0.862
R140W,0.122,-2.883,-3.006,-2.761,3.480,-3.746,-2.883,-3.006,-2.761,3.480,-3.746
R140Y,0.122,-2.794,-2.919,-2.670,2.469,-2.424,-2.794,-2.919,-2.670,2.469,-2.424
S141A,0.110,-2.644,-2.610,-2.678,-1.126,-0.472,-2.644,-2.610,-2.678,-1.126,-0.472
S141C,0.110,-2.783,-2.899,-2.667,2.180,-2.313,-2.783,-2.899,-2.667,2.180,-2.313
S141D,0.110,-2.761,-2.867,-2.655,1.801,-1.039,-2.761,-2.867,-2.655,1.801,-1.039
S141E,0.110,-2.744,-2.824,-2.665,1.356,-0.772,-2.744,-2.824,-2.665,1.356,-0.772
S141F,0.110,-2.834,-3.002,-2.666,3.460,-2.341,-2.834,-3.002,-2.666,3.460,-2.341
S141G,0.110,-2.677,-2.689,-2.665,-0.247,-0.784,-2.677,-2.689,-2.665,-0.247,-0.784
S141H,0.110,-2.789,-2.912,-2.666,2.357,-0.738,-2.789,-2.912,-2.666,2.357,-0.738
S141I,0.110,-2.774,-2.878,-2.669,1.954,-2.396,-2.774,-2.878,-2.669,1.954,-2.396
S141K,0.110,-2.708,-2.711,-2.706,-0.015,-0.010,-2.708,-2.711,-2.706,-0.015,-0.010
S141L,0.110,-2.778,-2.904,-2.653,2.340,-1.199,-2.778,-2.904,-2.653,2.340,-1.199
S141M,0.110,-2.826,-2.966,-2.686,3.065,-2.756,-2.826,-2.966,-2.686,3.065,-2.756
S141N,0.110,-2.751,-2.844,-2.658,1.549,-0.980,-2.751,-2.844,-2.658,1.549,-0.980
S141P,0.110,-2.735,-2.685,-2.785,-0.199,0.819,-2.735,-2.685,-2.785,-0.199,0.819
S141Q,0.110,-2.758,-2.796,-2.720,0.991,0.159,-2.758,-2.796,-2.720,0.991,0.159
S141R,0.110,-2.654,-2.584,-2.724,-1.483,0.218,-2.654,-2.584,-2.724,-1.483,0.218
S141T,0.110,-2.728,-2.786,-2.670,0.901,-0.637,-2.728,-2.786,-2.670,0.901,-0.637
S141V,0.110,-2.752,-2.852,-2.652,1.693,-1.324,-2.752,-2.852,-2.652,1.693,-1.324
S141W,0.110,-2.916,-3.015,-2.818,3.631,-4.261,-2.916,-3.015,-2.818,3.631,-4.261
S141Y,0.110,-2.802,-2.936,-2.667,2.710,-2.362,-2.802,-2.936,-2.667,2.710,-2.362
I142A,0.107,-2.724,-2.582,-2.865,-1.491,1.437,-2.724,-2.582,-2.865,-1.491,1.437
I142C,0.107,-2.782,-2.889,-2.676,2.125,-0.490,-2.782,-2.889,-2.676,2.125,-0.490
I142D,0.107,-2.708,-2.753,-2.664,0.511,-0.784,-2.708,-2.753,-2.664,0.511,-0.784
I142E,0.107,-2.660,-2.649,-2.670,-0.726,-0.640,-2.660,-2.649,-2.670,-0.726,-0.640
I142F,0.107,-2.776,-2.877,-2.675,2.000,-0.559,-2.776,-2.877,-2.675,2.000,-0.559
I142G,0.107,-2.724,-2.672,-2.777,-0.399,0.757,-2.724,-2.672,-2.777,-0.399,0.757
I142H,0.107,-2.695,-2.632,-2.758,-0.866,0.585,-2.695,-2.632,-2.758,-0.866,0.585
I142K,0.107,-2.725,-2.582,-2.868,-1.449,1.464,-2.725,-2.582,-2.868,-1.449,1.464
I142L,0.107,-2.749,-2.696,-2.802,-0.158,0.967,-2.749,-2.696,-2.802,-0.158,0.967
I142M,0.107,-2.734,-2.801,-2.668,1.123,-0.668,-2.734,-2.801,-2.668,1.123,-0.668
I142N,0.107,-2.722,-2.699,-2.744,-0.095,0.445,-2.722,-2.699,-2.744,-0.095,0.445
I142P,0.107,-2.677,-2.475,-2.879,-2.758,1.533,-2.677,-2.475,-2.879,-2.758,1.533
I142Q,0.107,-2.742,-2.652,-2.833,-0.627,1.209,-2.742,-2.652,-2.833,-0.627,1.209
I142R,0.107,-2.756,-2.587,-2.924,-1.454,1.820,-2.756,-2.587,-2.924,-1.454,1.820
I142S,0.107,-2.730,-2.530,-2.930,-2.082,1.843,-2.730,-2.530,-2.930,-2.082,1.843
I142T,0.107,-2.673,-2.488,-2.858,-2.531,1.394,-2.673,-2.488,-2.858,-2.531,1.394
I142V,0.107,-2.772,-2.740,-2.803,0.445,0.977,-2.772,-2.740,-2.803,0.445,0.977
I142W,0.107,-2.788,-2.893,-2.683,2.188,-2.662,-2.788,-2.893,-2.683,2.188,-2.662
I142Y,0.107,-2.740,-2.827,-2.654,1.513,-1.078,-2.740,-2.827,-2.654,1.513,-1.078
Y143A,0.103,-2.958,-3.230,-2.686,5.991,-0.288,-2.958,-3.230,-2.686,5.991,-0.288
Y143C,0.103,-2.844,-3.034,-2.654,3.711,-1.099,-2.844,-3.034,-2.654,3.711,-1.099
Y143D,0.103,-2.942,-3.214,-2.670,5.810,-2.460,-2.942,-3.214,-2.670,5.810,-2.460
Y143E,0.103,-2.943,-3.230,-2.656,6.082,-2.049,-2.943,-3.230,-2.656,6.082,-2.049
Y143F,0.103,-2.940,-3.183,-2.698,5.471,-0.127,-2.940,-3.183,-2.698,5.471,-0.127
Y143G,0.103,-2.948,-3.236,-2.659,6.059,-0.969,-2.948,-3.236,-2.659,6.059,-0.969
Y143H,0.103,-2.784,-2.861,-2.707,1.624,-0.002,-2.784,-2.861,-2.707,1.624,-0.002
Y143I,0.103,-2.908,-3.165,-2.651,5.201,-1.627,-2.908,-3.165,-2.651,5.201,-1.627
Y143K,0.103,-2.825,-2.963,-2.687,2.834,-0.310,-2.825,-2.963,-2.687,2.834,-0.310
Y143L,0.103,-2.878,-3.060,-2.696,3.912,-0.161,-2.878,-3.060,-2.696,3.912,-0.161
Y143M,0.103,-2.964,-3.274,-2.653,6.558,-1.854,-2.964,-3.274,-2.653,6.558,-1.854
Y143N,0.103,-2.872,-3.083,-2.660,4.228,-0.872,-2.872,-3.083,-2.660,4.228,-0.872
Y143P,0.103,-2.955,-3.165,-2.745,5.242,0.428,-2.955,-3.165,-2.745,5.242,0.428
Y143Q,0.103,-2.872,-3.032,-2.712,3.647,0.052,-2.872,-3.032,-2.712,3.647,0.052
Y143R,0.103,-2.830,-2.912,-2.748,2.163,0.476,-2.830,-2.912,-2.748,2.163,0.476
Y143S,0.103,-2.903,-3.044,-2.762,3.820,0.618,-2.903,-3.044,-2.762,3.820,0.618
Y143T,0.103,-2.956,-3.216,-2.697,5.862,-0.136,-2.956,-3.216,-2.697,5.862,-0.136
Y143V,0.103,-2.904,-3.145,-2.662,5.018,-0.891,-2.904,-3.145,-2.662,5.018,-0.891
Y143W,0.103,-2.994,-3.268,-2.720,6.501,-3.253,-2.994,-3.268,-2.720,6.501,-3.253
N144A,0.099,-2.858,-2.979,-2.737,3.027,-3.474,-2.858,-2.979,-2.737,3.027,-3.474
N144C,0.099,-2.988,-3.120,-2.857,4.729,-4.566,-2.988,-3.120,-2.857,4.729,-4.566
N144D,0.099,-2.953,-3.185,-2.721,5.581,-3.277,-2.953,-3.185,-2.721,5.581,-3.277
N144E,0.099,-3.029,-3.199,-2.860,5.673,-4.572,-3.029,-3.199,-2.860,5.673,-4.572
N144F,0.099,-3.201,-3.227,-3.175,6.085,-6.542,-3.201,-3.227,-3.175,6.085,-6.542
N144G,0.099,-2.904,-3.100,-2.707,4.442,-3.099,-2.904,-3.100,-2.707,4.442,-3.099
N144H,0.099,-2.917,-3.146,-2.688,5.208,-2.780,-2.917,-3.146,-2.688,5.208,-2.780
N144I,0.099,-3.130,-3.063,-3.197,4.094,-6.654,-3.130,-3.063,-3.197,4.094,-6.654
N144K,0.099,-2.860,-3.015,-2.704,3.518,-3.069,-2.860,-3.015,-2.704,3.518,-3.069
N144L,0.099,-3.086,-3.177,-2.995,5.470,-5.518,-3.086,-3.177,-2.995,5.470,-5.518
N144M,0.099,-3.193,-3.263,-3.123,6.457,-6.265,-3.193,-3.263,-3.123,6.457,-6.265
N144P,0.099,-2.850,-2.941,-2.758,2.577,-3.699,-2.850,-2.941,-2.758,2.577,-3.699
N144Q,0.099,-2.976,-3.249,-2.704,6.289,-3.038,-2.976,-3.249,-2.704,6.289,-3.038
N144R,0.099,-2.911,-3.122,-2.700,4.806,-3.011,-2.911,-3.122,-2.700,4.806,-3.011
N144S,0.099,-2.684,-2.706,-2.663,-0.156,-0.827,-2.684,-2.706,-2.663,-0.156,-0.827
N144T,0.099,-2.855,-3.030,-2.680,3.668,-2.655,-2.855,-3.030,-2.680,3.668,-2.655
N144V,0.099,-3.076,-3.077,-3.075,4.224,-5.997,-3.076,-3.077,-3.075,4.224,-5.997
N144W,0.099,-3.362,-3.249,-3.474,6.294,-8.014,-3.362,-3.249,-3.474,6.294,-8.014
N144Y,0.099,-3.014,-3.055,-2.974,4.030,-5.380,-3.014,-3.055,-2.974,4.030,-5.380
S145A,0.099,-2.997,-3.342,-2.652,7.468,-1.707,-2.997,-3.342,-2.652,7.468,-1.707
S145C,0.099,-3.042,-3.334,-2.749,7.460,-3.588,-3.042,-3.334,-2.749,7.460,-3.588
S145D,0.099,-3.036,-3.240,-2.831,6.303,-4.356,-3.036,-3.240,-2.831,6.303,-4.356
S145E,0.099,-3.114,-3.365,-2.862,7.768,-4.604,-3.114,-3.365,-2.862,7.768,-4.604
S145F,0.099,-3.069,-3.263,-2.875,6.496,-4.706,-3.069,-3.263,-2.875,6.496,-4.706
S145G,0.099,-3.053,-3.383,-2.723,8.010,-3.300,-3.053,-3.383,-2.723,8.010,-3.300
S145H,0.099,-2.884,-3.060,-2.708,4.023,-3.121,-2.884,-3.060,-2.708,4.023,-3.121
S145I,0.099,-3.048,-3.304,-2.792,7.060,-4.020,-3.048,-3.304,-2.792,7.060,-4.020
S145K,0.099,-3.006,-3.335,-2.676,7.488,-2.537,-3.006,-3.335,-2.676,7.488,-2.537
S145L,0.099,-2.958,-3.191,-2.724,5.574,-3.308,-2.958,-3.191,-2.724,5.574,-3.308
S145M,0.099,-3.052,-3.359,-2.745,7.752,-3.545,-3.052,-3.359,-2.745,7.752,-3.545
S145N,0.099,-2.875,-3.097,-2.653,4.583,-1.864,-2.875,-3.097,-2.653,4.583,-1.864
S145P,0.099,-3.053,-3.374,-2.732,7.874,-3.405,-3.053,-3.374,-2.732,7.874,-3.405
S145Q,0.099,-2.870,-3.077,-2.662,4.244,-2.225,-2.870,-3.077,-2.662,4.244,-2.225
S145R,0.099,-2.875,-3.068,-2.681,4.193,-2.657,-2.875,-3.068,-2.681,4.193,-2.657
S145T,0.099,-2.882,-3.079,-2.684,4.299,-0.334,-2.882,-3.079,-2.684,4.299,-0.334
S145V,0.099,-3.046,-3.368,-2.724,7.832,-3.321,-3.046,-3.368,-2.724,7.832,-3.321
S145W,0.099,-3.240,-3.364,-3.117,7.741,-6.233,-3.240,-3.364,-3.117,7.741,-6.233
S145Y,0.099,-3.058,-3.270,-2.846,6.691,-4.488,-3.058,-3.270,-2.846,6.691,-4.488
F146A,0.097,-3.666,-3.510,-3.823,9.670,-9.541,-3.666,-3.510,-3.823,9.670,-9.541
F146C,0.097,-3.336,-3.462,-3.209,9.029,-6.718,-3.336,-3.462,-3.209,9.029,-6.718
F146D,0.097,-3.958,-3.484,-4.433,9.326,-12.079,-3.958,-3.484,-4.433,9.326,-12.079
F146E,0.097,-4.063,-3.516,-4.611,9.741,-12.833,-4.063,-3.516,-4.611,9.741,-12.833
F146G,0.097,-3.844,-3.483,-4.206,9.321,-11.136,-3.844,-3.483,-4.206,9.321,-11.136
F146H,0.097,-3.413,-3.499,-3.327,9.521,-7.304,-3.413,-3.499,-3.327,9.521,-7.304
F146I,0.097,-3.440,-3.457,-3.423,9.021,-7.774,-3.440,-3.457,-3.423,9.021,-7.774
F146K,0.097,-3.916,-3.511,-4.321,9.653,-11.611,-3.916,-3.511,-4.321,9.653,-11.611
F146L,0.097,-3.161,-3.317,-3.005,7.229,-5.576,-3.161,-3.317,-3.005,7.229,-5.576
F146M,0.097,-3.519,-3.498,-3.539,9.475,-8.307,-3.519,-3.498,-3.539,9.475,-8.307
F146N,0.097,-3.684,-3.486,-3.883,9.344,-9.789,-3.684,-3.486,-3.883,9.344,-9.789
F146P,0.097,-3.784,-3.483,-4.084,9.322,-10.628,-3.784,-3.483,-4.084,9.322,-10.628
F146Q,0.097,-3.720,-3.476,-3.965,9.234,-10.130,-3.720,-3.476,-3.965,9.234,-10.130
F146R,0.097,-3.738,-3.510,-3.965,9.684,-10.135,-3.738,-3.510,-3.965,9.684,-10.135
F146S,0.097,-3.536,-3.520,-3.551,9.777,-8.355,-3.536,-3.520,-3.551,9.777,-8.355
F146T,0.097,-3.665,-3.492,-3.837,9.412,-9.599,-3.665,-3.492,-3.837,9.412,-9.599
F146V,0.097,-3.447,-3.508,-3.386,9.609,-7.596,-3.447,-3.508,-3.386,9.609,-7.596
F146W,0.097,-3.632,-3.521,-3.742,9.766,-9.190,-3.632,-3.521,-3.742,9.766,-9.190
F146Y,0.097,-2.921,-3.098,-2.744,4.542,-3.547,-2.921,-3.098,-2.744,4.542,-3.547
Y147A,0.097,-3.566,-3.469,-3.662,9.080,-8.844,-3.566,-3.469,-3.662,9.080,-8.844
Y147C,0.097,-3.288,-3.473,-3.103,9.156,-6.141,-3.288,-3.473,-3.103,9.156,-6.141
Y147D,0.097,-3.760,-3.474,-4.046,9.174,-10.474,-3.760,-3.474,-4.046,9.174,-10.474
Y147E,0.097,-3.806,-3.447,-4.166,8.863,-10.966,-3.806,-3.447,-4.166,8.863,-10.966
Y147F,0.097,-2.808,-2.964,-2.653,2.878,-1.835,-2.808,-2.964,-2.653,2.878,-1.835
Y147G,0.097,-3.755,-3.465,-4.045,9.059,-10.468,-3.755,-3.465,-4.045,9.059,-10.468
Y147H,0.097,-3.156,-3.369,-2.943,7.781,-5.184,-3.156,-3.369,-2.943,7.781,-5.184
Y147I,0.097,-3.542,-3.475,-3.608,9.169,-8.607,-3.542,-3.475,-3.608,9.169,-8.607
Y147K,0.097,-3.666,-3.452,-3.881,8.834,-9.785,-3.666,-3.452,-3.881,8.834,-9.785
Y147L,0.097,-3.273,-3.370,-3.176,7.797,-6.546,-3.273,-3.370,-3.176,7.797,-6.546
Y147M,0.097,-3.606,-3.480,-3.731,9.209,-9.148,-3.606,-3.480,-3.731,9.209,-9.148
Y147N,0.097,-3.524,-3.452,-3.596,8.886,-8.552,-3.524,-3.452,-3.596,8.886,-8.552
Y147P,0.097,-3.724,-3.485,-3.963,9.311,-10.126,-3.724,-3.485,-3.963,9.311,-10.126
Y147Q,0.097,-3.499,-3.425,-3.573,8.503,-8.448,-3.499,-3.425,-3.573,8.503,-8.448
Y147R,0.097,-3.441,-3.449,-3.433,8.789,-7.817,-3.441,-3.449,-3.433,8.789,-7.817
Y147S,0.097,-3.390,-3.457,-3.324,8.920,-7.301,-3.390,-3.457,-3.324,8.920,-7.301
Y147T,0.097,-3.485,-3.456,-3.514,8.945,-8.192,-3.485,-3.456,-3.514,8.945,-8.192
Y147V,0.097,-3.465,-3.466,-3.464,9.052,-7.964,-3.465,-3.466,-3.464,9.052,-7.964
Y147W,0.097,-3.376,-3.478,-3.275,9.167,-7.051,-3.376,-3.478,-3.275,9.167,-7.051
V148A,0.097,-3.122,-3.426,-2.818,8.559,-4.250,-3.122,-3.426,-2.818,8.559,-4.250
V148C,0.097,-3.540,-3.519,-3.560,9.774,-8.397,-3.540,-3.519,-3.560,9.774,-8.397
V148D,0.097,-3.848,-3.511,-4.185,9.670,-11.045,-3.848,-3.511,-4.185,9.670,-11.045
V148E,0.097,-3.684,-3.501,-3.868,9.539,-9.724,-3.684,-3.501,-3.868,9.539,-9.724
V148F,0.097,-3.418,-3.489,-3.347,9.405,-7.413,-3.418,-3.489,-3.347,9.405,-7.413
V148G,0.097,-3.526,-3.437,-3.615,8.607,-8.642,-3.526,-3.437,-3.615,8.607,-8.642
V148H,0.097,-3.736,-3.518,-3.953,9.781,-10.081,-3.736,-3.518,-3.953,9.781,-10.081
V148I,0.097,-2.915,-3.147,-2.683,5.206,-2.715,-2.915,-3.147,-2.683,5.206,-2.715
V148K,0.097,-3.598,-3.483,-3.712,9.339,-9.060,-3.598,-3.483,-3.712,9.339,-9.060
V148L,0.097,-3.136,-3.495,-2.776,9.443,-3.875,-3.136,-3.495,-2.776,9.443,-3.875
V148M,0.097,-3.186,-3.491,-2.882,9.377,-4.766,-3.186,-3.491,-2.882,9.377,-4.766
V148N,0.097,-3.638,-3.507,-3.768,9.615,-9.305,-3.638,-3.507,-3.768,9.615,-9.305
V148P,0.097,-3.667,-3.497,-3.837,9.473,-9.595,-3.667,-3.497,-3.837,9.473,-9.595
V148Q,0.097,-3.586,-3.488,-3.684,9.406,-8.936,-3.586,-3.488,-3.684,9.406,-8.936
V148R,0.097,-3.598,-3.517,-3.679,9.767,-8.913,-3.598,-3.517,-3.679,9.767,-8.913
V148S,0.097,-3.422,-3.518,-3.325,9.751,-7.306,-3.422,-3.518,-3.325,9.751,-7.306
V148T,0.097,-3.208,-3.515,-2.901,9.727,-4.888,-3.208,-3.515,-2.901,9.727,-4.888
V148W,0.097,-3.848,-3.493,-4.204,9.476,-11.130,-3.848,-3.493,-4.204,9.476,-11.130
V148Y,0.097,-3.678,-3.517,-3.840,9.754,-9.605,-3.678,-3.517,-3.840,9.754,-9.605
Y149A,0.097,-3.420,-3.309,-3.531,7.162,-8.261,-3.420,-3.309,-3.531,7.162,-8.261
Y149C,0.097,-3.190,-3.395,-2.985,8.203,-5.454,-3.190,-3.395,-2.985,8.203,-5.454
Y149D,0.097,-3.548,-3.399,-3.698,8.284,-8.997,-3.548,-3.399,-3.698,8.284,-8.997
Y149E,0.097,-3.592,-3.371,-3.813,7.910,-9.500,-3.592,-3.371,-3.813,7.910,-9.500
Y149F,0.097,-2.695,-2.730,-2.660,0.233,-2.209,-2.695,-2.730,-2.660,0.233,-2.209
Y149G,0.097,-3.646,-3.407,-3.886,8.346,-9.804,-3.646,-3.407,-3.886,8.346,-9.804
Y149H,0.097,-2.996,-3.227,-2.766,6.197,-3.786,-2.996,-3.227,-2.766,6.197,-3.786
Y149I,0.097,-3.442,-3.385,-3.499,8.103,-8.117,-3.442,-3.385,-3.499,8.103,-8.117
Y149K,0.097,-3.542,-3.374,-3.710,7.937,-9.057,-3.542,-3.374,-3.710,7.937,-9.057
Y149L,0.097,-3.128,-3.282,-2.973,6.745,-5.382,-3.128,-3.282,-2.973,6.745,-5.382
Y149M,0.097,-3.495,-3.376,-3.614,7.968,-8.641,-3.495,-3.376,-3.614,7.968,-8.641
Y149N,0.097,-3.293,-3.399,-3.187,8.266,-6.613,-3.293,-3.399,-3.187,8.266,-6.613
Y149P,0.097,-3.472,-3.388,-3.557,8.114,-8.384,-3.472,-3.388,-3.557,8.114,-8.384
Y149Q,0.097,-3.331,-3.384,-3.278,8.103,-7.078,-3.331,-3.384,-3.278,8.103,-7.078
Y149R,0.097,-3.377,-3.341,-3.413,7.480,-7.732,-3.377,-3.341,-3.413,7.480,-7.732
Y149S,0.097,-3.234,-3.369,-3.098,7.912,-6.131,-3.234,-3.369,-3.098,7.912,-6.131
Y149T,0.097,-3.423,-3.396,-3.451,8.219,-7.905,-3.423,-3.396,-3.451,8.219,-7.905
Y149V,0.097,-3.394,-3.393,-3.395,8.182,-7.646,-3.394,-3.393,-3.395,8.182,-7.646
Y149W,0.097,-3.251,-3.283,-3.219,6.770,-6.788,-3.251,-3.283,-3.219,6.770,-6.788
C150A,0.097,-3.894,-3.622,-4.166,11.111,-10.974,-3.894,-3.622,-4.166,11.111,-10.974
C150D,0.097,-4.020,-3.641,-4.399,11.403,-11.938,-4.020,-3.641,-4.399,11.403,-11.938
C150E,0.097,-4.087,-3.615,-4.559,11.030,-12.607,-4.087,-3.615,-4.559,11.030,-12.607
C150F,0.097,-3.807,-3.595,-4.019,10.729,-10.358,-3.807,-3.595,-4.019,10.729,-10.358
C150G,0.097,-3.863,-3.625,-4.101,11.166,-10.693,-3.863,-3.625,-4.101,11.166,-10.693
C150H,0.097,-3.920,-3.621,-4.218,11.119,-11.184,-3.920,-3.621,-4.218,11.119,-11.184
C150I,0.097,-3.912,-3.611,-4.213,10.965,-11.167,-3.912,-3.611,-4.213,10.965,-11.167
C150K,0.097,-4.013,-3.629,-4.398,11.217,-11.927,-4.013,-3.629,-4.398,11.217,-11.927
C150L,0.097,-3.802,-3.621,-3.982,11.112,-10.204,-3.802,-3.621,-3.982,11.112,-10.204
C150M,0.097,-4.036,-3.599,-4.472,10.788,-12.243,-4.036,-3.599,-4.472,10.788,-12.243
C150N,0.097,-3.929,-3.614,-4.244,10.991,-11.295,-3.929,-3.614,-4.244,10.991,-11.295
C150P,0.097,-3.975,-3.607,-4.343,10.914,-11.698,-3.975,-3.607,-4.343,10.914,-11.698
C150Q,0.097,-4.013,-3.634,-4.393,11.267,-11.912,-4.013,-3.634,-4.393,11.267,-11.912
C150R,0.097,-3.810,-3.616,-4.004,11.029,-10.294,-3.810,-3.616,-4.004,11.029,-10.294
C150S,0.097,-3.634,-3.622,-3.647,11.134,-8.786,-3.634,-3.622,-3.647,11.134,-8.786
C150T,0.097,-3.875,-3.617,-4.133,11.054,-10.825,-3.875,-3.617,-4.133,11.054,-10.825
C150V,0.097,-3.833,-3.591,-4.075,10.721,-10.595,-3.833,-3.591,-4.075,10.721,-10.595
C150W,0.097,-3.972,-3.613,-4.331,11.025,-11.649,-3.972,-3.613,-4.331,11.025,-11.649
C150Y,0.097,-3.732,-3.632,-3.833,11.271,-9.582,-3.732,-3.632,-3.833,11.271,-9.582
K151A,0.097,-3.126,-3.325,-2.926,7.312,-5.066,-3.126,-3.325,-2.926,7.312,-5.066
K151C,0.097,-3.307,-3.488,-3.126,9.350,-6.281,-3.307,-3.488,-3.126,9.350,-6.281
K151D,0.097,-3.298,-3.433,-3.164,8.659,-6.488,-3.298,-3.433,-3.164,8.659,-6.488
K151E,0.097,-3.192,-3.450,-2.934,8.848,-5.118,-3.192,-3.450,-2.934,8.848,-5.118
K151F,0.097,-3.489,-3.535,-3.443,9.958,-7.875,-3.489,-3.535,-3.443,9.958,-7.875
K151G,0.097,-3.186,-3.358,-3.013,7.755,-5.636,-3.186,-3.358,-3.013,7.755,-5.636
K151H,0.097,-3.178,-3.519,-2.836,9.713,-4.410,-3.178,-3.519,-2.836,9.713,-4.410
K151I,0.097,-3.309,-3.441,-3.177,8.726,-6.565,-3.309,-3.441,-3.177,8.726,-6.565
K151L,0.097,-3.200,-3.467,-2.932,9.121,-5.106,-3.200,-3.467,-2.932,9.121,-5.106
K151M,0.097,-3.243,-3.457,-3.029,8.915,-5.734,-3.243,-3.457,-3.029,8.915,-5.734
K151N,0.097,-3.056,-3.301,-2.810,6.971,-4.162,-3.056,-3.301,-2.810,6.971,-4.162
K151P,0.097,-3.158,-3.374,-2.942,7.961,-5.179,-3.158,-3.374,-2.942,7.961,-5.179
K151Q,0.097,-3.050,-3.429,-2.672,8.641,-2.495,-3.050,-3.429,-2.672,8.641,-2.495
K151R,0.097,-3.045,-3.440,-2.650,8.714,-1.604,-3.045,-3.440,-2.650,8.714,-1.604
K151S,0.097,-3.008,-3.252,-2.763,6.392,-3.756,-3.008,-3.252,-2.763,6.392,-3.756
K151T,0.097,-3.112,-3.430,-2.794,8.629,-4.053,-3.112,-3.430,-2.794,8.629,-4.053
K151V,0.097,-3.244,-3.417,-3.071,8.431,-5.959,-3.244,-3.417,-3.071,8.431,-5.959
K151W,0.097,-3.460,-3.505,-3.416,9.596,-7.739,-3.460,-3.505,-3.416,9.596,-7.739
K151Y,0.097,-3.364,-3.421,-3.307,8.396,-7.209,-3.364,-3.421,-3.307,8.396,-7.209
G152A,0.394,-2.816,-2.967,-2.664,3.949,-2.267,-2.816,-2.967,-2.664,3.949,-2.267
G152C,0.394,-3.163,-3.219,-3.107,6.583,-6.173,-3.163,-3.219,-3.107,6.583,-6.173
G152D,0.394,-2.878,-2.933,-2.823,3.599,-4.286,-2.878,-2.933,-2.823,3.599,-4.286
G152E,0.394,-2.894,-3.005,-2.784,4.350,-3.953,-2.894,-3.005,-2.784,4.350,-3.953
G152F,0.394,-3.171,-3.078,-3.264,5.128,-7.013,-3.171,-3.078,-3.264,5.128,-7.013
G152H,0.394,-3.024,-3.091,-2.958,5.265,-5.286,-3.024,-3.091,-2.958,5.265,-5.286
G152I,0.394,-3.117,-3.129,-3.106,5.628,-6.169,-3.117,-3.129,-3.106,5.628,-6.169
G152K,0.394,-2.936,-3.056,-2.815,4.888,-4.233,-2.936,-3.056,-2.815,4.888,-4.233
G152L,0.394,-3.016,-3.098,-2.934,5.326,-5.122,-3.016,-3.098,-2.934,5.326,-5.122
G152M,0.394,-3.154,-3.194,-3.114,6.330,-6.213,-3.154,-3.194,-3.114,6.330,-6.213
G152N,0.394,-2.758,-2.779,-2.737,2.027,-3.478,-2.758,-2.779,-2.737,2.027,-3.478
G152P,0.394,-3.076,-3.173,-2.979,6.119,-5.416,-3.076,-3.173,-2.979,6.119,-5.416
G152Q,0.394,-2.883,-2.939,-2.827,3.684,-4.332,-2.883,-2.939,-2.827,3.684,-4.332
G152R,0.394,-2.913,-3.021,-2.805,4.531,-4.127,-2.913,-3.021,-2.805,4.531,-4.127
G152S,0.394,-2.670,-2.678,-2.663,0.932,-2.253,-2.670,-2.678,-2.663,0.932,-2.253
G152T,0.394,-2.766,-2.795,-2.737,2.180,-3.458,-2.766,-2.795,-2.737,2.180,-3.458
G152V,0.394,-2.960,-3.062,-2.857,4.968,-4.571,-2.960,-3.062,-2.857,4.968,-4.571
G152W,0.394,-3.294,-3.088,-3.500,5.237,-8.130,-3.294,-3.088,-3.500,5.237,-8.130
G152Y,0.394,-3.158,-3.084,-3.233,5.172,-6.850,-3.158,-3.084,-3.233,5.172,-6.850
P153A,0.101,-2.888,-3.081,-2.694,4.421,-2.889,-2.888,-3.081,-2.694,4.421,-2.889
P153C,0.101,-3.049,-3.120,-2.978,4.887,-5.400,-3.049,-3.120,-2.978,4.887,-5.400
P153D,0.101,-2.978,-3.106,-2.849,4.697,-4.497,-2.978,-3.106,-2.849,4.697,-4.497
P153E,0.101,-2.923,-2.965,-2.882,3.036,-4.739,-2.923,-2.965,-2.882,3.036,-4.739
P153F,0.101,-3.002,-2.931,-3.074,2.669,-6.003,-3.002,-2.931,-3.074,2.669,-6.003
P153G,0.101,-2.964,-3.135,-2.793,4.933,-4.059,-2.964,-3.135,-2.793,4.933,-4.059
P153H,0.101,-2.984,-3.042,-2.926,3.861,-5.060,-2.984,-3.042,-2.926,3.861,-5.060
P153I,0.101,-2.980,-3.014,-2.945,3.599,-5.184,-2.980,-3.014,-2.945,3.599,-5.184
P153K,0.101,-2.981,-3.056,-2.906,4.044,-4.914,-2.981,-3.056,-2.906,4.044,-4.914
P153L,0.101,-2.891,-2.970,-2.812,3.159,-4.207,-2.891,-2.970,-2.812,3.159,-4.207
P153M,0.101,-3.089,-3.127,-3.051,4.949,-5.859,-3.089,-3.127,-3.051,4.949,-5.859
P153N,0.101,-2.973,-3.114,-2.832,4.740,-4.384,-2.973,-3.114,-2.832,4.740,-4.384
P153Q,0.101,-2.916,-3.008,-2.824,3.525,-4.301,-2.916,-3.008,-2.824,3.525,-4.301
P153R,0.101,-2.935,-2.992,-2.878,3.267,-4.721,-2.935,-2.992,-2.878,3.267,-4.721
P153S,0.101,-2.773,-2.887,-2.659,2.099,-2.172,-2.773,-2.887,-2.659,2.099,-2.172
P153T,0.101,-2.826,-2.950,-2.702,2.866,-3.017,-2.826,-2.950,-2.702,2.866,-3.017
P153V,0.101,-2.794,-2.772,-2.816,0.762,-4.231,-2.794,-2.772,-2.816,0.762,-4.231
P153W,0.101,-3.366,-3.196,-3.536,5.784,-8.290,-3.366,-3.196,-3.536,5.784,-8.290
P153Y,0.101,-3.175,-3.157,-3.193,5.366,-6.639,-3.175,-3.157,-3.193,5.366,-6.639
C154A,0.099,-3.433,-3.599,-3.267,10.807,-7.019,-3.433,-3.599,-3.267,10.807,-7.019
C154D,0.099,-3.581,-3.597,-3.565,10.745,-8.427,-3.581,-3.597,-3.565,10.745,-8.427
C154E,0.099,-3.590,-3.629,-3.552,11.231,-8.357,-3.590,-3.629,-3.552,11.231,-8.357
C154F,0.099,-3.490,-3.584,-3.395,10.584,-7.649,-3.490,-3.584,-3.395,10.584,-7.649
C154G,0.099,-3.345,-3.570,-3.120,10.388,-6.257,-3.345,-3.570,-3.120,10.388,-6.257
C154H,0.099,-3.460,-3.599,-3.321,10.814,-7.280,-3.460,-3.599,-3.321,10.814,-7.280
C154I,0.099,-3.708,-3.620,-3.797,11.081,-9.421,-3.708,-3.620,-3.797,11.081,-9.421
C154K,0.099,-3.474,-3.614,-3.334,11.013,-7.350,-3.474,-3.614,-3.334,11.013,-7.350
C154L,0.099,-3.472,-3.624,-3.319,11.143,-7.270,-3.472,-3.624,-3.319,11.143,-7.270
C154M,0.099,-3.642,-3.610,-3.675,10.940,-8.899,-3.642,-3.610,-3.675,10.940,-8.899
C154N,0.099,-3.459,-3.597,-3.321,10.780,-7.282,-3.459,-3.597,-3.321,10.780,-7.282
C154P,0.099,-3.610,-3.599,-3.620,10.827,-8.664,-3.610,-3.599,-3.620,10.827,-8.664
C154Q,0.099,-3.412,-3.590,-3.235,10.677,-6.858,-3.412,-3.590,-3.235,10.677,-6.858
C154R,0.099,-3.336,-3.587,-3.084,10.657,-6.047,-3.336,-3.587,-3.084,10.657,-6.047
C154S,0.099,-3.299,-3.622,-2.976,11.127,-5.393,-3.299,-3.622,-2.976,11.127,-5.393
C154T,0.099,-3.474,-3.616,-3.333,11.052,-7.344,-3.474,-3.616,-3.333,11.052,-7.344
C154V,0.099,-3.532,-3.579,-3.485,10.521,-8.054,-3.532,-3.579,-3.485,10.521,-8.054
C154W,0.099,-3.641,-3.613,-3.669,10.983,-8.872,-3.641,-3.613,-3.669,10.983,-8.872
C154Y,0.099,-3.486,-3.602,-3.369,10.852,-7.514,-3.486,-3.602,-3.369,10.852,-7.514
Q155A,0.097,-2.872,-2.992,-2.751,3.141,-3.628,-2.872,-2.992,-2.751,3.141,-3.628
Q155C,0.097,-3.050,-3.156,-2.943,5.121,-5.184,-3.050,-3.156,-2.943,5.121,-5.184
Q155D,0.097,-2.926,-3.057,-2.794,3.931,-4.039,-2.926,-3.057,-2.794,3.931,-4.039
Q155E,0.097,-2.854,-3.051,-2.658,3.850,-2.126,-2.854,-3.051,-2.658,3.850,-2.126
Q155F,0.097,-3.190,-3.127,-3.252,4.838,-6.946,-3.190,-3.127,-3.252,4.838,-6.946
Q155G,0.097,-2.820,-2.927,-2.713,2.432,-3.177,-2.820,-2.927,-2.713,2.432,-3.177
Q155H,0.097,-2.878,-3.051,-2.705,3.969,-3.054,-2.878,-3.051,-2.705,3.969,-3.054
Q155I,0.097,-3.134,-3.197,-3.072,5.623,-5.981,-3.134,-3.197,-3.072,5.623,-5.981
Q155K,0.097,-2.697,-2.743,-2.651,0.262,-1.553,-2.697,-2.743,-2.651,0.262,-1.553
Q155L,0.097,-2.962,-3.149,-2.776,5.122,-3.875,-2.962,-3.149,-2.776,5.122,-3.875
Q155M,0.097,-3.071,-3.171,-2.971,5.353,-5.359,-3.071,-3.171,-2.971,5.353,-5.359
Q155N,0.097,-2.896,-3.029,-2.764,3.595,-3.755,-2.896,-3.029,-2.764,3.595,-3.755
Q155P,0.097,-2.983,-3.213,-2.753,5.795,-3.667,-2.983,-3.213,-2.753,5.795,-3.667
Q155R,0.097,-2.728,-2.804,-2.651,0.987,-1.512,-2.728,-2.804,-2.651,0.987,-1.512
Q155S,0.097,-2.840,-2.985,-2.695,3.079,-2.880,-2.840,-2.985,-2.695,3.079,-2.880
Q155T,0.097,-2.950,-3.174,-2.727,5.378,-3.334,-2.950,-3.174,-2.727,5.378,-3.334
Q155V,0.097,-3.050,-3.240,-2.859,6.223,-4.578,-3.050,-3.240,-2.859,6.223,-4.578
Q155W,0.097,-3.234,-3.178,-3.289,5.515,-7.127,-3.234,-3.178,-3.289,5.515,-7.127
Q155Y,0.097,-3.210,-3.227,-3.193,6.007,-6.640,-3.210,-3.227,-3.193,6.007,-6.640
R156A,0.097,-2.722,-2.536,-2.908,-2.059,1.719,-2.722,-2.536,-2.908,-2.059,1.719
R156C,0.097,-2.728,-2.794,-2.661,1.008,-2.162,-2.728,-2.794,-2.661,1.008,-2.162
R156D,0.097,-2.717,-2.772,-2.662,0.652,-2.233,-2.717,-2.772,-2.662,0.652,-2.233
R156E,0.097,-2.746,-2.837,-2.655,1.530,-1.874,-2.746,-2.837,-2.655,1.530,-1.874
R156F,0.097,-2.891,-3.089,-2.693,4.433,-2.885,-2.891,-3.089,-2.693,4.433,-2.885
R156G,0.097,-2.752,-2.774,-2.729,0.731,0.283,-2.752,-2.774,-2.729,0.731,0.283
R156H,0.097,-2.854,-3.057,-2.651,4.080,-1.401,-2.854,-3.057,-2.651,4.080,-1.401
R156I,0.097,-2.840,-3.030,-2.650,3.793,-1.616,-2.840,-3.030,-2.650,3.793,-1.616
R156K,0.097,-2.712,-2.756,-2.669,0.520,-0.706,-2.712,-2.756,-2.669,0.520,-0.706
R156L,0.097,-2.830,-2.986,-2.675,3.179,-0.522,-2.830,-2.986,-2.675,3.179,-0.522
R156M,0.097,-2.856,-3.061,-2.652,4.134,-1.181,-2.856,-3.061,-2.652,4.134,-1.181
R156N,0.097,-2.783,-2.884,-2.682,1.976,-0.360,-2.783,-2.884,-2.682,1.976,-0.360
R156P,0.097,-2.856,-3.044,-2.669,3.913,-0.704,-2.856,-3.044,-2.669,3.913,-0.704
R156Q,0.097,-2.785,-2.879,-2.691,1.979,-0.233,-2.785,-2.879,-2.691,1.979,-0.233
R156S,0.097,-2.773,-2.621,-2.925,-1.089,1.824,-2.773,-2.621,-2.925,-1.089,1.824
R156T,0.097,-2.839,-2.856,-2.822,1.674,1.136,-2.839,-2.856,-2.822,1.674,1.136
R156V,0.097,-2.842,-2.989,-2.695,3.315,-0.155,-2.842,-2.989,-2.695,3.315,-0.155
R156W,0.097,-2.930,-3.054,-2.806,4.088,-4.133,-2.930,-3.054,-2.806,4.088,-4.133
R156Y,0.097,-2.856,-3.014,-2.697,3.580,-2.934,-2.856,-3.014,-2.697,3.580,-2.934
V157A,0.095,-3.064,-3.355,-2.773,7.711,-3.836,-3.064,-3.355,-2.773,7.711,-3.836
V157C,0.095,-3.427,-3.435,-3.419,8.683,-7.750,-3.427,-3.435,-3.419,8.683,-7.750
V157D,0.095,-3.489,-3.405,-3.573,8.297,-8.456,-3.489,-3.405,-3.573,8.297,-8.456
V157E,0.095,-3.296,-3.420,-3.173,8.552,-6.543,-3.296,-3.420,-3.173,8.552,-6.543
V157F,0.095,-3.244,-3.354,-3.133,7.695,-6.309,-3.244,-3.354,-3.133,7.695,-6.309
V157G,0.095,-3.386,-3.415,-3.357,8.430,-7.463,-3.386,-3.415,-3.357,8.430,-7.463
V157H,0.095,-3.434,-3.412,-3.457,8.384,-7.929,-3.434,-3.412,-3.457,8.384,-7.929
V157I,0.095,-2.768,-2.881,-2.656,2.000,-1.969,-2.768,-2.881,-2.656,2.000,-1.969
V157K,0.095,-3.376,-3.436,-3.316,8.695,-7.262,-3.376,-3.436,-3.316,8.695,-7.262
V157L,0.095,-2.886,-3.059,-2.712,4.058,-3.134,-2.886,-3.059,-2.712,4.058,-3.134
V157M,0.095,-3.004,-3.192,-2.817,5.746,-4.242,-3.004,-3.192,-2.817,5.746,-4.242
V157N,0.095,-3.396,-3.391,-3.401,8.097,-7.665,-3.396,-3.391,-3.401,8.097,-7.665
V157P,0.095,-3.184,-3.254,-3.115,6.473,-6.227,-3.184,-3.254,-3.115,6.473,-6.227
V157Q,0.095,-3.256,-3.377,-3.136,7.917,-6.338,-3.256,-3.377,-3.136,7.917,-6.338
V157R,0.095,-3.340,-3.434,-3.245,8.639,-6.916,-3.340,-3.434,-3.245,8.639,-6.916
V157S,0.095,-3.230,-3.415,-3.046,8.460,-5.827,-3.230,-3.415,-3.046,8.460,-5.827
V157T,0.095,-3.109,-3.394,-2.824,8.172,-4.296,-3.109,-3.394,-2.824,8.172,-4.296
V157W,0.095,-3.577,-3.417,-3.737,8.452,-9.173,-3.577,-3.417,-3.737,8.452,-9.173
V157Y,0.095,-3.434,-3.320,-3.548,7.259,-8.348,-3.434,-3.320,-3.548,7.259,-8.348
Q158A,0.095,-3.150,-3.302,-2.999,6.968,-5.548,-3.150,-3.302,-2.999,6.968,-5.548
Q158C,0.095,-3.182,-3.025,-3.339,3.640,-7.375,-3.182,-3.025,-3.339,3.640,-7.375
Q158D,0.095,-3.217,-3.282,-3.152,6.812,-6.422,-3.217,-3.282,-3.152,6.812,-6.422
Q158E,0.095,-2.940,-3.135,-2.745,5.001,-3.540,-2.940,-3.135,-2.745,5.001,-3.540
Q158F,0.095,-3.448,-3.339,-3.556,7.532,-8.377,-3.448,-3.339,-3.556,7.532,-8.377
Q158G,0.095,-3.242,-3.294,-3.190,6.892,-6.615,-3.242,-3.294,-3.190,6.892,-6.615
Q158H,0.095,-3.037,-3.210,-2.864,5.935,-4.632,-3.037,-3.210,-2.864,5.935,-4.632
Q158I,0.095,-3.251,-3.282,-3.220,6.793,-6.781,-3.251,-3.282,-3.220,6.793,-6.781
Q158K,0.095,-2.816,-2.862,-2.771,1.881,-3.839,-2.816,-2.862,-2.771,1.881,-3.839
Q158L,0.095,-3.080,-3.290,-2.869,6.862,-4.654,-3.080,-3.290,-2.869,6.862,-4.654
Q158M,0.095,-3.207,-3.288,-3.126,6.959,-6.283,-3.207,-3.288,-3.126,6.959,-6.283
Q158N,0.095,-3.157,-3.153,-3.161,5.220,-6.471,-3.157,-3.153,-3.161,5.220,-6.471
Q158P,0.095,-3.248,-3.350,-3.146,7.657,-6.395,-3.248,-3.350,-3.146,7.657,-6.395
Q158R,0.095,-2.859,-2.960,-2.759,2.931,-3.708,-2.859,-2.960,-2.759,2.931,-3.708
Q158S,0.095,-3.140,-3.222,-3.058,6.073,-5.900,-3.140,-3.222,-3.058,6.073,-5.900
Q158T,0.095,-3.048,-3.019,-3.076,3.699,-6.009,-3.048,-3.019,-3.076,3.699,-6.009
Q158V,0.095,-3.116,-3.237,-2.995,6.231,-5.515,-3.116,-3.237,-2.995,6.231,-5.515
Q158W,0.095,-3.455,-3.317,-3.593,7.222,-8.536,-3.455,-3.317,-3.593,7.222,-8.536
Q158Y,0.095,-3.392,-3.332,-3.452,7.420,-7.909,-3.392,-3.332,-3.452,7.420,-7.909
P159A,0.097,-2.991,-3.243,-2.739,6.320,-3.504,-2.991,-3.243,-2.739,6.320,-3.504
P159C,0.097,-3.518,-3.443,-3.593,8.776,-8.542,-3.518,-3.443,-3.593,8.776,-8.542
P159D,0.097,-3.522,-3.467,-3.577,9.055,-8.476,-3.522,-3.467,-3.577,9.055,-8.476
P159E,0.097,-3.274,-3.288,-3.259,6.890,-6.981,-3.274,-3.288,-3.259,6.890,-6.981
P159F,0.097,-3.536,-3.456,-3.615,8.970,-8.638,-3.536,-3.456,-3.615,8.970,-8.638
P159G,0.097,-3.381,-3.479,-3.283,9.264,-7.107,-3.381,-3.479,-3.283,9.264,-7.107
P159H,0.097,-3.218,-3.276,-3.160,6.751,-6.468,-3.218,-3.276,-3.160,6.751,-6.468
P159I,0.097,-3.382,-3.400,-3.364,8.275,-7.492,-3.382,-3.400,-3.364,8.275,-7.492
P159K,0.097,-3.262,-3.324,-3.199,7.387,-6.668,-3.262,-3.324,-3.199,7.387,-6.668
P159L,0.097,-3.126,-3.370,-2.883,7.849,-4.758,-3.126,-3.370,-2.883,7.849,-4.758
P159M,0.097,-3.407,-3.476,-3.339,9.207,-7.373,-3.407,-3.476,-3.339,9.207,-7.373
P159N,0.097,-3.388,-3.342,-3.435,7.600,-7.820,-3.388,-3.342,-3.435,7.600,-7.820
P159Q,0.097,-3.133,-3.386,-2.880,8.083,-4.749,-3.133,-3.386,-2.880,8.083,-4.749
P159R,0.097,-3.147,-3.291,-3.003,6.852,-5.571,-3.147,-3.291,-3.003,6.852,-5.571
P159S,0.097,-3.030,-3.233,-2.826,6.165,-4.338,-3.030,-3.233,-2.826,6.165,-4.338
P159T,0.097,-3.144,-3.320,-2.967,7.299,-5.348,-3.144,-3.320,-2.967,7.299,-5.348
P159V,0.097,-3.170,-3.287,-3.053,6.857,-5.875,-3.170,-3.287,-3.053,6.857,-5.875
P159W,0.097,-3.676,-3.476,-3.876,9.214,-9.758,-3.676,-3.476,-3.876,9.214,-9.758
P159Y,0.097,-3.612,-3.463,-3.760,8.993,-9.274,-3.612,-3.463,-3.760,8.993,-9.274
G160A,0.093,-3.091,-3.267,-2.915,6.592,-4.987,-3.091,-3.267,-2.915,6.592,-4.987
G160C,0.093,-3.398,-3.547,-3.249,10.126,-6.919,-3.398,-3.547,-3.249,10.126,-6.919
G160D,0.093,-3.277,-3.543,-3.011,10.109,-5.615,-3.277,-3.543,-3.011,10.109,-5.615
G160E,0.093,-3.368,-3.560,-3.177,10.305,-6.561,-3.368,-3.560,-3.177,10.305,-6.561
G160F,0.093,-3.657,-3.568,-3.745,10.392,-9.196,-3.657,-3.568,-3.745,10.392,-9.196
G160H,0.093,-3.387,-3.558,-3.216,10.261,-6.765,-3.387,-3.558,-3.216,10.261,-6.765
G160I,0.093,-3.757,-3.564,-3.950,10.374,-10.066,-3.757,-3.564,-3.950,10.374,-10.066
G160K,0.093,-3.425,-3.543,-3.307,10.069,-7.204,-3.425,-3.543,-3.307,10.069,-7.204
G160L,0.093,-3.520,-3.498,-3.543,9.402,-8.316,-3.520,-3.498,-3.543,9.402,-8.316
G160M,0.093,-3.646,-3.554,-3.738,10.239,-9.172,-3.646,-3.554,-3.738,10.239,-9.172
G160N,0.093,-3.208,-3.567,-2.848,10.374,-4.500,-3.208,-3.567,-2.848,10.374,-4.500
G160P,0.093,-3.656,-3.565,-3.747,10.378,-9.220,-3.656,-3.565,-3.747,10.378,-9.220
G160Q,0.093,-3.407,-3.556,-3.258,10.278,-6.983,-3.407,-3.556,-3.258,10.278,-6.983
G160R,0.093,-3.282,-3.542,-3.022,10.055,-5.688,-3.282,-3.542,-3.022,10.055,-5.688
G160S,0.093,-3.162,-3.480,-2.843,9.269,-4.484,-3.162,-3.480,-2.843,9.269,-4.484
G160T,0.093,-3.332,-3.437,-3.227,8.789,-6.817,-3.332,-3.437,-3.227,8.789,-6.817
G160V,0.093,-3.487,-3.550,-3.424,10.181,-7.780,-3.487,-3.550,-3.424,10.181,-7.780
G160W,0.093,-3.598,-3.539,-3.657,10.053,-8.823,-3.598,-3.539,-3.657,10.053,-8.823
G160Y,0.093,-3.564,-3.545,-3.584,10.114,-8.504,-3.564,-3.545,-3.584,10.114,-8.504
K161A,0.093,-3.502,-3.572,-3.433,10.450,-7.822,-3.502,-3.572,-3.433,10.450,-7.822
K161C,0.093,-3.492,-3.580,-3.403,10.561,-7.682,-3.492,-3.580,-3.403,10.561,-7.682
K161D,0.093,-3.692,-3.566,-3.817,10.388,-9.520,-3.692,-3.566,-3.817,10.388,-9.520
K161E,0.093,-3.455,-3.581,-3.329,10.544,-7.320,-3.455,-3.581,-3.329,10.544,-7.320
K161F,0.093,-3.787,-3.603,-3.971,10.841,-10.155,-3.787,-3.603,-3.971,10.841,-10.155
K161G,0.093,-3.519,-3.581,-3.457,10.566,-7.930,-3.519,-3.581,-3.457,10.566,-7.930
K161H,0.093,-3.358,-3.535,-3.181,10.038,-6.574,-3.358,-3.535,-3.181,10.038,-6.574
K161I,0.093,-3.582,-3.551,-3.614,10.121,-8.636,-3.582,-3.551,-3.614,10.121,-8.636
K161L,0.093,-3.406,-3.501,-3.310,9.446,-7.231,-3.406,-3.501,-3.310,9.446,-7.231
K161M,0.093,-3.414,-3.537,-3.290,9.973,-7.128,-3.414,-3.537,-3.290,9.973,-7.128
K161N,0.093,-3.384,-3.572,-3.197,10.455,-6.656,-3.384,-3.572,-3.197,10.455,-6.656
K161P,0.093,-3.622,-3.563,-3.680,10.351,-8.918,-3.622,-3.563,-3.680,10.351,-8.918
K161Q,0.093,-3.230,-3.576,-2.884,10.516,-4.774,-3.230,-3.576,-2.884,10.516,-4.774
K161R,0.093,-3.064,-3.465,-2.663,9.107,-2.258,-3.064,-3.465,-2.663,9.107,-2.258
K161S,0.093,-3.396,-3.513,-3.278,9.598,-7.081,-3.396,-3.513,-3.278,9.598,-7.081
K161T,0.093,-3.422,-3.599,-3.245,10.796,-6.912,-3.422,-3.599,-3.245,10.796,-6.912
K161V,0.093,-3.490,-3.506,-3.475,9.488,-8.008,-3.490,-3.506,-3.475,9.488,-8.008
K161W,0.093,-3.670,-3.568,-3.771,10.416,-9.310,-3.670,-3.568,-3.771,10.416,-9.310
K161Y,0.093,-3.705,-3.567,-3.842,10.406,-9.620,-3.705,-3.567,-3.842,10.406,-9.620
L162A,0.093,-3.649,-3.580,-3.717,10.556,-9.073,-3.649,-3.580,-3.717,10.556,-9.073
L162C,0.093,-3.706,-3.506,-3.906,9.608,-9.885,-3.706,-3.506,-3.906,9.608,-9.885
L162D,0.093,-4.148,-3.574,-4.723,10.467,-13.311,-4.148,-3.574,-4.723,10.467,-13.311
L162E,0.093,-3.969,-3.563,-4.375,10.364,-11.824,-3.969,-3.563,-4.375,10.364,-11.824
L162F,0.093,-3.360,-3.486,-3.233,9.275,-6.846,-3.360,-3.486,-3.233,9.275,-6.846
L162G,0.093,-3.972,-3.578,-4.367,10.573,-11.800,-3.972,-3.578,-4.367,10.573,-11.800
L162H,0.093,-3.676,-3.565,-3.787,10.392,-9.383,-3.676,-3.565,-3.787,10.392,-9.383
L162I,0.093,-3.255,-3.426,-3.084,8.671,-6.043,-3.255,-3.426,-3.084,8.671,-6.043
L162K,0.093,-3.788,-3.557,-4.020,10.279,-10.367,-3.788,-3.557,-4.020,10.279,-10.367
L162M,0.093,-3.254,-3.561,-2.948,10.315,-5.204,-3.254,-3.561,-2.948,10.315,-5.204
L162N,0.093,-3.919,-3.561,-4.277,10.306,-11.428,-3.919,-3.561,-4.277,10.306,-11.428
L162P,0.093,-3.506,-3.578,-3.434,10.535,-7.823,-3.506,-3.578,-3.434,10.535,-7.823
L162Q,0.093,-3.500,-3.571,-3.430,10.459,-7.810,-3.500,-3.571,-3.430,10.459,-7.810
L162R,0.093,-3.573,-3.577,-3.569,10.546,-8.442,-3.573,-3.577,-3.569,10.546,-8.442
L162S,0.093,-3.648,-3.534,-3.762,9.960,-9.270,-3.648,-3.534,-3.762,9.960,-9.270
L162T,0.093,-3.508,-3.528,-3.489,9.969,-8.080,-3.508,-3.528,-3.489,9.969,-8.080
L162V,0.093,-3.306,-3.509,-3.103,9.607,-6.154,-3.306,-3.509,-3.103,9.607,-6.154
L162W,0.093,-3.772,-3.569,-3.974,10.442,-10.173,-3.772,-3.569,-3.974,10.442,-10.173
L162Y,0.093,-3.746,-3.546,-3.946,10.143,-10.057,-3.746,-3.546,-3.946,10.143,-10.057
R163A,0.093,-3.606,-3.598,-3.615,10.813,-8.631,-3.606,-3.598,-3.615,10.813,-8.631
R163C,0.093,-3.321,-3.557,-3.085,10.281,-6.053,-3.321,-3.557,-3.085,10.281,-6.053
R163D,0.093,-3.930,-3.569,-4.292,10.417,-11.488,-3.930,-3.569,-4.292,10.417,-11.488
R163E,0.093,-3.685,-3.547,-3.823,10.115,-9.536,-3.685,-3.547,-3.823,10.115,-9.536
R163F,0.093,-3.702,-3.552,-3.853,10.228,-9.663,-3.702,-3.552,-3.853,10.228,-9.663
R163G,0.093,-3.602,-3.575,-3.628,10.522,-8.705,-3.602,-3.575,-3.628,10.522,-8.705
R163H,0.093,-3.254,-3.519,-2.989,9.843,-5.468,-3.254,-3.519,-2.989,9.843,-5.468
R163I,0.093,-3.602,-3.545,-3.659,10.081,-8.846,-3.602,-3.545,-3.659,10.081,-8.846
R163K,0.093,-3.217,-3.585,-2.849,10.642,-4.517,-3.217,-3.585,-2.849,10.642,-4.517
R163L,0.093,-3.410,-3.580,-3.241,10.561,-6.887,-3.410,-3.580,-3.241,10.561,-6.887
R163M,0.093,-3.538,-3.561,-3.515,10.304,-8.200,-3.538,-3.561,-3.515,10.304,-8.200
R163N,0.093,-3.598,-3.589,-3.608,10.694,-8.612,-3.598,-3.589,-3.608,10.694,-8.612
R163P,0.093,-3.652,-3.582,-3.723,10.606,-9.119,-3.652,-3.582,-3.723,10.606,-9.119
R163Q,0.093,-3.253,-3.579,-2.927,10.541,-5.067,-3.253,-3.579,-2.927,10.541,-5.067
R163S,0.093,-3.383,-3.516,-3.251,9.676,-6.954,-3.383,-3.516,-3.251,9.676,-6.954
R163T,0.093,-3.404,-3.516,-3.291,9.639,-7.135,-3.404,-3.516,-3.291,9.639,-7.135
R163V,0.093,-3.566,-3.590,-3.543,10.708,-8.320,-3.566,-3.590,-3.543,10.708,-8.320
R163W,0.093,-3.432,-3.553,-3.311,10.223,-7.233,-3.432,-3.553,-3.311,10.223,-7.233
R163Y,0.093,-3.615,-3.572,-3.658,10.464,-8.826,-3.615,-3.572,-3.658,10.464,-8.826
V164A,0.093,-3.060,-3.220,-2.901,6.035,-4.893,-3.060,-3.220,-2.901,6.035,-4.893
V164C,0.093,-3.744,-3.415,-4.074,8.474,-10.582,-3.744,-3.415,-4.074,8.474,-10.582
V164D,0.093,-4.081,-3.477,-4.685,9.289,-13.139,-4.081,-3.477,-4.685,9.289,-13.139
V164E,0.093,-3.966,-3.503,-4.428,9.560,-12.052,-3.966,-3.503,-4.428,9.560,-12.052
V164F,0.093,-3.556,-3.379,-3.732,7.971,-9.143,-3.556,-3.379,-3.732,7.971,-9.143
V164G,0.093,-3.717,-3.495,-3.939,9.468,-10.024,-3.717,-3.495,-3.939,9.468,-10.024
V164H,0.093,-4.094,-3.510,-4.678,9.638,-13.111,-4.094,-3.510,-4.678,9.638,-13.111
V164I,0.093,-3.117,-3.418,-2.815,8.441,-4.231,-3.117,-3.418,-2.815,8.441,-4.231
V164K,0.093,-3.954,-3.498,-4.409,9.510,-11.980,-3.954,-3.498,-4.409,9.510,-11.980
V164L,0.093,-3.226,-3.347,-3.104,7.591,-6.153,-3.226,-3.347,-3.104,7.591,-6.153
V164M,0.093,-3.336,-3.430,-3.243,8.599,-6.895,-3.336,-3.430,-3.243,8.599,-6.895
V164N,0.093,-3.979,-3.507,-4.450,9.621,-12.151,-3.979,-3.507,-4.450,9.621,-12.151
V164P,0.093,-3.784,-3.511,-4.057,9.684,-10.512,-3.784,-3.511,-4.057,9.684,-10.512
V164Q,0.093,-3.943,-3.483,-4.403,9.312,-11.952,-3.943,-3.483,-4.403,9.312,-11.952
V164R,0.093,-3.888,-3.440,-4.337,8.687,-11.678,-3.888,-3.440,-4.337,8.687,-11.678
V164S,0.093,-3.644,-3.491,-3.798,9.429,-9.424,-3.644,-3.491,-3.798,9.429,-9.424
V164T,0.093,-3.304,-3.369,-3.240,7.875,-6.884,-3.304,-3.369,-3.240,7.875,-6.884
V164W,0.093,-4.076,-3.464,-4.687,8.988,-13.148,-4.076,-3.464,-4.687,8.988,-13.148
V164Y,0.093,-3.938,-3.505,-4.371,9.632,-11.824,-3.938,-3.505,-4.371,9.632,-11.824
Q165A,0.093,-2.866,-2.957,-2.774,2.901,-3.876,-2.866,-2.957,-2.774,2.901,-3.876
Q165C,0.093,-2.665,-2.679,-2.651,-0.481,-1.614,-2.665,-2.679,-2.651,-0.481,-1.614
Q165D,0.093,-3.041,-2.988,-3.094,3.172,-6.104,-3.041,-2.988,-3.094,3.172,-6.104
Q165E,0.093,-2.876,-2.954,-2.797,2.839,-4.060,-2.876,-2.954,-2.797,2.839,-4.060
Q165F,0.093,-2.975,-3.044,-2.906,3.911,-4.920,-2.975,-3.044,-2.906,3.911,-4.920
Q165G,0.093,-2.858,-2.942,-2.774,2.750,-3.848,-2.858,-2.942,-2.774,2.750,-3.848
Q165H,0.093,-2.787,-2.910,-2.664,2.266,-0.752,-2.787,-2.910,-2.664,2.266,-0.752
Q165I,0.093,-2.890,-2.977,-2.802,3.019,-4.116,-2.890,-2.977,-2.802,3.019,-4.116
Q165K,0.093,-2.784,-2.843,-2.726,1.573,0.256,-2.784,-2.843,-2.726,1.573,0.256
Q165L,0.093,-2.848,-3.017,-2.679,3.641,-2.623,-2.848,-3.017,-2.679,3.641,-2.623
Q165M,0.093,-2.913,-3.040,-2.786,3.867,-3.967,-2.913,-3.040,-2.786,3.867,-3.967
Q165N,0.093,-2.815,-2.914,-2.716,2.335,-3.207,-2.815,-2.914,-2.716,2.335,-3.207
Q165P,0.093,-2.948,-3.047,-2.849,3.948,-4.497,-2.948,-3.047,-2.849,3.948,-4.497
Q165R,0.093,-2.880,-2.397,-3.363,-3.732,3.900,-2.880,-2.397,-3.363,-3.732,3.900
Q165S,0.093,-2.788,-2.910,-2.665,2.260,-2.265,-2.788,-2.910,-2.665,2.260,-2.265
Q165T,0.093,-2.842,-3.020,-2.664,3.591,-2.277,-2.842,-3.020,-2.664,3.591,-2.277
Q165V,0.093,-2.827,-2.912,-2.743,2.329,-3.538,-2.827,-2.912,-2.743,2.329,-3.538
Q165W,0.093,-2.806,-2.868,-2.743,1.834,-3.547,-2.806,-2.868,-2.743,1.834,-3.547
Q165Y,0.093,-2.877,-2.959,-2.795,2.702,-4.037,-2.877,-2.959,-2.795,2.702,-4.037
C166A,0.093,-4.178,-3.606,-4.750,10.901,-13.419,-4.178,-3.606,-4.750,10.901,-13.419
C166D,0.093,-4.364,-3.628,-5.100,11.218,-14.985,-4.364,-3.628,-5.100,11.218,-14.985
C166E,0.093,-4.448,-3.605,-5.292,10.892,-15.930,-4.448,-3.605,-5.292,10.892,-15.930
C166F,0.093,-4.120,-3.600,-4.639,10.875,-12.952,-4.120,-3.600,-4.639,10.875,-12.952
C166G,0.093,-4.038,-3.617,-4.460,11.115,-12.196,-4.038,-3.617,-4.460,11.115,-12.196
C166H,0.093,-4.131,-3.614,-4.648,11.015,-12.979,-4.131,-3.614,-4.648,11.015,-12.979
C166I,0.093,-4.435,-3.598,-5.273,10.818,-15.825,-4.435,-3.598,-5.273,10.818,-15.825
C166K,0.093,-4.371,-3.591,-5.151,10.723,-15.230,-4.371,-3.591,-5.151,10.723,-15.230
C166L,0.093,-4.296,-3.595,-4.996,10.766,-14.507,-4.296,-3.595,-4.996,10.766,-14.507
C166M,0.093,-4.458,-3.601,-5.316,10.880,-16.045,-4.458,-3.601,-5.316,10.880,-16.045
C166N,0.093,-4.250,-3.597,-4.902,10.805,-14.084,-4.250,-3.597,-4.902,10.805,-14.084
C166P,0.093,-4.364,-3.605,-5.124,10.927,-15.098,-4.364,-3.605,-5.124,10.927,-15.098
C166Q,0.093,-4.350,-3.623,-5.077,11.148,-14.885,-4.350,-3.623,-5.077,11.148,-14.885
C166R,0.093,-3.999,-3.608,-4.390,10.966,-11.901,-3.999,-3.608,-4.390,10.966,-11.901
C166S,0.093,-3.840,-3.592,-4.087,10.747,-10.633,-3.840,-3.592,-4.087,10.747,-10.633
C166T,0.093,-4.164,-3.556,-4.773,10.351,-13.522,-4.164,-3.556,-4.773,10.351,-13.522
C166V,0.093,-4.276,-3.600,-4.953,10.846,-14.312,-4.276,-3.600,-4.953,10.846,-14.312
C166W,0.093,-4.228,-3.595,-4.861,10.751,-13.904,-4.228,-3.595,-4.861,10.751,-13.904
C166Y,0.093,-3.940,-3.607,-4.273,10.967,-11.418,-3.940,-3.607,-4.273,10.967,-11.418
S167A,0.093,-2.827,-2.969,-2.685,2.925,-0.340,-2.827,-2.969,-2.685,2.925,-0.340
S167C,0.093,-3.040,-3.260,-2.819,6.522,-4.262,-3.040,-3.260,-2.819,6.522,-4.262
S167D,0.093,-2.906,-3.055,-2.757,3.964,-3.697,-2.906,-3.055,-2.757,3.964,-3.697
S167E,0.093,-2.929,-3.179,-2.679,5.520,-2.617,-2.929,-3.179,-2.679,5.520,-2.617
S167F,0.093,-3.006,-3.101,-2.911,4.580,-4.958,-3.006,-3.101,-2.911,4.580,-4.958
S167G,0.093,-2.762,-2.872,-2.652,1.909,-1.656,-2.762,-2.872,-2.652,1.909,-1.656
S167H,0.093,-2.900,-3.018,-2.783,3.581,-3.923,-2.900,-3.018,-2.783,3.581,-3.923
S167I,0.093,-3.030,-3.202,-2.857,5.805,-4.566,-3.030,-3.202,-2.857,5.805,-4.566
S167K,0.093,-2.803,-2.886,-2.720,2.034,-3.272,-2.803,-2.886,-2.720,2.034,-3.272
S167L,0.093,-2.953,-3.181,-2.725,5.614,-3.333,-2.953,-3.181,-2.725,5.614,-3.333
S167M,0.093,-3.026,-3.240,-2.811,6.226,-4.189,-3.026,-3.240,-2.811,6.226,-4.189
S167N,0.093,-2.844,-3.002,-2.687,3.402,-2.769,-2.844,-3.002,-2.687,3.402,-2.769
S167P,0.093,-2.964,-3.256,-2.673,6.457,-2.484,-2.964,-3.256,-2.673,6.457,-2.484
S167Q,0.093,-2.835,-3.006,-2.665,3.403,-2.286,-2.835,-3.006,-2.665,3.403,-2.286
S167R,0.093,-2.794,-2.897,-2.690,2.076,-2.820,-2.794,-2.897,-2.690,2.076,-2.820
S167T,0.093,-2.872,-3.094,-2.650,4.473,-1.298,-2.872,-3.094,-2.650,4.473,-1.298
S167V,0.093,-2.931,-3.176,-2.686,5.428,-2.761,-2.931,-3.176,-2.686,5.428,-2.761
S167W,0.093,-3.194,-3.187,-3.201,5.654,-6.678,-3.194,-3.187,-3.201,5.654,-6.678
S167Y,0.093,-3.154,-3.258,-3.049,6.505,-5.846,-3.154,-3.258,-3.049,6.505,-5.846
T168A,0.093,-2.832,-3.002,-2.662,3.412,-0.849,-2.832,-3.002,-2.662,3.412,-0.849
T168C,0.093,-3.003,-3.192,-2.814,5.645,-4.213,-3.003,-3.192,-2.814,5.645,-4.213
T168D,0.093,-2.922,-3.110,-2.734,4.743,-3.433,-2.922,-3.110,-2.734,4.743,-3.433
T168E,0.093,-2.883,-3.068,-2.697,4.121,-2.930,-2.883,-3.068,-2.697,4.121,-2.930
T168F,0.093,-2.953,-3.153,-2.753,5.217,-3.645,-2.953,-3.153,-2.753,5.217,-3.645
T168G,0.093,-2.915,-3.173,-2.657,5.370,-1.946,-2.915,-3.173,-2.657,5.370,-1.946
T168H,0.093,-2.973,-3.245,-2.701,6.376,-2.980,-2.973,-3.245,-2.701,6.376,-2.980
T168I,0.093,-2.907,-3.133,-2.680,4.923,-2.623,-2.907,-3.133,-2.680,4.923,-2.623
T168K,0.093,-2.803,-2.942,-2.664,2.662,-2.256,-2.803,-2.942,-2.664,2.662,-2.256
T168L,0.093,-2.858,-3.063,-2.653,4.077,-1.956,-2.858,-3.063,-2.653,4.077,-1.956
T168M,0.093,-2.940,-3.189,-2.690,5.621,-2.799,-2.940,-3.189,-2.690,5.621,-2.799
T168N,0.093,-2.852,-3.046,-2.659,3.922,-2.103,-2.852,-3.046,-2.659,3.922,-2.103
T168P,0.093,-3.175,-3.285,-3.065,6.795,-5.938,-3.175,-3.285,-3.065,6.795,-5.938
T168Q,0.093,-2.875,-3.091,-2.658,4.426,-2.077,-2.875,-3.091,-2.658,4.426,-2.077
T168R,0.093,-2.820,-2.982,-2.658,3.143,-2.042,-2.820,-2.982,-2.658,3.143,-2.042
T168S,0.093,-2.818,-2.933,-2.702,2.564,-0.065,-2.818,-2.933,-2.702,2.564,-0.065
T168V,0.093,-2.830,-3.006,-2.655,3.493,-1.128,-2.830,-3.006,-2.655,3.493,-1.128
T168W,0.093,-3.190,-3.268,-3.113,6.609,-6.206,-3.190,-3.268,-3.113,6.609,-6.206
T168Y,0.093,-3.068,-3.295,-2.841,6.926,-4.435,-3.068,-3.295,-2.841,6.926,-4.435
C169A,0.091,-4.113,-3.608,-4.618,10.944,-12.849,-4.113,-3.608,-4.618,10.944,-12.849
C169D,0.091,-4.069,-3.590,-4.548,10.727,-12.551,-4.069,-3.590,-4.548,10.727,-12.551
C169E,0.091,-4.176,-3.606,-4.745,10.949,-13.401,-4.176,-3.606,-4.745,10.949,-13.401
C169F,0.091,-4.062,-3.587,-4.537,10.653,-12.507,-4.062,-3.587,-4.537,10.653,-12.507
C169G,0.091,-3.852,-3.596,-4.107,10.796,-10.725,-3.852,-3.596,-4.107,10.796,-10.725
C169H,0.091,-3.898,-3.590,-4.207,10.729,-11.144,-3.898,-3.590,-4.207,10.729,-11.144
C169I,0.091,-4.339,-3.602,-5.076,10.882,-14.879,-4.339,-3.602,-5.076,10.882,-14.879
C169K,0.091,-4.259,-3.618,-4.900,11.090,-14.077,-4.259,-3.618,-4.900,11.090,-14.077
C169L,0.091,-4.198,-3.620,-4.776,11.090,-13.532,-4.198,-3.620,-4.776,11.090,-13.532
C169M,0.091,-4.297,-3.594,-5.000,10.790,-14.530,-4.297,-3.594,-5.000,10.790,-14.530
C169N,0.091,-4.098,-3.578,-4.618,10.610,-12.849,-4.098,-3.578,-4.618,10.610,-12.849
C169P,0.091,-4.151,-3.590,-4.712,10.713,-13.259,-4.151,-3.590,-4.712,10.713,-13.259
C169Q,0.091,-4.139,-3.586,-4.692,10.665,-13.166,-4.139,-3.586,-4.692,10.665,-13.166
C169R,0.091,-3.964,-3.599,-4.329,10.833,-11.642,-3.964,-3.599,-4.329,10.833,-11.642
C169S,0.091,-3.882,-3.613,-4.150,11.024,-10.902,-3.882,-3.613,-4.150,11.024,-10.902
C169T,0.091,-4.082,-3.575,-4.588,10.515,-12.724,-4.082,-3.575,-4.588,10.515,-12.724
C169V,0.091,-4.086,-3.544,-4.629,10.219,-12.901,-4.086,-3.544,-4.629,10.219,-12.901
C169W,0.091,-4.150,-3.605,-4.696,10.914,-13.185,-4.150,-3.605,-4.696,10.914,-13.185
C169Y,0.091,-3.920,-3.607,-4.234,10.936,-11.247,-3.920,-3.607,-4.234,10.936,-11.247
R170A,0.089,-2.946,-3.057,-2.835,4.060,-4.393,-2.946,-3.057,-2.835,4.060,-4.393
R170C,0.089,-2.972,-3.117,-2.826,4.852,-4.323,-2.972,-3.117,-2.826,4.852,-4.323
R170D,0.089,-2.986,-3.081,-2.892,4.360,-4.840,-2.986,-3.081,-2.892,4.360,-4.840
R170E,0.089,-2.912,-3.037,-2.787,3.809,-3.970,-2.912,-3.037,-2.787,3.809,-3.970
R170F,0.089,-3.103,-3.120,-3.086,4.918,-6.053,-3.103,-3.120,-3.086,4.918,-6.053
R170G,0.089,-2.773,-2.864,-2.682,1.801,-2.713,-2.773,-2.864,-2.682,1.801,-2.713
R170H,0.089,-2.799,-2.946,-2.652,2.791,-1.516,-2.799,-2.946,-2.652,2.791,-1.516
R170I,0.089,-3.232,-3.149,-3.315,5.216,-7.255,-3.232,-3.149,-3.315,5.216,-7.255
R170K,0.089,-2.659,-2.509,-2.809,-2.366,1.013,-2.659,-2.509,-2.809,-2.366,1.013
R170L,0.089,-2.844,-2.908,-2.781,2.274,-3.915,-2.844,-2.908,-2.781,2.274,-3.915
R170M,0.089,-3.034,-3.150,-2.919,5.218,-5.020,-3.034,-3.150,-2.919,5.218,-5.020
R170N,0.089,-2.836,-3.006,-2.666,3.473,-2.315,-2.836,-3.006,-2.666,3.473,-2.315
R170P,0.089,-3.040,-3.159,-2.920,5.344,-5.023,-3.040,-3.159,-2.920,5.344,-5.023
R170Q,0.089,-2.696,-2.724,-2.668,0.175,-0.648,-2.696,-2.724,-2.668,0.175,-0.648
R170S,0.089,-2.830,-2.980,-2.679,3.140,-2.608,-2.830,-2.980,-2.679,3.140,-2.608
R170T,0.089,-2.982,-3.123,-2.841,4.794,-4.449,-2.982,-3.123,-2.841,4.794,-4.449
R170V,0.089,-3.165,-3.157,-3.174,5.312,-6.533,-3.165,-3.157,-3.174,5.312,-6.533
R170W,0.089,-3.138,-3.151,-3.124,5.197,-6.273,-3.138,-3.151,-3.124,5.197,-6.273
R170Y,0.089,-3.074,-3.151,-2.996,5.257,-5.529,-3.074,-3.151,-2.996,5.257,-5.529
Q171A,0.089,-3.015,-3.288,-2.742,6.843,-3.516,-3.015,-3.288,-2.742,6.843,-3.516
Q171C,0.089,-3.248,-3.455,-3.042,8.961,-5.799,-3.248,-3.455,-3.042,8.961,-5.799
Q171D,0.089,-3.080,-3.222,-2.937,6.084,-5.141,-3.080,-3.222,-2.937,6.084,-5.141
Q171E,0.089,-2.851,-3.004,-2.698,3.391,-2.949,-2.851,-3.004,-2.698,3.391,-2.949
Q171F,0.089,-3.388,-3.398,-3.378,8.209,-7.559,-3.388,-3.398,-3.378,8.209,-7.559
Q171G,0.089,-3.000,-3.220,-2.779,6.058,-3.904,-3.000,-3.220,-2.779,6.058,-3.904
Q171H,0.089,-3.018,-3.288,-2.747,6.930,-3.590,-3.018,-3.288,-2.747,6.930,-3.590
Q171I,0.089,-3.297,-3.372,-3.222,7.938,-6.800,-3.297,-3.372,-3.222,7.938,-6.800
Q171K,0.089,-3.042,-3.382,-2.703,7.961,-3.049,-3.042,-3.382,-2.703,7.961,-3.049
Q171L,0.089,-3.122,-3.400,-2.845,8.294,-4.487,-3.122,-3.400,-2.845,8.294,-4.487
Q171M,0.089,-3.194,-3.384,-3.004,8.075,-5.577,-3.194,-3.384,-3.004,8.075,-5.577
Q171N,0.089,-3.050,-3.266,-2.834,6.655,-4.381,-3.050,-3.266,-2.834,6.655,-4.381
Q171P,0.089,-3.340,-3.439,-3.240,8.712,-6.894,-3.340,-3.439,-3.240,8.712,-6.894
Q171R,0.089,-3.044,-3.401,-2.688,8.253,-2.799,-3.044,-3.401,-2.688,8.253,-2.799
Q171S,0.089,-2.939,-3.156,-2.722,5.303,-3.276,-2.939,-3.156,-2.722,5.303,-3.276
Q171T,0.089,-3.073,-3.383,-2.763,8.031,-3.747,-3.073,-3.383,-2.763,8.031,-3.747
Q171V,0.089,-3.192,-3.444,-2.939,8.830,-5.154,-3.192,-3.444,-2.939,8.830,-5.154
Q171W,0.089,-3.511,-3.438,-3.583,8.734,-8.494,-3.511,-3.438,-3.583,8.734,-8.494
Q171Y,0.089,-3.379,-3.445,-3.313,8.835,-7.236,-3.379,-3.445,-3.313,8.835,-7.236
A172C,0.087,-3.019,-3.208,-2.829,5.821,-4.347,-3.019,-3.208,-2.829,5.821,-4.347
A172D,0.087,-2.896,-3.031,-2.762,3.716,-3.741,-2.896,-3.031,-2.762,3.716,-3.741
A172E,0.087,-2.984,-3.200,-2.769,5.767,-3.808,-2.984,-3.200,-2.769,5.767,-3.808
A172F,0.087,-3.211,-3.222,-3.200,6.015,-6.675,-3.211,-3.222,-3.200,6.015,-6.675
A172G,0.087,-2.768,-2.566,-2.971,-1.786,2.100,-2.768,-2.566,-2.971,-1.786,2.100
A172H,0.087,-3.116,-3.228,-3.004,6.074,-5.571,-3.116,-3.228,-3.004,6.074,-5.571
A172I,0.087,-3.162,-3.215,-3.109,5.919,-6.194,-3.162,-3.215,-3.109,5.919,-6.194
A172K,0.087,-3.092,-3.204,-2.980,5.806,-5.419,-3.092,-3.204,-2.980,5.806,-5.419
A172L,0.087,-3.114,-3.196,-3.032,5.716,-5.737,-3.114,-3.196,-3.032,5.716,-5.737
A172M,0.087,-3.074,-3.071,-3.077,4.232,-6.010,-3.074,-3.071,-3.077,4.232,-6.010
A172N,0.087,-2.912,-3.050,-2.773,3.975,-3.847,-2.912,-3.050,-2.773,3.975,-3.847
A172P,0.087,-2.938,-3.134,-2.742,4.812,-3.529,-2.938,-3.134,-2.742,4.812,-3.529
A172Q,0.087,-3.038,-3.160,-2.917,5.305,-5.012,-3.038,-3.160,-2.917,5.305,-5.012
A172R,0.087,-2.980,-3.134,-2.826,4.923,-4.325,-2.980,-3.134,-2.826,4.923,-4.325
A172S,0.087,-2.812,-2.970,-2.654,2.969,-1.155,-2.812,-2.970,-2.654,2.969,-1.155
A172T,0.087,-2.773,-2.865,-2.681,1.792,-2.661,-2.773,-2.865,-2.681,1.792,-2.661
A172V,0.087,-2.988,-3.192,-2.785,5.677,-3.951,-2.988,-3.192,-2.785,5.677,-3.951
A172W,0.087,-3.318,-3.219,-3.416,5.981,-7.734,-3.318,-3.219,-3.416,5.981,-7.734
A172Y,0.087,-3.222,-3.205,-3.239,5.856,-6.880,-3.222,-3.205,-3.239,5.856,-6.880
T173A,0.087,-2.852,-3.029,-2.676,3.714,-0.466,-2.852,-3.029,-2.676,3.714,-0.466
T173C,0.087,-3.165,-3.370,-2.961,7.837,-5.316,-3.165,-3.370,-2.961,7.837,-5.316
T173D,0.087,-3.373,-3.418,-3.328,8.387,-7.322,-3.373,-3.418,-3.328,8.387,-7.322
T173E,0.087,-3.327,-3.402,-3.252,8.203,-6.947,-3.327,-3.402,-3.252,8.203,-6.947
T173F,0.087,-3.340,-3.428,-3.252,8.521,-6.952,-3.340,-3.428,-3.252,8.521,-6.952
T173G,0.087,-3.178,-3.366,-2.989,7.794,-5.468,-3.178,-3.366,-2.989,7.794,-5.468
T173H,0.087,-3.326,-3.385,-3.266,8.167,-7.019,-3.326,-3.385,-3.266,8.167,-7.019
T173I,0.087,-3.152,-3.398,-2.906,8.225,-4.926,-3.152,-3.398,-2.906,8.225,-4.926
T173K,0.087,-3.268,-3.462,-3.074,9.036,-5.994,-3.268,-3.462,-3.074,9.036,-5.994
T173L,0.087,-3.270,-3.461,-3.079,9.037,-6.017,-3.270,-3.461,-3.079,9.037,-6.017
T173M,0.087,-3.149,-3.459,-2.840,9.022,-4.435,-3.149,-3.459,-2.840,9.022,-4.435
T173N,0.087,-3.136,-3.376,-2.897,7.927,-4.859,-3.136,-3.376,-2.897,7.927,-4.859
T173P,0.087,-3.222,-3.456,-2.987,8.986,-5.476,-3.222,-3.456,-2.987,8.986,-5.476
T173Q,0.087,-3.264,-3.448,-3.081,8.823,-6.032,-3.264,-3.448,-3.081,8.823,-6.032
T173R,0.087,-3.223,-3.369,-3.077,7.821,-6.006,-3.223,-3.369,-3.077,7.821,-6.006
T173S,0.087,-2.890,-3.125,-2.655,4.855,-1.961,-2.890,-3.125,-2.655,4.855,-1.961
T173V,0.087,-3.068,-3.442,-2.693,8.812,-2.892,-3.068,-3.442,-2.693,8.812,-2.892
T173W,0.087,-3.654,-3.468,-3.840,9.124,-9.604,-3.654,-3.468,-3.840,9.124,-9.604
T173Y,0.087,-3.439,-3.386,-3.491,8.078,-8.088,-3.439,-3.386,-3.491,8.078,-8.088
L174A,0.085,-3.164,-3.488,-2.839,9.360,-4.429,-3.164,-3.488,-2.839,9.360,-4.429
L174C,0.085,-3.342,-3.422,-3.262,8.613,-7.001,-3.342,-3.422,-3.262,8.613,-7.001
L174D,0.085,-3.648,-3.461,-3.835,9.027,-9.588,-3.648,-3.461,-3.835,9.027,-9.588
L174E,0.085,-3.524,-3.498,-3.549,9.467,-8.352,-3.524,-3.498,-3.549,9.467,-8.352
L174F,0.085,-2.928,-3.096,-2.759,4.474,-3.707,-2.928,-3.096,-2.759,4.474,-3.707
L174G,0.085,-3.494,-3.467,-3.520,9.087,-8.219,-3.494,-3.467,-3.520,9.087,-8.219
L174H,0.085,-3.398,-3.496,-3.300,9.468,-7.183,-3.398,-3.496,-3.300,9.468,-7.183
L174I,0.085,-2.882,-3.112,-2.651,4.685,-1.410,-2.882,-3.112,-2.651,4.685,-1.410
L174K,0.085,-3.458,-3.474,-3.443,9.221,-7.866,-3.458,-3.474,-3.443,9.221,-7.866
L174M,0.085,-3.015,-3.331,-2.699,7.428,-2.940,-3.015,-3.331,-2.699,7.428,-2.940
L174N,0.085,-3.458,-3.475,-3.442,9.223,-7.857,-3.458,-3.475,-3.442,9.223,-7.857
L174P,0.085,-3.304,-3.488,-3.119,9.375,-6.241,-3.304,-3.488,-3.119,9.375,-6.241
L174Q,0.085,-3.324,-3.484,-3.165,9.378,-6.492,-3.324,-3.484,-3.165,9.378,-6.492
L174R,0.085,-3.356,-3.453,-3.260,8.814,-6.985,-3.356,-3.453,-3.260,8.814,-6.985
L174S,0.085,-3.250,-3.491,-3.008,9.381,-5.596,-3.250,-3.491,-3.008,9.381,-5.596
L174T,0.085,-3.133,-3.468,-2.798,9.107,-4.079,-3.133,-3.468,-2.798,9.107,-4.079
L174V,0.085,-2.940,-3.229,-2.652,6.141,-1.507,-2.940,-3.229,-2.652,6.141,-1.507
L174W,0.085,-3.539,-3.490,-3.588,9.393,-8.532,-3.539,-3.490,-3.588,9.393,-8.532
L174Y,0.085,-3.372,-3.464,-3.280,9.072,-7.090,-3.372,-3.464,-3.280,9.072,-7.090
T175A,0.083,-3.038,-3.404,-2.672,8.255,-2.477,-3.038,-3.404,-2.672,8.255,-2.477
T175C,0.083,-3.178,-3.422,-2.933,8.506,-5.123,-3.178,-3.422,-2.933,8.506,-5.123
T175D,0.083,-3.234,-3.417,-3.050,8.432,-5.849,-3.234,-3.417,-3.050,8.432,-5.849
T175E,0.083,-3.182,-3.337,-3.026,7.476,-5.707,-3.182,-3.337,-3.026,7.476,-5.707
T175F,0.083,-3.262,-3.416,-3.107,8.453,-6.184,-3.262,-3.416,-3.107,8.453,-6.184
T175G,0.083,-3.167,-3.466,-2.868,9.044,-4.652,-3.167,-3.466,-2.868,9.044,-4.652
T175H,0.083,-3.228,-3.436,-3.019,8.671,-5.661,-3.228,-3.436,-3.019,8.671,-5.661
T175I,0.083,-2.956,-3.111,-2.800,4.643,-4.092,-2.956,-3.111,-2.800,4.643,-4.092
T175K,0.083,-3.130,-3.368,-2.891,7.787,-4.826,-3.130,-3.368,-2.891,7.787,-4.826
T175L,0.083,-2.948,-3.102,-2.793,4.561,-4.024,-2.948,-3.102,-2.793,4.561,-4.024
T175M,0.083,-3.086,-3.359,-2.813,7.638,-4.216,-3.086,-3.359,-2.813,7.638,-4.216
T175N,0.083,-3.101,-3.432,-2.770,8.621,-3.822,-3.101,-3.432,-2.770,8.621,-3.822
T175P,0.083,-3.085,-3.395,-2.776,8.102,-3.880,-3.085,-3.395,-2.776,8.102,-3.880
T175Q,0.083,-3.110,-3.352,-2.868,7.609,-4.658,-3.110,-3.352,-2.868,7.609,-4.658
T175R,0.083,-3.051,-3.261,-2.841,6.413,-4.457,-3.051,-3.261,-2.841,6.413,-4.457
T175S,0.083,-3.005,-3.360,-2.651,7.768,-1.291,-3.005,-3.360,-2.651,7.768,-1.291
T175V,0.083,-2.910,-3.112,-2.709,4.663,-3.093,-2.910,-3.112,-2.709,4.663,-3.093
T175W,0.083,-3.479,-3.450,-3.507,8.897,-8.160,-3.479,-3.450,-3.507,8.897,-8.160
T175Y,0.083,-3.333,-3.431,-3.235,8.615,-6.861,-3.333,-3.431,-3.235,8.615,-6.861
L176A,0.083,-3.319,-3.470,-3.168,9.068,-6.501,-3.319,-3.470,-3.168,9.068,-6.501
L176C,0.083,-3.532,-3.467,-3.598,9.184,-8.563,-3.532,-3.467,-3.598,9.184,-8.563
L176D,0.083,-3.680,-3.518,-3.842,9.768,-9.613,-3.680,-3.518,-3.842,9.768,-9.613
L176E,0.083,-3.638,-3.522,-3.753,9.772,-9.240,-3.638,-3.522,-3.753,9.772,-9.240
L176F,0.083,-3.150,-3.420,-2.880,8.442,-4.749,-3.150,-3.420,-2.880,8.442,-4.749
L176G,0.083,-3.622,-3.454,-3.789,8.875,-9.387,-3.622,-3.454,-3.789,8.875,-9.387
L176H,0.083,-3.521,-3.515,-3.527,9.708,-8.237,-3.521,-3.515,-3.527,9.708,-8.237
L176I,0.083,-3.074,-3.378,-2.769,8.033,-3.824,-3.074,-3.378,-2.769,8.033,-3.824
L176K,0.083,-3.619,-3.493,-3.745,9.433,-9.209,-3.619,-3.493,-3.745,9.433,-9.209
L176M,0.083,-3.100,-3.474,-2.725,9.088,-3.326,-3.100,-3.474,-2.725,9.088,-3.326
L176N,0.083,-3.659,-3.520,-3.798,9.840,-9.436,-3.659,-3.520,-3.798,9.840,-9.436
L176P,0.083,-3.298,-3.459,-3.138,8.998,-6.339,-3.298,-3.459,-3.138,8.998,-6.339
L176Q,0.083,-3.427,-3.504,-3.350,9.601,-7.423,-3.427,-3.504,-3.350,9.601,-7.423
L176R,0.083,-3.466,-3.526,-3.406,9.867,-7.696,-3.466,-3.526,-3.406,9.867,-7.696
L176S,0.083,-3.428,-3.491,-3.366,9.400,-7.510,-3.428,-3.491,-3.366,9.400,-7.510
L176T,0.083,-3.296,-3.409,-3.184,8.346,-6.583,-3.296,-3.409,-3.184,8.346,-6.583
L176V,0.083,-2.904,-3.122,-2.687,4.832,-2.782,-2.904,-3.122,-2.687,4.832,-2.782
L176W,0.083,-3.582,-3.503,-3.662,9.555,-8.849,-3.582,-3.503,-3.662,9.555,-8.849
L176Y,0.083,-3.522,-3.506,-3.538,9.592,-8.301,-3.522,-3.506,-3.538,9.592,-8.301
T177A,0.075,-2.698,-2.607,-2.788,-1.155,0.849,-2.698,-2.607,-2.788,-1.155,0.849
T177C,0.075,-2.812,-2.936,-2.688,2.670,-2.786,-2.812,-2.936,-2.688,2.670,-2.786
T177D,0.075,-2.684,-2.715,-2.654,0.142,-1.266,-2.684,-2.715,-2.654,0.142,-1.266
T177E,0.075,-2.740,-2.828,-2.653,1.333,-1.216,-2.740,-2.828,-2.653,1.333,-1.216
T177F,0.075,-2.867,-2.993,-2.741,3.257,-3.511,-2.867,-2.993,-2.741,3.257,-3.511
T177G,0.075,-2.875,-3.076,-2.674,4.299,-0.536,-2.875,-3.076,-2.674,4.299,-0.536
T177H,0.075,-2.762,-2.859,-2.666,1.766,-2.309,-2.762,-2.859,-2.666,1.766,-2.309
T177I,0.075,-2.835,-2.980,-2.690,3.093,-2.825,-2.835,-2.980,-2.690,3.093,-2.825
T177K,0.075,-2.806,-2.945,-2.668,2.639,-2.342,-2.806,-2.945,-2.668,2.639,-2.342
T177L,0.075,-2.792,-2.933,-2.651,2.636,-1.715,-2.792,-2.933,-2.651,2.636,-1.715
T177M,0.075,-2.896,-3.081,-2.710,4.281,-3.133,-2.896,-3.081,-2.710,4.281,-3.133
T177N,0.075,-2.790,-2.927,-2.653,2.449,-1.118,-2.790,-2.927,-2.653,2.449,-1.118
T177P,0.075,-2.854,-3.050,-2.657,4.010,-1.051,-2.854,-3.050,-2.657,4.010,-1.051
T177Q,0.075,-2.744,-2.836,-2.653,1.425,-1.239,-2.744,-2.836,-2.653,1.425,-1.239
T177R,0.075,-2.804,-2.957,-2.651,2.916,-1.643,-2.804,-2.957,-2.651,2.916,-1.643
T177S,0.075,-2.760,-2.612,-2.909,-1.207,1.719,-2.760,-2.612,-2.909,-1.207,1.719
T177V,0.075,-2.810,-2.967,-2.654,3.060,-1.151,-2.810,-2.967,-2.654,3.060,-1.151
T177W,0.075,-2.999,-3.036,-2.962,3.805,-5.320,-2.999,-3.036,-2.962,3.805,-5.320
T177Y,0.075,-2.864,-2.935,-2.794,2.590,-4.033,-2.864,-2.935,-2.794,2.590,-4.033
Q178A,0.057,-2.962,-3.161,-2.763,5.283,-3.735,-2.962,-3.161,-2.763,5.283,-3.735
Q178C,0.057,-3.048,-3.286,-2.809,6.893,-4.177,-3.048,-3.286,-2.809,6.893,-4.177
Q178D,0.057,-3.075,-3.270,-2.880,6.551,-4.750,-3.075,-3.270,-2.880,6.551,-4.750
Q178E,0.057,-2.910,-3.081,-2.738,4.360,-3.486,-2.910,-3.081,-2.738,4.360,-3.486
Q178F,0.057,-3.205,-3.288,-3.122,6.895,-6.262,-3.205,-3.288,-3.122,6.895,-6.262
Q178G,0.057,-2.982,-3.190,-2.773,5.657,-3.848,-2.982,-3.190,-2.773,5.657,-3.848
Q178H,0.057,-2.976,-3.296,-2.655,7.042,-2.043,-2.976,-3.296,-2.655,7.042,-2.043
Q178I,0.057,-3.189,-3.306,-3.072,7.077,-5.985,-3.189,-3.306,-3.072,7.077,-5.985
Q178K,0.057,-2.867,-3.032,-2.701,3.738,-0.103,-2.867,-3.032,-2.701,3.738,-0.103
Q178L,0.057,-3.016,-3.311,-2.720,7.098,-3.247,-3.016,-3.311,-2.720,7.098,-3.247
Q178M,0.057,-3.093,-3.267,-2.918,6.708,-5.005,-3.093,-3.267,-2.918,6.708,-5.005
Q178N,0.057,-2.996,-3.248,-2.744,6.309,-3.567,-2.996,-3.248,-2.744,6.309,-3.567
Q178P,0.057,-2.996,-3.308,-2.685,7.100,-2.706,-2.996,-3.308,-2.685,7.100,-2.706
Q178R,0.057,-2.762,-2.681,-2.843,-0.356,1.283,-2.762,-2.681,-2.843,-0.356,1.283
Q178S,0.057,-2.899,-3.113,-2.685,4.759,-2.723,-2.899,-3.113,-2.685,4.759,-2.723
Q178T,0.057,-2.970,-3.198,-2.741,5.737,-3.510,-2.970,-3.198,-2.741,5.737,-3.510
Q178V,0.057,-3.101,-3.319,-2.882,7.264,-4.760,-3.101,-3.319,-2.882,7.264,-4.760
Q178W,0.057,-3.165,-3.248,-3.082,6.390,-6.023,-3.165,-3.248,-3.082,6.390,-6.023
Q178Y,0.057,-3.157,-3.302,-3.011,7.041,-5.609,-3.157,-3.302,-3.011,7.041,-5.609
G179A,0.055,-3.088,-3.348,-2.829,7.553,-4.339,-3.088,-3.348,-2.829,7.553,-4.339
G179C,0.055,-3.388,-3.393,-3.383,8.187,-7.580,-3.388,-3.393,-3.383,8.187,-7.580
G179D,0.055,-2.904,-2.932,-2.875,2.624,-4.701,-2.904,-2.932,-2.875,2.624,-4.701
G179E,0.055,-2.964,-2.994,-2.935,3.364,-5.132,-2.964,-2.994,-2.935,3.364,-5.132
G179F,0.055,-3.568,-3.393,-3.744,8.190,-9.206,-3.568,-3.393,-3.744,8.190,-9.206
G179H,0.055,-3.312,-3.334,-3.290,7.497,-7.134,-3.312,-3.334,-3.290,7.497,-7.134
G179I,0.055,-3.512,-3.387,-3.636,8.043,-8.737,-3.512,-3.387,-3.636,8.043,-8.737
G179K,0.055,-3.302,-3.420,-3.185,8.507,-6.601,-3.302,-3.420,-3.185,8.507,-6.601
G179L,0.055,-3.399,-3.423,-3.375,8.531,-7.548,-3.399,-3.423,-3.375,8.531,-7.548
G179M,0.055,-3.508,-3.380,-3.637,8.015,-8.738,-3.508,-3.380,-3.637,8.015,-8.738
G179N,0.055,-3.187,-3.390,-2.984,8.093,-5.437,-3.187,-3.390,-2.984,8.093,-5.437
G179P,0.055,-3.200,-3.333,-3.067,7.415,-5.953,-3.200,-3.333,-3.067,7.415,-5.953
G179Q,0.055,-3.270,-3.386,-3.154,8.095,-6.425,-3.270,-3.386,-3.154,8.095,-6.425
G179R,0.055,-3.214,-3.401,-3.026,8.316,-5.698,-3.214,-3.401,-3.026,8.316,-5.698
G179S,0.055,-3.132,-3.429,-2.836,8.624,-4.385,-3.132,-3.429,-2.836,8.624,-4.385
G179T,0.055,-3.224,-3.411,-3.038,8.397,-5.783,-3.224,-3.411,-3.038,8.397,-5.783
G179V,0.055,-3.314,-3.402,-3.227,8.313,-6.827,-3.314,-3.402,-3.227,8.313,-6.827
G179W,0.055,-3.644,-3.430,-3.858,8.663,-9.679,-3.644,-3.430,-3.858,8.663,-9.679
G179Y,0.055,-3.568,-3.420,-3.716,8.503,-9.077,-3.568,-3.420,-3.716,8.503,-9.077
P180A,0.053,-3.208,-3.535,-2.881,10.028,-4.748,-3.208,-3.535,-2.881,10.028,-4.748
P180C,0.053,-3.656,-3.574,-3.739,10.492,-9.185,-3.656,-3.574,-3.739,10.492,-9.185
P180D,0.053,-3.684,-3.605,-3.762,10.901,-9.270,-3.684,-3.605,-3.762,10.901,-9.270
P180E,0.053,-3.601,-3.601,-3.602,10.817,-8.580,-3.601,-3.601,-3.602,10.817,-8.580
P180F,0.053,-3.684,-3.579,-3.788,10.547,-9.387,-3.684,-3.579,-3.788,10.547,-9.387
P180G,0.053,-3.539,-3.585,-3.493,10.625,-8.092,-3.539,-3.585,-3.493,10.625,-8.092
P180H,0.053,-3.486,-3.600,-3.372,10.848,-7.529,-3.486,-3.600,-3.372,10.848,-7.529
P180I,0.053,-3.549,-3.530,-3.568,9.900,-8.425,-3.549,-3.530,-3.568,9.900,-8.425
P180K,0.053,-3.630,-3.597,-3.664,10.782,-8.852,-3.630,-3.597,-3.664,10.782,-8.852
P180L,0.053,-3.308,-3.561,-3.054,10.291,-5.870,-3.308,-3.561,-3.054,10.291,-5.870
P180M,0.053,-3.636,-3.558,-3.715,10.271,-9.075,-3.636,-3.558,-3.715,10.271,-9.075
P180N,0.053,-3.658,-3.594,-3.722,10.730,-9.102,-3.658,-3.594,-3.722,10.730,-9.102
P180Q,0.053,-3.384,-3.592,-3.176,10.745,-6.552,-3.384,-3.592,-3.176,10.745,-6.552
P180R,0.053,-3.482,-3.602,-3.361,10.859,-7.480,-3.482,-3.602,-3.361,10.859,-7.480
P180S,0.053,-3.206,-3.496,-2.915,9.409,-4.983,-3.206,-3.496,-2.915,9.409,-4.983
P180T,0.053,-3.339,-3.576,-3.102,10.517,-6.153,-3.339,-3.576,-3.102,10.517,-6.153
P180V,0.053,-3.372,-3.480,-3.264,9.178,-7.004,-3.372,-3.480,-3.264,9.178,-7.004
P180W,0.053,-3.934,-3.622,-4.247,11.102,-11.302,-3.934,-3.622,-4.247,11.102,-11.302
P180Y,0.053,-3.777,-3.593,-3.961,10.715,-10.117,-3.777,-3.593,-3.961,10.715,-10.117
S181A,0.053,-2.936,-3.209,-2.663,5.853,-2.222,-2.936,-3.209,-2.663,5.853,-2.222
S181C,0.053,-2.964,-3.136,-2.793,4.997,-4.039,-2.964,-3.136,-2.793,4.997,-4.039
S181D,0.053,-3.127,-3.292,-2.962,6.949,-5.303,-3.127,-3.292,-2.962,6.949,-5.303
S181E,0.053,-3.109,-3.198,-3.020,5.853,-5.661,-3.109,-3.198,-3.020,5.853,-5.661
S181F,0.053,-3.215,-3.384,-3.046,8.099,-5.823,-3.215,-3.384,-3.046,8.099,-5.823
S181G,0.053,-3.028,-3.324,-2.733,7.232,-3.405,-3.028,-3.324,-2.733,7.232,-3.405
S181H,0.053,-3.150,-3.434,-2.865,8.687,-4.629,-3.150,-3.434,-2.865,8.687,-4.629
S181I,0.053,-3.241,-3.425,-3.057,8.560,-5.882,-3.241,-3.425,-3.057,8.560,-5.882
S181K,0.053,-3.121,-3.314,-2.928,7.226,-5.074,-3.121,-3.314,-2.928,7.226,-5.074
S181L,0.053,-3.134,-3.392,-2.876,8.126,-4.721,-3.134,-3.392,-2.876,8.126,-4.721
S181M,0.053,-3.227,-3.425,-3.029,8.538,-5.731,-3.227,-3.425,-3.029,8.538,-5.731
S181N,0.053,-2.966,-3.201,-2.732,5.733,-3.380,-2.966,-3.201,-2.732,5.733,-3.380
S181P,0.053,-3.093,-3.412,-2.773,8.418,-3.838,-3.093,-3.412,-2.773,8.418,-3.838
S181Q,0.053,-3.030,-3.206,-2.854,5.857,-4.542,-3.030,-3.206,-2.854,5.857,-4.542
S181R,0.053,-3.012,-3.243,-2.781,6.318,-3.913,-3.012,-3.243,-2.781,6.318,-3.913
S181T,0.053,-2.852,-3.042,-2.662,3.936,-2.254,-2.852,-3.042,-2.662,3.936,-2.254
S181V,0.053,-3.099,-3.351,-2.847,7.607,-4.489,-3.099,-3.351,-2.847,7.607,-4.489
S181W,0.053,-3.362,-3.417,-3.306,8.485,-7.210,-3.362,-3.417,-3.306,8.485,-7.210
S181Y,0.053,-3.236,-3.399,-3.072,8.287,-5.975,-3.236,-3.399,-3.072,8.287,-5.975
C182A,0.053,-3.268,-3.464,-3.073,9.042,-5.985,-3.268,-3.464,-3.073,9.042,-5.985
C182D,0.053,-3.455,-3.322,-3.587,7.316,-8.522,-3.455,-3.322,-3.587,7.316,-8.522
C182E,0.053,-3.531,-3.393,-3.669,8.169,-8.881,-3.531,-3.393,-3.669,8.169,-8.881
C182F,0.053,-3.323,-3.466,-3.180,9.087,-6.579,-3.323,-3.466,-3.180,9.087,-6.579
C182G,0.053,-3.188,-3.208,-3.168,5.851,-6.506,-3.188,-3.208,-3.168,5.851,-6.506
C182H,0.053,-3.294,-3.443,-3.146,8.754,-6.387,-3.294,-3.443,-3.146,8.754,-6.387
C182I,0.053,-3.429,-3.457,-3.401,8.967,-7.662,-3.429,-3.457,-3.401,8.967,-7.662
C182K,0.053,-3.388,-3.355,-3.421,7.713,-7.766,-3.388,-3.355,-3.421,7.713,-7.766
C182L,0.053,-3.300,-3.458,-3.141,9.005,-6.368,-3.300,-3.458,-3.141,9.005,-6.368
C182M,0.053,-3.482,-3.482,-3.482,9.295,-8.041,-3.482,-3.482,-3.482,9.295,-8.041
C182N,0.053,-3.214,-3.242,-3.186,6.317,-6.607,-3.214,-3.242,-3.186,6.317,-6.607
C182P,0.053,-3.386,-3.468,-3.304,9.119,-7.201,-3.386,-3.468,-3.304,9.119,-7.201
C182Q,0.053,-3.314,-3.355,-3.273,7.760,-7.054,-3.314,-3.355,-3.273,7.760,-7.054
C182R,0.053,-3.144,-3.299,-2.990,6.998,-5.477,-3.144,-3.299,-2.990,6.998,-5.477
C182S,0.053,-2.957,-3.126,-2.788,4.837,-3.991,-2.957,-3.126,-2.788,4.837,-3.991
C182T,0.053,-3.285,-3.467,-3.103,9.133,-6.148,-3.285,-3.467,-3.103,9.133,-6.148
C182V,0.053,-3.326,-3.459,-3.192,8.983,-6.631,-3.326,-3.459,-3.192,8.983,-6.631
C182W,0.053,-3.360,-3.478,-3.242,9.226,-6.902,-3.360,-3.478,-3.242,9.226,-6.902
C182Y,0.053,-3.292,-3.427,-3.158,8.617,-6.452,-3.292,-3.427,-3.158,8.617,-6.452
W183A,0.053,-4.038,-3.557,-4.519,10.281,-12.428,-4.038,-3.557,-4.519,10.281,-12.428
W183C,0.053,-3.632,-3.555,-3.709,10.236,-9.054,-3.632,-3.555,-3.709,10.236,-9.054
W183D,0.053,-4.233,-3.553,-4.913,10.226,-14.136,-4.233,-3.553,-4.913,10.226,-14.136
W183E,0.053,-4.147,-3.561,-4.733,10.330,-13.348,-4.147,-3.561,-4.733,10.330,-13.348
W183F,0.053,-3.539,-3.332,-3.746,7.508,-9.205,-3.539,-3.332,-3.746,7.508,-9.205
W183G,0.053,-3.896,-3.543,-4.250,10.103,-11.320,-3.896,-3.543,-4.250,10.103,-11.320
W183H,0.053,-3.871,-3.526,-4.216,9.879,-11.177,-3.871,-3.526,-4.216,9.879,-11.177
W183I,0.053,-4.062,-3.527,-4.596,9.906,-12.759,-4.062,-3.527,-4.596,9.906,-12.759
W183K,0.053,-4.048,-3.557,-4.539,10.307,-12.519,-4.048,-3.557,-4.539,10.307,-12.519
W183L,0.053,-3.662,-3.540,-3.784,10.075,-9.371,-3.662,-3.540,-3.784,10.075,-9.371
W183M,0.053,-3.972,-3.549,-4.395,10.168,-11.912,-3.972,-3.549,-4.395,10.168,-11.912
W183N,0.053,-4.140,-3.565,-4.714,10.327,-13.265,-4.140,-3.565,-4.714,10.327,-13.265
W183P,0.053,-3.929,-3.468,-4.390,9.016,-11.892,-3.929,-3.468,-4.390,9.016,-11.892
W183Q,0.053,-3.886,-3.545,-4.226,10.108,-11.215,-3.886,-3.545,-4.226,10.108,-11.215
W183R,0.053,-3.640,-3.488,-3.792,9.424,-9.409,-3.640,-3.488,-3.792,9.424,-9.409
W183S,0.053,-3.814,-3.550,-4.078,10.177,-10.605,-3.814,-3.550,-4.078,10.177,-10.605
W183T,0.053,-4.046,-3.558,-4.534,10.270,-12.497,-4.046,-3.558,-4.534,10.270,-12.497
W183V,0.053,-3.944,-3.544,-4.344,10.033,-11.710,-3.944,-3.544,-4.344,10.033,-11.710
W183Y,0.053,-3.716,-3.563,-3.869,10.366,-9.731,-3.716,-3.563,-3.869,10.366,-9.731
D184A,0.053,-3.110,-3.221,-2.999,6.091,-5.560,-3.110,-3.221,-2.999,6.091,-5.560
D184C,0.053,-3.538,-3.347,-3.728,7.658,-9.128,-3.538,-3.347,-3.728,7.658,-9.128
D184E,0.053,-2.694,-2.735,-2.653,0.403,-1.821,-2.694,-2.735,-2.653,0.403,-1.821
D184F,0.053,-3.664,-3.349,-3.978,7.680,-10.189,-3.664,-3.349,-3.978,7.680,-10.189
D184G,0.053,-3.142,-3.375,-2.909,7.992,-4.968,-3.142,-3.375,-2.909,7.992,-4.968
D184H,0.053,-3.178,-3.240,-3.117,6.322,-6.229,-3.178,-3.240,-3.117,6.322,-6.229
D184I,0.053,-3.542,-3.255,-3.828,6.569,-9.562,-3.542,-3.255,-3.828,6.569,-9.562
D184K,0.053,-3.082,-3.119,-3.045,4.814,-5.831,-3.082,-3.119,-3.045,4.814,-5.831
D184L,0.053,-3.464,-3.340,-3.588,7.537,-8.510,-3.464,-3.340,-3.588,7.537,-8.510
D184M,0.053,-3.527,-3.313,-3.741,7.230,-9.187,-3.527,-3.313,-3.741,7.230,-9.187
D184N,0.053,-3.003,-3.198,-2.808,5.799,-4.168,-3.003,-3.198,-2.808,5.799,-4.168
D184P,0.053,-3.325,-3.187,-3.463,5.731,-7.967,-3.325,-3.187,-3.463,5.731,-7.967
D184Q,0.053,-3.074,-3.217,-2.930,6.128,-5.097,-3.074,-3.217,-2.930,6.128,-5.097
D184R,0.053,-3.228,-3.238,-3.219,6.291,-6.780,-3.228,-3.238,-3.219,6.291,-6.780
D184S,0.053,-3.021,-3.074,-2.969,4.281,-5.354,-3.021,-3.074,-2.969,4.281,-5.354
D184T,0.053,-3.192,-3.229,-3.156,6.228,-6.439,-3.192,-3.229,-3.156,6.228,-6.439
D184V,0.053,-3.328,-3.270,-3.386,6.684,-7.598,-3.328,-3.270,-3.386,6.684,-7.598
D184W,0.053,-3.786,-3.328,-4.243,7.362,-11.294,-3.786,-3.328,-4.243,7.362,-11.294
D184Y,0.053,-3.476,-3.280,-3.671,6.826,-8.888,-3.476,-3.280,-3.671,6.826,-8.888
D185A,0.053,-3.496,-3.561,-3.430,10.406,-7.801,-3.496,-3.561,-3.430,10.406,-7.801
D185C,0.053,-3.848,-3.594,-4.101,10.710,-10.694,-3.848,-3.594,-4.101,10.710,-10.694
D185E,0.053,-3.204,-3.585,-2.824,10.694,-4.299,-3.204,-3.585,-2.824,10.694,-4.299
D185F,0.053,-3.958,-3.577,-4.338,10.543,-11.681,-3.958,-3.577,-4.338,10.543,-11.681
D185G,0.053,-3.458,-3.595,-3.320,10.790,-7.277,-3.458,-3.595,-3.320,10.790,-7.277
D185H,0.053,-3.430,-3.460,-3.399,9.076,-7.663,-3.430,-3.460,-3.399,9.076,-7.663
D185I,0.053,-3.905,-3.587,-4.223,10.655,-11.203,-3.905,-3.587,-4.223,10.655,-11.203
D185K,0.053,-3.665,-3.592,-3.739,10.745,-9.182,-3.665,-3.592,-3.739,10.745,-9.182
D185L,0.053,-3.830,-3.586,-4.073,10.693,-10.579,-3.830,-3.586,-4.073,10.693,-10.579
D185M,0.053,-3.941,-3.599,-4.283,10.832,-11.451,-3.941,-3.599,-4.283,10.832,-11.451
D185N,0.053,-3.280,-3.607,-2.954,10.924,-5.244,-3.280,-3.607,-2.954,10.924,-5.244
D185P,0.053,-3.646,-3.573,-3.719,10.507,-9.094,-3.646,-3.573,-3.719,10.507,-9.094
D185Q,0.053,-3.552,-3.597,-3.508,10.783,-8.165,-3.552,-3.597,-3.508,10.783,-8.165
D185R,0.053,-3.760,-3.618,-3.903,11.047,-9.873,-3.760,-3.618,-3.903,11.047,-9.873
D185S,0.053,-3.469,-3.556,-3.382,10.307,-7.574,-3.469,-3.556,-3.382,10.307,-7.574
D185T,0.053,-3.638,-3.587,-3.690,10.670,-8.971,-3.638,-3.587,-3.690,10.670,-8.971
D185V,0.053,-3.680,-3.588,-3.771,10.685,-9.315,-3.680,-3.588,-3.771,10.685,-9.315
D185W,0.053,-4.140,-3.566,-4.715,10.398,-13.266,-4.140,-3.566,-4.715,10.398,-13.266
D185Y,0.053,-3.730,-3.562,-3.898,10.305,-9.856,-3.730,-3.562,-3.898,10.305,-9.856
V186A,0.053,-3.177,-3.541,-2.813,10.048,-4.210,-3.177,-3.541,-2.813,10.048,-4.210
V186C,0.053,-3.456,-3.534,-3.379,9.997,-7.564,-3.456,-3.534,-3.379,9.997,-7.564
V186D,0.053,-3.543,-3.518,-3.568,9.762,-8.429,-3.543,-3.518,-3.568,9.762,-8.429
V186E,0.053,-3.456,-3.536,-3.377,9.977,-7.553,-3.456,-3.536,-3.377,9.977,-7.553
V186F,0.053,-3.358,-3.542,-3.173,10.063,-6.539,-3.358,-3.542,-3.173,10.063,-6.539
V186G,0.053,-3.532,-3.551,-3.512,10.212,-8.178,-3.532,-3.551,-3.512,10.212,-8.178
V186H,0.053,-3.534,-3.534,-3.535,9.927,-8.288,-3.534,-3.534,-3.535,9.927,-8.288
V186I,0.053,-2.921,-3.166,-2.676,5.357,-2.595,-2.921,-3.166,-2.676,5.357,-2.595
V186K,0.053,-3.466,-3.554,-3.378,10.222,-7.560,-3.466,-3.554,-3.378,10.222,-7.560
V186L,0.053,-3.114,-3.438,-2.789,8.618,-3.976,-3.114,-3.438,-2.789,8.618,-3.976
V186M,0.053,-3.206,-3.551,-2.860,10.151,-4.603,-3.206,-3.551,-2.860,10.151,-4.603
V186N,0.053,-3.490,-3.551,-3.429,10.171,-7.810,-3.490,-3.551,-3.429,10.171,-7.810
V186P,0.053,-3.346,-3.547,-3.146,10.131,-6.393,-3.346,-3.547,-3.146,10.131,-6.393
V186Q,0.053,-3.441,-3.547,-3.335,10.097,-7.357,-3.441,-3.547,-3.335,10.097,-7.357
V186R,0.053,-3.466,-3.565,-3.366,10.364,-7.506,-3.466,-3.565,-3.366,10.364,-7.506
V186S,0.053,-3.331,-3.561,-3.101,10.290,-6.133,-3.331,-3.561,-3.101,10.290,-6.133
V186T,0.053,-3.206,-3.550,-2.861,10.170,-4.596,-3.206,-3.550,-2.861,10.170,-4.596
V186W,0.053,-3.738,-3.547,-3.930,10.152,-9.984,-3.738,-3.547,-3.930,10.152,-9.984
V186Y,0.053,-3.585,-3.558,-3.613,10.260,-8.626,-3.585,-3.558,-3.613,10.260,-8.626
L187A,0.053,-3.517,-3.493,-3.541,9.466,-8.308,-3.517,-3.493,-3.541,9.466,-8.308
L187C,0.053,-3.583,-3.499,-3.667,9.535,-8.871,-3.583,-3.499,-3.667,9.535,-8.871
L187D,0.053,-3.844,-3.487,-4.200,9.349,-11.107,-3.844,-3.487,-4.200,9.349,-11.107
L187E,0.053,-3.740,-3.474,-4.005,9.216,-10.299,-3.740,-3.474,-4.005,9.216,-10.299
L187F,0.053,-3.234,-3.471,-2.997,9.158,-5.535,-3.234,-3.471,-2.997,9.158,-5.535
L187G,0.053,-3.752,-3.485,-4.019,9.339,-10.359,-3.752,-3.485,-4.019,9.339,-10.359
L187H,0.053,-3.536,-3.491,-3.580,9.405,-8.486,-3.536,-3.491,-3.580,9.405,-8.486
L187I,0.053,-3.111,-3.331,-2.891,7.406,-4.816,-3.111,-3.331,-2.891,7.406,-4.816
L187K,0.053,-3.616,-3.465,-3.766,9.035,-9.294,-3.616,-3.465,-3.766,9.035,-9.294
L187M,0.053,-3.062,-3.240,-2.884,6.399,-4.782,-3.062,-3.240,-2.884,6.399,-4.782
L187N,0.053,-3.677,-3.498,-3.856,9.519,-9.680,-3.677,-3.498,-3.856,9.519,-9.680
L187P,0.053,-3.452,-3.484,-3.421,9.336,-7.758,-3.452,-3.484,-3.421,9.336,-7.758
L187Q,0.053,-3.347,-3.305,-3.389,7.044,-7.604,-3.347,-3.305,-3.389,7.044,-7.604
L187R,0.053,-3.453,-3.434,-3.472,8.652,-7.996,-3.453,-3.434,-3.472,8.652,-7.996
L187S,0.053,-3.382,-3.299,-3.465,7.031,-7.969,-3.382,-3.299,-3.465,7.031,-7.969
L187T,0.053,-3.386,-3.361,-3.412,7.719,-7.719,-3.386,-3.361,-3.412,7.719,-7.719
L187V,0.053,-3.226,-3.493,-2.958,9.477,-5.290,-3.226,-3.493,-2.958,9.477,-5.290
L187W,0.053,-3.610,-3.480,-3.741,9.243,-9.183,-3.610,-3.480,-3.741,9.243,-9.183
L187Y,0.053,-3.580,-3.485,-3.675,9.349,-8.901,-3.580,-3.485,-3.675,9.349,-8.901
I188A,0.053,-2.946,-3.234,-2.659,6.229,-2.105,-2.946,-3.234,-2.659,6.229,-2.105
I188C,0.053,-3.072,-3.287,-2.858,6.824,-4.578,-3.072,-3.287,-2.858,6.824,-4.578
I188D,0.053,-3.048,-3.205,-2.890,5.830,-4.811,-3.048,-3.205,-2.890,5.830,-4.811
I188E,0.053,-2.907,-3.039,-2.774,3.903,-3.843,-2.907,-3.039,-2.774,3.903,-3.843
I188F,0.053,-2.921,-3.180,-2.662,5.527,-2.213,-2.921,-3.180,-2.662,5.527,-2.213
I188G,0.053,-3.031,-3.272,-2.790,6.607,-4.003,-3.031,-3.272,-2.790,6.607,-4.003
I188H,0.053,-2.945,-3.198,-2.692,5.814,-2.847,-2.945,-3.198,-2.692,5.814,-2.847
I188K,0.053,-2.836,-3.018,-2.655,3.560,-1.968,-2.836,-3.018,-2.655,3.560,-1.968
I188L,0.053,-2.848,-2.856,-2.839,1.588,1.249,-2.848,-2.856,-2.839,1.588,1.249
I188M,0.053,-2.944,-3.212,-2.675,5.952,-0.518,-2.944,-3.212,-2.675,5.952,-0.518
I188N,0.053,-2.921,-3.144,-2.698,5.091,-2.919,-2.921,-3.144,-2.698,5.091,-2.919
I188P,0.053,-2.956,-3.147,-2.766,5.128,-3.777,-2.956,-3.147,-2.766,5.128,-3.777
I188Q,0.053,-2.867,-3.084,-2.651,4.388,-1.476,-2.867,-3.084,-2.651,4.388,-1.476
I188R,0.053,-2.864,-3.073,-2.655,4.187,-1.952,-2.864,-3.073,-2.655,4.187,-1.952
I188S,0.053,-2.904,-3.139,-2.669,5.028,-2.425,-2.904,-3.139,-2.669,5.028,-2.425
I188T,0.053,-2.813,-2.974,-2.652,3.117,-1.656,-2.813,-2.974,-2.652,3.117,-1.656
I188V,0.053,-2.831,-2.949,-2.713,2.804,0.087,-2.831,-2.949,-2.713,2.804,0.087
I188W,0.053,-3.154,-3.272,-3.037,6.644,-5.773,-3.154,-3.272,-3.037,6.644,-5.773
I188Y,0.053,-3.008,-3.219,-2.796,6.031,-4.066,-3.008,-3.219,-2.796,6.031,-4.066
P189A,0.053,-3.032,-3.214,-2.850,5.994,-4.509,-3.032,-3.214,-2.850,5.994,-4.509
P189C,0.053,-3.440,-3.355,-3.525,7.832,-8.240,-3.440,-3.355,-3.525,7.832,-8.240
P189D,0.053,-3.418,-3.217,-3.618,6.036,-8.656,-3.418,-3.217,-3.618,6.036,-8.656
P189E,0.053,-3.383,-3.333,-3.432,7.407,-7.824,-3.383,-3.333,-3.432,7.407,-7.824
P189F,0.053,-3.554,-3.390,-3.717,8.105,-9.078,-3.554,-3.390,-3.717,8.105,-9.078
P189G,0.053,-3.310,-3.325,-3.294,7.352,-7.153,-3.310,-3.325,-3.294,7.352,-7.153
P189H,0.053,-3.314,-3.397,-3.230,8.214,-6.830,-3.314,-3.397,-3.230,8.214,-6.830
P189I,0.053,-3.433,-3.359,-3.507,7.665,-8.154,-3.433,-3.359,-3.507,7.665,-8.154
P189K,0.053,-3.200,-3.160,-3.241,5.325,-6.895,-3.200,-3.160,-3.241,5.325,-6.895
P189L,0.053,-3.195,-3.347,-3.043,7.545,-5.802,-3.195,-3.347,-3.043,7.545,-5.802
P189M,0.053,-3.478,-3.393,-3.564,8.183,-8.418,-3.478,-3.393,-3.564,8.183,-8.418
P189N,0.053,-3.366,-3.339,-3.392,7.496,-7.624,-3.366,-3.339,-3.392,7.496,-7.624
P189Q,0.053,-3.125,-3.237,-3.013,6.188,-5.633,-3.125,-3.237,-3.013,6.188,-5.633
P189R,0.053,-3.066,-3.093,-3.038,4.465,-5.776,-3.066,-3.093,-3.038,4.465,-5.776
P189S,0.053,-2.980,-3.130,-2.829,4.958,-4.339,-2.980,-3.130,-2.829,4.958,-4.339
P189T,0.053,-3.116,-3.255,-2.976,6.500,-5.404,-3.116,-3.255,-2.976,6.500,-5.404
P189V,0.053,-3.327,-3.377,-3.277,7.989,-7.081,-3.327,-3.377,-3.277,7.989,-7.081
P189W,0.053,-3.712,-3.414,-4.010,8.414,-10.319,-3.712,-3.414,-4.010,8.414,-10.319
P189Y,0.053,-3.591,-3.361,-3.821,7.750,-9.532,-3.591,-3.361,-3.821,7.750,-9.532
N190A,0.053,-2.944,-3.206,-2.682,5.844,-2.695,-2.944,-3.206,-2.682,5.844,-2.695
N190C,0.053,-3.086,-3.326,-2.845,7.322,-4.486,-3.086,-3.326,-2.845,7.322,-4.486
N190D,0.053,-2.828,-2.982,-2.673,3.214,-2.486,-2.828,-2.982,-2.673,3.214,-2.486
N190E,0.053,-2.920,-3.086,-2.754,4.337,-3.640,-2.920,-3.086,-2.754,4.337,-3.640
N190F,0.053,-3.204,-3.279,-3.129,6.761,-6.300,-3.204,-3.279,-3.129,6.761,-6.300
N190G,0.053,-2.800,-2.894,-2.707,1.982,0.002,-2.800,-2.894,-2.707,1.982,0.002
N190H,0.053,-2.929,-3.205,-2.653,5.764,-1.782,-2.929,-3.205,-2.653,5.764,-1.782
N190I,0.053,-3.286,-3.327,-3.244,7.357,-6.904,-3.286,-3.327,-3.244,7.357,-6.904
N190K,0.053,-2.946,-3.146,-2.746,5.086,-3.559,-2.946,-3.146,-2.746,5.086,-3.559
N190L,0.053,-3.147,-3.314,-2.980,7.142,-5.431,-3.147,-3.314,-2.980,7.142,-5.431
N190M,0.053,-3.194,-3.251,-3.136,6.345,-6.333,-3.194,-3.251,-3.136,6.345,-6.333
N190P,0.053,-3.077,-3.264,-2.890,6.525,-4.816,-3.077,-3.264,-2.890,6.525,-4.816
N190Q,0.053,-2.926,-3.162,-2.689,5.306,-2.806,-2.926,-3.162,-2.689,5.306,-2.806
N190R,0.053,-2.903,-3.125,-2.681,4.890,-2.688,-2.903,-3.125,-2.681,4.890,-2.688
N190S,0.053,-2.868,-3.083,-2.653,4.419,-1.171,-2.868,-3.083,-2.653,4.419,-1.171
N190T,0.053,-2.951,-3.182,-2.720,5.489,-3.266,-2.951,-3.182,-2.720,5.489,-3.266
N190V,0.053,-3.123,-3.266,-2.980,6.510,-5.419,-3.123,-3.266,-2.980,6.510,-5.419
N190W,0.053,-3.300,-3.338,-3.261,7.422,-6.981,-3.300,-3.338,-3.261,7.422,-6.981
N190Y,0.053,-3.094,-3.310,-2.879,7.206,-4.748,-3.094,-3.310,-2.879,7.206,-4.748
R191A,0.053,-3.222,-3.406,-3.039,8.250,-5.781,-3.222,-3.406,-3.039,8.250,-5.781
R191C,0.053,-3.219,-3.422,-3.016,8.475,-5.643,-3.219,-3.422,-3.016,8.475,-5.643
R191D,0.053,-3.409,-3.407,-3.411,8.296,-7.726,-3.409,-3.407,-3.411,8.296,-7.726
R191E,0.053,-3.297,-3.437,-3.157,8.741,-6.452,-3.297,-3.437,-3.157,8.741,-6.452
R191F,0.053,-3.466,-3.442,-3.491,8.773,-8.082,-3.466,-3.442,-3.491,8.773,-8.082
R191G,0.053,-3.178,-3.419,-2.938,8.473,-5.150,-3.178,-3.419,-2.938,8.473,-5.150
R191H,0.053,-3.082,-3.389,-2.775,8.188,-3.856,-3.082,-3.389,-2.775,8.188,-3.856
R191I,0.053,-3.327,-3.441,-3.213,8.748,-6.740,-3.327,-3.441,-3.213,8.748,-6.740
R191K,0.053,-2.861,-3.070,-2.652,4.177,-1.273,-2.861,-3.070,-2.652,4.177,-1.273
R191L,0.053,-3.200,-3.427,-2.974,8.602,-5.372,-3.200,-3.427,-2.974,8.602,-5.372
R191M,0.053,-3.268,-3.442,-3.093,8.748,-6.091,-3.268,-3.442,-3.093,8.748,-6.091
R191N,0.053,-3.173,-3.434,-2.913,8.644,-4.982,-3.173,-3.434,-2.913,8.644,-4.982
R191P,0.053,-3.217,-3.440,-2.994,8.746,-5.518,-3.217,-3.440,-2.994,8.746,-5.518
R191Q,0.053,-2.918,-3.125,-2.710,4.797,-3.148,-2.918,-3.125,-2.710,4.797,-3.148
R191S,0.053,-3.048,-3.221,-2.876,6.070,-4.711,-3.048,-3.221,-2.876,6.070,-4.711
R191T,0.053,-3.103,-3.274,-2.932,6.689,-5.111,-3.103,-3.274,-2.932,6.689,-5.111
R191V,0.053,-3.224,-3.312,-3.136,7.189,-6.340,-3.224,-3.312,-3.136,7.189,-6.340
R191W,0.053,-3.354,-3.454,-3.255,8.938,-6.966,-3.354,-3.454,-3.255,8.938,-6.966
R191Y,0.053,-3.367,-3.426,-3.308,8.558,-7.210,-3.367,-3.426,-3.308,8.558,-7.210
M192A,0.047,-2.920,-3.106,-2.733,4.438,-3.408,-2.920,-3.106,-2.733,4.438,-3.408
M192C,0.047,-3.069,-3.136,-3.002,4.923,-5.562,-3.069,-3.136,-3.002,4.923,-5.562
M192D,0.047,-3.268,-3.164,-3.371,5.289,-7.518,-3.268,-3.164,-3.371,5.289,-7.518
M192E,0.047,-3.184,-3.191,-3.178,5.629,-6.554,-3.184,-3.191,-3.178,5.629,-6.554
M192F,0.047,-2.939,-3.151,-2.727,5.114,-3.331,-2.939,-3.151,-2.727,5.114,-3.331
M192G,0.047,-3.130,-3.147,-3.114,5.169,-6.216,-3.130,-3.147,-3.114,5.169,-6.216
M192H,0.047,-3.104,-3.167,-3.041,5.351,-5.795,-3.104,-3.167,-3.041,5.351,-5.795
M192I,0.047,-2.670,-2.505,-2.836,-2.497,1.216,-2.670,-2.505,-2.836,-2.497,1.216
M192K,0.047,-3.084,-3.173,-2.995,5.379,-5.513,-3.084,-3.173,-2.995,5.379,-5.513
M192L,0.047,-2.748,-2.774,-2.721,0.669,0.178,-2.748,-2.774,-2.721,0.669,0.178
M192N,0.047,-3.117,-3.174,-3.061,5.417,-5.915,-3.117,-3.174,-3.061,5.417,-5.915
M192P,0.047,-3.044,-3.163,-2.926,5.307,-5.063,-3.044,-3.163,-2.926,5.307,-5.063
M192Q,0.047,-3.025,-3.178,-2.872,5.479,-4.677,-3.025,-3.178,-2.872,5.479,-4.677
M192R,0.047,-3.022,-3.176,-2.868,5.420,-4.654,-3.022,-3.176,-2.868,5.420,-4.654
M192S,0.047,-3.013,-3.179,-2.847,5.475,-4.490,-3.013,-3.179,-2.847,5.475,-4.490
M192T,0.047,-2.914,-3.159,-2.669,5.226,-2.423,-2.914,-3.159,-2.669,5.226,-2.423
M192V,0.047,-2.820,-2.892,-2.749,2.032,0.484,-2.820,-2.892,-2.749,2.032,0.484
M192W,0.047,-3.214,-3.175,-3.252,5.446,-6.935,-3.214,-3.175,-3.252,5.446,-6.935
M192Y,0.047,-3.110,-3.192,-3.029,5.606,-5.719,-3.110,-3.192,-3.029,5.606,-5.719
S193A,0.047,-2.794,-2.934,-2.653,2.661,-1.174,-2.794,-2.934,-2.653,2.661,-1.174
S193C,0.047,-2.858,-3.058,-2.657,4.043,-2.032,-2.858,-3.058,-2.657,4.043,-2.032
S193D,0.047,-2.962,-3.135,-2.790,5.032,-4.009,-2.962,-3.135,-2.790,5.032,-4.009
S193E,0.047,-2.835,-2.990,-2.680,3.251,-2.658,-2.835,-2.990,-2.680,3.251,-2.658
S193F,0.047,-2.881,-3.086,-2.676,4.551,-2.565,-2.881,-3.086,-2.676,4.551,-2.565
S193G,0.047,-2.838,-3.015,-2.662,3.625,-2.187,-2.838,-3.015,-2.662,3.625,-2.187
S193H,0.047,-2.724,-2.772,-2.677,0.694,-0.457,-2.724,-2.772,-2.677,0.694,-0.457
S193I,0.047,-2.920,-3.155,-2.686,5.275,-2.775,-2.920,-3.155,-2.686,5.275,-2.775
S193K,0.047,-2.762,-2.870,-2.655,1.977,-1.969,-2.762,-2.870,-2.655,1.977,-1.969
S193L,0.047,-2.810,-2.966,-2.654,3.039,-1.869,-2.810,-2.966,-2.654,3.039,-1.869
S193M,0.047,-2.823,-2.950,-2.696,2.820,-2.936,-2.823,-2.950,-2.696,2.820,-2.936
S193N,0.047,-2.764,-2.868,-2.660,1.851,-2.171,-2.764,-2.868,-2.660,1.851,-2.171
S193P,0.047,-2.779,-2.885,-2.674,2.017,-2.524,-2.779,-2.885,-2.674,2.017,-2.524
S193Q,0.047,-2.784,-2.906,-2.663,2.314,-0.837,-2.784,-2.906,-2.663,2.314,-0.837
S193R,0.047,-2.709,-2.740,-2.678,0.358,-0.439,-2.709,-2.740,-2.678,0.358,-0.439
S193T,0.047,-2.752,-2.810,-2.694,1.275,-0.180,-2.752,-2.810,-2.694,1.275,-0.180
S193V,0.047,-2.906,-3.160,-2.651,5.369,-1.522,-2.906,-3.160,-2.651,5.369,-1.522
S193W,0.047,-2.968,-3.153,-2.782,5.241,-3.939,-2.968,-3.153,-2.782,5.241,-3.939
S193Y,0.047,-2.897,-3.136,-2.658,5.000,-1.058,-2.897,-3.136,-2.658,5.000,-1.058
G194A,0.045,-3.070,-3.280,-2.860,6.696,-4.598,-3.070,-3.280,-2.860,6.696,-4.598
G194C,0.045,-3.367,-3.326,-3.409,7.423,-7.705,-3.367,-3.326,-3.409,7.423,-7.705
G194D,0.045,-3.488,-3.563,-3.412,10.370,-7.713,-3.488,-3.563,-3.412,10.370,-7.713
G194E,0.045,-3.481,-3.556,-3.406,10.231,-7.689,-3.481,-3.556,-3.406,10.231,-7.689
G194F,0.045,-3.646,-3.542,-3.749,10.064,-9.211,-3.646,-3.542,-3.749,10.064,-9.211
G194H,0.045,-3.678,-3.548,-3.809,10.170,-9.474,-3.678,-3.548,-3.809,10.170,-9.474
G194I,0.045,-3.512,-3.498,-3.525,9.523,-8.233,-3.512,-3.498,-3.525,9.523,-8.233
G194K,0.045,-3.562,-3.548,-3.576,10.135,-8.461,-3.562,-3.548,-3.576,10.135,-8.461
G194L,0.045,-3.498,-3.516,-3.479,9.657,-8.029,-3.498,-3.516,-3.479,9.657,-8.029
G194M,0.045,-3.592,-3.548,-3.636,10.127,-8.733,-3.592,-3.548,-3.636,10.127,-8.733
G194N,0.045,-3.534,-3.574,-3.494,10.507,-8.095,-3.534,-3.574,-3.494,10.507,-8.095
G194P,0.045,-3.610,-3.534,-3.687,9.969,-8.951,-3.610,-3.534,-3.687,9.969,-8.951
G194Q,0.045,-3.588,-3.548,-3.627,10.154,-8.691,-3.588,-3.548,-3.627,10.154,-8.691
G194R,0.045,-3.412,-3.568,-3.256,10.412,-6.973,-3.412,-3.568,-3.256,10.412,-6.973
G194S,0.045,-3.266,-3.533,-2.999,9.964,-5.538,-3.266,-3.533,-2.999,9.964,-5.538
G194T,0.045,-3.398,-3.525,-3.271,9.856,-7.038,-3.398,-3.525,-3.271,9.856,-7.038
G194V,0.045,-3.206,-3.350,-3.061,7.630,-5.913,-3.206,-3.350,-3.061,7.630,-5.913
G194W,0.045,-3.736,-3.548,-3.925,10.143,-9.963,-3.736,-3.548,-3.925,10.143,-9.963
G194Y,0.045,-3.746,-3.550,-3.941,10.191,-10.030,-3.746,-3.550,-3.941,10.191,-10.030
E195A,0.045,-2.822,-2.991,-2.653,3.297,-1.235,-2.822,-2.991,-2.653,3.297,-1.235
E195C,0.045,-2.868,-3.024,-2.713,3.693,-3.172,-2.868,-3.024,-2.713,3.693,-3.172
E195D,0.045,-2.809,-2.966,-2.652,2.949,-1.537,-2.809,-2.966,-2.652,2.949,-1.537
E195F,0.045,-2.874,-2.983,-2.765,3.181,-3.773,-2.874,-2.983,-2.765,3.181,-3.773
E195G,0.045,-2.899,-3.112,-2.686,4.681,-2.735,-2.899,-3.112,-2.686,4.681,-2.735
E195H,0.045,-2.768,-2.874,-2.661,1.917,-2.205,-2.768,-2.874,-2.661,1.917,-2.205
E195I,0.045,-2.698,-2.744,-2.653,0.425,-1.354,-2.698,-2.744,-2.653,0.425,-1.354
E195K,0.045,-2.782,-2.907,-2.657,2.246,-2.083,-2.782,-2.907,-2.657,2.246,-2.083
E195L,0.045,-2.774,-2.896,-2.652,2.128,-1.598,-2.774,-2.896,-2.652,2.128,-1.598
E195M,0.045,-2.879,-3.087,-2.671,4.429,-2.442,-2.879,-3.087,-2.671,4.429,-2.442
E195N,0.045,-2.792,-2.912,-2.671,2.224,-2.438,-2.792,-2.912,-2.671,2.224,-2.438
E195P,0.045,-2.907,-3.104,-2.709,4.588,-3.113,-2.907,-3.104,-2.709,4.588,-3.113
E195Q,0.045,-2.761,-2.866,-2.656,1.808,-1.091,-2.761,-2.866,-2.656,1.808,-1.091
E195R,0.045,-2.782,-2.913,-2.652,2.293,-1.755,-2.782,-2.913,-2.652,2.293,-1.755
E195S,0.045,-2.737,-2.823,-2.651,1.203,-1.565,-2.737,-2.823,-2.651,1.203,-1.565
E195T,0.045,-2.729,-2.798,-2.660,1.013,-0.915,-2.729,-2.798,-2.660,1.013,-0.915
E195V,0.045,-2.624,-2.532,-2.716,-2.147,0.111,-2.624,-2.532,-2.716,-2.147,0.111
E195W,0.045,-3.032,-3.021,-3.042,3.627,-5.801,-3.032,-3.021,-3.042,3.627,-5.801
E195Y,0.045,-2.928,-3.053,-2.804,3.906,-4.129,-2.928,-3.053,-2.804,3.906,-4.129
C196A,0.045,-3.833,-3.599,-4.067,10.824,-10.559,-3.833,-3.599,-4.067,10.824,-10.559
C196D,0.045,-4.040,-3.595,-4.485,10.760,-12.294,-4.040,-3.595,-4.485,10.760,-12.294
C196E,0.045,-4.043,-3.618,-4.468,11.081,-12.224,-4.043,-3.618,-4.468,11.081,-12.224
C196F,0.045,-3.753,-3.620,-3.886,11.082,-9.800,-3.753,-3.620,-3.886,11.082,-9.800
C196G,0.045,-3.801,-3.629,-3.973,11.212,-10.167,-3.801,-3.629,-3.973,11.212,-10.167
C196H,0.045,-3.882,-3.606,-4.158,10.927,-10.935,-3.882,-3.606,-4.158,10.927,-10.935
C196I,0.045,-3.813,-3.635,-3.991,11.285,-10.245,-3.813,-3.635,-3.991,11.285,-10.245
C196K,0.045,-3.988,-3.581,-4.396,10.591,-11.925,-3.988,-3.581,-4.396,10.591,-11.925
C196L,0.045,-3.720,-3.609,-3.831,10.940,-9.570,-3.720,-3.609,-3.831,10.940,-9.570
C196M,0.045,-3.946,-3.615,-4.276,11.009,-11.422,-3.946,-3.615,-4.276,11.009,-11.422
C196N,0.045,-4.022,-3.633,-4.411,11.248,-11.984,-4.022,-3.633,-4.411,11.248,-11.984
C196P,0.045,-3.919,-3.627,-4.211,11.201,-11.163,-3.919,-3.627,-4.211,11.201,-11.163
C196Q,0.045,-3.937,-3.612,-4.262,10.987,-11.366,-3.937,-3.612,-4.262,10.987,-11.366
C196R,0.045,-3.756,-3.608,-3.903,10.915,-9.873,-3.756,-3.608,-3.903,10.915,-9.873
C196S,0.045,-3.686,-3.592,-3.779,10.738,-9.350,-3.686,-3.592,-3.779,10.738,-9.350
C196T,0.045,-3.850,-3.630,-4.069,11.216,-10.572,-3.850,-3.630,-4.069,11.216,-10.572
C196V,0.045,-3.690,-3.595,-3.785,10.756,-9.372,-3.690,-3.595,-3.785,10.756,-9.372
C196W,0.045,-3.788,-3.606,-3.971,10.917,-10.158,-3.788,-3.606,-3.971,10.917,-10.158
C196Y,0.045,-3.701,-3.600,-3.802,10.825,-9.449,-3.701,-3.600,-3.802,10.825,-9.449
Q197A,0.045,-3.104,-3.309,-2.899,7.137,-4.870,-3.104,-3.309,-2.899,7.137,-4.870
Q197C,0.045,-3.205,-3.346,-3.064,7.526,-5.937,-3.205,-3.346,-3.064,7.526,-5.937
Q197D,0.045,-3.144,-3.285,-3.003,6.878,-5.567,-3.144,-3.285,-3.003,6.878,-5.567
Q197E,0.045,-2.956,-3.142,-2.771,5.101,-3.841,-2.956,-3.142,-2.771,5.101,-3.841
Q197F,0.045,-3.302,-3.295,-3.310,6.886,-7.232,-3.302,-3.295,-3.310,6.886,-7.232
Q197G,0.045,-3.175,-3.406,-2.944,8.331,-5.193,-3.175,-3.406,-2.944,8.331,-5.193
Q197H,0.045,-2.890,-3.040,-2.740,3.900,-3.474,-2.890,-3.040,-2.740,3.900,-3.474
Q197I,0.045,-3.272,-3.404,-3.141,8.294,-6.364,-3.272,-3.404,-3.141,8.294,-6.364
Q197K,0.045,-2.936,-3.105,-2.766,4.664,-3.785,-2.936,-3.105,-2.766,4.664,-3.785
Q197L,0.045,-2.977,-3.151,-2.803,5.155,-4.143,-2.977,-3.151,-2.803,5.155,-4.143
Q197M,0.045,-3.226,-3.428,-3.025,8.661,-5.693,-3.226,-3.428,-3.025,8.661,-5.693
Q197N,0.045,-3.133,-3.298,-2.967,7.003,-5.336,-3.133,-3.298,-2.967,7.003,-5.336
Q197P,0.045,-3.136,-3.380,-2.891,8.018,-4.812,-3.136,-3.380,-2.891,8.018,-4.812
Q197R,0.045,-3.038,-3.357,-2.718,7.815,-3.234,-3.038,-3.357,-2.718,7.815,-3.234
Q197S,0.045,-3.060,-3.309,-2.810,7.115,-4.167,-3.060,-3.309,-2.810,7.115,-4.167
Q197T,0.045,-3.132,-3.383,-2.880,8.022,-4.739,-3.132,-3.383,-2.880,8.022,-4.739
Q197V,0.045,-3.194,-3.396,-2.992,8.254,-5.505,-3.194,-3.396,-2.992,8.254,-5.505
Q197W,0.045,-3.446,-3.410,-3.481,8.416,-8.041,-3.446,-3.410,-3.481,8.416,-8.041
Q197Y,0.045,-3.301,-3.296,-3.306,7.018,-7.212,-3.301,-3.296,-3.306,7.018,-7.212
S198A,0.045,-2.904,-3.103,-2.704,4.608,-0.062,-2.904,-3.103,-2.704,4.608,-0.062
S198C,0.045,-3.102,-3.389,-2.815,8.098,-4.234,-3.102,-3.389,-2.815,8.098,-4.234
S198D,0.045,-2.953,-3.256,-2.650,6.419,-1.637,-2.953,-3.256,-2.650,6.419,-1.637
S198E,0.045,-2.914,-3.169,-2.658,5.389,-2.050,-2.914,-3.169,-2.658,5.389,-2.050
S198F,0.045,-3.019,-3.241,-2.797,6.289,-4.073,-3.019,-3.241,-2.797,6.289,-4.073
S198G,0.045,-2.978,-3.304,-2.652,7.093,-1.349,-2.978,-3.304,-2.652,7.093,-1.349
S198H,0.045,-3.002,-3.334,-2.670,7.375,-2.399,-3.002,-3.334,-2.670,7.375,-2.399
S198I,0.045,-3.040,-3.303,-2.776,7.042,-3.868,-3.040,-3.303,-2.776,7.042,-3.868
S198K,0.045,-3.014,-3.262,-2.767,6.469,-3.782,-3.014,-3.262,-2.767,6.469,-3.782
S198L,0.045,-3.010,-3.277,-2.742,6.738,-3.492,-3.010,-3.277,-2.742,6.738,-3.492
S198M,0.045,-3.008,-3.228,-2.789,6.124,-3.999,-3.008,-3.228,-2.789,6.124,-3.999
S198N,0.045,-2.898,-3.134,-2.663,4.950,-0.853,-2.898,-3.134,-2.663,4.950,-0.853
S198P,0.045,-3.176,-3.404,-2.949,8.270,-5.203,-3.176,-3.404,-2.949,8.270,-5.203
S198Q,0.045,-2.942,-3.205,-2.679,5.838,-2.637,-2.942,-3.205,-2.679,5.838,-2.637
S198R,0.045,-2.980,-3.274,-2.686,6.607,-2.766,-2.980,-3.274,-2.686,6.607,-2.766
S198T,0.045,-2.875,-3.090,-2.660,4.528,-0.955,-2.875,-3.090,-2.660,4.528,-0.955
S198V,0.045,-2.972,-3.286,-2.659,6.772,-2.136,-2.972,-3.286,-2.659,6.772,-2.136
S198W,0.045,-3.242,-3.375,-3.109,7.903,-6.192,-3.242,-3.375,-3.109,7.903,-6.192
S198Y,0.045,-3.006,-3.234,-2.778,6.174,-3.885,-3.006,-3.234,-2.778,6.174,-3.885
P199A,0.057,-2.856,-3.057,-2.655,4.078,-1.099,-2.856,-3.057,-2.655,4.078,-1.099
P199C,0.057,-3.020,-3.002,-3.037,3.295,-5.768,-3.020,-3.002,-3.037,3.295,-5.768
P199D,0.057,-2.776,-2.897,-2.654,2.095,-1.861,-2.776,-2.897,-2.654,2.095,-1.861
P199E,0.057,-2.737,-2.820,-2.654,1.193,-1.205,-2.737,-2.820,-2.654,1.193,-1.205
P199F,0.057,-3.069,-3.169,-2.969,5.396,-5.356,-3.069,-3.169,-2.969,5.396,-5.356
P199G,0.057,-2.875,-3.095,-2.654,4.506,-2.000,-2.875,-3.095,-2.654,4.506,-2.000
P199H,0.057,-2.927,-3.095,-2.759,4.551,-3.700,-2.927,-3.095,-2.759,4.551,-3.700
P199I,0.057,-3.006,-3.199,-2.813,5.749,-4.210,-3.006,-3.199,-2.813,5.749,-4.210
P199K,0.057,-2.864,-2.974,-2.753,3.161,-3.651,-2.864,-2.974,-2.753,3.161,-3.651
P199L,0.057,-2.862,-3.029,-2.695,3.733,-2.919,-2.862,-3.029,-2.695,3.733,-2.919
P199M,0.057,-3.024,-3.186,-2.861,5.631,-4.614,-3.024,-3.186,-2.861,5.631,-4.614
P199N,0.057,-2.848,-2.984,-2.713,3.149,-3.167,-2.848,-2.984,-2.713,3.149,-3.167
P199Q,0.057,-2.679,-2.703,-2.655,-0.136,-1.943,-2.679,-2.703,-2.655,-0.136,-1.943
P199R,0.057,-2.851,-2.986,-2.716,3.282,-3.219,-2.851,-2.986,-2.716,3.282,-3.219
P199S,0.057,-2.812,-2.965,-2.659,2.980,-0.944,-2.812,-2.965,-2.659,2.980,-0.944
P199T,0.057,-2.902,-3.141,-2.663,5.105,-2.264,-2.902,-3.141,-2.663,5.105,-2.264
P199V,0.057,-2.884,-3.069,-2.699,4.240,-2.963,-2.884,-3.069,-2.699,4.240,-2.963
P199W,0.057,-3.249,-3.223,-3.275,6.065,-7.068,-3.249,-3.223,-3.275,6.065,-7.068
P199Y,0.057,-3.077,-3.094,-3.060,4.520,-5.901,-3.077,-3.094,-3.060,4.520,-5.901
H200A,0.053,-2.705,-2.602,-2.808,-1.226,1.001,-2.705,-2.602,-2.808,-1.226,1.001
H200C,0.053,-2.692,-2.729,-2.655,0.288,-1.926,-2.692,-2.729,-2.655,0.288,-1.926
H200D,0.053,-2.692,-2.305,-3.080,-4.829,2.660,-2.692,-2.305,-3.080,-4.829,2.660
H200E,0.053,-2.716,-2.578,-2.854,-1.490,1.361,-2.716,-2.578,-2.854,-1.490,1.361
H200F,0.053,-2.665,-2.637,-2.692,-0.849,-2.880,-2.665,-2.637,-2.692,-0.849,-2.880
H200G,0.053,-2.740,-2.304,-3.176,-4.854,3.118,-2.740,-2.304,-3.176,-4.854,3.118
H200I,0.053,-2.752,-2.792,-2.711,0.991,-3.157,-2.752,-2.792,-2.711,0.991,-3.157
H200K,0.053,-2.676,-2.639,-2.713,-0.857,0.071,-2.676,-2.639,-2.713,-0.857,0.071
H200L,0.053,-2.696,-2.739,-2.652,0.401,-1.194,-2.696,-2.739,-2.652,0.401,-1.194
H200M,0.053,-2.749,-2.821,-2.677,1.302,-2.596,-2.749,-2.821,-2.677,1.302,-2.596
H200N,0.053,-2.668,-2.404,-2.931,-3.582,1.864,-2.668,-2.404,-2.931,-3.582,1.864
H200P,0.053,-2.684,-2.697,-2.670,-0.103,-2.432,-2.684,-2.697,-2.670,-0.103,-2.432
H200Q,0.053,-2.696,-2.633,-2.760,-0.854,0.585,-2.696,-2.633,-2.760,-0.854,0.585
H200R,0.053,-2.669,-2.612,-2.726,-1.086,0.231,-2.669,-2.612,-2.726,-1.086,0.231
H200S,0.053,-2.766,-2.563,-2.970,-1.753,2.085,-2.766,-2.563,-2.970,-1.753,2.085
H200T,0.053,-2.686,-2.612,-2.760,-1.137,0.578,-2.686,-2.612,-2.760,-1.137,0.578
H200V,0.053,-2.706,-2.763,-2.650,0.692,-1.520,-2.706,-2.763,-2.650,0.692,-1.520
H200W,0.053,-2.834,-2.835,-2.833,1.539,-4.363,-2.834,-2.835,-2.833,1.539,-4.363
H200Y,0.053,-2.741,-2.800,-2.682,1.172,-2.696,-2.741,-2.800,-2.682,1.172,-2.696
C201A,0.043,-3.574,-3.452,-3.696,8.897,-8.988,-3.574,-3.452,-3.696,8.897,-8.988
C201D,0.043,-3.730,-3.561,-3.900,10.348,-9.862,-3.730,-3.561,-3.900,10.348,-9.862
C201E,0.043,-3.661,-3.442,-3.880,8.824,-9.779,-3.661,-3.442,-3.880,8.824,-9.779
C201F,0.043,-3.674,-3.553,-3.795,10.244,-9.422,-3.674,-3.553,-3.795,10.244,-9.422
C201G,0.043,-3.537,-3.549,-3.526,10.132,-8.240,-3.537,-3.549,-3.526,10.132,-8.240
C201H,0.043,-3.596,-3.555,-3.637,10.233,-8.743,-3.596,-3.555,-3.637,10.233,-8.743
C201I,0.043,-3.691,-3.436,-3.946,8.730,-10.057,-3.691,-3.436,-3.946,8.730,-10.057
C201K,0.043,-3.780,-3.566,-3.994,10.360,-10.247,-3.780,-3.566,-3.994,10.360,-10.247
C201L,0.043,-3.592,-3.545,-3.638,10.066,-8.736,-3.592,-3.545,-3.638,10.066,-8.736
C201M,0.043,-3.876,-3.563,-4.190,10.350,-11.076,-3.876,-3.563,-4.190,10.350,-11.076
C201N,0.043,-3.722,-3.568,-3.876,10.377,-9.757,-3.722,-3.568,-3.876,10.377,-9.757
C201P,0.043,-3.659,-3.556,-3.762,10.264,-9.276,-3.659,-3.556,-3.762,10.264,-9.276
C201Q,0.043,-3.628,-3.570,-3.686,10.467,-8.951,-3.628,-3.570,-3.686,10.467,-8.951
C201R,0.043,-3.624,-3.563,-3.685,10.339,-8.952,-3.624,-3.563,-3.685,10.339,-8.952
C201S,0.043,-3.435,-3.366,-3.504,7.769,-8.154,-3.435,-3.366,-3.504,7.769,-8.154
C201T,0.043,-3.652,-3.534,-3.769,9.963,-9.304,-3.652,-3.534,-3.769,9.963,-9.304
C201V,0.043,-3.609,-3.461,-3.758,9.010,-9.252,-3.609,-3.461,-3.758,9.010,-9.252
C201W,0.043,-3.881,-3.563,-4.199,10.346,-11.108,-3.881,-3.563,-4.199,10.346,-11.108
C201Y,0.043,-3.709,-3.533,-3.885,9.958,-9.795,-3.709,-3.533,-3.885,9.958,-9.795
P202A,0.043,-2.810,-2.969,-2.652,3.099,-1.265,-2.810,-2.969,-2.652,3.099,-1.265
P202C,0.043,-2.904,-3.070,-2.738,4.259,-3.462,-2.904,-3.070,-2.738,4.259,-3.462
P202D,0.043,-2.688,-2.696,-2.679,-0.187,-2.599,-2.688,-2.696,-2.679,-0.187,-2.599
P202E,0.043,-2.784,-2.898,-2.671,2.270,-2.456,-2.784,-2.898,-2.671,2.270,-2.456
P202F,0.043,-2.920,-3.089,-2.750,4.535,-3.601,-2.920,-3.089,-2.750,4.535,-3.601
P202G,0.043,-2.824,-2.995,-2.652,3.338,-1.673,-2.824,-2.995,-2.652,3.338,-1.673
P202H,0.043,-2.740,-2.826,-2.655,1.353,-1.933,-2.740,-2.826,-2.655,1.353,-1.933
P202I,0.043,-2.892,-3.051,-2.733,4.052,-3.416,-2.892,-3.051,-2.733,4.052,-3.416
P202K,0.043,-2.831,-2.997,-2.665,3.366,-2.349,-2.831,-2.997,-2.665,3.366,-2.349
P202L,0.043,-2.822,-2.994,-2.651,3.338,-1.408,-2.822,-2.994,-2.651,3.338,-1.408
P202M,0.043,-2.928,-3.136,-2.721,5.093,-3.270,-2.928,-3.136,-2.721,5.093,-3.270
P202N,0.043,-2.696,-2.735,-2.657,0.328,-2.024,-2.696,-2.735,-2.657,0.328,-2.024
P202Q,0.043,-2.752,-2.849,-2.654,1.568,-1.081,-2.752,-2.849,-2.654,1.568,-1.081
P202R,0.043,-2.835,-3.017,-2.652,3.595,-1.852,-2.835,-3.017,-2.652,3.595,-1.852
P202S,0.043,-2.698,-2.715,-2.681,0.096,-0.408,-2.698,-2.715,-2.681,0.096,-0.408
P202T,0.043,-2.798,-2.946,-2.651,2.772,-1.269,-2.798,-2.946,-2.651,2.772,-1.269
P202V,0.043,-2.820,-2.973,-2.668,3.117,-2.461,-2.820,-2.973,-2.668,3.117,-2.461
P202W,0.043,-3.082,-3.166,-2.998,5.426,-5.543,-3.082,-3.166,-2.998,5.426,-5.543
P202Y,0.043,-2.940,-3.086,-2.793,4.457,-4.027,-2.940,-3.086,-2.793,4.457,-4.027
G203A,0.045,-3.069,-3.383,-2.756,8.042,-3.686,-3.069,-3.383,-2.756,8.042,-3.686
G203C,0.045,-3.252,-3.333,-3.170,7.368,-6.515,-3.252,-3.333,-3.170,7.368,-6.515
G203D,0.045,-3.119,-3.350,-2.888,7.674,-4.807,-3.119,-3.350,-2.888,7.674,-4.807
G203E,0.045,-3.111,-3.333,-2.889,7.424,-4.816,-3.111,-3.333,-2.889,7.424,-4.816
G203F,0.045,-3.476,-3.523,-3.429,9.805,-7.797,-3.476,-3.523,-3.429,9.805,-7.797
G203H,0.045,-3.238,-3.384,-3.091,8.016,-6.089,-3.238,-3.384,-3.091,8.016,-6.089
G203I,0.045,-3.402,-3.456,-3.347,8.969,-7.406,-3.402,-3.456,-3.347,8.969,-7.406
G203K,0.045,-3.208,-3.455,-2.961,8.976,-5.306,-3.208,-3.455,-2.961,8.976,-5.306
G203L,0.045,-3.284,-3.470,-3.098,9.185,-6.130,-3.284,-3.470,-3.098,9.185,-6.130
G203M,0.045,-3.432,-3.522,-3.343,9.787,-7.389,-3.432,-3.522,-3.343,9.787,-7.389
G203N,0.045,-3.111,-3.341,-2.881,7.487,-4.750,-3.111,-3.341,-2.881,7.487,-4.750
G203P,0.045,-3.394,-3.425,-3.364,8.626,-7.497,-3.394,-3.425,-3.364,8.626,-7.497
G203Q,0.045,-3.210,-3.439,-2.981,8.683,-5.438,-3.210,-3.439,-2.981,8.683,-5.438
G203R,0.045,-3.179,-3.473,-2.885,9.194,-4.794,-3.179,-3.473,-2.885,9.194,-4.794
G203S,0.045,-3.023,-3.299,-2.747,6.899,-3.570,-3.023,-3.299,-2.747,6.899,-3.570
G203T,0.045,-3.154,-3.361,-2.946,7.776,-5.200,-3.154,-3.361,-2.946,7.776,-5.200
G203V,0.045,-3.202,-3.407,-2.997,8.273,-5.538,-3.202,-3.407,-2.997,8.273,-5.538
G203W,0.045,-3.555,-3.554,-3.556,10.210,-8.372,-3.555,-3.554,-3.556,10.210,-8.372
G203Y,0.045,-3.462,-3.498,-3.425,9.459,-7.786,-3.462,-3.498,-3.425,9.459,-7.786
T204A,0.037,-2.876,-3.091,-2.662,4.483,-0.876,-2.876,-3.091,-2.662,4.483,-0.876
T204C,0.037,-2.976,-3.137,-2.816,4.986,-4.228,-2.976,-3.137,-2.816,4.986,-4.228
T204D,0.037,-2.823,-2.928,-2.718,2.567,-3.239,-2.823,-2.928,-2.718,2.567,-3.239
T204E,0.037,-2.852,-3.019,-2.686,3.717,-2.745,-2.852,-3.019,-2.686,3.717,-2.745
T204F,0.037,-3.022,-3.231,-2.813,6.125,-4.210,-3.022,-3.231,-2.813,6.125,-4.210
T204G,0.037,-2.867,-3.057,-2.677,4.142,-2.597,-2.867,-3.057,-2.677,4.142,-2.597
T204H,0.037,-2.934,-3.162,-2.707,5.408,-3.076,-2.934,-3.162,-2.707,5.408,-3.076
T204I,0.037,-2.883,-3.096,-2.670,4.604,-2.438,-2.883,-3.096,-2.670,4.604,-2.438
T204K,0.037,-2.864,-3.055,-2.674,4.063,-2.511,-2.864,-3.055,-2.674,4.063,-2.511
T204L,0.037,-2.898,-3.126,-2.671,4.942,-2.464,-2.898,-3.126,-2.671,4.942,-2.464
T204M,0.037,-3.004,-3.264,-2.745,6.545,-3.559,-3.004,-3.264,-2.745,6.545,-3.559
T204N,0.037,-2.759,-2.867,-2.651,1.875,-1.769,-2.759,-2.867,-2.651,1.875,-1.769
T204P,0.037,-2.930,-3.205,-2.655,5.888,-1.999,-2.930,-3.205,-2.655,5.888,-1.999
T204Q,0.037,-2.874,-3.082,-2.665,4.354,-2.305,-2.874,-3.082,-2.665,4.354,-2.305
T204R,0.037,-2.797,-2.929,-2.665,2.504,-2.231,-2.797,-2.929,-2.665,2.504,-2.231
T204S,0.037,-2.846,-2.978,-2.713,3.079,0.072,-2.846,-2.978,-2.713,3.079,0.072
T204V,0.037,-2.899,-3.146,-2.652,5.143,-1.725,-2.899,-3.146,-2.652,5.143,-1.725
T204W,0.037,-3.177,-3.253,-3.101,6.413,-6.140,-3.177,-3.253,-3.101,6.413,-6.140
T204Y,0.037,-3.064,-3.253,-2.874,6.431,-4.697,-3.064,-3.253,-2.874,6.431,-4.697
S205A,0.032,-2.772,-2.799,-2.745,1.002,0.453,-2.772,-2.799,-2.745,1.002,0.453
S205C,0.032,-2.733,-2.797,-2.669,0.997,-2.404,-2.733,-2.797,-2.669,0.997,-2.404
S205D,0.032,-2.700,-2.714,-2.685,0.047,-2.737,-2.700,-2.714,-2.685,0.047,-2.737
S205E,0.032,-2.638,-2.625,-2.650,-0.980,-1.713,-2.638,-2.625,-2.650,-0.980,-1.713
S205F,0.032,-2.743,-2.824,-2.662,1.327,-2.241,-2.743,-2.824,-2.662,1.327,-2.241
S205G,0.032,-2.700,-2.735,-2.665,0.410,-2.265,-2.700,-2.735,-2.665,0.410,-2.265
S205H,0.032,-2.737,-2.823,-2.651,1.324,-1.540,-2.737,-2.823,-2.651,1.324,-1.540
S205I,0.032,-2.613,-2.558,-2.668,-1.761,-2.351,-2.613,-2.558,-2.668,-1.761,-2.351
S205K,0.032,-2.681,-2.712,-2.650,0.076,-1.428,-2.681,-2.712,-2.650,0.076,-1.428
S205L,0.032,-2.700,-2.749,-2.652,0.487,-1.396,-2.700,-2.749,-2.652,0.487,-1.396
S205M,0.032,-2.652,-2.646,-2.657,-0.779,-2.044,-2.652,-2.646,-2.657,-0.779,-2.044
S205N,0.032,-2.774,-2.896,-2.652,2.240,-1.715,-2.774,-2.896,-2.652,2.240,-1.715
S205P,0.032,-2.712,-2.773,-2.651,0.775,-1.630,-2.712,-2.773,-2.651,0.775,-1.630
S205Q,0.032,-2.731,-2.788,-2.674,0.992,-0.523,-2.731,-2.788,-2.674,0.992,-0.523
S205R,0.032,-2.662,-2.653,-2.672,-0.574,-0.592,-2.662,-2.653,-2.672,-0.574,-0.592
S205T,0.032,-2.661,-2.634,-2.688,-0.943,-0.319,-2.661,-2.634,-2.688,-0.943,-0.319
S205V,0.032,-2.526,-2.390,-2.662,-3.776,-0.821,-2.526,-2.390,-2.662,-3.776,-0.821
S205W,0.032,-2.834,-2.824,-2.844,1.313,-4.483,-2.834,-2.824,-2.844,1.313,-4.483
S205Y,0.032,-2.716,-2.751,-2.682,0.502,-2.679,-2.716,-2.751,-2.682,0.502,-2.679
A206C,0.016,-3.294,-3.469,-3.119,9.066,-6.246,-3.294,-3.469,-3.119,9.066,-6.246
A206D,0.016,-3.430,-3.514,-3.347,9.690,-7.402,-3.430,-3.514,-3.347,9.690,-7.402
A206E,0.016,-3.356,-3.501,-3.211,9.537,-6.735,-3.356,-3.501,-3.211,9.537,-6.735
A206F,0.016,-3.525,-3.485,-3.565,9.336,-8.422,-3.525,-3.485,-3.565,9.336,-8.422
A206G,0.016,-3.133,-3.363,-2.904,7.717,-4.912,-3.133,-3.363,-2.904,7.717,-4.912
A206H,0.016,-3.548,-3.517,-3.578,9.741,-8.474,-3.548,-3.517,-3.578,9.741,-8.474
A206I,0.016,-3.352,-3.505,-3.199,9.569,-6.666,-3.352,-3.505,-3.199,9.569,-6.666
A206K,0.016,-3.460,-3.515,-3.406,9.751,-7.685,-3.460,-3.515,-3.406,9.751,-7.685
A206L,0.016,-3.346,-3.477,-3.216,9.281,-6.756,-3.346,-3.477,-3.216,9.281,-6.756
A206M,0.016,-3.370,-3.503,-3.237,9.533,-6.864,-3.370,-3.503,-3.237,9.533,-6.864
A206N,0.016,-3.398,-3.506,-3.290,9.621,-7.136,-3.398,-3.506,-3.290,9.621,-7.136
A206P,0.016,-3.264,-3.305,-3.223,7.116,-6.807,-3.264,-3.305,-3.223,7.116,-6.807
A206Q,0.016,-3.362,-3.392,-3.333,8.174,-7.349,-3.362,-3.392,-3.333,8.174,-7.349
A206R,0.016,-3.422,-3.480,-3.364,9.265,-7.488,-3.422,-3.480,-3.364,9.265,-7.488
A206S,0.016,-3.004,-3.295,-2.714,6.996,-3.177,-3.004,-3.295,-2.714,6.996,-3.177
A206T,0.016,-3.046,-3.347,-2.744,7.606,-3.563,-3.046,-3.347,-2.744,7.606,-3.563
A206V,0.016,-3.014,-3.255,-2.773,6.455,-3.843,-3.014,-3.255,-2.773,6.455,-3.843
A206W,0.016,-3.750,-3.490,-4.009,9.353,-10.312,-3.750,-3.490,-4.009,9.353,-10.312
A206Y,0.016,-3.630,-3.503,-3.756,9.525,-9.255,-3.630,-3.503,-3.756,9.525,-9.255
E207A,0.008,-3.332,-3.441,-3.222,8.741,-6.793,-3.332,-3.441,-3.222,8.741,-6.793
E207C,0.008,-3.808,-3.469,-4.148,9.148,-10.897,-3.808,-3.469,-4.148,9.148,-10.897
E207D,0.008,-2.978,-3.118,-2.838,4.944,-4.406,-2.978,-3.118,-2.838,4.944,-4.406
E207F,0.008,-3.800,-3.448,-4.151,8.873,-10.903,-3.800,-3.448,-4.151,8.873,-10.903
E207G,0.008,-3.363,-3.404,-3.322,8.370,-7.286,-3.363,-3.404,-3.322,8.370,-7.286
E207H,0.008,-3.470,-3.358,-3.581,7.823,-8.486,-3.470,-3.358,-3.581,7.823,-8.486
E207I,0.008,-3.680,-3.413,-3.948,8.434,-10.065,-3.680,-3.413,-3.948,8.434,-10.065
E207K,0.008,-3.271,-3.255,-3.287,6.511,-7.125,-3.271,-3.255,-3.287,6.511,-7.125
E207L,0.008,-3.560,-3.406,-3.714,8.311,-9.068,-3.560,-3.406,-3.714,8.311,-9.068
E207M,0.008,-3.718,-3.493,-3.942,9.495,-10.037,-3.718,-3.493,-3.942,9.495,-10.037
E207N,0.008,-3.453,-3.344,-3.562,7.602,-8.406,-3.453,-3.344,-3.562,7.602,-8.406
E207P,0.008,-3.662,-3.495,-3.828,9.453,-9.559,-3.662,-3.495,-3.828,9.453,-9.559
E207Q,0.008,-3.121,-3.230,-3.012,6.248,-5.626,-3.121,-3.230,-3.012,6.248,-5.626
E207R,0.008,-3.454,-3.228,-3.679,6.186,-8.922,-3.454,-3.228,-3.679,6.186,-8.922
E207S,0.008,-3.512,-3.473,-3.552,9.213,-8.370,-3.512,-3.473,-3.552,9.213,-8.370
E207T,0.008,-3.509,-3.423,-3.595,8.484,-8.557,-3.509,-3.423,-3.595,8.484,-8.557
E207V,0.008,-3.342,-3.356,-3.327,7.735,-7.312,-3.342,-3.356,-3.327,7.735,-7.312
E207W,0.008,-4.016,-3.499,-4.534,9.555,-12.505,-4.016,-3.499,-4.534,9.555,-12.505
E207Y,0.008,-3.732,-3.452,-4.013,8.937,-10.336,-3.732,-3.452,-4.013,8.937,-10.336
F208A,0.006,-3.833,-3.589,-4.077,10.668,-10.602,-3.833,-3.589,-4.077,10.668,-10.602
F208C,0.006,-3.621,-3.567,-3.675,10.402,-8.900,-3.621,-3.567,-3.675,10.402,-8.900
F208D,0.006,-4.087,-3.593,-4.581,10.747,-12.696,-4.087,-3.593,-4.581,10.747,-12.696
F208E,0.006,-4.071,-3.574,-4.568,10.487,-12.642,-4.071,-3.574,-4.568,10.487,-12.642
F208G,0.006,-4.047,-3.580,-4.514,10.533,-12.415,-4.047,-3.580,-4.514,10.533,-12.415
F208H,0.006,-3.609,-3.578,-3.641,10.546,-8.747,-3.609,-3.578,-3.641,10.546,-8.747
F208I,0.006,-3.577,-3.527,-3.626,9.798,-8.692,-3.577,-3.527,-3.626,9.798,-8.692
F208K,0.006,-4.103,-3.612,-4.594,11.011,-12.753,-4.103,-3.612,-4.594,11.011,-12.753
F208L,0.006,-3.235,-3.522,-2.948,9.746,-5.222,-3.235,-3.522,-2.948,9.746,-5.222
F208M,0.006,-3.561,-3.590,-3.533,10.687,-8.268,-3.561,-3.590,-3.533,10.687,-8.268
F208N,0.006,-3.916,-3.618,-4.214,11.043,-11.168,-3.916,-3.618,-4.214,11.043,-11.168
F208P,0.006,-3.906,-3.579,-4.232,10.546,-11.243,-3.906,-3.579,-4.232,10.546,-11.243
F208Q,0.006,-3.863,-3.595,-4.131,10.730,-10.812,-3.863,-3.595,-4.131,10.730,-10.812
F208R,0.006,-3.874,-3.567,-4.181,10.377,-11.032,-3.874,-3.567,-4.181,10.377,-11.032
F208S,0.006,-3.716,-3.601,-3.832,10.819,-9.583,-3.716,-3.601,-3.832,10.819,-9.583
F208T,0.006,-3.833,-3.579,-4.086,10.549,-10.632,-3.833,-3.579,-4.086,10.549,-10.632
F208V,0.006,-3.544,-3.508,-3.579,9.530,-8.485,-3.544,-3.508,-3.579,9.530,-8.485
F208W,0.006,-3.770,-3.582,-3.958,10.574,-10.107,-3.770,-3.582,-3.958,10.574,-10.107
F208Y,0.006,-3.306,-3.568,-3.044,10.364,-5.814,-3.306,-3.568,-3.044,10.364,-5.814
F209A,0.006,-3.660,-3.248,-4.072,6.349,-10.580,-3.660,-3.248,-4.072,6.349,-10.580
F209C,0.006,-3.328,-3.259,-3.397,6.441,-7.651,-3.328,-3.259,-3.397,6.441,-7.651
F209D,0.006,-3.940,-3.302,-4.577,7.034,-12.674,-3.940,-3.302,-4.577,7.034,-12.674
F209E,0.006,-3.983,-3.283,-4.683,6.781,-13.137,-3.983,-3.283,-4.683,6.781,-13.137
F209G,0.006,-3.882,-3.303,-4.460,7.097,-12.187,-3.882,-3.303,-4.460,7.097,-12.187
F209H,0.006,-3.291,-3.313,-3.269,7.216,-7.030,-3.291,-3.313,-3.269,7.216,-7.030
F209I,0.006,-3.344,-3.248,-3.441,6.504,-7.850,-3.344,-3.248,-3.441,6.504,-7.850
F209K,0.006,-3.905,-3.229,-4.581,6.089,-12.700,-3.905,-3.229,-4.581,6.089,-12.700
F209L,0.006,-3.108,-3.232,-2.983,6.226,-5.437,-3.108,-3.232,-2.983,6.226,-5.437
F209M,0.006,-3.452,-3.294,-3.610,6.941,-8.626,-3.452,-3.294,-3.610,6.941,-8.626
F209N,0.006,-3.636,-3.232,-4.039,6.101,-10.446,-3.636,-3.232,-4.039,6.101,-10.446
F209P,0.006,-3.841,-3.291,-4.391,6.926,-11.905,-3.841,-3.291,-4.391,6.926,-11.905
F209Q,0.006,-3.648,-3.282,-4.014,6.796,-10.338,-3.648,-3.282,-4.014,6.796,-10.338
F209R,0.006,-3.686,-3.268,-4.104,6.575,-10.712,-3.686,-3.268,-4.104,6.575,-10.712
F209S,0.006,-3.427,-3.265,-3.589,6.559,-8.518,-3.427,-3.265,-3.589,6.559,-8.518
F209T,0.006,-3.613,-3.281,-3.945,6.772,-10.049,-3.613,-3.281,-3.945,6.772,-10.049
F209V,0.006,-3.343,-3.210,-3.477,5.889,-8.021,-3.343,-3.210,-3.477,5.889,-8.021
F209W,0.006,-3.478,-3.293,-3.663,6.971,-8.850,-3.478,-3.293,-3.663,6.971,-8.850
F209Y,0.006,-2.639,-2.614,-2.664,-1.129,-2.278,-2.639,-2.614,-2.664,-1.129,-2.278
F210A,0.004,-3.657,-3.402,-3.913,8.239,-9.915,-3.657,-3.402,-3.913,8.239,-9.915
F210C,0.004,-3.480,-3.428,-3.531,8.599,-8.268,-3.480,-3.428,-3.531,8.599,-8.268
F210D,0.004,-4.122,-3.434,-4.810,8.663,-13.673,-4.122,-3.434,-4.810,8.663,-13.673
F210E,0.004,-4.050,-3.440,-4.661,8.727,-13.032,-4.050,-3.440,-4.661,8.727,-13.032
F210G,0.004,-3.958,-3.426,-4.490,8.602,-12.321,-3.958,-3.426,-4.490,8.602,-12.321
F210H,0.004,-3.493,-3.417,-3.569,8.443,-8.440,-3.493,-3.417,-3.569,8.443,-8.440
F210I,0.004,-3.136,-3.298,-2.975,6.913,-5.392,-3.136,-3.298,-2.975,6.913,-5.392
F210K,0.004,-3.688,-3.421,-3.955,8.528,-10.087,-3.688,-3.421,-3.955,8.528,-10.087
F210L,0.004,-2.917,-2.952,-2.882,2.779,-4.770,-2.917,-2.952,-2.882,2.779,-4.770
F210M,0.004,-3.160,-3.103,-3.218,4.608,-6.768,-3.160,-3.103,-3.218,4.608,-6.768
F210N,0.004,-3.858,-3.449,-4.268,8.840,-11.390,-3.858,-3.449,-4.268,8.840,-11.390
F210P,0.004,-3.830,-3.453,-4.206,8.897,-11.134,-3.830,-3.453,-4.206,8.897,-11.134
F210Q,0.004,-3.678,-3.416,-3.941,8.439,-10.031,-3.678,-3.416,-3.941,8.439,-10.031
F210R,0.004,-3.700,-3.425,-3.974,8.537,-10.169,-3.700,-3.425,-3.974,8.537,-10.169
F210S,0.004,-3.625,-3.428,-3.822,8.579,-9.527,-3.625,-3.428,-3.822,8.579,-9.527
F210T,0.004,-3.617,-3.403,-3.831,8.348,-9.571,-3.617,-3.403,-3.831,8.348,-9.571
F210V,0.004,-3.253,-3.430,-3.075,8.599,-5.996,-3.253,-3.430,-3.075,8.599,-5.996
F210W,0.004,-3.622,-3.403,-3.841,8.265,-9.611,-3.622,-3.403,-3.841,8.265,-9.611
F210Y,0.004,-3.132,-3.417,-2.846,8.417,-4.495,-3.132,-3.417,-2.846,8.417,-4.495
K211A,0.004,-3.574,-3.503,-3.645,9.494,-8.770,-3.574,-3.503,-3.645,9.494,-8.770
K211C,0.004,-3.522,-3.511,-3.534,9.668,-8.274,-3.522,-3.511,-3.534,9.668,-8.274
K211D,0.004,-3.788,-3.569,-4.007,10.414,-10.315,-3.788,-3.569,-4.007,10.414,-10.315
K211E,0.004,-3.503,-3.541,-3.465,10.039,-7.960,-3.503,-3.541,-3.465,10.039,-7.960
K211F,0.004,-3.827,-3.532,-4.122,9.928,-10.779,-3.827,-3.532,-4.122,9.928,-10.779
K211G,0.004,-3.620,-3.551,-3.690,10.181,-8.960,-3.620,-3.551,-3.690,10.181,-8.960
K211H,0.004,-3.348,-3.447,-3.250,8.856,-6.931,-3.348,-3.447,-3.250,8.856,-6.931
K211I,0.004,-3.601,-3.521,-3.682,9.762,-8.925,-3.601,-3.521,-3.682,9.762,-8.925
K211L,0.004,-3.485,-3.503,-3.467,9.567,-7.989,-3.485,-3.503,-3.467,9.567,-7.989
K211M,0.004,-3.428,-3.537,-3.318,10.016,-7.274,-3.428,-3.537,-3.318,10.016,-7.274
K211N,0.004,-3.374,-3.539,-3.209,10.038,-6.734,-3.374,-3.539,-3.209,10.038,-6.734
K211P,0.004,-3.642,-3.538,-3.746,10.024,-9.202,-3.642,-3.538,-3.746,10.024,-9.202
K211Q,0.004,-3.233,-3.557,-2.909,10.280,-4.948,-3.233,-3.557,-2.909,10.280,-4.948
K211R,0.004,-3.002,-3.271,-2.732,6.653,-3.411,-3.002,-3.271,-2.732,6.653,-3.411
K211S,0.004,-3.375,-3.417,-3.334,8.454,-7.346,-3.375,-3.417,-3.334,8.454,-7.346
K211T,0.004,-3.418,-3.554,-3.282,10.197,-7.089,-3.418,-3.554,-3.282,10.197,-7.089
K211V,0.004,-3.590,-3.480,-3.700,9.273,-9.005,-3.590,-3.480,-3.700,9.273,-9.005
K211W,0.004,-3.807,-3.557,-4.057,10.276,-10.519,-3.807,-3.557,-4.057,10.276,-10.519
K211Y,0.004,-3.751,-3.545,-3.957,10.087,-10.102,-3.751,-3.545,-3.957,10.087,-10.102
C212A,0.002,-4.171,-3.598,-4.743,10.809,-13.389,-4.171,-3.598,-4.743,10.809,-13.389
C212D,0.002,-4.091,-3.583,-4.599,10.645,-12.780,-4.091,-3.583,-4.599,10.645,-12.780
C212E,0.002,-4.272,-3.606,-4.938,10.914,-14.246,-4.272,-3.606,-4.938,10.914,-14.246
C212F,0.002,-4.067,-3.632,-4.502,11.232,-12.360,-4.067,-3.632,-4.502,11.232,-12.360
C212G,0.002,-3.970,-3.612,-4.327,11.029,-11.629,-3.970,-3.612,-4.327,11.029,-11.629
C212H,0.002,-3.915,-3.625,-4.205,11.179,-11.127,-3.915,-3.625,-4.205,11.179,-11.127
C212I,0.002,-4.380,-3.620,-5.139,11.093,-15.174,-4.380,-3.620,-5.139,11.093,-15.174
C212K,0.002,-4.213,-3.612,-4.814,11.010,-13.700,-4.213,-3.612,-4.814,11.010,-13.700
C212L,0.002,-4.146,-3.582,-4.710,10.637,-13.245,-4.146,-3.582,-4.710,10.637,-13.245
C212M,0.002,-4.432,-3.610,-5.254,10.997,-15.726,-4.432,-3.610,-5.254,10.997,-15.726
C212N,0.002,-4.072,-3.608,-4.537,10.961,-12.521,-4.072,-3.608,-4.537,10.961,-12.521
C212P,0.002,-4.185,-3.633,-4.737,11.244,-13.365,-4.185,-3.633,-4.737,11.244,-13.365
C212Q,0.002,-4.196,-3.620,-4.772,11.127,-13.518,-4.196,-3.620,-4.772,11.127,-13.518
C212R,0.002,-3.880,-3.584,-4.176,10.662,-11.003,-3.880,-3.584,-4.176,10.662,-11.003
C212S,0.002,-3.843,-3.585,-4.101,10.677,-10.703,-3.843,-3.585,-4.101,10.677,-10.703
C212T,0.002,-4.208,-3.605,-4.811,10.930,-13.686,-4.208,-3.605,-4.811,10.930,-13.686
C212V,0.002,-4.256,-3.635,-4.877,11.324,-13.974,-4.256,-3.635,-4.877,11.324,-13.974
C212W,0.002,-4.083,-3.594,-4.572,10.781,-12.658,-4.083,-3.594,-4.572,10.781,-12.658
C212Y,0.002,-3.831,-3.610,-4.052,10.973,-10.504,-3.831,-3.610,-4.052,10.973,-10.504
G213A,0.002,-2.760,-2.839,-2.680,1.352,-0.431,-2.760,-2.839,-2.680,1.352,-0.431
G213C,0.002,-3.056,-3.196,-2.915,5.735,-4.988,-3.056,-3.196,-2.915,5.735,-4.988
G213D,0.002,-3.072,-3.377,-2.768,7.943,-3.810,-3.072,-3.377,-2.768,7.943,-3.810
G213E,0.002,-3.048,-3.346,-2.751,7.633,-3.628,-3.048,-3.346,-2.751,7.633,-3.628
G213F,0.002,-3.252,-3.338,-3.165,7.483,-6.498,-3.252,-3.338,-3.165,7.483,-6.498
G213H,0.002,-3.144,-3.401,-2.887,8.262,-4.799,-3.144,-3.401,-2.887,8.262,-4.799
G213I,0.002,-3.168,-3.270,-3.067,6.559,-5.942,-3.168,-3.270,-3.067,6.559,-5.942
G213K,0.002,-3.008,-3.270,-2.746,6.661,-3.567,-3.008,-3.270,-2.746,6.661,-3.567
G213L,0.002,-3.088,-3.312,-2.864,7.102,-4.621,-3.088,-3.312,-2.864,7.102,-4.621
G213M,0.002,-3.106,-3.357,-2.856,7.615,-4.551,-3.106,-3.357,-2.856,7.615,-4.551
G213N,0.002,-3.043,-3.373,-2.713,7.846,-3.146,-3.043,-3.373,-2.713,7.846,-3.146
G213P,0.002,-3.106,-3.393,-2.818,8.164,-4.240,-3.106,-3.393,-2.818,8.164,-4.240
G213Q,0.002,-3.033,-3.337,-2.729,7.384,-3.381,-3.033,-3.337,-2.729,7.384,-3.381
G213R,0.002,-2.986,-3.225,-2.747,6.043,-3.583,-2.986,-3.225,-2.747,6.043,-3.583
G213S,0.002,-2.880,-3.108,-2.652,4.622,-1.453,-2.880,-3.108,-2.652,4.622,-1.453
G213T,0.002,-2.923,-3.139,-2.707,4.992,-3.067,-2.923,-3.139,-2.707,4.992,-3.067
G213V,0.002,-3.012,-3.208,-2.815,5.798,-4.237,-3.012,-3.208,-2.815,5.798,-4.237
G213W,0.002,-3.346,-3.387,-3.304,8.076,-7.192,-3.346,-3.387,-3.304,8.076,-7.192
G213Y,0.002,-3.312,-3.388,-3.237,8.077,-6.871,-3.312,-3.388,-3.237,8.077,-6.871
A214C,0.002,-3.224,-3.334,-3.115,7.359,-6.231,-3.224,-3.334,-3.115,7.359,-6.231
A214D,0.002,-3.072,-3.189,-2.954,5.598,-5.260,-3.072,-3.189,-2.954,5.598,-5.260
A214E,0.002,-3.012,-3.105,-2.918,4.616,-5.023,-3.012,-3.105,-2.918,4.616,-5.023
A214F,0.002,-3.301,-3.326,-3.276,7.204,-7.070,-3.301,-3.326,-3.276,7.204,-7.070
A214G,0.002,-2.936,-3.122,-2.751,4.832,-3.624,-2.936,-3.122,-2.751,4.832,-3.624
A214H,0.002,-3.192,-3.285,-3.099,6.810,-6.139,-3.192,-3.285,-3.099,6.810,-6.139
A214I,0.002,-3.166,-3.345,-2.988,7.500,-5.478,-3.166,-3.345,-2.988,7.500,-5.478
A214K,0.002,-3.089,-3.182,-2.996,5.569,-5.522,-3.089,-3.182,-2.996,5.569,-5.522
A214L,0.002,-3.104,-3.288,-2.921,6.852,-5.028,-3.104,-3.288,-2.921,6.852,-5.028
A214M,0.002,-3.170,-3.303,-3.036,7.009,-5.766,-3.170,-3.303,-3.036,7.009,-5.766
A214N,0.002,-2.957,-3.121,-2.793,4.856,-4.031,-2.957,-3.121,-2.793,4.856,-4.031
A214P,0.002,-3.148,-3.365,-2.931,7.768,-5.098,-3.148,-3.365,-2.931,7.768,-5.098
A214Q,0.002,-3.077,-3.187,-2.967,5.567,-5.340,-3.077,-3.187,-2.967,5.567,-5.340
A214R,0.002,-3.140,-3.253,-3.027,6.398,-5.719,-3.140,-3.253,-3.027,6.398,-5.719
A214S,0.002,-2.823,-2.994,-2.652,3.212,-1.782,-2.823,-2.994,-2.652,3.212,-1.782
A214T,0.002,-2.930,-3.154,-2.705,5.143,-3.079,-2.930,-3.154,-2.705,5.143,-3.079
A214V,0.002,-2.964,-3.166,-2.763,5.318,-3.740,-2.964,-3.166,-2.763,5.318,-3.740
A214W,0.002,-3.547,-3.368,-3.726,7.828,-9.117,-3.547,-3.368,-3.726,7.828,-9.117
A214Y,0.002,-3.394,-3.354,-3.435,7.633,-7.834,-3.394,-3.354,-3.435,7.633,-7.834
H215A,0.002,-3.740,-3.487,-3.992,9.361,-10.251,-3.740,-3.487,-3.992,9.361,-10.251
H215C,0.002,-3.618,-3.371,-3.866,7.784,-9.720,-3.618,-3.371,-3.866,7.784,-9.720
H215D,0.002,-3.606,-3.353,-3.860,7.637,-9.694,-3.606,-3.353,-3.860,7.637,-9.694
H215E,0.002,-3.802,-3.439,-4.165,8.726,-10.956,-3.802,-3.439,-4.165,8.726,-10.956
H215F,0.002,-3.726,-3.484,-3.968,9.318,-10.147,-3.726,-3.484,-3.968,9.318,-10.147
H215G,0.002,-3.800,-3.499,-4.100,9.520,-10.688,-3.800,-3.499,-4.100,9.520,-10.688
H215I,0.002,-3.953,-3.504,-4.402,9.555,-11.945,-3.953,-3.504,-4.402,9.555,-11.945
H215K,0.002,-3.682,-3.394,-3.970,8.117,-10.160,-3.682,-3.394,-3.970,8.117,-10.160
H215L,0.002,-3.682,-3.498,-3.866,9.518,-9.714,-3.682,-3.498,-3.866,9.518,-9.714
H215M,0.002,-3.892,-3.402,-4.383,8.259,-11.862,-3.892,-3.402,-4.383,8.259,-11.862
H215N,0.002,-3.391,-3.427,-3.356,8.679,-7.455,-3.391,-3.427,-3.356,8.679,-7.455
H215P,0.002,-3.708,-3.403,-4.013,8.323,-10.337,-3.708,-3.403,-4.013,8.323,-10.337
H215Q,0.002,-3.402,-3.425,-3.378,8.582,-7.551,-3.402,-3.425,-3.378,8.582,-7.551
H215R,0.002,-3.478,-3.404,-3.552,8.387,-8.357,-3.478,-3.404,-3.552,8.387,-8.357
H215S,0.002,-3.507,-3.254,-3.760,6.413,-9.259,-3.507,-3.254,-3.760,6.413,-9.259
H215T,0.002,-3.792,-3.484,-4.101,9.292,-10.693,-3.792,-3.484,-4.101,9.292,-10.693
H215V,0.002,-3.868,-3.464,-4.273,9.015,-11.413,-3.868,-3.464,-4.273,9.015,-11.413
H215W,0.002,-3.930,-3.469,-4.391,9.192,-11.897,-3.930,-3.469,-4.391,9.192,-11.897
H215Y,0.002,-3.514,-3.508,-3.520,9.626,-8.219,-3.514,-3.508,-3.520,9.626,-8.219
P216A,0.002,-3.031,-3.219,-2.843,6.034,-4.464,-3.031,-3.219,-2.843,6.034,-4.464
P216C,0.002,-3.473,-3.369,-3.577,7.879,-8.471,-3.473,-3.369,-3.577,7.879,-8.471
P216D,0.002,-3.503,-3.405,-3.601,8.271,-8.570,-3.503,-3.405,-3.601,8.271,-8.570
P216E,0.002,-3.318,-3.271,-3.365,6.572,-7.500,-3.318,-3.271,-3.365,6.572,-7.500
P216F,0.002,-3.566,-3.386,-3.745,8.037,-9.200,-3.566,-3.386,-3.745,8.037,-9.200
P216G,0.002,-3.383,-3.346,-3.419,7.514,-7.759,-3.383,-3.346,-3.419,7.514,-7.759
P216H,0.002,-3.220,-3.149,-3.292,5.176,-7.139,-3.220,-3.149,-3.292,5.176,-7.139
P216I,0.002,-3.368,-3.222,-3.515,6.042,-8.196,-3.368,-3.222,-3.515,6.042,-8.196
P216K,0.002,-3.422,-3.344,-3.501,7.558,-8.134,-3.422,-3.344,-3.501,7.558,-8.134
P216L,0.002,-3.168,-3.303,-3.032,7.062,-5.752,-3.168,-3.303,-3.032,7.062,-5.752
P216M,0.002,-3.541,-3.426,-3.656,8.559,-8.819,-3.541,-3.426,-3.656,8.559,-8.819
P216N,0.002,-3.450,-3.299,-3.601,6.945,-8.568,-3.450,-3.299,-3.601,6.945,-8.568
P216Q,0.002,-3.189,-3.303,-3.075,7.059,-5.997,-3.189,-3.303,-3.075,7.059,-5.997
P216R,0.002,-3.294,-3.317,-3.270,7.229,-7.041,-3.294,-3.317,-3.270,7.229,-7.041
P216S,0.002,-3.023,-3.188,-2.858,5.621,-4.581,-3.023,-3.188,-2.858,5.621,-4.581
P216T,0.002,-3.149,-3.235,-3.063,6.212,-5.924,-3.149,-3.235,-3.063,6.212,-5.924
P216V,0.002,-3.246,-3.215,-3.278,5.934,-7.074,-3.246,-3.215,-3.278,5.934,-7.074
P216W,0.002,-3.772,-3.404,-4.139,8.290,-10.854,-3.772,-3.404,-4.139,8.290,-10.854
P216Y,0.002,-3.686,-3.454,-3.919,8.885,-9.944,-3.686,-3.454,-3.919,8.885,-9.944
T217A,0.002,-2.936,-3.212,-2.659,5.846,-2.150,-2.936,-3.212,-2.659,5.846,-2.150
T217C,0.002,-3.216,-3.452,-2.980,8.851,-5.408,-3.216,-3.452,-2.980,8.851,-5.408
T217D,0.002,-3.179,-3.434,-2.924,8.703,-5.052,-3.179,-3.434,-2.924,8.703,-5.052
T217E,0.002,-3.098,-3.287,-2.909,6.823,-4.945,-3.098,-3.287,-2.909,6.823,-4.945
T217F,0.002,-3.278,-3.405,-3.152,8.253,-6.424,-3.278,-3.405,-3.152,8.253,-6.424
T217G,0.002,-3.069,-3.262,-2.877,6.552,-4.722,-3.069,-3.262,-2.877,6.552,-4.722
T217H,0.002,-3.163,-3.302,-3.024,7.016,-5.696,-3.163,-3.302,-3.024,7.016,-5.696
T217I,0.002,-3.132,-3.453,-2.811,8.901,-4.186,-3.132,-3.453,-2.811,8.901,-4.186
T217K,0.002,-3.160,-3.466,-2.855,9.096,-4.566,-3.160,-3.466,-2.855,9.096,-4.566
T217L,0.002,-3.109,-3.451,-2.768,8.906,-3.806,-3.109,-3.451,-2.768,8.906,-3.806
T217M,0.002,-3.175,-3.486,-2.864,9.313,-4.618,-3.175,-3.486,-2.864,9.313,-4.618
T217N,0.002,-3.072,-3.374,-2.770,7.918,-3.822,-3.072,-3.374,-2.770,7.918,-3.822
T217P,0.002,-3.094,-3.324,-2.864,7.325,-4.625,-3.094,-3.324,-2.864,7.325,-4.625
T217Q,0.002,-3.190,-3.481,-2.899,9.248,-4.873,-3.190,-3.481,-2.899,9.248,-4.873
T217R,0.002,-3.141,-3.352,-2.930,7.645,-5.095,-3.141,-3.352,-2.930,7.645,-5.095
T217S,0.002,-2.913,-3.171,-2.655,5.423,-1.182,-2.913,-3.171,-2.655,5.423,-1.182
T217V,0.002,-3.106,-3.487,-2.725,9.349,-3.334,-3.106,-3.487,-2.725,9.349,-3.334
T217W,0.002,-3.556,-3.463,-3.649,9.007,-8.786,-3.556,-3.463,-3.649,9.007,-8.786
T217Y,0.002,-3.389,-3.471,-3.307,9.159,-7.216,-3.389,-3.471,-3.307,9.159,-7.216
S218A,0.006,-2.865,-3.075,-2.655,4.253,-1.138,-2.865,-3.075,-2.655,4.253,-1.138
S218C,0.006,-2.938,-3.101,-2.776,4.602,-3.873,-2.938,-3.101,-2.776,4.602,-3.873
S218D,0.006,-2.903,-3.128,-2.678,4.887,-2.632,-2.903,-3.128,-2.678,4.887,-2.632
S218E,0.006,-2.904,-3.134,-2.673,4.957,-2.491,-2.904,-3.134,-2.673,4.957,-2.491
S218F,0.006,-3.092,-3.319,-2.865,7.226,-4.636,-3.092,-3.319,-2.865,7.226,-4.636
S218G,0.006,-2.926,-3.153,-2.700,5.203,-2.993,-2.926,-3.153,-2.700,5.203,-2.993
S218H,0.006,-2.966,-3.161,-2.770,5.231,-3.825,-2.966,-3.161,-2.770,5.231,-3.825
S218I,0.006,-2.994,-3.222,-2.766,6.027,-3.788,-2.994,-3.222,-2.766,6.027,-3.788
S218K,0.006,-2.996,-3.223,-2.768,6.041,-3.796,-2.996,-3.223,-2.768,6.041,-3.796
S218L,0.006,-2.984,-3.261,-2.708,6.449,-3.081,-2.984,-3.261,-2.708,6.449,-3.081
S218M,0.006,-3.060,-3.295,-2.825,7.006,-4.305,-3.060,-3.295,-2.825,7.006,-4.305
S218N,0.006,-2.904,-3.139,-2.669,5.035,-2.356,-2.904,-3.139,-2.669,5.035,-2.356
S218P,0.006,-2.888,-3.113,-2.662,4.639,-2.212,-2.888,-3.113,-2.662,4.639,-2.212
S218Q,0.006,-2.984,-3.240,-2.728,6.266,-3.358,-2.984,-3.240,-2.728,6.266,-3.358
S218R,0.006,-3.044,-3.316,-2.772,7.231,-3.837,-3.044,-3.316,-2.772,7.231,-3.837
S218T,0.006,-2.830,-3.003,-2.657,3.441,-1.046,-2.830,-3.003,-2.657,3.441,-1.046
S218V,0.006,-2.962,-3.239,-2.685,6.161,-2.746,-2.962,-3.239,-2.685,6.161,-2.746
S218W,0.006,-3.268,-3.343,-3.192,7.541,-6.631,-3.268,-3.343,-3.192,7.541,-6.631
S218Y,0.006,-3.102,-3.335,-2.870,7.412,-4.677,-3.102,-3.335,-2.870,7.412,-4.677
D219A,0.026,-3.066,-3.100,-3.032,4.532,-5.743,-3.066,-3.100,-3.032,4.532,-5.743
D219C,0.026,-3.376,-3.323,-3.429,7.322,-7.800,-3.376,-3.323,-3.429,7.322,-7.800
D219E,0.026,-2.812,-2.945,-2.680,2.761,-2.633,-2.812,-2.945,-2.680,2.761,-2.633
D219F,0.026,-3.591,-3.349,-3.833,7.569,-9.583,-3.591,-3.349,-3.833,7.569,-9.583
D219G,0.026,-3.113,-3.251,-2.975,6.324,-5.389,-3.113,-3.251,-2.975,6.324,-5.389
D219H,0.026,-3.270,-3.374,-3.167,7.912,-6.502,-3.270,-3.374,-3.167,7.912,-6.502
D219I,0.026,-3.428,-3.229,-3.626,6.155,-8.693,-3.428,-3.229,-3.626,6.155,-8.693
D219K,0.026,-3.272,-3.337,-3.207,7.424,-6.711,-3.272,-3.337,-3.207,7.424,-6.711
D219L,0.026,-3.324,-3.211,-3.437,5.908,-7.839,-3.324,-3.211,-3.437,5.908,-7.839
D219M,0.026,-3.482,-3.310,-3.653,7.116,-8.800,-3.482,-3.310,-3.653,7.116,-8.800
D219N,0.026,-3.022,-3.243,-2.801,6.237,-4.116,-3.022,-3.243,-2.801,6.237,-4.116
D219P,0.026,-3.234,-3.175,-3.294,5.460,-7.154,-3.234,-3.175,-3.294,5.460,-7.154
D219Q,0.026,-3.170,-3.214,-3.126,5.896,-6.287,-3.170,-3.214,-3.126,5.896,-6.287
D219R,0.026,-3.343,-3.287,-3.398,6.824,-7.653,-3.343,-3.287,-3.398,6.824,-7.653
D219S,0.026,-3.038,-3.090,-2.987,4.399,-5.458,-3.038,-3.090,-2.987,4.399,-5.458
D219T,0.026,-3.206,-3.243,-3.170,6.356,-6.519,-3.206,-3.243,-3.170,6.356,-6.519
D219V,0.026,-3.278,-3.250,-3.306,6.386,-7.210,-3.278,-3.250,-3.306,6.386,-7.210
D219W,0.026,-3.784,-3.355,-4.212,7.685,-11.161,-3.784,-3.355,-4.212,7.685,-11.161
D219Y,0.026,-3.454,-3.383,-3.526,8.065,-8.240,-3.454,-3.383,-3.526,8.065,-8.240
K220A,0.012,-2.854,-2.990,-2.719,3.294,0.156,-2.854,-2.990,-2.719,3.294,0.156
K220C,0.012,-2.911,-3.096,-2.726,4.570,-3.340,-2.911,-3.096,-2.726,4.570,-3.340
K220D,0.012,-2.715,-2.687,-2.743,-0.381,0.413,-2.715,-2.687,-2.743,-0.381,0.413
K220E,0.012,-2.808,-2.774,-2.843,0.699,1.280,-2.808,-2.774,-2.843,0.699,1.280
K220F,0.012,-2.943,-3.080,-2.806,4.406,-4.141,-2.943,-3.080,-2.806,4.406,-4.141
K220G,0.012,-2.748,-2.844,-2.652,1.527,-1.595,-2.748,-2.844,-2.652,1.527,-1.595
K220H,0.012,-2.795,-2.933,-2.658,2.579,-0.954,-2.795,-2.933,-2.658,2.579,-0.954
K220I,0.012,-2.891,-3.113,-2.670,4.714,-2.450,-2.891,-3.113,-2.670,4.714,-2.450
K220L,0.012,-2.879,-3.106,-2.652,4.643,-1.469,-2.879,-3.106,-2.652,4.643,-1.469
K220M,0.012,-2.828,-2.998,-2.659,3.329,-2.145,-2.828,-2.998,-2.659,3.329,-2.145
K220N,0.012,-2.711,-2.672,-2.750,-0.422,0.492,-2.711,-2.672,-2.750,-0.422,0.492
K220P,0.012,-2.843,-3.024,-2.663,3.664,-0.825,-2.843,-3.024,-2.663,3.664,-0.825
K220Q,0.012,-2.811,-2.901,-2.721,2.254,0.180,-2.811,-2.901,-2.721,2.254,0.180
K220R,0.012,-2.788,-2.915,-2.661,2.419,-0.880,-2.788,-2.915,-2.661,2.419,-0.880
K220S,0.012,-2.692,-2.644,-2.740,-0.790,0.411,-2.692,-2.644,-2.740,-0.790,0.411
K220T,0.012,-2.832,-2.897,-2.766,2.155,0.650,-2.832,-2.897,-2.766,2.155,0.650
K220V,0.012,-2.878,-3.107,-2.650,4.647,-1.267,-2.878,-3.107,-2.650,4.647,-1.267
K220W,0.012,-3.046,-3.106,-2.986,4.708,-5.452,-3.046,-3.106,-2.986,4.708,-5.452
K220Y,0.012,-2.888,-3.048,-2.729,3.904,-3.375,-2.888,-3.048,-2.729,3.904,-3.375
E221A,0.004,-3.132,-3.267,-2.996,6.619,-5.532,-3.132,-3.267,-2.996,6.619,-5.532
E221C,0.004,-3.602,-3.239,-3.965,6.176,-10.132,-3.602,-3.239,-3.965,6.176,-10.132
E221D,0.004,-2.707,-2.756,-2.658,0.464,-1.009,-2.707,-2.756,-2.658,0.464,-1.009
E221F,0.004,-3.714,-3.282,-4.145,6.750,-10.870,-3.714,-3.282,-4.145,6.750,-10.870
E221G,0.004,-3.082,-3.101,-3.064,4.536,-5.930,-3.082,-3.101,-3.064,4.536,-5.930
E221H,0.004,-3.276,-3.224,-3.327,6.079,-7.310,-3.276,-3.224,-3.327,6.079,-7.310
E221I,0.004,-3.561,-3.316,-3.806,7.210,-9.464,-3.561,-3.316,-3.806,7.210,-9.464
E221K,0.004,-3.276,-3.347,-3.205,7.540,-6.703,-3.276,-3.347,-3.205,7.540,-6.703
E221L,0.004,-3.442,-3.328,-3.557,7.363,-8.382,-3.442,-3.328,-3.557,7.363,-8.382
E221M,0.004,-3.574,-3.325,-3.823,7.274,-9.541,-3.574,-3.325,-3.823,7.274,-9.541
E221N,0.004,-3.149,-3.299,-2.998,6.827,-5.530,-3.149,-3.299,-2.998,6.827,-5.530
E221P,0.004,-3.481,-3.358,-3.604,7.704,-8.592,-3.481,-3.358,-3.604,7.704,-8.592
E221Q,0.004,-3.118,-3.239,-2.997,6.141,-5.536,-3.118,-3.239,-2.997,6.141,-5.536
E221R,0.004,-3.395,-3.253,-3.537,6.376,-8.291,-3.395,-3.253,-3.537,6.376,-8.291
E221S,0.004,-3.174,-3.176,-3.172,5.444,-6.528,-3.174,-3.176,-3.172,5.444,-6.528
E221T,0.004,-3.276,-3.260,-3.292,6.520,-7.144,-3.276,-3.260,-3.292,6.520,-7.144
E221V,0.004,-3.335,-3.329,-3.341,7.349,-7.376,-3.335,-3.329,-3.341,7.349,-7.376
E221W,0.004,-3.906,-3.357,-4.454,7.702,-12.163,-3.906,-3.357,-4.454,7.702,-12.163
E221Y,0.004,-3.577,-3.335,-3.819,7.428,-9.519,-3.577,-3.335,-3.819,7.428,-9.519
T222A,0.004,-3.034,-3.305,-2.763,7.111,-3.766,-3.034,-3.305,-2.763,7.111,-3.766
T222C,0.004,-3.420,-3.404,-3.435,8.250,-7.826,-3.420,-3.404,-3.435,8.250,-7.826
T222D,0.004,-3.185,-3.298,-3.072,6.999,-5.980,-3.185,-3.298,-3.072,6.999,-5.980
T222E,0.004,-3.193,-3.231,-3.155,6.136,-6.438,-3.193,-3.231,-3.155,6.136,-6.438
T222F,0.004,-3.410,-3.248,-3.572,6.334,-8.448,-3.410,-3.248,-3.572,6.334,-8.448
T222G,0.004,-3.284,-3.320,-3.248,7.206,-6.925,-3.284,-3.320,-3.248,7.206,-6.925
T222H,0.004,-3.381,-3.271,-3.491,6.595,-8.085,-3.381,-3.271,-3.491,6.595,-8.085
T222I,0.004,-3.098,-3.287,-2.908,6.802,-4.951,-3.098,-3.287,-2.908,6.802,-4.951
T222K,0.004,-3.287,-3.271,-3.304,6.640,-7.212,-3.287,-3.271,-3.304,6.640,-7.212
T222L,0.004,-3.120,-3.202,-3.038,5.735,-5.779,-3.120,-3.202,-3.038,5.735,-5.779
T222M,0.004,-3.158,-3.395,-2.921,8.085,-5.042,-3.158,-3.395,-2.921,8.085,-5.042
T222N,0.004,-3.160,-3.350,-2.970,7.585,-5.359,-3.160,-3.350,-2.970,7.585,-5.359
T222P,0.004,-3.286,-3.300,-3.271,6.888,-7.047,-3.286,-3.300,-3.271,6.888,-7.047
T222Q,0.004,-3.292,-3.223,-3.360,6.002,-7.462,-3.292,-3.223,-3.360,6.002,-7.462
T222R,0.004,-3.223,-3.111,-3.335,4.657,-7.353,-3.223,-3.111,-3.335,4.657,-7.353
T222S,0.004,-2.902,-3.062,-2.741,4.026,-3.498,-2.902,-3.062,-2.741,4.026,-3.498
T222V,0.004,-2.986,-3.139,-2.833,4.966,-4.391,-2.986,-3.139,-2.833,4.966,-4.391
T222W,0.004,-3.790,-3.352,-4.229,7.620,-11.227,-3.790,-3.352,-4.229,7.620,-11.227
T222Y,0.004,-3.587,-3.386,-3.788,8.032,-9.395,-3.587,-3.386,-3.788,8.032,-9.395
S223A,0.004,-2.944,-3.117,-2.770,4.724,-3.829,-2.944,-3.117,-2.770,4.724,-3.829
S223C,0.004,-3.207,-3.223,-3.191,5.984,-6.630,-3.207,-3.223,-3.191,5.984,-6.630
S223D,0.004,-3.340,-3.480,-3.200,9.243,-6.676,-3.340,-3.480,-3.200,9.243,-6.676
S223E,0.004,-3.392,-3.474,-3.309,9.163,-7.229,-3.392,-3.474,-3.309,9.163,-7.229
S223F,0.004,-3.536,-3.410,-3.662,8.349,-8.853,-3.536,-3.410,-3.662,8.349,-8.853
S223G,0.004,-3.188,-3.382,-2.994,7.931,-5.502,-3.188,-3.382,-2.994,7.931,-5.502
S223H,0.004,-3.556,-3.484,-3.628,9.300,-8.695,-3.556,-3.484,-3.628,9.300,-8.695
S223I,0.004,-3.555,-3.477,-3.633,9.232,-8.719,-3.555,-3.477,-3.633,9.232,-8.719
S223K,0.004,-3.610,-3.465,-3.756,9.061,-9.251,-3.610,-3.465,-3.756,9.061,-9.251
S223L,0.004,-3.398,-3.363,-3.432,7.735,-7.813,-3.398,-3.363,-3.432,7.735,-7.813
S223M,0.004,-3.566,-3.402,-3.729,8.237,-9.130,-3.566,-3.402,-3.729,8.237,-9.130
S223N,0.004,-3.258,-3.462,-3.054,8.994,-5.884,-3.258,-3.462,-3.054,8.994,-5.884
S223P,0.004,-3.294,-3.359,-3.229,7.746,-6.827,-3.294,-3.359,-3.229,7.746,-6.827
S223Q,0.004,-3.490,-3.400,-3.579,8.216,-8.487,-3.490,-3.400,-3.579,8.216,-8.487
S223R,0.004,-3.536,-3.469,-3.602,9.103,-8.582,-3.536,-3.469,-3.602,9.103,-8.582
S223T,0.004,-3.086,-3.253,-2.918,6.396,-5.012,-3.086,-3.253,-2.918,6.396,-5.012
S223V,0.004,-3.341,-3.289,-3.393,6.878,-7.628,-3.341,-3.289,-3.393,6.878,-7.628
S223W,0.004,-3.792,-3.453,-4.132,8.912,-10.824,-3.792,-3.453,-4.132,8.912,-10.824
S223Y,0.004,-3.634,-3.407,-3.861,8.331,-9.696,-3.634,-3.407,-3.861,8.331,-9.696
V224A,0.002,-2.866,-3.040,-2.692,3.830,-2.854,-2.866,-3.040,-2.692,3.830,-2.854
V224C,0.002,-3.444,-3.481,-3.406,9.265,-7.694,-3.444,-3.481,-3.406,9.265,-7.694
V224D,0.002,-3.313,-3.468,-3.158,9.084,-6.457,-3.313,-3.468,-3.158,9.084,-6.457
V224E,0.002,-3.229,-3.466,-2.992,9.097,-5.495,-3.229,-3.466,-2.992,9.097,-5.495
V224F,0.002,-3.312,-3.488,-3.136,9.334,-6.333,-3.312,-3.488,-3.136,9.334,-6.333
V224G,0.002,-3.376,-3.484,-3.269,9.309,-7.035,-3.376,-3.484,-3.269,9.309,-7.035
V224H,0.002,-3.412,-3.467,-3.356,9.094,-7.454,-3.412,-3.467,-3.356,9.094,-7.454
V224I,0.002,-2.975,-3.263,-2.687,6.537,-2.790,-2.975,-3.263,-2.687,6.537,-2.790
V224K,0.002,-3.411,-3.466,-3.356,9.121,-7.449,-3.411,-3.466,-3.356,9.121,-7.449
V224L,0.002,-3.040,-3.353,-2.728,7.635,-3.357,-3.040,-3.353,-2.728,7.635,-3.357
V224M,0.002,-3.180,-3.499,-2.860,9.522,-4.581,-3.180,-3.499,-2.860,9.522,-4.581
V224N,0.002,-3.360,-3.469,-3.252,9.093,-6.959,-3.360,-3.469,-3.252,9.093,-6.959
V224P,0.002,-3.214,-3.293,-3.136,6.954,-6.342,-3.214,-3.293,-3.136,6.954,-6.342
V224Q,0.002,-3.327,-3.487,-3.166,9.336,-6.489,-3.327,-3.487,-3.166,9.336,-6.489
V224R,0.002,-3.402,-3.489,-3.315,9.386,-7.253,-3.402,-3.489,-3.315,9.386,-7.253
V224S,0.002,-3.162,-3.381,-2.944,7.957,-5.179,-3.162,-3.381,-2.944,7.957,-5.179
V224T,0.002,-3.003,-3.257,-2.748,6.487,-3.612,-3.003,-3.257,-2.748,6.487,-3.612
V224W,0.002,-3.690,-3.447,-3.933,8.885,-9.998,-3.690,-3.447,-3.933,8.885,-9.998
V224Y,0.002,-3.484,-3.492,-3.475,9.391,-8.018,-3.484,-3.492,-3.475,9.391,-8.018
A225C,0.002,-3.288,-3.431,-3.144,8.678,-6.386,-3.288,-3.431,-3.144,8.678,-6.386
A225D,0.002,-3.284,-3.439,-3.130,8.740,-6.302,-3.284,-3.439,-3.130,8.740,-6.302
A225E,0.002,-3.254,-3.442,-3.065,8.775,-5.936,-3.254,-3.442,-3.065,8.775,-5.936
A225F,0.002,-3.406,-3.365,-3.446,7.726,-7.879,-3.406,-3.365,-3.446,7.726,-7.879
A225G,0.002,-3.110,-3.306,-2.915,7.006,-5.001,-3.110,-3.306,-2.915,7.006,-5.001
A225H,0.002,-3.407,-3.441,-3.374,8.763,-7.535,-3.407,-3.441,-3.374,8.763,-7.535
A225I,0.002,-3.333,-3.319,-3.347,7.366,-7.415,-3.333,-3.319,-3.347,7.366,-7.415
A225K,0.002,-3.435,-3.434,-3.436,8.720,-7.833,-3.435,-3.434,-3.436,8.720,-7.833
A225L,0.002,-3.249,-3.392,-3.106,8.129,-6.178,-3.249,-3.392,-3.106,8.129,-6.178
A225M,0.002,-3.381,-3.410,-3.352,8.331,-7.434,-3.381,-3.410,-3.352,8.331,-7.434
A225N,0.002,-3.273,-3.435,-3.111,8.762,-6.199,-3.273,-3.435,-3.111,8.762,-6.199
A225P,0.002,-2.869,-3.060,-2.678,4.079,-2.564,-2.869,-3.060,-2.678,4.079,-2.564
A225Q,0.002,-3.351,-3.462,-3.240,9.056,-6.878,-3.351,-3.462,-3.240,9.056,-6.878
A225R,0.002,-3.407,-3.431,-3.384,8.655,-7.596,-3.407,-3.431,-3.384,8.655,-7.596
A225S,0.002,-2.987,-3.320,-2.654,7.288,-1.797,-2.987,-3.320,-2.654,7.288,-1.797
A225T,0.002,-3.046,-3.319,-2.773,7.279,-3.846,-3.046,-3.319,-2.773,7.279,-3.846
A225V,0.002,-2.964,-3.043,-2.884,3.841,-4.765,-2.964,-3.043,-2.884,3.841,-4.765
A225W,0.002,-3.756,-3.435,-4.077,8.708,-10.597,-3.756,-3.435,-4.077,8.708,-10.597
A225Y,0.002,-3.514,-3.402,-3.626,8.241,-8.683,-3.514,-3.402,-3.626,8.241,-8.683
L226A,0.002,-3.366,-3.565,-3.167,10.354,-6.503,-3.366,-3.565,-3.167,10.354,-6.503
L226C,0.002,-3.532,-3.582,-3.482,10.612,-8.042,-3.532,-3.582,-3.482,10.612,-8.042
L226D,0.002,-3.582,-3.609,-3.556,10.907,-8.378,-3.582,-3.609,-3.556,10.907,-8.378
L226E,0.002,-3.428,-3.596,-3.260,10.764,-6.992,-3.428,-3.596,-3.260,10.764,-6.992
L226F,0.002,-3.334,-3.595,-3.073,10.733,-5.987,-3.334,-3.595,-3.073,10.733,-5.987
L226G,0.002,-3.652,-3.619,-3.686,11.067,-8.956,-3.652,-3.619,-3.686,11.067,-8.956
L226H,0.002,-3.442,-3.616,-3.269,11.049,-7.027,-3.442,-3.616,-3.269,11.049,-7.027
L226I,0.002,-3.313,-3.583,-3.043,10.580,-5.810,-3.313,-3.583,-3.043,10.580,-5.810
L226K,0.002,-3.588,-3.590,-3.585,10.669,-8.512,-3.588,-3.590,-3.585,10.669,-8.512
L226M,0.002,-3.279,-3.610,-2.949,10.943,-5.230,-3.279,-3.610,-2.949,10.943,-5.230
L226N,0.002,-3.602,-3.616,-3.589,11.020,-8.529,-3.602,-3.616,-3.589,11.020,-8.529
L226P,0.002,-3.340,-3.594,-3.085,10.744,-6.053,-3.340,-3.594,-3.085,10.744,-6.053
L226Q,0.002,-3.318,-3.609,-3.027,10.942,-5.712,-3.318,-3.609,-3.027,10.942,-5.712
L226R,0.002,-3.432,-3.615,-3.249,11.025,-6.933,-3.432,-3.615,-3.249,11.025,-6.933
L226S,0.002,-3.394,-3.596,-3.193,10.800,-6.630,-3.394,-3.596,-3.193,10.800,-6.630
L226T,0.002,-3.441,-3.613,-3.269,10.981,-7.038,-3.441,-3.613,-3.269,10.981,-7.038
L226V,0.002,-3.258,-3.607,-2.909,10.926,-4.954,-3.258,-3.607,-2.909,10.926,-4.954
L226W,0.002,-3.710,-3.618,-3.803,11.042,-9.459,-3.710,-3.618,-3.803,11.042,-9.459
L226Y,0.002,-3.604,-3.623,-3.585,11.125,-8.509,-3.604,-3.623,-3.585,11.125,-8.509
H227A,0.002,-2.820,-2.967,-2.674,3.090,-2.517,-2.820,-2.967,-2.674,3.090,-2.517
H227C,0.002,-2.844,-2.975,-2.713,3.141,-3.168,-2.844,-2.975,-2.713,3.141,-3.168
H227D,0.002,-2.730,-2.549,-2.912,-1.903,1.741,-2.730,-2.549,-2.912,-1.903,1.741
H227E,0.002,-2.730,-2.801,-2.660,1.033,-0.907,-2.730,-2.801,-2.660,1.033,-0.907
H227F,0.002,-2.920,-2.917,-2.923,2.522,-5.040,-2.920,-2.917,-2.923,2.522,-5.040
H227G,0.002,-2.808,-2.966,-2.651,3.057,-1.478,-2.808,-2.966,-2.651,3.057,-1.478
H227I,0.002,-3.042,-2.945,-3.138,2.717,-6.351,-3.042,-2.945,-3.138,2.717,-6.351
H227K,0.002,-2.692,-2.724,-2.661,0.159,-2.189,-2.692,-2.724,-2.661,0.159,-2.189
H227L,0.002,-2.907,-2.983,-2.831,3.205,-4.347,-2.907,-2.983,-2.831,3.205,-4.347
H227M,0.002,-3.008,-2.958,-3.057,2.896,-5.902,-3.008,-2.958,-3.057,2.896,-5.902
H227N,0.002,-2.843,-2.371,-3.316,-3.978,3.712,-2.843,-2.371,-3.316,-3.978,3.712
H227P,0.002,-2.714,-2.672,-2.757,-0.437,-3.708,-2.714,-2.672,-2.757,-0.437,-3.708
H227Q,0.002,-2.770,-2.885,-2.654,2.028,-1.206,-2.770,-2.885,-2.654,2.028,-1.206
H227R,0.002,-2.729,-2.789,-2.668,0.884,-2.356,-2.729,-2.789,-2.668,0.884,-2.356
H227S,0.002,-2.776,-2.782,-2.769,0.826,0.685,-2.776,-2.782,-2.769,0.826,0.685
H227T,0.002,-2.760,-2.858,-2.662,1.709,-2.222,-2.760,-2.858,-2.662,1.709,-2.222
H227V,0.002,-3.011,-2.970,-3.052,3.072,-5.862,-3.011,-2.970,-3.052,3.072,-5.862
H227W,0.002,-3.137,-2.968,-3.306,3.072,-7.216,-3.137,-2.968,-3.306,3.072,-7.216
H227Y,0.002,-2.676,-2.597,-2.755,-1.359,-3.662,-2.676,-2.597,-2.755,-1.359,-3.662
L228A,0.002,-3.500,-3.501,-3.498,9.541,-8.107,-3.500,-3.501,-3.498,9.541,-8.107
L228C,0.002,-3.548,-3.487,-3.608,9.334,-8.614,-3.548,-3.487,-3.608,9.334,-8.614
L228D,0.002,-3.656,-3.469,-3.843,9.079,-9.619,-3.656,-3.469,-3.843,9.079,-9.619
L228E,0.002,-3.624,-3.477,-3.772,9.173,-9.323,-3.624,-3.477,-3.772,9.173,-9.323
L228F,0.002,-3.251,-3.488,-3.014,9.359,-5.629,-3.251,-3.488,-3.014,9.359,-5.629
L228G,0.002,-3.754,-3.497,-4.012,9.486,-10.331,-3.754,-3.497,-4.012,9.486,-10.331
L228H,0.002,-3.262,-3.147,-3.378,5.136,-7.563,-3.262,-3.147,-3.378,5.136,-7.563
L228I,0.002,-3.243,-3.444,-3.042,8.828,-5.805,-3.243,-3.444,-3.042,8.828,-5.805
L228K,0.002,-3.606,-3.504,-3.709,9.557,-9.050,-3.606,-3.504,-3.709,9.557,-9.050
L228M,0.002,-3.125,-3.240,-3.010,6.225,-5.610,-3.125,-3.240,-3.010,6.225,-5.610
L228N,0.002,-3.524,-3.396,-3.651,8.131,-8.797,-3.524,-3.396,-3.651,8.131,-8.797
L228P,0.002,-3.568,-3.455,-3.681,8.927,-8.927,-3.568,-3.455,-3.681,8.927,-8.927
L228Q,0.002,-3.312,-3.328,-3.296,7.290,-7.165,-3.312,-3.328,-3.296,7.290,-7.165
L228R,0.002,-3.452,-3.435,-3.468,8.704,-7.989,-3.452,-3.435,-3.468,8.704,-7.989
L228S,0.002,-3.396,-3.407,-3.384,8.328,-7.587,-3.396,-3.407,-3.384,8.328,-7.587
L228T,0.002,-3.427,-3.512,-3.342,9.676,-7.389,-3.427,-3.512,-3.342,9.676,-7.389
L228V,0.002,-3.274,-3.489,-3.059,9.358,-5.901,-3.274,-3.489,-3.059,9.358,-5.901
L228W,0.002,-3.695,-3.492,-3.898,9.390,-9.851,-3.695,-3.492,-3.898,9.390,-9.851
L228Y,0.002,-3.518,-3.432,-3.605,8.679,-8.594,-3.518,-3.432,-3.605,8.679,-8.594
I229A,0.002,-3.256,-3.476,-3.037,9.211,-5.766,-3.256,-3.476,-3.037,9.211,-5.766
I229C,0.002,-3.593,-3.457,-3.728,8.969,-9.131,-3.593,-3.457,-3.728,8.969,-9.131
I229D,0.002,-3.704,-3.456,-3.952,8.986,-10.080,-3.704,-3.456,-3.952,8.986,-10.080
I229E,0.002,-3.644,-3.469,-3.818,9.130,-9.512,-3.644,-3.469,-3.818,9.130,-9.512
I229F,0.002,-3.306,-3.323,-3.288,7.246,-7.128,-3.306,-3.323,-3.288,7.246,-7.128
I229G,0.002,-3.711,-3.468,-3.954,9.066,-10.086,-3.711,-3.468,-3.954,9.066,-10.086
I229H,0.002,-3.712,-3.464,-3.961,9.022,-10.122,-3.712,-3.464,-3.961,9.022,-10.122
I229K,0.002,-3.626,-3.454,-3.798,8.928,-9.427,-3.626,-3.454,-3.798,8.928,-9.427
I229L,0.002,-2.970,-3.211,-2.728,5.854,-3.355,-2.970,-3.211,-2.728,5.854,-3.355
I229M,0.002,-3.095,-3.311,-2.879,7.105,-4.735,-3.095,-3.311,-2.879,7.105,-4.735
I229N,0.002,-3.553,-3.452,-3.654,8.935,-8.814,-3.553,-3.452,-3.654,8.935,-8.814
I229P,0.002,-3.591,-3.448,-3.734,8.885,-9.154,-3.591,-3.448,-3.734,8.885,-9.154
I229Q,0.002,-3.576,-3.442,-3.709,8.773,-9.054,-3.576,-3.442,-3.709,8.773,-9.054
I229R,0.002,-3.622,-3.449,-3.796,8.854,-9.419,-3.622,-3.449,-3.796,8.854,-9.419
I229S,0.002,-3.448,-3.487,-3.410,9.344,-7.711,-3.448,-3.487,-3.410,9.344,-7.711
I229T,0.002,-3.215,-3.457,-2.973,8.961,-5.379,-3.215,-3.457,-2.973,8.961,-5.379
I229V,0.002,-2.816,-2.982,-2.651,3.148,-1.328,-2.816,-2.982,-2.651,3.148,-1.328
I229W,0.002,-3.908,-3.459,-4.357,9.032,-11.761,-3.908,-3.459,-4.357,9.032,-11.761
I229Y,0.002,-3.724,-3.435,-4.014,8.614,-10.341,-3.724,-3.435,-4.014,8.614,-10.341
A230C,0.002,-2.792,-2.794,-2.789,1.000,-3.980,-2.792,-2.794,-2.789,1.000,-3.980
A230D,0.002,-2.778,-2.814,-2.743,1.230,-3.524,-2.778,-2.814,-2.743,1.230,-3.524
A230E,0.002,-2.763,-2.827,-2.699,1.381,-2.960,-2.763,-2.827,-2.699,1.381,-2.960
A230F,0.002,-2.780,-2.778,-2.783,0.791,-3.942,-2.780,-2.778,-2.783,0.791,-3.942
A230G,0.002,-2.780,-2.829,-2.731,1.409,-3.393,-2.780,-2.829,-2.731,1.409,-3.393
A230H,0.002,-2.682,-2.680,-2.683,-0.317,-2.682,-2.682,-2.680,-2.683,-0.317,-2.682
A230I,0.002,-2.676,-2.683,-2.668,-0.311,-2.410,-2.676,-2.683,-2.668,-0.311,-2.410
A230K,0.002,-2.558,-2.463,-2.652,-2.944,-1.622,-2.558,-2.463,-2.652,-2.944,-1.622
A230L,0.002,-2.676,-2.688,-2.665,-0.185,-2.295,-2.676,-2.688,-2.665,-0.185,-2.295
A230M,0.002,-2.562,-2.465,-2.659,-2.897,-2.118,-2.562,-2.465,-2.659,-2.897,-2.118
A230N,0.002,-2.682,-2.705,-2.660,-0.026,-0.948,-2.682,-2.705,-2.660,-0.026,-0.948
A230P,0.002,-2.767,-2.807,-2.727,1.190,-3.352,-2.767,-2.807,-2.727,1.190,-3.352
A230Q,0.002,-2.652,-2.649,-2.655,-0.710,-1.896,-2.652,-2.649,-2.655,-0.710,-1.896
A230R,0.002,-2.558,-2.457,-2.659,-2.997,-2.181,-2.558,-2.457,-2.659,-2.997,-2.181
A230S,0.002,-2.758,-2.783,-2.734,0.845,0.335,-2.758,-2.783,-2.734,0.845,0.335
A230T,0.002,-2.636,-2.209,-3.064,-6.028,2.581,-2.636,-2.209,-3.064,-6.028,2.581
A230V,0.002,-2.657,-2.655,-2.660,-0.662,-2.133,-2.657,-2.655,-2.660,-0.662,-2.133
A230W,0.002,-3.008,-2.791,-3.225,1.018,-6.811,-3.008,-2.791,-3.225,1.018,-6.811
A230Y,0.002,-2.846,-2.794,-2.898,1.005,-4.875,-2.846,-2.794,-2.898,1.005,-4.875
T231A,0.002,-2.857,-3.050,-2.664,3.919,-2.313,-2.857,-3.050,-2.664,3.919,-2.313
T231C,0.002,-3.147,-3.204,-3.090,5.766,-6.076,-3.147,-3.204,-3.090,5.766,-6.076
T231D,0.002,-3.215,-3.300,-3.130,7.009,-6.303,-3.215,-3.300,-3.130,7.009,-6.303
T231E,0.002,-3.211,-3.322,-3.100,7.223,-6.132,-3.211,-3.322,-3.100,7.223,-6.132
T231F,0.002,-3.240,-3.327,-3.152,7.287,-6.416,-3.240,-3.327,-3.152,7.287,-6.416
T231G,0.002,-3.107,-3.217,-2.997,5.801,-5.526,-3.107,-3.217,-2.997,5.801,-5.526
T231H,0.002,-3.139,-3.264,-3.014,6.511,-5.627,-3.139,-3.264,-3.014,6.511,-5.627
T231I,0.002,-3.014,-3.141,-2.887,5.007,-4.787,-3.014,-3.141,-2.887,5.007,-4.787
T231K,0.002,-3.133,-3.324,-2.943,7.239,-5.187,-3.133,-3.324,-2.943,7.239,-5.187
T231L,0.002,-3.034,-3.177,-2.891,5.374,-4.824,-3.034,-3.177,-2.891,5.374,-4.824
T231M,0.002,-3.048,-3.182,-2.913,5.573,-4.977,-3.048,-3.182,-2.913,5.573,-4.977
T231N,0.002,-2.900,-3.039,-2.761,3.735,-3.720,-2.900,-3.039,-2.761,3.735,-3.720
T231P,0.002,-2.746,-2.830,-2.662,1.278,-2.159,-2.746,-2.830,-2.662,1.278,-2.159
T231Q,0.002,-3.082,-3.299,-2.866,6.886,-4.641,-3.082,-3.299,-2.866,6.886,-4.641
T231R,0.002,-3.028,-3.113,-2.943,4.654,-5.176,-3.028,-3.113,-2.943,4.654,-5.176
T231S,0.002,-2.796,-2.943,-2.650,2.635,-1.610,-2.796,-2.943,-2.650,2.635,-1.610
T231V,0.002,-3.079,-3.271,-2.887,6.578,-4.791,-3.079,-3.271,-2.887,6.578,-4.791
T231W,0.002,-3.593,-3.309,-3.877,7.055,-9.761,-3.593,-3.309,-3.877,7.055,-9.761
T231Y,0.002,-3.296,-3.168,-3.424,5.311,-7.774,-3.296,-3.168,-3.424,5.311,-7.774
N232A,0.002,-3.490,-3.588,-3.392,10.671,-7.623,-3.490,-3.588,-3.392,10.671,-7.623
N232C,0.002,-3.492,-3.609,-3.374,10.920,-7.548,-3.492,-3.609,-3.374,10.920,-7.548
N232D,0.002,-3.272,-3.577,-2.968,10.498,-5.338,-3.272,-3.577,-2.968,10.498,-5.338
N232E,0.002,-3.538,-3.597,-3.480,10.806,-8.033,-3.538,-3.597,-3.480,10.806,-8.033
N232F,0.002,-3.738,-3.568,-3.907,10.335,-9.888,-3.738,-3.568,-3.907,10.335,-9.888
N232G,0.002,-3.446,-3.613,-3.279,10.977,-7.076,-3.446,-3.613,-3.279,10.977,-7.076
N232H,0.002,-3.240,-3.563,-2.917,10.298,-5.006,-3.240,-3.563,-2.917,10.298,-5.006
N232I,0.002,-3.686,-3.615,-3.758,11.003,-9.252,-3.686,-3.615,-3.758,11.003,-9.252
N232K,0.002,-3.408,-3.600,-3.216,10.841,-6.768,-3.408,-3.600,-3.216,10.841,-6.768
N232L,0.002,-3.675,-3.612,-3.738,10.982,-9.174,-3.675,-3.612,-3.738,10.982,-9.174
N232M,0.002,-3.764,-3.621,-3.908,11.124,-9.895,-3.764,-3.621,-3.908,11.124,-9.895
N232P,0.002,-3.694,-3.609,-3.778,10.936,-9.333,-3.694,-3.609,-3.778,10.936,-9.333
N232Q,0.002,-3.414,-3.586,-3.241,10.626,-6.893,-3.414,-3.586,-3.241,10.626,-6.893
N232R,0.002,-3.420,-3.609,-3.231,10.938,-6.836,-3.420,-3.609,-3.231,10.938,-6.836
N232S,0.002,-3.192,-3.540,-2.845,9.959,-4.481,-3.192,-3.540,-2.845,9.959,-4.481
N232T,0.002,-3.356,-3.603,-3.108,10.876,-6.175,-3.356,-3.603,-3.108,10.876,-6.175
N232V,0.002,-3.694,-3.599,-3.789,10.792,-9.393,-3.694,-3.599,-3.789,10.792,-9.393
N232W,0.002,-4.004,-3.609,-4.399,10.935,-11.930,-4.004,-3.609,-4.399,10.935,-11.930
N232Y,0.002,-3.479,-3.537,-3.421,9.989,-7.761,-3.479,-3.537,-3.421,9.989,-7.761
S233A,0.002,-2.972,-3.254,-2.691,6.401,-2.823,-2.972,-3.254,-2.691,6.401,-2.823
S233C,0.002,-3.078,-3.242,-2.915,6.327,-4.995,-3.078,-3.242,-2.915,6.327,-4.995
S233D,0.002,-3.346,-3.278,-3.415,6.690,-7.725,-3.346,-3.278,-3.415,6.690,-7.725
S233E,0.002,-3.296,-3.171,-3.421,5.424,-7.756,-3.296,-3.171,-3.421,5.424,-7.756
S233F,0.002,-3.052,-3.037,-3.068,3.732,-5.958,-3.052,-3.037,-3.068,3.732,-5.958
S233G,0.002,-3.162,-3.254,-3.070,6.417,-5.969,-3.162,-3.254,-3.070,6.417,-5.969
S233H,0.002,-3.158,-3.043,-3.273,3.838,-7.054,-3.158,-3.043,-3.273,3.838,-7.054
S233I,0.002,-3.010,-2.976,-3.045,3.090,-5.828,-3.010,-2.976,-3.045,3.090,-5.828
S233K,0.002,-3.150,-3.241,-3.060,6.238,-5.898,-3.150,-3.241,-3.060,6.238,-5.898
S233L,0.002,-3.028,-3.073,-2.983,4.190,-5.447,-3.028,-3.073,-2.983,4.190,-5.447
S233M,0.002,-3.161,-3.276,-3.046,6.665,-5.828,-3.161,-3.276,-3.046,6.665,-5.828
S233N,0.002,-3.016,-3.121,-2.911,4.716,-4.963,-3.016,-3.121,-2.911,4.716,-4.963
S233P,0.002,-3.119,-3.274,-2.964,6.643,-5.323,-3.119,-3.274,-2.964,6.643,-5.323
S233Q,0.002,-3.257,-3.283,-3.231,6.753,-6.836,-3.257,-3.283,-3.231,6.753,-6.836
S233R,0.002,-2.954,-2.899,-3.010,2.159,-5.610,-2.954,-2.899,-3.010,2.159,-5.610
S233T,0.002,-2.754,-2.810,-2.699,1.127,-2.952,-2.754,-2.810,-2.699,1.127,-2.952
S233V,0.002,-2.954,-2.985,-2.924,3.181,-5.064,-2.954,-2.985,-2.924,3.181,-5.064
S233W,0.002,-3.494,-3.240,-3.748,6.124,-9.215,-3.494,-3.240,-3.748,6.124,-9.215
S233Y,0.002,-3.140,-3.067,-3.212,4.115,-6.733,-3.140,-3.067,-3.212,4.115,-6.733
R234A,0.002,-3.318,-3.369,-3.266,7.881,-7.018,-3.318,-3.369,-3.266,7.881,-7.018
R234C,0.002,-3.232,-3.429,-3.035,8.625,-5.761,-3.232,-3.429,-3.035,8.625,-5.761
R234D,0.002,-3.450,-3.344,-3.557,7.480,-8.381,-3.450,-3.344,-3.557,7.480,-8.381
R234E,0.002,-3.309,-3.323,-3.295,7.203,-7.153,-3.309,-3.323,-3.295,7.203,-7.153
R234F,0.002,-3.496,-3.434,-3.559,8.662,-8.386,-3.496,-3.434,-3.559,8.662,-8.386
R234G,0.002,-3.256,-3.369,-3.143,7.794,-6.382,-3.256,-3.369,-3.143,7.794,-6.382
R234H,0.002,-3.088,-3.346,-2.830,7.616,-4.360,-3.088,-3.346,-2.830,7.616,-4.360
R234I,0.002,-3.398,-3.328,-3.469,7.351,-7.982,-3.398,-3.328,-3.469,7.351,-7.982
R234K,0.002,-2.932,-3.153,-2.710,5.222,-3.150,-2.932,-3.153,-2.710,5.222,-3.150
R234L,0.002,-3.113,-3.214,-3.012,5.904,-5.614,-3.113,-3.214,-3.012,5.904,-5.614
R234M,0.002,-3.311,-3.344,-3.278,7.507,-7.073,-3.311,-3.344,-3.278,7.507,-7.073
R234N,0.002,-3.235,-3.353,-3.117,7.650,-6.228,-3.235,-3.353,-3.117,7.650,-6.228
R234P,0.002,-3.188,-3.236,-3.140,6.191,-6.362,-3.188,-3.236,-3.140,6.191,-6.362
R234Q,0.002,-2.910,-3.054,-2.766,4.093,-3.764,-2.910,-3.054,-2.766,4.093,-3.764
R234S,0.002,-3.144,-3.314,-2.974,7.184,-5.386,-3.144,-3.314,-2.974,7.184,-5.386
R234T,0.002,-3.278,-3.425,-3.130,8.529,-6.315,-3.278,-3.425,-3.130,8.529,-6.315
R234V,0.002,-3.412,-3.370,-3.455,7.831,-7.930,-3.412,-3.370,-3.455,7.831,-7.930
R234W,0.002,-3.339,-3.440,-3.238,8.732,-6.872,-3.339,-3.440,-3.238,8.732,-6.872
R234Y,0.002,-3.388,-3.376,-3.401,7.915,-7.666,-3.388,-3.376,-3.401,7.915,-7.666
N235A,0.000,-2.880,-3.013,-2.747,3.509,-3.596,-2.880,-3.013,-2.747,3.509,-3.596
N235C,0.000,-2.890,-2.932,-2.848,2.654,-4.493,-2.890,-2.932,-2.848,2.654,-4.493
N235D,0.000,-2.709,-2.759,-2.659,0.530,-1.005,-2.709,-2.759,-2.659,0.530,-1.005
N235E,0.000,-2.811,-2.902,-2.720,2.218,-3.253,-2.811,-2.902,-2.720,2.218,-3.253
N235F,0.000,-3.124,-3.157,-3.091,5.318,-6.087,-3.124,-3.157,-3.091,5.318,-6.087
N235G,0.000,-2.728,-2.765,-2.690,0.704,-2.824,-2.728,-2.765,-2.690,0.704,-2.824
N235H,0.000,-2.770,-2.854,-2.687,1.666,-2.763,-2.770,-2.854,-2.687,1.666,-2.763
N235I,0.000,-3.083,-3.155,-3.011,5.285,-5.629,-3.083,-3.155,-3.011,5.285,-5.629
N235K,0.000,-2.855,-2.960,-2.750,3.026,-3.615,-2.855,-2.960,-2.750,3.026,-3.615
N235L,0.000,-3.019,-3.112,-2.926,4.644,-5.065,-3.019,-3.112,-2.926,4.644,-5.065
N235M,0.000,-3.096,-3.156,-3.036,5.235,-5.766,-3.096,-3.156,-3.036,5.235,-5.766
N235P,0.000,-3.004,-3.140,-2.869,5.054,-4.655,-3.004,-3.140,-2.869,5.054,-4.655
N235Q,0.000,-2.836,-2.929,-2.744,2.535,-3.541,-2.836,-2.929,-2.744,2.535,-3.541
N235R,0.000,-2.778,-2.781,-2.774,0.783,-3.846,-2.778,-2.781,-2.774,0.783,-3.846
N235S,0.000,-2.741,-2.828,-2.654,1.485,-1.825,-2.741,-2.828,-2.654,1.485,-1.825
N235T,0.000,-2.931,-3.138,-2.724,5.032,-3.307,-2.931,-3.138,-2.724,5.032,-3.307
N235V,0.000,-3.060,-3.158,-2.963,5.264,-5.304,-3.060,-3.158,-2.963,5.264,-5.304
N235W,0.000,-3.293,-3.142,-3.444,5.143,-7.861,-3.293,-3.142,-3.444,5.143,-7.861
N235Y,0.000,-2.976,-3.012,-2.939,3.567,-5.160,-2.976,-3.012,-2.939,3.567,-5.160
I236A,0.000,-3.220,-3.332,-3.108,7.313,-6.188,-3.220,-3.332,-3.108,7.313,-6.188
I236C,0.000,-3.606,-3.401,-3.811,8.190,-9.488,-3.606,-3.401,-3.811,8.190,-9.488
I236D,0.000,-3.740,-3.412,-4.069,8.366,-10.568,-3.740,-3.412,-4.069,8.366,-10.568
I236E,0.000,-3.527,-3.363,-3.691,7.689,-8.971,-3.527,-3.363,-3.691,7.689,-8.971
I236F,0.000,-3.327,-3.398,-3.255,8.216,-6.961,-3.327,-3.398,-3.255,8.216,-6.961
I236G,0.000,-3.672,-3.353,-3.991,7.531,-10.241,-3.672,-3.353,-3.991,7.531,-10.241
I236H,0.000,-3.549,-3.398,-3.700,8.178,-9.005,-3.549,-3.398,-3.700,8.178,-9.005
I236K,0.000,-3.376,-3.361,-3.392,7.636,-7.619,-3.376,-3.361,-3.392,7.636,-7.619
I236L,0.000,-3.053,-3.280,-2.827,6.644,-4.328,-3.053,-3.280,-2.827,6.644,-4.328
I236M,0.000,-3.112,-3.387,-2.836,7.996,-4.391,-3.112,-3.387,-2.836,7.996,-4.391
I236N,0.000,-3.498,-3.274,-3.721,6.574,-9.102,-3.498,-3.274,-3.721,6.574,-9.102
I236P,0.000,-3.446,-3.389,-3.504,8.067,-8.145,-3.446,-3.389,-3.504,8.067,-8.145
I236Q,0.000,-3.435,-3.412,-3.458,8.353,-7.939,-3.435,-3.412,-3.458,8.353,-7.939
I236R,0.000,-3.373,-3.261,-3.485,6.507,-8.047,-3.373,-3.261,-3.485,6.507,-8.047
I236S,0.000,-3.352,-3.307,-3.398,7.003,-7.652,-3.352,-3.307,-3.398,7.003,-7.652
I236T,0.000,-3.096,-3.283,-2.909,6.770,-4.951,-3.096,-3.283,-2.909,6.770,-4.951
I236V,0.000,-2.746,-2.830,-2.661,1.260,-0.864,-2.746,-2.830,-2.661,1.260,-0.864
I236W,0.000,-3.732,-3.390,-4.074,8.075,-10.583,-3.732,-3.390,-4.074,8.075,-10.583
I236Y,0.000,-3.504,-3.412,-3.596,8.335,-8.562,-3.504,-3.412,-3.596,8.335,-8.562
T237A,0.000,-2.804,-2.932,-2.677,2.574,-0.448,-2.804,-2.932,-2.677,2.574,-0.448
T237C,0.000,-2.889,-3.079,-2.699,4.267,-2.971,-2.889,-3.079,-2.699,4.267,-2.971
T237D,0.000,-2.875,-2.923,-2.828,2.399,-4.336,-2.875,-2.923,-2.828,2.399,-4.336
T237E,0.000,-2.839,-2.867,-2.811,1.710,-4.201,-2.839,-2.867,-2.811,1.710,-4.201
T237F,0.000,-2.913,-3.103,-2.723,4.566,-3.277,-2.913,-3.103,-2.723,4.566,-3.277
T237G,0.000,-2.955,-3.116,-2.793,4.801,-4.041,-2.955,-3.116,-2.793,4.801,-4.041
T237H,0.000,-2.883,-3.092,-2.673,4.452,-2.453,-2.883,-3.092,-2.673,4.452,-2.453
T237I,0.000,-2.853,-3.001,-2.705,3.385,-3.056,-2.853,-3.001,-2.705,3.385,-3.056
T237K,0.000,-2.960,-3.088,-2.831,4.337,-4.357,-2.960,-3.088,-2.831,4.337,-4.357
T237L,0.000,-2.831,-2.997,-2.665,3.270,-2.234,-2.831,-2.997,-2.665,3.270,-2.234
T237M,0.000,-2.906,-3.091,-2.721,4.435,-3.257,-2.906,-3.091,-2.721,4.435,-3.257
T237N,0.000,-2.843,-3.010,-2.677,3.422,-2.585,-2.843,-3.010,-2.677,3.422,-2.585
T237P,0.000,-2.784,-2.597,-2.972,-1.416,2.101,-2.784,-2.597,-2.972,-1.416,2.101
T237Q,0.000,-2.806,-2.927,-2.686,2.488,-2.749,-2.806,-2.927,-2.686,2.488,-2.749
T237R,0.000,-2.936,-3.127,-2.745,4.844,-3.536,-2.936,-3.127,-2.745,4.844,-3.536
T237S,0.000,-2.662,-2.599,-2.724,-1.304,0.216,-2.662,-2.599,-2.724,-1.304,0.216
T237V,0.000,-2.798,-2.918,-2.677,2.361,-2.618,-2.798,-2.918,-2.677,2.361,-2.618
T237W,0.000,-3.172,-3.095,-3.249,4.464,-6.938,-3.172,-3.095,-3.249,4.464,-6.938
T237Y,0.000,-2.920,-3.080,-2.759,4.316,-3.696,-2.920,-3.080,-2.759,4.316,-3.696
C238A,0.000,-4.209,-3.619,-4.799,11.079,-13.635,-4.209,-3.619,-4.799,11.079,-13.635
C238D,0.000,-4.120,-3.580,-4.661,10.611,-13.036,-4.120,-3.580,-4.661,10.611,-13.036
C238E,0.000,-4.276,-3.645,-4.906,11.451,-14.105,-4.276,-3.645,-4.906,11.451,-14.105
C238F,0.000,-4.048,-3.605,-4.490,10.887,-12.313,-4.048,-3.605,-4.490,10.887,-12.313
C238G,0.000,-4.124,-3.626,-4.623,11.187,-12.877,-4.124,-3.626,-4.623,11.187,-12.877
C238H,0.000,-4.156,-3.617,-4.695,11.061,-13.174,-4.156,-3.617,-4.695,11.061,-13.174
C238I,0.000,-4.341,-3.633,-5.049,11.264,-14.755,-4.341,-3.633,-5.049,11.264,-14.755
C238K,0.000,-4.301,-3.623,-4.979,11.138,-14.429,-4.301,-3.623,-4.979,11.138,-14.429
C238L,0.000,-4.197,-3.622,-4.772,11.134,-13.521,-4.197,-3.622,-4.772,11.134,-13.521
C238M,0.000,-4.375,-3.616,-5.134,11.058,-15.146,-4.375,-3.616,-5.134,11.058,-15.146
C238N,0.000,-4.245,-3.635,-4.855,11.299,-13.882,-4.245,-3.635,-4.855,11.299,-13.882
C238P,0.000,-4.232,-3.629,-4.836,11.196,-13.801,-4.232,-3.629,-4.836,11.196,-13.801
C238Q,0.000,-4.261,-3.610,-4.912,10.975,-14.132,-4.261,-3.610,-4.912,10.975,-14.132
C238R,0.000,-4.006,-3.618,-4.394,11.048,-11.911,-4.006,-3.618,-4.394,11.048,-11.911
C238S,0.000,-3.980,-3.654,-4.306,11.545,-11.548,-3.980,-3.654,-4.306,11.545,-11.548
C238T,0.000,-4.151,-3.616,-4.686,11.062,-13.140,-4.151,-3.616,-4.686,11.062,-13.140
C238V,0.000,-4.256,-3.650,-4.862,11.499,-13.909,-4.256,-3.650,-4.862,11.499,-13.909
C238W,0.000,-4.206,-3.615,-4.798,11.025,-13.627,-4.206,-3.615,-4.798,11.025,-13.627
C238Y,0.000,-3.919,-3.628,-4.210,11.196,-11.152,-3.919,-3.628,-4.210,11.196,-11.152
I239A,0.000,-3.464,-3.434,-3.493,8.588,-8.090,-3.464,-3.434,-3.493,8.588,-8.090
I239C,0.000,-3.692,-3.408,-3.975,8.229,-10.174,-3.692,-3.408,-3.975,8.229,-10.174
I239D,0.000,-4.041,-3.470,-4.612,9.078,-12.828,-4.041,-3.470,-4.612,9.078,-12.828
I239E,0.000,-3.912,-3.445,-4.379,8.832,-11.851,-3.912,-3.445,-4.379,8.832,-11.851
I239F,0.000,-3.402,-3.384,-3.420,7.999,-7.764,-3.402,-3.384,-3.420,7.999,-7.764
I239G,0.000,-3.800,-3.429,-4.171,8.521,-10.991,-3.800,-3.429,-4.171,8.521,-10.991
I239H,0.000,-3.884,-3.463,-4.304,9.020,-11.542,-3.884,-3.463,-4.304,9.020,-11.542
I239K,0.000,-3.895,-3.469,-4.321,9.098,-11.610,-3.895,-3.469,-4.321,9.098,-11.610
I239L,0.000,-2.868,-3.042,-2.694,3.836,-2.892,-2.868,-3.042,-2.694,3.836,-2.892
I239M,0.000,-3.090,-3.261,-2.920,6.493,-5.013,-3.090,-3.261,-2.920,6.493,-5.013
I239N,0.000,-3.806,-3.477,-4.134,9.220,-10.830,-3.806,-3.477,-4.134,9.220,-10.830
I239P,0.000,-3.648,-3.403,-3.892,8.289,-9.823,-3.648,-3.403,-3.892,8.289,-9.823
I239Q,0.000,-3.728,-3.459,-3.996,8.943,-10.264,-3.728,-3.459,-3.996,8.943,-10.264
I239R,0.000,-3.852,-3.447,-4.258,8.777,-11.352,-3.852,-3.447,-4.258,8.777,-11.352
I239S,0.000,-3.563,-3.392,-3.734,8.023,-9.157,-3.563,-3.392,-3.734,8.023,-9.157
I239T,0.000,-3.386,-3.473,-3.299,9.176,-7.182,-3.386,-3.473,-3.299,9.176,-7.182
I239V,0.000,-2.972,-3.208,-2.736,5.806,-3.467,-2.972,-3.208,-2.736,5.806,-3.467
I239W,0.000,-4.032,-3.446,-4.617,8.790,-12.851,-4.032,-3.446,-4.617,8.790,-12.851
I239Y,0.000,-3.892,-3.468,-4.315,9.140,-11.582,-3.892,-3.468,-4.315,9.140,-11.582
T240A,0.000,-2.819,-2.851,-2.787,1.505,0.836,-2.819,-2.851,-2.787,1.505,0.836
T240C,0.000,-3.117,-3.383,-2.850,7.970,-4.523,-3.117,-3.383,-2.850,7.970,-4.523
T240D,0.000,-3.436,-3.374,-3.499,7.874,-8.122,-3.436,-3.374,-3.499,7.874,-8.122
T240E,0.000,-3.352,-3.384,-3.320,8.016,-7.279,-3.352,-3.384,-3.320,8.016,-7.279
T240F,0.000,-3.422,-3.370,-3.474,7.821,-8.011,-3.422,-3.370,-3.474,7.821,-8.011
T240G,0.000,-2.939,-3.150,-2.728,5.128,-3.352,-2.939,-3.150,-2.728,5.128,-3.352
T240H,0.000,-3.456,-3.390,-3.523,8.079,-8.240,-3.456,-3.390,-3.523,8.079,-8.240
T240I,0.000,-3.038,-3.133,-2.942,4.874,-5.186,-3.038,-3.133,-2.942,4.874,-5.186
T240K,0.000,-3.462,-3.391,-3.532,8.072,-8.271,-3.462,-3.391,-3.532,8.072,-8.271
T240L,0.000,-3.275,-3.303,-3.247,7.009,-6.921,-3.275,-3.303,-3.247,7.009,-6.921
T240M,0.000,-3.250,-3.382,-3.119,7.986,-6.233,-3.250,-3.382,-3.119,7.986,-6.233
T240N,0.000,-3.187,-3.390,-2.984,8.057,-5.462,-3.187,-3.390,-2.984,8.057,-5.462
T240P,0.000,-3.395,-3.339,-3.451,7.475,-7.909,-3.395,-3.339,-3.451,7.475,-7.909
T240Q,0.000,-3.403,-3.383,-3.423,7.986,-7.779,-3.403,-3.383,-3.423,7.986,-7.779
T240R,0.000,-3.460,-3.377,-3.542,7.883,-8.319,-3.460,-3.377,-3.542,7.883,-8.319
T240S,0.000,-2.904,-3.132,-2.675,4.904,-0.515,-2.904,-3.132,-2.675,4.904,-0.515
T240V,0.000,-2.990,-3.170,-2.810,5.344,-4.184,-2.990,-3.170,-2.810,5.344,-4.184
T240W,0.000,-3.748,-3.368,-4.128,7.788,-10.806,-3.748,-3.368,-4.128,7.788,-10.806
T240Y,0.000,-3.494,-3.408,-3.580,8.259,-8.490,-3.494,-3.408,-3.580,8.259,-8.490
C241A,0.000,-4.182,-3.626,-4.738,11.185,-13.367,-4.182,-3.626,-4.738,11.185,-13.367
C241D,0.000,-4.264,-3.622,-4.906,11.105,-14.103,-4.264,-3.622,-4.906,11.105,-14.103
C241E,0.000,-4.400,-3.610,-5.191,10.971,-15.419,-4.400,-3.610,-5.191,10.971,-15.419
C241F,0.000,-4.158,-3.618,-4.699,11.078,-13.196,-4.158,-3.618,-4.699,11.078,-13.196
C241G,0.000,-4.106,-3.614,-4.598,11.007,-12.770,-4.106,-3.614,-4.598,11.007,-12.770
C241H,0.000,-4.318,-3.613,-5.024,11.003,-14.636,-4.318,-3.613,-5.024,11.003,-14.636
C241I,0.000,-4.356,-3.631,-5.081,11.256,-14.898,-4.356,-3.631,-5.081,11.256,-14.898
C241K,0.000,-4.453,-3.607,-5.298,10.918,-15.955,-4.453,-3.607,-5.298,10.918,-15.955
C241L,0.000,-4.190,-3.626,-4.755,11.192,-13.430,-4.190,-3.626,-4.755,11.192,-13.430
C241M,0.000,-4.366,-3.608,-5.123,10.941,-15.100,-4.366,-3.608,-5.123,10.941,-15.100
C241N,0.000,-4.326,-3.602,-5.049,10.860,-14.750,-4.326,-3.602,-5.049,10.860,-14.750
C241P,0.000,-4.262,-3.610,-4.915,10.968,-14.147,-4.262,-3.610,-4.915,10.968,-14.147
C241Q,0.000,-4.396,-3.620,-5.172,11.120,-15.335,-4.396,-3.620,-5.172,11.120,-15.335
C241R,0.000,-4.142,-3.602,-4.682,10.847,-13.126,-4.142,-3.602,-4.682,10.847,-13.126
C241S,0.000,-3.958,-3.609,-4.307,10.972,-11.557,-3.958,-3.609,-4.307,10.972,-11.557
C241T,0.000,-4.188,-3.614,-4.762,11.016,-13.470,-4.188,-3.614,-4.762,11.016,-13.470
C241V,0.000,-4.238,-3.646,-4.829,11.423,-13.762,-4.238,-3.646,-4.829,11.423,-13.762
C241W,0.000,-4.280,-3.620,-4.939,11.038,-14.256,-4.280,-3.620,-4.939,11.038,-14.256
C241Y,0.000,-4.080,-3.586,-4.575,10.648,-12.672,-4.080,-3.586,-4.575,10.648,-12.672
T242A,0.002,-3.016,-3.146,-2.886,5.117,-4.787,-3.016,-3.146,-2.886,5.117,-4.787
T242C,0.002,-3.284,-3.351,-3.218,7.547,-6.774,-3.284,-3.351,-3.218,7.547,-6.774
T242D,0.002,-3.641,-3.386,-3.897,7.992,-9.842,-3.641,-3.386,-3.897,7.992,-9.842
T242E,0.002,-3.520,-3.225,-3.815,6.066,-9.498,-3.520,-3.225,-3.815,6.066,-9.498
T242F,0.002,-3.410,-3.376,-3.445,7.938,-7.878,-3.410,-3.376,-3.445,7.938,-7.878
T242G,0.002,-3.240,-3.181,-3.298,5.557,-7.159,-3.240,-3.181,-3.298,5.557,-7.159
T242H,0.002,-3.612,-3.407,-3.817,8.313,-9.512,-3.612,-3.407,-3.817,8.313,-9.512
T242I,0.002,-3.214,-3.429,-3.000,8.584,-5.549,-3.214,-3.429,-3.000,8.584,-5.549
T242K,0.002,-3.564,-3.401,-3.728,8.268,-9.124,-3.564,-3.401,-3.728,8.268,-9.124
T242L,0.002,-3.122,-3.186,-3.059,5.551,-5.905,-3.122,-3.186,-3.059,5.551,-5.905
T242M,0.002,-3.044,-3.199,-2.888,5.723,-4.796,-3.044,-3.199,-2.888,5.723,-4.796
T242N,0.002,-3.292,-3.368,-3.216,7.798,-6.770,-3.292,-3.368,-3.216,7.798,-6.770
T242P,0.002,-3.568,-3.429,-3.706,8.612,-9.035,-3.568,-3.429,-3.706,8.612,-9.035
T242Q,0.002,-3.429,-3.265,-3.593,6.543,-8.537,-3.429,-3.265,-3.593,6.543,-8.537
T242R,0.002,-3.464,-3.298,-3.630,6.939,-8.711,-3.464,-3.298,-3.630,6.939,-8.711
T242S,0.002,-2.974,-3.161,-2.787,5.211,-3.990,-2.974,-3.161,-2.787,5.211,-3.990
T242V,0.002,-3.190,-3.351,-3.029,7.585,-5.722,-3.190,-3.351,-3.029,7.585,-5.722
T242W,0.002,-3.779,-3.427,-4.132,8.568,-10.824,-3.779,-3.427,-4.132,8.568,-10.824
T242Y,0.002,-3.566,-3.348,-3.785,7.545,-9.377,-3.566,-3.348,-3.785,7.545,-9.377
D243A,0.002,-3.574,-3.349,-3.800,7.557,-9.442,-3.574,-3.349,-3.800,7.557,-9.442
D243C,0.002,-3.884,-3.456,-4.313,8.894,-11.570,-3.884,-3.456,-4.313,8.894,-11.570
D243E,0.002,-2.859,-2.981,-2.738,3.096,-3.457,-2.859,-2.981,-2.738,3.096,-3.457
D243F,0.002,-4.042,-3.438,-4.646,8.713,-12.973,-4.042,-3.438,-4.646,8.713,-12.973
D243G,0.002,-3.384,-3.260,-3.508,6.483,-8.165,-3.384,-3.260,-3.508,6.483,-8.165
D243H,0.002,-3.673,-3.442,-3.903,8.832,-9.859,-3.673,-3.442,-3.903,8.832,-9.859
D243I,0.002,-4.005,-3.443,-4.568,8.814,-12.644,-4.005,-3.443,-4.568,8.814,-12.644
D243K,0.002,-3.908,-3.474,-4.341,9.207,-11.691,-3.908,-3.474,-4.341,9.207,-11.691
D243L,0.002,-3.976,-3.467,-4.486,9.088,-12.299,-3.976,-3.467,-4.486,9.088,-12.299
D243M,0.002,-4.076,-3.463,-4.688,9.058,-13.149,-4.076,-3.463,-4.688,9.058,-13.149
D243N,0.002,-3.380,-3.360,-3.400,7.654,-7.658,-3.380,-3.360,-3.400,7.654,-7.658
D243P,0.002,-4.302,-3.450,-5.153,8.894,-15.239,-4.302,-3.450,-5.153,8.894,-15.239
D243Q,0.002,-3.696,-3.454,-3.938,8.917,-10.023,-3.696,-3.454,-3.938,8.917,-10.023
D243R,0.002,-4.014,-3.464,-4.565,9.052,-12.623,-4.014,-3.464,-4.565,9.052,-12.623
D243S,0.002,-3.564,-3.369,-3.760,7.789,-9.267,-3.564,-3.369,-3.760,7.789,-9.267
D243T,0.002,-3.766,-3.405,-4.126,8.373,-10.801,-3.766,-3.405,-4.126,8.373,-10.801
D243V,0.002,-3.769,-3.466,-4.072,9.092,-10.583,-3.769,-3.466,-4.072,9.092,-10.583
D243W,0.002,-4.238,-3.483,-4.992,9.269,-14.492,-4.238,-3.483,-4.992,9.269,-14.492
D243Y,0.002,-3.745,-3.289,-4.200,6.896,-11.117,-3.745,-3.289,-4.200,6.896,-11.117
V244A,0.002,-3.040,-3.202,-2.879,5.846,-4.739,-3.040,-3.202,-2.879,5.846,-4.739
V244C,0.002,-3.380,-3.334,-3.425,7.422,-7.777,-3.380,-3.334,-3.425,7.422,-7.777
V244D,0.002,-3.408,-3.289,-3.528,6.823,-8.248,-3.408,-3.289,-3.528,6.823,-8.248
V244E,0.002,-3.335,-3.194,-3.476,5.661,-8.004,-3.335,-3.194,-3.476,5.661,-8.004
V244F,0.002,-3.196,-3.357,-3.034,7.773,-5.758,-3.196,-3.357,-3.034,7.773,-5.758
V244G,0.002,-3.316,-3.333,-3.299,7.424,-7.170,-3.316,-3.333,-3.299,7.424,-7.170
V244H,0.002,-3.438,-3.324,-3.552,7.266,-8.361,-3.438,-3.324,-3.552,7.266,-8.361
V244I,0.002,-2.736,-2.809,-2.663,1.121,-0.772,-2.736,-2.809,-2.663,1.121,-0.772
V244K,0.002,-3.461,-3.228,-3.694,6.048,-8.984,-3.461,-3.228,-3.694,6.048,-8.984
V244L,0.002,-3.006,-3.265,-2.747,6.600,-3.579,-3.006,-3.265,-2.747,6.600,-3.579
V244M,0.002,-3.059,-3.353,-2.765,7.690,-3.773,-3.059,-3.353,-2.765,7.690,-3.773
V244N,0.002,-3.246,-3.200,-3.292,5.801,-7.148,-3.246,-3.200,-3.292,5.801,-7.148
V244P,0.002,-3.347,-3.346,-3.348,7.606,-7.422,-3.347,-3.346,-3.348,7.606,-7.422
V244Q,0.002,-3.349,-3.258,-3.440,6.490,-7.846,-3.349,-3.258,-3.440,6.490,-7.846
V244R,0.002,-3.372,-3.309,-3.436,7.146,-7.839,-3.372,-3.309,-3.436,7.146,-7.839
V244S,0.002,-3.120,-3.240,-3.001,6.213,-5.566,-3.120,-3.240,-3.001,6.213,-5.566
V244T,0.002,-2.840,-2.891,-2.789,2.243,-4.006,-2.840,-2.891,-2.789,2.243,-4.006
V244W,0.002,-3.556,-3.370,-3.742,7.890,-9.187,-3.556,-3.370,-3.742,7.890,-9.187
V244Y,0.002,-3.356,-3.331,-3.380,7.452,-7.571,-3.356,-3.331,-3.380,7.452,-7.571
R245A,0.008,-2.934,-3.080,-2.789,4.289,-3.992,-2.934,-3.080,-2.789,4.289,-3.992
R245C,0.008,-2.944,-3.093,-2.794,4.405,-4.037,-2.944,-3.093,-2.794,4.405,-4.037
R245D,0.008,-3.274,-3.238,-3.311,6.105,-7.232,-3.274,-3.238,-3.311,6.105,-7.232
R245E,0.008,-3.133,-3.153,-3.112,5.149,-6.202,-3.133,-3.153,-3.112,5.149,-6.202
R245F,0.008,-3.155,-3.274,-3.036,6.701,-5.763,-3.155,-3.274,-3.036,6.701,-5.763
R245G,0.008,-3.036,-3.086,-2.987,4.282,-5.466,-3.036,-3.086,-2.987,4.282,-5.466
R245H,0.008,-3.000,-3.204,-2.795,5.771,-4.045,-3.000,-3.204,-2.795,5.771,-4.045
R245I,0.008,-3.044,-3.194,-2.893,5.618,-4.837,-3.044,-3.194,-2.893,5.618,-4.837
R245K,0.008,-2.876,-3.098,-2.654,4.483,-1.921,-2.876,-3.098,-2.654,4.483,-1.921
R245L,0.008,-2.811,-2.904,-2.718,2.159,-3.248,-2.811,-2.904,-2.718,2.159,-3.248
R245M,0.008,-2.845,-2.924,-2.766,2.387,-3.779,-2.845,-2.924,-2.766,2.387,-3.779
R245N,0.008,-3.015,-3.132,-2.898,4.863,-4.863,-3.015,-3.132,-2.898,4.863,-4.863
R245P,0.008,-3.084,-3.230,-2.937,6.050,-5.146,-3.084,-3.230,-2.937,6.050,-5.146
R245Q,0.008,-2.938,-3.186,-2.691,5.530,-2.854,-2.938,-3.186,-2.691,5.530,-2.854
R245S,0.008,-2.841,-2.970,-2.712,2.886,-3.172,-2.841,-2.970,-2.712,2.886,-3.172
R245T,0.008,-2.899,-3.095,-2.703,4.424,-3.038,-2.899,-3.095,-2.703,4.424,-3.038
R245V,0.008,-2.902,-3.094,-2.709,4.566,-3.108,-2.902,-3.094,-2.709,4.566,-3.108
R245W,0.008,-3.228,-3.293,-3.162,6.862,-6.482,-3.228,-3.293,-3.162,6.862,-6.482
R245Y,0.008,-3.178,-3.243,-3.114,6.218,-6.217,-3.178,-3.243,-3.114,6.218,-6.217
S246A,0.016,-2.990,-3.323,-2.658,7.237,-2.106,-2.990,-3.323,-2.658,7.237,-2.106
S246C,0.016,-3.028,-3.190,-2.866,5.622,-4.627,-3.028,-3.190,-2.866,5.622,-4.627
S246D,0.016,-2.834,-2.933,-2.734,2.569,-3.424,-2.834,-2.933,-2.734,2.569,-3.424
S246E,0.016,-2.910,-3.119,-2.702,4.765,-2.983,-2.910,-3.119,-2.702,4.765,-2.983
S246F,0.016,-3.140,-3.317,-2.962,7.127,-5.309,-3.140,-3.317,-2.962,7.127,-5.309
S246G,0.016,-3.040,-3.223,-2.856,6.015,-4.577,-3.040,-3.223,-2.856,6.015,-4.577
S246H,0.016,-3.097,-3.324,-2.870,7.293,-4.671,-3.097,-3.324,-2.870,7.293,-4.671
S246I,0.016,-3.226,-3.313,-3.139,7.111,-6.363,-3.226,-3.313,-3.139,7.111,-6.363
S246K,0.016,-3.278,-3.300,-3.255,6.937,-6.959,-3.278,-3.300,-3.255,6.937,-6.959
S246L,0.016,-3.136,-3.319,-2.952,7.146,-5.233,-3.136,-3.319,-2.952,7.146,-5.233
S246M,0.016,-3.258,-3.330,-3.186,7.306,-6.615,-3.258,-3.330,-3.186,7.306,-6.615
S246N,0.016,-2.870,-3.010,-2.729,3.606,-3.361,-2.870,-3.010,-2.729,3.606,-3.361
S246P,0.016,-2.999,-3.217,-2.781,5.911,-3.919,-2.999,-3.217,-2.781,5.911,-3.919
S246Q,0.016,-3.022,-3.148,-2.896,5.084,-4.846,-3.022,-3.148,-2.896,5.084,-4.846
S246R,0.016,-3.156,-3.207,-3.104,5.761,-6.160,-3.156,-3.207,-3.104,5.761,-6.160
S246T,0.016,-2.864,-3.045,-2.682,3.914,-2.681,-2.864,-3.045,-2.682,3.914,-2.681
S246V,0.016,-3.140,-3.336,-2.944,7.411,-5.191,-3.140,-3.336,-2.944,7.411,-5.191
S246W,0.016,-3.518,-3.364,-3.672,7.773,-8.892,-3.518,-3.364,-3.672,7.773,-8.892
S246Y,0.016,-3.183,-3.332,-3.034,7.422,-5.769,-3.183,-3.332,-3.034,7.422,-5.769
P247A,0.022,-3.136,-3.440,-2.831,8.726,-4.369,-3.136,-3.440,-2.831,8.726,-4.369
P247C,0.022,-3.538,-3.429,-3.648,8.576,-8.789,-3.538,-3.429,-3.648,8.576,-8.789
P247D,0.022,-3.689,-3.371,-4.006,7.766,-10.308,-3.689,-3.371,-4.006,7.766,-10.308
P247E,0.022,-3.646,-3.317,-3.975,7.130,-10.180,-3.646,-3.317,-3.975,7.130,-10.180
P247F,0.022,-3.678,-3.470,-3.885,9.090,-9.799,-3.678,-3.470,-3.885,9.090,-9.799
P247G,0.022,-3.513,-3.502,-3.525,9.529,-8.237,-3.513,-3.502,-3.525,9.529,-8.237
P247H,0.022,-3.504,-3.361,-3.648,7.737,-8.781,-3.504,-3.361,-3.648,7.737,-8.781
P247I,0.022,-3.338,-3.195,-3.480,5.637,-8.037,-3.338,-3.195,-3.480,5.637,-8.037
P247K,0.022,-3.624,-3.368,-3.881,7.734,-9.782,-3.624,-3.368,-3.881,7.734,-9.782
P247L,0.022,-3.214,-3.295,-3.132,6.924,-6.316,-3.214,-3.295,-3.132,6.924,-6.316
P247M,0.022,-3.496,-3.396,-3.597,8.092,-8.560,-3.496,-3.396,-3.597,8.092,-8.560
P247N,0.022,-3.556,-3.490,-3.621,9.313,-8.670,-3.556,-3.490,-3.621,9.313,-8.670
P247Q,0.022,-3.454,-3.468,-3.441,9.047,-7.853,-3.454,-3.468,-3.441,9.047,-7.853
P247R,0.022,-3.451,-3.377,-3.525,7.975,-8.241,-3.451,-3.377,-3.525,7.975,-8.241
P247S,0.022,-3.176,-3.403,-2.949,8.231,-5.225,-3.176,-3.403,-2.949,8.231,-5.225
P247T,0.022,-3.156,-3.300,-3.011,6.975,-5.618,-3.156,-3.300,-3.011,6.975,-5.618
P247V,0.022,-3.011,-3.104,-2.918,4.543,-5.008,-3.011,-3.104,-2.918,4.543,-5.008
P247W,0.022,-3.956,-3.460,-4.451,9.010,-12.148,-3.956,-3.460,-4.451,9.010,-12.148
P247Y,0.022,-3.824,-3.516,-4.133,9.688,-10.829,-3.824,-3.516,-4.133,9.688,-10.829
V248A,0.022,-3.292,-3.507,-3.078,9.558,-6.008,-3.292,-3.507,-3.078,9.558,-6.008
V248C,0.022,-3.550,-3.505,-3.595,9.576,-8.557,-3.550,-3.505,-3.595,9.576,-8.557
V248D,0.022,-3.984,-3.535,-4.434,9.958,-12.081,-3.984,-3.535,-4.434,9.958,-12.081
V248E,0.022,-3.917,-3.523,-4.311,9.805,-11.560,-3.917,-3.523,-4.311,9.805,-11.560
V248F,0.022,-3.590,-3.527,-3.654,9.865,-8.813,-3.590,-3.527,-3.654,9.865,-8.813
V248G,0.022,-3.657,-3.540,-3.775,10.052,-9.332,-3.657,-3.540,-3.775,10.052,-9.332
V248H,0.022,-3.944,-3.521,-4.367,9.771,-11.798,-3.944,-3.521,-4.367,9.771,-11.798
V248I,0.022,-3.034,-3.260,-2.808,6.496,-4.174,-3.034,-3.260,-2.808,6.496,-4.174
V248K,0.022,-3.895,-3.532,-4.258,9.929,-11.354,-3.895,-3.532,-4.258,9.929,-11.354
V248L,0.022,-3.221,-3.343,-3.099,7.433,-6.131,-3.221,-3.343,-3.099,7.433,-6.131
V248M,0.022,-3.270,-3.363,-3.176,7.750,-6.561,-3.270,-3.363,-3.176,7.750,-6.561
V248N,0.022,-3.814,-3.555,-4.072,10.272,-10.581,-3.814,-3.555,-4.072,10.272,-10.581
V248P,0.022,-3.630,-3.536,-3.723,9.978,-9.104,-3.630,-3.536,-3.723,9.978,-9.104
V248Q,0.022,-3.856,-3.554,-4.159,10.213,-10.936,-3.856,-3.554,-4.159,10.213,-10.936
V248R,0.022,-3.720,-3.542,-3.898,10.042,-9.857,-3.720,-3.542,-3.898,10.042,-9.857
V248S,0.022,-3.533,-3.429,-3.637,8.603,-8.738,-3.533,-3.429,-3.637,8.603,-8.738
V248T,0.022,-3.362,-3.511,-3.214,9.657,-6.745,-3.362,-3.511,-3.214,9.657,-6.745
V248W,0.022,-4.072,-3.534,-4.610,9.912,-12.814,-4.072,-3.534,-4.610,9.912,-12.814
V248Y,0.022,-3.897,-3.484,-4.310,9.218,-11.566,-3.897,-3.484,-4.310,9.218,-11.566
L249A,0.022,-3.750,-3.512,-3.988,9.674,-10.228,-3.750,-3.512,-3.988,9.674,-10.228
L249C,0.022,-3.800,-3.515,-4.085,9.720,-10.626,-3.800,-3.515,-4.085,9.720,-10.626
L249D,0.022,-4.172,-3.502,-4.842,9.545,-13.816,-4.172,-3.502,-4.842,9.545,-13.816
L249E,0.022,-4.069,-3.535,-4.604,9.942,-12.797,-4.069,-3.535,-4.604,9.942,-12.797
L249F,0.022,-3.264,-3.311,-3.217,7.143,-6.772,-3.264,-3.311,-3.217,7.143,-6.772
L249G,0.022,-4.024,-3.477,-4.570,9.194,-12.647,-4.024,-3.477,-4.570,9.194,-12.647
L249H,0.022,-3.707,-3.503,-3.911,9.497,-9.899,-3.707,-3.503,-3.911,9.497,-9.899
L249I,0.022,-3.225,-3.207,-3.243,5.827,-6.899,-3.225,-3.207,-3.243,5.827,-6.899
L249K,0.022,-3.992,-3.529,-4.454,9.891,-12.166,-3.992,-3.529,-4.454,9.891,-12.166
L249M,0.022,-3.194,-3.371,-3.017,7.905,-5.661,-3.194,-3.371,-3.017,7.905,-5.661
L249N,0.022,-3.976,-3.530,-4.422,9.897,-12.036,-3.976,-3.530,-4.422,9.897,-12.036
L249P,0.022,-3.673,-3.487,-3.859,9.334,-9.686,-3.673,-3.487,-3.859,9.334,-9.686
L249Q,0.022,-3.595,-3.499,-3.691,9.517,-8.965,-3.595,-3.499,-3.691,9.517,-8.965
L249R,0.022,-3.709,-3.499,-3.919,9.450,-9.941,-3.709,-3.499,-3.919,9.450,-9.941
L249S,0.022,-3.745,-3.516,-3.974,9.693,-10.178,-3.745,-3.516,-3.974,9.693,-10.178
L249T,0.022,-3.710,-3.507,-3.912,9.618,-9.918,-3.710,-3.507,-3.912,9.618,-9.918
L249V,0.022,-3.105,-3.121,-3.089,4.746,-6.084,-3.105,-3.121,-3.089,4.746,-6.084
L249W,0.022,-3.851,-3.524,-4.178,9.819,-11.018,-3.851,-3.524,-4.178,9.819,-11.018
L249Y,0.022,-3.803,-3.491,-4.115,9.380,-10.753,-3.803,-3.491,-4.115,9.380,-10.753
V250A,0.018,-3.173,-3.430,-2.916,8.678,-4.993,-3.173,-3.430,-2.916,8.678,-4.993
V250C,0.018,-3.554,-3.545,-3.564,10.111,-8.412,-3.554,-3.545,-3.564,10.111,-8.412
V250D,0.018,-3.913,-3.524,-4.302,9.813,-11.527,-3.913,-3.524,-4.302,9.813,-11.527
V250E,0.018,-3.754,-3.545,-3.964,10.113,-10.130,-3.754,-3.545,-3.964,10.113,-10.130
V250F,0.018,-3.520,-3.517,-3.524,9.694,-8.233,-3.520,-3.517,-3.524,9.694,-8.233
V250G,0.018,-3.578,-3.523,-3.634,9.816,-8.727,-3.578,-3.523,-3.634,9.816,-8.727
V250H,0.018,-3.810,-3.549,-4.071,10.179,-10.564,-3.810,-3.549,-4.071,10.179,-10.564
V250I,0.018,-3.041,-3.230,-2.852,6.100,-4.524,-3.041,-3.230,-2.852,6.100,-4.524
V250K,0.018,-3.869,-3.513,-4.225,9.656,-11.211,-3.869,-3.513,-4.225,9.656,-11.211
V250L,0.018,-3.117,-3.334,-2.901,7.457,-4.883,-3.117,-3.334,-2.901,7.457,-4.883
V250M,0.018,-3.284,-3.550,-3.018,10.161,-5.651,-3.284,-3.550,-3.018,10.161,-5.651
V250N,0.018,-3.784,-3.526,-4.041,9.853,-10.443,-3.784,-3.526,-4.041,9.853,-10.443
V250P,0.018,-3.682,-3.523,-3.841,9.807,-9.611,-3.682,-3.523,-3.841,9.807,-9.611
V250Q,0.018,-3.710,-3.517,-3.904,9.722,-9.875,-3.710,-3.517,-3.904,9.722,-9.875
V250R,0.018,-3.714,-3.521,-3.907,9.840,-9.887,-3.714,-3.521,-3.907,9.840,-9.887
V250S,0.018,-3.443,-3.471,-3.415,9.055,-7.729,-3.443,-3.471,-3.415,9.055,-7.729
V250T,0.018,-3.249,-3.395,-3.103,8.209,-6.152,-3.249,-3.395,-3.103,8.209,-6.152
V250W,0.018,-3.938,-3.534,-4.343,9.979,-11.698,-3.938,-3.534,-4.343,9.979,-11.698
V250Y,0.018,-3.835,-3.536,-4.133,9.963,-10.829,-3.835,-3.536,-4.133,9.963,-10.829
F251A,0.018,-3.730,-3.343,-4.117,7.460,-10.753,-3.730,-3.343,-4.117,7.460,-10.753
F251C,0.018,-3.564,-3.406,-3.723,8.240,-9.109,-3.564,-3.406,-3.723,8.240,-9.109
F251D,0.018,-4.274,-3.466,-5.081,9.086,-14.902,-4.274,-3.466,-5.081,9.086,-14.902
F251E,0.018,-4.238,-3.470,-5.006,9.103,-14.552,-4.238,-3.470,-5.006,9.103,-14.552
F251G,0.018,-4.050,-3.460,-4.641,8.983,-12.955,-4.050,-3.460,-4.641,8.983,-12.955
F251H,0.018,-3.754,-3.467,-4.040,9.028,-10.454,-3.754,-3.467,-4.040,9.028,-10.454
F251I,0.018,-3.608,-3.472,-3.743,9.140,-9.192,-3.608,-3.472,-3.743,9.140,-9.192
F251K,0.018,-4.258,-3.395,-5.121,8.060,-15.085,-4.258,-3.395,-5.121,8.060,-15.085
F251L,0.018,-3.278,-3.399,-3.157,8.119,-6.454,-3.278,-3.399,-3.157,8.119,-6.454
F251M,0.018,-3.580,-3.467,-3.693,9.017,-8.973,-3.580,-3.467,-3.693,9.017,-8.973
F251N,0.018,-4.035,-3.461,-4.609,8.993,-12.811,-4.035,-3.461,-4.609,8.993,-12.811
F251P,0.018,-3.928,-3.471,-4.386,9.097,-11.877,-3.928,-3.471,-4.386,9.097,-11.877
F251Q,0.018,-3.987,-3.488,-4.486,9.333,-12.307,-3.987,-3.488,-4.486,9.333,-12.307
F251R,0.018,-4.032,-3.412,-4.652,8.341,-13.003,-4.032,-3.412,-4.652,8.341,-13.003
F251S,0.018,-3.488,-3.206,-3.769,5.791,-9.303,-3.488,-3.206,-3.769,5.791,-9.303
F251T,0.018,-3.681,-3.423,-3.938,8.438,-10.013,-3.681,-3.423,-3.938,8.438,-10.013
F251V,0.018,-3.540,-3.416,-3.663,8.343,-8.848,-3.540,-3.416,-3.663,8.343,-8.848
F251W,0.018,-3.847,-3.469,-4.225,9.089,-11.214,-3.847,-3.469,-4.225,9.089,-11.214
F251Y,0.018,-3.230,-3.159,-3.302,5.326,-7.196,-3.230,-3.159,-3.302,5.326,-7.196
Q252A,0.018,-3.252,-3.400,-3.103,8.252,-6.154,-3.252,-3.400,-3.103,8.252,-6.154
Q252C,0.018,-3.490,-3.377,-3.604,7.960,-8.591,-3.490,-3.377,-3.604,7.960,-8.591
Q252D,0.018,-3.390,-3.329,-3.450,7.224,-7.901,-3.390,-3.329,-3.450,7.224,-7.901
Q252E,0.018,-3.079,-3.072,-3.086,4.182,-6.060,-3.079,-3.072,-3.086,4.182,-6.060
Q252F,0.018,-3.582,-3.307,-3.856,6.973,-9.677,-3.582,-3.307,-3.856,6.973,-9.677
Q252G,0.018,-3.368,-3.404,-3.333,8.285,-7.335,-3.368,-3.404,-3.333,8.285,-7.335
Q252H,0.018,-3.142,-3.398,-2.887,8.227,-4.795,-3.142,-3.398,-2.887,8.227,-4.795
Q252I,0.018,-3.548,-3.315,-3.781,7.138,-9.361,-3.548,-3.315,-3.781,7.138,-9.361
Q252K,0.018,-3.314,-3.305,-3.324,7.061,-7.300,-3.314,-3.305,-3.324,7.061,-7.300
Q252L,0.018,-3.183,-3.291,-3.075,6.827,-5.997,-3.183,-3.291,-3.075,6.827,-5.997
Q252M,0.018,-3.402,-3.391,-3.414,8.156,-7.724,-3.402,-3.391,-3.414,8.156,-7.724
Q252N,0.018,-3.360,-3.398,-3.323,8.225,-7.292,-3.360,-3.398,-3.323,8.225,-7.292
Q252P,0.018,-2.742,-2.831,-2.654,1.382,-1.600,-2.742,-2.831,-2.654,1.382,-1.600
Q252R,0.018,-3.204,-3.387,-3.020,8.019,-5.664,-3.204,-3.387,-3.020,8.019,-5.664
Q252S,0.018,-3.069,-3.182,-2.957,5.512,-5.289,-3.069,-3.182,-2.957,5.512,-5.289
Q252T,0.018,-3.220,-3.257,-3.182,6.489,-6.581,-3.220,-3.257,-3.182,6.489,-6.581
Q252V,0.018,-3.452,-3.388,-3.516,8.071,-8.201,-3.452,-3.388,-3.516,8.071,-8.201
Q252W,0.018,-3.730,-3.384,-4.075,8.035,-10.587,-3.730,-3.384,-4.075,8.035,-10.587
Q252Y,0.018,-3.596,-3.384,-3.809,8.006,-9.480,-3.596,-3.384,-3.809,8.006,-9.480
C253A,0.018,-3.949,-3.616,-4.282,11.000,-11.444,-3.949,-3.616,-4.282,11.000,-11.444
C253D,0.018,-3.899,-3.586,-4.211,10.631,-11.143,-3.899,-3.586,-4.211,10.631,-11.143
C253E,0.018,-4.200,-3.585,-4.815,10.604,-13.700,-4.200,-3.585,-4.815,10.604,-13.700
C253F,0.018,-3.980,-3.513,-4.446,9.605,-12.130,-3.980,-3.513,-4.446,9.605,-12.130
C253G,0.018,-3.836,-3.545,-4.128,10.145,-10.804,-3.836,-3.545,-4.128,10.145,-10.804
C253H,0.018,-3.931,-3.610,-4.252,10.941,-11.316,-3.931,-3.610,-4.252,10.941,-11.316
C253I,0.018,-4.172,-3.563,-4.780,10.278,-13.554,-4.172,-3.563,-4.780,10.278,-13.554
C253K,0.018,-4.165,-3.600,-4.730,10.825,-13.337,-4.165,-3.600,-4.730,10.825,-13.337
C253L,0.018,-4.011,-3.509,-4.513,9.511,-12.409,-4.011,-3.509,-4.513,9.511,-12.409
C253M,0.018,-4.219,-3.588,-4.849,10.657,-13.851,-4.219,-3.588,-4.849,10.657,-13.851
C253N,0.018,-3.963,-3.594,-4.332,10.756,-11.651,-3.963,-3.594,-4.332,10.756,-11.651
C253P,0.018,-3.890,-3.571,-4.208,10.371,-11.144,-3.890,-3.571,-4.208,10.371,-11.144
C253Q,0.018,-4.158,-3.595,-4.720,10.742,-13.285,-4.158,-3.595,-4.720,10.742,-13.285
C253R,0.018,-3.866,-3.574,-4.157,10.470,-10.936,-3.866,-3.574,-4.157,10.470,-10.936
C253S,0.018,-3.659,-3.562,-3.756,10.287,-9.247,-3.659,-3.562,-3.756,10.287,-9.247
C253T,0.018,-3.955,-3.606,-4.304,10.905,-11.539,-3.955,-3.606,-4.304,10.905,-11.539
C253V,0.018,-4.037,-3.572,-4.503,10.433,-12.370,-4.037,-3.572,-4.503,10.433,-12.370
C253W,0.018,-4.032,-3.594,-4.469,10.723,-12.227,-4.032,-3.594,-4.469,10.723,-12.227
C253Y,0.018,-3.888,-3.618,-4.158,11.055,-10.927,-3.888,-3.618,-4.158,11.055,-10.927
N254A,0.034,-2.798,-2.628,-2.967,-1.069,2.067,-2.798,-2.628,-2.967,-1.069,2.067
N254C,0.034,-2.843,-3.019,-2.667,3.655,-2.322,-2.843,-3.019,-2.667,3.655,-2.322
N254D,0.034,-2.754,-2.823,-2.686,1.259,-0.333,-2.754,-2.823,-2.686,1.259,-0.333
N254E,0.034,-2.694,-2.719,-2.670,0.021,-0.618,-2.694,-2.719,-2.670,0.021,-0.618
N254F,0.034,-2.840,-3.006,-2.674,3.465,-2.520,-2.840,-3.006,-2.674,3.465,-2.520
N254G,0.034,-2.830,-2.966,-2.693,2.807,-0.185,-2.830,-2.966,-2.693,2.807,-0.185
N254H,0.034,-2.816,-2.965,-2.666,3.061,-0.746,-2.816,-2.965,-2.666,3.061,-0.746
N254I,0.034,-2.704,-2.755,-2.653,0.580,-1.181,-2.704,-2.755,-2.653,0.580,-1.181
N254K,0.034,-2.774,-2.865,-2.682,1.774,-2.677,-2.774,-2.865,-2.682,1.774,-2.677
N254L,0.034,-2.713,-2.720,-2.705,0.046,-0.030,-2.713,-2.720,-2.705,0.046,-0.030
N254M,0.034,-2.785,-2.917,-2.653,2.484,-1.191,-2.785,-2.917,-2.653,2.484,-1.191
N254P,0.034,-2.744,-2.683,-2.805,-0.422,0.989,-2.744,-2.683,-2.805,-0.422,0.989
N254Q,0.034,-2.774,-2.871,-2.676,1.874,-0.489,-2.774,-2.871,-2.676,1.874,-0.489
N254R,0.034,-2.779,-2.908,-2.651,2.247,-1.332,-2.779,-2.908,-2.651,2.247,-1.332
N254S,0.034,-2.866,-2.709,-3.023,-0.086,2.377,-2.866,-2.709,-3.023,-0.086,2.377
N254T,0.034,-2.806,-2.762,-2.851,0.636,1.330,-2.806,-2.762,-2.851,0.636,1.330
N254V,0.034,-2.739,-2.744,-2.734,0.485,0.337,-2.739,-2.744,-2.734,0.485,0.337
N254W,0.034,-2.956,-3.010,-2.902,3.501,-4.912,-2.956,-3.010,-2.902,3.501,-4.912
N254Y,0.034,-2.876,-3.030,-2.722,3.756,-3.305,-2.876,-3.030,-2.722,3.756,-3.305
S255A,0.032,-2.754,-2.843,-2.666,1.612,-0.772,-2.754,-2.843,-2.666,1.612,-0.772
S255C,0.032,-2.840,-3.003,-2.677,3.399,-2.624,-2.840,-3.003,-2.677,3.399,-2.624
S255D,0.032,-2.696,-2.604,-2.788,-1.244,0.835,-2.696,-2.604,-2.788,-1.244,0.835
S255E,0.032,-2.750,-2.732,-2.768,0.250,0.669,-2.750,-2.732,-2.768,0.250,0.669
S255F,0.032,-2.854,-3.054,-2.655,4.151,-1.988,-2.854,-3.054,-2.655,4.151,-1.988
S255G,0.032,-2.827,-3.001,-2.652,3.620,-1.524,-2.827,-3.001,-2.652,3.620,-1.524
S255H,0.032,-2.923,-2.628,-3.219,-0.845,3.312,-2.923,-2.628,-3.219,-0.845,3.312
S255I,0.032,-2.930,-3.074,-2.787,4.330,-3.991,-2.930,-3.074,-2.787,4.330,-3.991
S255K,0.032,-2.823,-2.982,-2.664,3.295,-2.224,-2.823,-2.982,-2.664,3.295,-2.224
S255L,0.032,-2.810,-2.966,-2.653,3.111,-1.758,-2.810,-2.966,-2.653,3.111,-1.758
S255M,0.032,-2.887,-3.017,-2.757,3.667,-3.685,-2.887,-3.017,-2.757,3.667,-3.685
S255N,0.032,-2.862,-2.977,-2.747,3.191,0.483,-2.862,-2.977,-2.747,3.191,0.483
S255P,0.032,-2.814,-2.940,-2.687,2.752,-2.754,-2.814,-2.940,-2.687,2.752,-2.754
S255Q,0.032,-2.871,-2.914,-2.828,2.450,1.160,-2.871,-2.914,-2.828,2.450,1.160
S255R,0.032,-2.842,-3.027,-2.656,3.796,-1.094,-2.842,-3.027,-2.656,3.796,-1.094
S255T,0.032,-2.872,-3.088,-2.657,4.508,-1.986,-2.872,-3.088,-2.657,4.508,-1.986
S255V,0.032,-2.830,-2.996,-2.665,3.399,-2.344,-2.830,-2.996,-2.665,3.399,-2.344
S255W,0.032,-3.009,-3.090,-2.928,4.555,-5.100,-3.009,-3.090,-2.928,4.555,-5.100
S255Y,0.032,-2.792,-2.911,-2.672,2.533,-0.607,-2.792,-2.911,-2.672,2.533,-0.607
R256A,0.018,-3.121,-3.084,-3.158,4.350,-6.450,-3.121,-3.084,-3.158,4.350,-6.450
R256C,0.018,-3.090,-3.217,-2.962,5.900,-5.310,-3.090,-3.217,-2.962,5.900,-5.310
R256D,0.018,-3.498,-3.235,-3.762,6.192,-9.275,-3.498,-3.235,-3.762,6.192,-9.275
R256E,0.018,-3.390,-3.267,-3.512,6.604,-8.176,-3.390,-3.267,-3.512,6.604,-8.176
R256F,0.018,-3.512,-3.340,-3.684,7.443,-8.937,-3.512,-3.340,-3.684,7.443,-8.937
R256G,0.018,-2.923,-3.007,-2.839,3.426,-4.432,-2.923,-3.007,-2.839,3.426,-4.432
R256H,0.018,-2.995,-3.100,-2.890,4.619,-4.826,-2.995,-3.100,-2.890,4.619,-4.826
R256I,0.018,-3.564,-3.335,-3.793,7.472,-9.404,-3.564,-3.335,-3.793,7.472,-9.404
R256K,0.018,-2.936,-3.111,-2.760,4.734,-3.701,-2.936,-3.111,-2.760,4.734,-3.701
R256L,0.018,-3.270,-3.359,-3.180,7.698,-6.582,-3.270,-3.359,-3.180,7.698,-6.582
R256M,0.018,-3.421,-3.357,-3.485,7.717,-8.058,-3.421,-3.357,-3.485,7.717,-8.058
R256N,0.018,-3.219,-3.270,-3.168,6.524,-6.514,-3.219,-3.270,-3.168,6.524,-6.514
R256P,0.018,-3.428,-3.367,-3.488,7.815,-8.065,-3.428,-3.367,-3.488,7.815,-8.065
R256Q,0.018,-2.947,-3.090,-2.804,4.438,-4.119,-2.947,-3.090,-2.804,4.438,-4.119
R256S,0.018,-3.016,-3.109,-2.924,4.651,-5.045,-3.016,-3.109,-2.924,4.651,-5.045
R256T,0.018,-3.280,-3.269,-3.291,6.587,-7.140,-3.280,-3.269,-3.291,6.587,-7.140
R256V,0.018,-3.456,-3.376,-3.535,7.952,-8.286,-3.456,-3.376,-3.535,7.952,-8.286
R256W,0.018,-3.430,-3.368,-3.493,7.815,-8.091,-3.430,-3.368,-3.493,7.815,-8.091
R256Y,0.018,-3.463,-3.345,-3.580,7.605,-8.481,-3.463,-3.345,-3.580,7.605,-8.481
H257A,0.018,-4.261,-3.606,-4.916,10.873,-14.153,-4.261,-3.606,-4.916,10.873,-14.153
H257C,0.018,-3.803,-3.614,-3.992,11.026,-10.255,-3.803,-3.614,-3.992,11.026,-10.255
H257D,0.018,-3.931,-3.554,-4.308,10.189,-11.555,-3.931,-3.554,-4.308,10.189,-11.555
H257E,0.018,-4.230,-3.569,-4.891,10.405,-14.042,-4.230,-3.569,-4.891,10.405,-14.042
H257F,0.018,-4.107,-3.639,-4.575,11.355,-12.672,-4.107,-3.639,-4.575,11.355,-12.672
H257G,0.018,-4.201,-3.626,-4.776,11.174,-13.534,-4.201,-3.626,-4.776,11.174,-13.534
H257I,0.018,-4.392,-3.649,-5.134,11.491,-15.147,-4.392,-3.649,-5.134,11.491,-15.147
H257K,0.018,-4.038,-3.611,-4.466,10.946,-12.215,-4.038,-3.611,-4.466,10.946,-12.215
H257L,0.018,-4.005,-3.615,-4.395,11.049,-11.923,-4.005,-3.615,-4.395,11.049,-11.923
H257M,0.018,-4.298,-3.634,-4.963,11.270,-14.361,-4.298,-3.634,-4.963,11.270,-14.361
H257N,0.018,-3.819,-3.601,-4.037,10.846,-10.433,-3.819,-3.601,-4.037,10.846,-10.433
H257P,0.018,-4.016,-3.613,-4.420,10.985,-12.016,-4.016,-3.613,-4.420,10.985,-12.016
H257Q,0.018,-3.732,-3.609,-3.855,10.952,-9.672,-3.732,-3.609,-3.855,10.952,-9.672
H257R,0.018,-3.714,-3.646,-3.783,11.430,-9.352,-3.714,-3.646,-3.783,11.430,-9.352
H257S,0.018,-3.984,-3.614,-4.354,11.002,-11.739,-3.984,-3.614,-4.354,11.002,-11.739
H257T,0.018,-4.216,-3.646,-4.785,11.464,-13.572,-4.216,-3.646,-4.785,11.464,-13.572
H257V,0.018,-4.316,-3.625,-5.006,11.146,-14.555,-4.316,-3.625,-5.006,11.146,-14.555
H257W,0.018,-4.263,-3.618,-4.908,11.073,-14.117,-4.263,-3.618,-4.908,11.073,-14.117
H257Y,0.018,-3.739,-3.605,-3.873,10.888,-9.741,-3.739,-3.605,-3.873,10.888,-9.741
V258A,0.018,-3.109,-3.202,-3.016,5.750,-5.658,-3.109,-3.202,-3.016,5.750,-5.658
V258C,0.018,-3.550,-3.354,-3.745,7.625,-9.205,-3.550,-3.354,-3.745,7.625,-9.205
V258D,0.018,-3.840,-3.533,-4.146,9.963,-10.877,-3.840,-3.533,-4.146,9.963,-10.877
V258E,0.018,-3.663,-3.454,-3.872,8.858,-9.744,-3.663,-3.454,-3.872,8.858,-9.744
V258F,0.018,-3.526,-3.474,-3.578,9.178,-8.473,-3.526,-3.474,-3.578,9.178,-8.473
V258G,0.018,-3.692,-3.481,-3.902,9.259,-9.867,-3.692,-3.481,-3.902,9.259,-9.867
V258H,0.018,-3.833,-3.448,-4.218,8.844,-11.182,-3.833,-3.448,-4.218,8.844,-11.182
V258I,0.018,-3.060,-3.332,-2.788,7.386,-3.971,-3.060,-3.332,-2.788,7.386,-3.971
V258K,0.018,-3.856,-3.497,-4.215,9.444,-11.175,-3.856,-3.497,-4.215,9.444,-11.175
V258L,0.018,-3.217,-3.445,-2.989,8.749,-5.478,-3.217,-3.445,-2.989,8.749,-5.478
V258M,0.018,-3.290,-3.463,-3.116,8.970,-6.231,-3.290,-3.463,-3.116,8.970,-6.231
V258N,0.018,-3.755,-3.506,-4.005,9.583,-10.302,-3.755,-3.506,-4.005,9.583,-10.302
V258P,0.018,-3.624,-3.453,-3.796,8.879,-9.427,-3.624,-3.453,-3.796,8.879,-9.427
V258Q,0.018,-3.750,-3.487,-4.012,9.304,-10.329,-3.750,-3.487,-4.012,9.304,-10.329
V258R,0.018,-3.755,-3.467,-4.043,9.078,-10.454,-3.755,-3.467,-4.043,9.078,-10.454
V258S,0.018,-3.418,-3.335,-3.501,7.352,-8.118,-3.418,-3.335,-3.501,7.352,-8.118
V258T,0.018,-3.189,-3.151,-3.227,5.194,-6.808,-3.189,-3.151,-3.227,5.194,-6.808
V258W,0.018,-3.968,-3.508,-4.427,9.628,-12.046,-3.968,-3.508,-4.427,9.628,-12.046
V258Y,0.018,-3.800,-3.471,-4.130,9.123,-10.812,-3.800,-3.471,-4.130,9.123,-10.812
I259A,0.018,-3.220,-3.343,-3.096,7.543,-6.120,-3.220,-3.343,-3.096,7.543,-6.120
I259C,0.018,-3.570,-3.465,-3.676,9.058,-8.904,-3.570,-3.465,-3.676,9.058,-8.904
I259D,0.018,-4.077,-3.487,-4.666,9.332,-13.057,-4.077,-3.487,-4.666,9.332,-13.057
I259E,0.018,-4.064,-3.522,-4.605,9.751,-12.794,-4.064,-3.522,-4.605,9.751,-12.794
I259F,0.018,-3.335,-3.486,-3.183,9.333,-6.585,-3.335,-3.486,-3.183,9.333,-6.585
I259G,0.018,-3.843,-3.495,-4.191,9.447,-11.067,-3.843,-3.495,-4.191,9.447,-11.067
I259H,0.018,-3.863,-3.490,-4.236,9.363,-11.254,-3.863,-3.490,-4.236,9.363,-11.254
I259K,0.018,-3.984,-3.500,-4.469,9.492,-12.234,-3.984,-3.500,-4.469,9.492,-12.234
I259L,0.018,-3.080,-3.246,-2.915,6.276,-5.000,-3.080,-3.246,-2.915,6.276,-5.000
I259M,0.018,-3.034,-3.123,-2.944,4.829,-5.174,-3.034,-3.123,-2.944,4.829,-5.174
I259N,0.018,-3.551,-3.492,-3.610,9.401,-8.617,-3.551,-3.492,-3.610,9.401,-8.617
I259P,0.018,-3.843,-3.496,-4.191,9.448,-11.064,-3.843,-3.496,-4.191,9.448,-11.064
I259Q,0.018,-3.865,-3.481,-4.249,9.293,-11.308,-3.865,-3.481,-4.249,9.293,-11.308
I259R,0.018,-3.902,-3.471,-4.334,9.126,-11.655,-3.902,-3.471,-4.334,9.126,-11.655
I259S,0.018,-3.228,-3.314,-3.142,7.113,-6.366,-3.228,-3.314,-3.142,7.113,-6.366
I259T,0.018,-3.016,-3.249,-2.784,6.375,-3.969,-3.016,-3.249,-2.784,6.375,-3.969
I259V,0.018,-2.947,-3.200,-2.694,5.700,-2.890,-2.947,-3.200,-2.694,5.700,-2.890
I259W,0.018,-3.948,-3.489,-4.406,9.364,-11.966,-3.948,-3.489,-4.406,9.364,-11.966
I259Y,0.018,-3.722,-3.477,-3.967,9.188,-10.137,-3.722,-3.477,-3.967,9.188,-10.137
C260A,0.018,-4.319,-3.609,-5.029,10.927,-14.664,-4.319,-3.609,-5.029,10.927,-14.664
C260D,0.018,-3.916,-3.626,-4.206,11.184,-11.123,-3.916,-3.626,-4.206,11.184,-11.123
C260E,0.018,-4.502,-3.610,-5.393,10.969,-16.433,-4.502,-3.610,-5.393,10.969,-16.433
C260F,0.018,-4.094,-3.631,-4.557,11.219,-12.599,-4.094,-3.631,-4.557,11.219,-12.599
C260G,0.018,-3.970,-3.606,-4.333,10.893,-11.655,-3.970,-3.606,-4.333,10.893,-11.655
C260H,0.018,-3.952,-3.588,-4.317,10.678,-11.600,-3.952,-3.588,-4.317,10.678,-11.600
C260I,0.018,-4.568,-3.629,-5.506,11.200,-17.048,-4.568,-3.629,-5.506,11.200,-17.048
C260K,0.018,-4.574,-3.624,-5.523,11.120,-17.141,-4.574,-3.624,-5.523,11.120,-17.141
C260L,0.018,-4.405,-3.643,-5.166,11.366,-15.297,-4.405,-3.643,-5.166,11.366,-15.297
C260M,0.018,-4.606,-3.613,-5.600,10.984,-17.580,-4.606,-3.613,-5.600,10.984,-17.580
C260N,0.018,-4.262,-3.636,-4.889,11.312,-14.028,-4.262,-3.636,-4.889,11.312,-14.028
C260P,0.018,-4.347,-3.623,-5.071,11.142,-14.851,-4.347,-3.623,-5.071,11.142,-14.851
C260Q,0.018,-4.446,-3.626,-5.265,11.176,-15.783,-4.446,-3.626,-5.265,11.176,-15.783
C260R,0.018,-4.090,-3.613,-4.568,11.014,-12.645,-4.090,-3.613,-4.568,11.014,-12.645
C260S,0.018,-3.971,-3.605,-4.336,10.858,-11.660,-3.971,-3.605,-4.336,10.858,-11.660
C260T,0.018,-4.366,-3.629,-5.103,11.225,-15.003,-4.366,-3.629,-5.103,11.225,-15.003
C260V,0.018,-4.462,-3.608,-5.316,10.990,-16.041,-4.462,-3.608,-5.316,10.990,-16.041
C260W,0.018,-4.242,-3.642,-4.843,11.359,-13.831,-4.242,-3.642,-4.843,11.359,-13.831
C260Y,0.018,-3.968,-3.637,-4.300,11.324,-11.519,-3.968,-3.637,-4.300,11.324,-11.519
L261A,0.018,-3.659,-3.521,-3.797,9.774,-9.426,-3.659,-3.521,-3.797,9.774,-9.426
L261C,0.018,-3.778,-3.506,-4.051,9.556,-10.498,-3.778,-3.506,-4.051,9.556,-10.498
L261D,0.018,-4.160,-3.521,-4.800,9.736,-13.639,-4.160,-3.521,-4.800,9.736,-13.639
L261E,0.018,-3.914,-3.440,-4.387,8.723,-11.887,-3.914,-3.440,-4.387,8.723,-11.887
L261F,0.018,-3.261,-3.439,-3.083,8.714,-6.034,-3.261,-3.439,-3.083,8.714,-6.034
L261G,0.018,-3.940,-3.523,-4.358,9.809,-11.765,-3.940,-3.523,-4.358,9.809,-11.765
L261H,0.018,-3.742,-3.511,-3.973,9.652,-10.166,-3.742,-3.511,-3.973,9.652,-10.166
L261I,0.018,-3.052,-3.215,-2.889,5.952,-4.807,-3.052,-3.215,-2.889,5.952,-4.807
L261K,0.018,-3.779,-3.510,-4.048,9.614,-10.477,-3.779,-3.510,-4.048,9.614,-10.477
L261M,0.018,-3.211,-3.465,-2.957,9.041,-5.281,-3.211,-3.465,-2.957,9.041,-5.281
L261N,0.018,-3.880,-3.467,-4.293,9.017,-11.492,-3.880,-3.467,-4.293,9.017,-11.492
L261P,0.018,-3.614,-3.508,-3.721,9.602,-9.093,-3.614,-3.508,-3.721,9.602,-9.093
L261Q,0.018,-3.570,-3.503,-3.636,9.486,-8.733,-3.570,-3.503,-3.636,9.486,-8.733
L261R,0.018,-3.544,-3.449,-3.638,8.752,-8.746,-3.544,-3.449,-3.638,8.752,-8.746
L261S,0.018,-3.615,-3.484,-3.746,9.312,-9.207,-3.615,-3.484,-3.746,9.312,-9.207
L261T,0.018,-3.456,-3.440,-3.471,8.689,-8.000,-3.456,-3.440,-3.471,8.689,-8.000
L261V,0.018,-3.173,-3.249,-3.096,6.304,-6.115,-3.173,-3.249,-3.096,6.304,-6.115
L261W,0.018,-3.776,-3.506,-4.047,9.574,-10.475,-3.776,-3.506,-4.047,9.574,-10.475
L261Y,0.018,-3.742,-3.497,-3.987,9.446,-10.222,-3.742,-3.497,-3.987,9.446,-10.222
D262A,0.018,-3.496,-3.427,-3.566,8.545,-8.423,-3.496,-3.427,-3.566,8.545,-8.423
D262C,0.018,-3.920,-3.464,-4.377,9.062,-11.847,-3.920,-3.464,-4.377,9.062,-11.847
D262E,0.018,-2.871,-3.001,-2.741,3.332,-3.507,-2.871,-3.001,-2.741,3.332,-3.507
D262F,0.018,-3.960,-3.417,-4.502,8.400,-12.357,-3.960,-3.417,-4.502,8.400,-12.357
D262G,0.018,-3.324,-3.362,-3.287,7.760,-7.117,-3.324,-3.362,-3.287,7.760,-7.117
D262H,0.018,-3.434,-3.352,-3.516,7.654,-8.201,-3.434,-3.352,-3.516,7.654,-8.201
D262I,0.018,-3.960,-3.466,-4.455,9.048,-12.172,-3.960,-3.466,-4.455,9.048,-12.172
D262K,0.018,-3.684,-3.438,-3.931,8.763,-9.996,-3.684,-3.438,-3.931,8.763,-9.996
D262L,0.018,-3.864,-3.469,-4.260,9.135,-11.356,-3.864,-3.469,-4.260,9.135,-11.356
D262M,0.018,-3.964,-3.376,-4.552,7.938,-12.572,-3.964,-3.376,-4.552,7.938,-12.572
D262N,0.018,-3.202,-3.288,-3.117,6.819,-6.238,-3.202,-3.288,-3.117,6.819,-6.238
D262P,0.018,-3.578,-3.225,-3.932,6.068,-9.992,-3.578,-3.225,-3.932,6.068,-9.992
D262Q,0.018,-3.458,-3.304,-3.613,7.006,-8.634,-3.458,-3.304,-3.613,7.006,-8.634
D262R,0.018,-3.748,-3.415,-4.082,8.463,-10.615,-3.748,-3.415,-4.082,8.463,-10.615
D262S,0.018,-3.335,-3.334,-3.336,7.407,-7.363,-3.335,-3.334,-3.336,7.407,-7.363
D262T,0.018,-3.625,-3.454,-3.795,8.930,-9.423,-3.625,-3.454,-3.795,8.930,-9.423
D262V,0.018,-3.759,-3.467,-4.051,9.046,-10.489,-3.759,-3.467,-4.051,9.046,-10.489
D262W,0.018,-4.123,-3.453,-4.793,8.885,-13.611,-4.123,-3.453,-4.793,8.885,-13.611
D262Y,0.018,-3.722,-3.368,-4.077,7.821,-10.602,-3.722,-3.368,-4.077,7.821,-10.602
C263A,0.018,-4.122,-3.631,-4.612,11.250,-12.823,-4.122,-3.631,-4.612,11.250,-12.823
C263D,0.018,-4.118,-3.628,-4.607,11.179,-12.804,-4.118,-3.628,-4.607,11.179,-12.804
C263E,0.018,-4.361,-3.639,-5.083,11.336,-14.910,-4.361,-3.639,-5.083,11.336,-14.910
C263F,0.018,-4.024,-3.608,-4.439,10.946,-12.108,-4.024,-3.608,-4.439,10.946,-12.108
C263G,0.018,-4.072,-3.640,-4.504,11.354,-12.371,-4.072,-3.640,-4.504,11.354,-12.371
C263H,0.018,-3.984,-3.637,-4.331,11.315,-11.639,-3.984,-3.637,-4.331,11.315,-11.639
C263I,0.018,-4.450,-3.631,-5.270,11.240,-15.809,-4.450,-3.631,-5.270,11.240,-15.809
C263K,0.018,-4.432,-3.632,-5.231,11.266,-15.613,-4.432,-3.632,-5.231,11.266,-15.613
C263L,0.018,-4.278,-3.634,-4.922,11.284,-14.177,-4.278,-3.634,-4.922,11.284,-14.177
C263M,0.018,-4.510,-3.648,-5.371,11.469,-16.327,-4.510,-3.648,-5.371,11.469,-16.327
C263N,0.018,-4.208,-3.635,-4.782,11.300,-13.559,-4.208,-3.635,-4.782,11.300,-13.559
C263P,0.018,-4.150,-3.635,-4.665,11.293,-13.052,-4.150,-3.635,-4.665,11.293,-13.052
C263Q,0.018,-4.338,-3.635,-5.042,11.294,-14.727,-4.338,-3.635,-5.042,11.294,-14.727
C263R,0.018,-4.065,-3.623,-4.506,11.120,-12.382,-4.065,-3.623,-4.506,11.120,-12.382
C263S,0.018,-3.885,-3.634,-4.137,11.288,-10.847,-3.885,-3.634,-4.137,11.288,-10.847
C263T,0.018,-4.152,-3.615,-4.690,11.041,-13.154,-4.152,-3.615,-4.690,11.041,-13.154
C263V,0.018,-4.211,-3.640,-4.782,11.360,-13.551,-4.211,-3.640,-4.782,11.360,-13.551
C263W,0.018,-4.257,-3.642,-4.872,11.389,-13.948,-4.257,-3.642,-4.872,11.389,-13.948
C263Y,0.018,-3.904,-3.642,-4.165,11.382,-10.963,-3.904,-3.642,-4.165,11.382,-10.963
F264A,0.018,-4.173,-3.631,-4.715,11.232,-13.266,-4.173,-3.631,-4.715,11.232,-13.266
F264C,0.018,-3.903,-3.603,-4.203,10.851,-11.125,-3.903,-3.603,-4.203,10.851,-11.125
F264D,0.018,-4.618,-3.610,-5.625,10.945,-17.735,-4.618,-3.610,-5.625,10.945,-17.735
F264E,0.018,-4.661,-3.611,-5.711,10.997,-18.280,-4.661,-3.611,-5.711,10.997,-18.280
F264G,0.018,-4.435,-3.622,-5.249,11.124,-15.707,-4.435,-3.622,-5.249,11.124,-15.707
F264H,0.018,-4.096,-3.601,-4.591,10.834,-12.742,-4.096,-3.601,-4.591,10.834,-12.742
F264I,0.018,-3.815,-3.611,-4.019,10.933,-10.359,-3.815,-3.611,-4.019,10.933,-10.359
F264K,0.018,-4.584,-3.610,-5.559,10.941,-17.347,-4.584,-3.610,-5.559,10.941,-17.347
F264L,0.018,-3.496,-3.594,-3.399,10.710,-7.661,-3.496,-3.594,-3.399,10.710,-7.661
F264M,0.018,-3.820,-3.620,-4.020,11.093,-10.364,-3.820,-3.620,-4.020,11.093,-10.364
F264N,0.018,-4.414,-3.607,-5.222,10.938,-15.577,-4.414,-3.607,-5.222,10.938,-15.577
F264P,0.018,-4.500,-3.621,-5.379,11.099,-16.355,-4.500,-3.621,-5.379,11.099,-16.355
F264Q,0.018,-4.402,-3.592,-5.212,10.718,-15.523,-4.402,-3.592,-5.212,10.718,-15.523
F264R,0.018,-4.480,-3.637,-5.324,11.339,-16.081,-4.480,-3.637,-5.324,11.339,-16.081
F264S,0.018,-4.108,-3.621,-4.595,11.114,-12.758,-4.108,-3.621,-4.595,11.114,-12.758
F264T,0.018,-4.132,-3.605,-4.660,10.865,-13.030,-4.132,-3.605,-4.660,10.865,-13.030
F264V,0.018,-3.834,-3.624,-4.043,11.095,-10.459,-3.834,-3.624,-4.043,11.095,-10.459
F264W,0.018,-3.922,-3.617,-4.227,11.059,-11.219,-3.922,-3.617,-4.227,11.059,-11.219
F264Y,0.018,-3.442,-3.626,-3.259,11.172,-6.977,-3.442,-3.626,-3.259,11.172,-6.977
H265A,0.018,-3.575,-3.184,-3.966,5.536,-10.141,-3.575,-3.184,-3.966,5.536,-10.141
H265C,0.018,-3.364,-3.234,-3.495,6.176,-8.099,-3.364,-3.234,-3.495,6.176,-8.099
H265D,0.018,-3.660,-3.360,-3.960,7.699,-10.111,-3.660,-3.360,-3.960,7.699,-10.111
H265E,0.018,-3.580,-3.199,-3.962,5.667,-10.124,-3.580,-3.199,-3.962,5.667,-10.124
H265F,0.018,-3.446,-3.352,-3.541,7.608,-8.299,-3.446,-3.352,-3.541,7.608,-8.299
H265G,0.018,-3.528,-3.203,-3.854,5.749,-9.663,-3.528,-3.203,-3.854,5.749,-9.663
H265I,0.018,-3.790,-3.281,-4.298,6.694,-11.521,-3.790,-3.281,-4.298,6.694,-11.521
H265K,0.018,-3.338,-3.111,-3.565,4.671,-8.430,-3.338,-3.111,-3.565,4.671,-8.430
H265L,0.018,-3.503,-3.248,-3.757,6.344,-9.253,-3.503,-3.248,-3.757,6.344,-9.253
H265M,0.018,-3.883,-3.406,-4.360,8.250,-11.767,-3.883,-3.406,-4.360,8.250,-11.767
H265N,0.018,-3.208,-3.230,-3.187,6.058,-6.616,-3.208,-3.230,-3.187,6.058,-6.616
H265P,0.018,-3.889,-3.363,-4.415,7.718,-12.004,-3.889,-3.363,-4.415,7.718,-12.004
H265Q,0.018,-3.034,-3.149,-2.919,5.062,-5.015,-3.034,-3.149,-2.919,5.062,-5.015
H265R,0.018,-2.937,-2.970,-2.904,2.927,-4.915,-2.937,-2.970,-2.904,2.927,-4.915
H265S,0.018,-3.350,-3.269,-3.430,6.570,-7.806,-3.350,-3.269,-3.430,6.570,-7.806
H265T,0.018,-3.480,-3.180,-3.781,5.421,-9.358,-3.480,-3.180,-3.781,5.421,-9.358
H265V,0.018,-3.694,-3.162,-4.227,5.304,-11.226,-3.694,-3.162,-4.227,5.304,-11.226
H265W,0.018,-3.636,-3.354,-3.917,7.560,-9.930,-3.636,-3.354,-3.917,7.560,-9.930
H265Y,0.018,-3.088,-3.250,-2.927,6.432,-5.064,-3.088,-3.250,-2.927,6.432,-5.064
L266A,0.018,-3.064,-3.213,-2.916,5.839,-5.009,-3.064,-3.213,-2.916,5.839,-5.009
L266C,0.018,-3.304,-3.370,-3.238,7.797,-6.874,-3.304,-3.370,-3.238,7.797,-6.874
L266D,0.018,-3.244,-3.222,-3.267,6.037,-7.029,-3.244,-3.222,-3.267,6.037,-7.029
L266E,0.018,-3.075,-3.133,-3.017,4.862,-5.646,-3.075,-3.133,-3.017,4.862,-5.646
L266F,0.018,-3.190,-3.392,-2.988,8.088,-5.464,-3.190,-3.392,-2.988,8.088,-5.464
L266G,0.018,-3.090,-3.164,-3.016,5.291,-5.649,-3.090,-3.164,-3.016,5.291,-5.649
L266H,0.018,-3.034,-3.231,-2.838,6.126,-4.437,-3.034,-3.231,-2.838,6.126,-4.437
L266I,0.018,-2.991,-3.099,-2.883,4.480,-4.755,-2.991,-3.099,-2.883,4.480,-4.755
L266K,0.018,-3.143,-3.325,-2.961,7.203,-5.302,-3.143,-3.325,-2.961,7.203,-5.302
L266M,0.018,-2.954,-3.201,-2.707,5.751,-3.078,-2.954,-3.201,-2.707,5.751,-3.078
L266N,0.018,-3.050,-3.161,-2.938,5.235,-5.149,-3.050,-3.161,-2.938,5.235,-5.149
L266P,0.018,-3.597,-3.360,-3.834,7.652,-9.578,-3.597,-3.360,-3.834,7.652,-9.578
L266Q,0.018,-2.910,-3.146,-2.673,5.090,-2.524,-2.910,-3.146,-2.673,5.090,-2.524
L266R,0.018,-2.916,-3.101,-2.731,4.515,-3.371,-2.916,-3.101,-2.731,4.515,-3.371
L266S,0.018,-3.022,-3.193,-2.852,5.637,-4.522,-3.022,-3.193,-2.852,5.637,-4.522
L266T,0.018,-3.014,-3.142,-2.886,4.997,-4.785,-3.014,-3.142,-2.886,4.997,-4.785
L266V,0.018,-3.022,-3.202,-2.842,5.725,-4.443,-3.022,-3.202,-2.842,5.725,-4.443
L266W,0.018,-3.403,-3.388,-3.418,8.075,-7.744,-3.403,-3.388,-3.418,8.075,-7.744
L266Y,0.018,-3.260,-3.376,-3.143,7.902,-6.365,-3.260,-3.376,-3.143,7.902,-6.365
Y267A,0.018,-3.942,-3.583,-4.301,10.591,-11.520,-3.942,-3.583,-4.301,10.591,-11.520
Y267C,0.018,-3.456,-3.504,-3.408,9.486,-7.696,-3.456,-3.504,-3.408,9.486,-7.696
Y267D,0.018,-3.948,-3.507,-4.388,9.573,-11.887,-3.948,-3.507,-4.388,9.573,-11.887
Y267E,0.018,-4.162,-3.535,-4.789,9.948,-13.584,-4.162,-3.535,-4.789,9.948,-13.584
Y267F,0.018,-3.094,-3.343,-2.845,7.510,-4.478,-3.094,-3.343,-2.845,7.510,-4.478
Y267G,0.018,-4.116,-3.551,-4.680,10.150,-13.118,-4.116,-3.551,-4.680,10.150,-13.118
Y267H,0.018,-3.243,-3.580,-2.906,10.571,-4.933,-3.243,-3.580,-2.906,10.571,-4.933
Y267I,0.018,-3.852,-3.548,-4.156,10.139,-10.927,-3.852,-3.548,-4.156,10.139,-10.927
Y267K,0.018,-4.202,-3.567,-4.837,10.405,-13.803,-4.202,-3.567,-4.837,10.405,-13.803
Y267L,0.018,-3.410,-3.429,-3.391,8.635,-7.632,-3.410,-3.429,-3.391,8.635,-7.632
Y267M,0.018,-3.801,-3.559,-4.043,10.272,-10.462,-3.801,-3.559,-4.043,10.272,-10.462
Y267N,0.018,-3.646,-3.571,-3.721,10.402,-9.097,-3.646,-3.571,-3.721,10.402,-9.097
Y267P,0.018,-4.158,-3.572,-4.744,10.445,-13.393,-4.158,-3.572,-4.744,10.445,-13.393
Y267Q,0.018,-3.720,-3.566,-3.873,10.374,-9.753,-3.720,-3.566,-3.873,10.374,-9.753
Y267R,0.018,-3.881,-3.555,-4.207,10.206,-11.142,-3.881,-3.555,-4.207,10.206,-11.142
Y267S,0.018,-3.668,-3.568,-3.767,10.378,-9.298,-3.668,-3.568,-3.767,10.378,-9.298
Y267T,0.018,-3.848,-3.561,-4.134,10.292,-10.838,-3.848,-3.561,-4.134,10.292,-10.838
Y267V,0.018,-3.862,-3.539,-4.186,9.991,-11.046,-3.862,-3.539,-4.186,9.991,-11.046
Y267W,0.018,-3.700,-3.563,-3.837,10.328,-9.590,-3.700,-3.563,-3.837,10.328,-9.590
C268A,0.018,-3.508,-3.275,-3.742,6.685,-9.192,-3.508,-3.275,-3.742,6.685,-9.192
C268D,0.018,-4.256,-3.508,-5.004,9.614,-14.541,-4.256,-3.508,-5.004,9.614,-14.541
C268E,0.018,-4.312,-3.504,-5.121,9.571,-15.085,-4.312,-3.504,-5.121,9.571,-15.085
C268F,0.018,-3.655,-3.527,-3.783,9.858,-9.366,-3.655,-3.527,-3.783,9.858,-9.366
C268G,0.018,-3.635,-3.304,-3.966,7.060,-10.143,-3.635,-3.304,-3.966,7.060,-10.143
C268H,0.018,-4.000,-3.508,-4.491,9.616,-12.319,-4.000,-3.508,-4.491,9.616,-12.319
C268I,0.018,-3.812,-3.413,-4.211,8.351,-11.148,-3.812,-3.413,-4.211,8.351,-11.148
C268K,0.018,-4.286,-3.533,-5.040,9.892,-14.713,-4.286,-3.533,-5.040,9.892,-14.713
C268L,0.018,-3.710,-3.443,-3.977,8.699,-10.184,-3.710,-3.443,-3.977,8.699,-10.184
C268M,0.018,-3.907,-3.437,-4.376,8.658,-11.839,-3.907,-3.437,-4.376,8.658,-11.839
C268N,0.018,-3.930,-3.506,-4.353,9.595,-11.740,-3.930,-3.506,-4.353,9.595,-11.740
C268P,0.018,-4.230,-3.520,-4.941,9.778,-14.259,-4.230,-3.520,-4.941,9.778,-14.259
C268Q,0.018,-4.122,-3.498,-4.745,9.476,-13.404,-4.122,-3.498,-4.745,9.476,-13.404
C268R,0.018,-3.876,-3.540,-4.213,9.994,-11.171,-3.876,-3.540,-4.213,9.994,-11.171
C268S,0.018,-3.320,-3.250,-3.391,6.360,-7.614,-3.320,-3.250,-3.391,6.360,-7.614
C268T,0.018,-3.610,-3.485,-3.736,9.266,-9.164,-3.610,-3.485,-3.736,9.266,-9.164
C268V,0.018,-3.711,-3.448,-3.974,8.870,-10.169,-3.711,-3.448,-3.974,8.870,-10.169
C268W,0.018,-3.871,-3.528,-4.214,9.853,-11.163,-3.871,-3.528,-4.214,9.853,-11.163
C268Y,0.018,-3.722,-3.548,-3.895,10.115,-9.837,-3.722,-3.548,-3.895,10.115,-9.837
V269A,0.018,-3.064,-3.297,-2.830,6.952,-4.351,-3.064,-3.297,-2.830,6.952,-4.351
V269C,0.018,-3.375,-3.367,-3.383,7.824,-7.581,-3.375,-3.367,-3.383,7.824,-7.581
V269D,0.018,-3.663,-3.335,-3.991,7.400,-10.243,-3.663,-3.335,-3.991,7.400,-10.243
V269E,0.018,-3.158,-3.141,-3.175,4.958,-6.545,-3.158,-3.141,-3.175,4.958,-6.545
V269F,0.018,-3.412,-3.317,-3.507,7.197,-8.154,-3.412,-3.317,-3.507,7.197,-8.154
V269G,0.018,-3.383,-3.351,-3.415,7.592,-7.736,-3.383,-3.351,-3.415,7.592,-7.736
V269H,0.018,-3.451,-3.340,-3.562,7.471,-8.402,-3.451,-3.340,-3.562,7.471,-8.402
V269I,0.018,-2.962,-3.212,-2.712,5.881,-3.157,-2.962,-3.212,-2.712,5.881,-3.157
V269K,0.018,-3.233,-3.331,-3.135,7.286,-6.338,-3.233,-3.331,-3.135,7.286,-6.338
V269L,0.018,-3.002,-3.100,-2.903,4.498,-4.908,-3.002,-3.100,-2.903,4.498,-4.908
V269M,0.018,-2.996,-3.128,-2.863,4.898,-4.619,-2.996,-3.128,-2.863,4.898,-4.619
V269N,0.018,-3.375,-3.315,-3.435,7.113,-7.831,-3.375,-3.315,-3.435,7.113,-7.831
V269P,0.018,-3.906,-3.402,-4.410,8.237,-11.980,-3.906,-3.402,-4.410,8.237,-11.980
V269Q,0.018,-3.016,-3.057,-2.976,3.969,-5.417,-3.016,-3.057,-2.976,3.969,-5.417
V269R,0.018,-3.117,-3.142,-3.092,5.064,-6.101,-3.117,-3.142,-3.092,5.064,-6.101
V269S,0.018,-3.101,-3.170,-3.033,5.355,-5.754,-3.101,-3.170,-3.033,5.355,-5.754
V269T,0.018,-2.952,-3.148,-2.756,5.066,-3.663,-2.952,-3.148,-2.756,5.066,-3.663
V269W,0.018,-3.700,-3.401,-3.999,8.201,-10.276,-3.700,-3.401,-3.999,8.201,-10.276
V269Y,0.018,-3.625,-3.316,-3.934,7.081,-10.004,-3.625,-3.316,-3.934,7.081,-10.004
T270A,0.018,-2.988,-3.267,-2.709,6.648,-3.084,-2.988,-3.267,-2.709,6.648,-3.084
T270C,0.018,-3.400,-3.478,-3.322,9.211,-7.294,-3.400,-3.478,-3.322,9.211,-7.294
T270D,0.018,-3.450,-3.450,-3.450,8.819,-7.895,-3.450,-3.450,-3.450,8.819,-7.895
T270E,0.018,-3.394,-3.411,-3.378,8.288,-7.559,-3.394,-3.411,-3.378,8.288,-7.559
T270F,0.018,-3.517,-3.434,-3.600,8.634,-8.575,-3.517,-3.434,-3.600,8.634,-8.575
T270G,0.018,-3.300,-3.465,-3.134,9.048,-6.319,-3.300,-3.465,-3.134,9.048,-6.319
T270H,0.018,-3.469,-3.451,-3.487,8.861,-8.067,-3.469,-3.451,-3.487,8.861,-8.067
T270I,0.018,-3.114,-3.225,-3.003,6.037,-5.566,-3.114,-3.225,-3.003,6.037,-5.566
T270K,0.018,-3.460,-3.455,-3.465,8.929,-7.953,-3.460,-3.455,-3.465,8.929,-7.953
T270L,0.018,-3.220,-3.305,-3.134,7.037,-6.327,-3.220,-3.305,-3.134,7.037,-6.327
T270M,0.018,-3.258,-3.487,-3.029,9.357,-5.722,-3.258,-3.487,-3.029,9.357,-5.722
T270N,0.018,-3.166,-3.400,-2.932,8.222,-5.117,-3.166,-3.400,-2.932,8.222,-5.117
T270P,0.018,-3.504,-3.458,-3.550,9.003,-8.352,-3.504,-3.458,-3.550,9.003,-8.352
T270Q,0.018,-3.356,-3.407,-3.304,8.260,-7.202,-3.356,-3.407,-3.304,8.260,-7.202
T270R,0.018,-3.410,-3.447,-3.374,8.855,-7.536,-3.410,-3.447,-3.374,8.855,-7.536
T270S,0.018,-2.854,-3.048,-2.660,3.872,-2.123,-2.854,-3.048,-2.660,3.872,-2.123
T270V,0.018,-2.983,-3.113,-2.853,4.731,-4.528,-2.983,-3.113,-2.853,4.731,-4.528
T270W,0.018,-3.853,-3.471,-4.235,9.146,-11.256,-3.853,-3.471,-4.235,9.146,-11.256
T270Y,0.018,-3.630,-3.437,-3.824,8.720,-9.533,-3.630,-3.437,-3.824,8.720,-9.533
R271A,0.018,-3.479,-3.193,-3.765,5.684,-9.293,-3.479,-3.193,-3.765,5.684,-9.293
R271C,0.018,-3.188,-3.107,-3.269,4.682,-7.036,-3.188,-3.107,-3.269,4.682,-7.036
R271D,0.018,-4.054,-3.323,-4.785,7.335,-13.574,-4.054,-3.323,-4.785,7.335,-13.574
R271E,0.018,-3.772,-3.386,-4.159,8.144,-10.934,-3.772,-3.386,-4.159,8.144,-10.934
R271F,0.018,-3.688,-3.346,-4.029,7.602,-10.399,-3.688,-3.346,-4.029,7.602,-10.399
R271G,0.018,-3.511,-3.330,-3.692,7.391,-8.985,-3.511,-3.330,-3.692,7.391,-8.985
R271H,0.018,-3.230,-3.342,-3.117,7.539,-6.230,-3.230,-3.342,-3.117,7.539,-6.230
R271I,0.018,-3.616,-3.296,-3.936,6.895,-10.016,-3.616,-3.296,-3.936,6.895,-10.016
R271K,0.018,-2.962,-2.989,-2.936,3.271,-5.134,-2.962,-2.989,-2.936,3.271,-5.134
R271L,0.018,-3.270,-3.261,-3.279,6.608,-7.086,-3.270,-3.261,-3.279,6.608,-7.086
R271M,0.018,-3.292,-2.930,-3.654,2.648,-8.812,-3.292,-2.930,-3.654,2.648,-8.812
R271N,0.018,-3.494,-3.246,-3.743,6.456,-9.189,-3.494,-3.246,-3.743,6.456,-9.189
R271P,0.018,-3.761,-3.358,-4.163,7.746,-10.962,-3.761,-3.358,-4.163,7.746,-10.962
R271Q,0.018,-3.114,-3.239,-2.989,6.332,-5.482,-3.114,-3.239,-2.989,6.332,-5.482
R271S,0.018,-3.440,-3.335,-3.546,7.424,-8.336,-3.440,-3.335,-3.546,7.424,-8.336
R271T,0.018,-3.496,-3.270,-3.723,6.537,-9.110,-3.496,-3.270,-3.723,6.537,-9.110
R271V,0.018,-3.604,-3.312,-3.895,7.136,-9.844,-3.604,-3.312,-3.895,7.136,-9.844
R271W,0.018,-3.463,-3.367,-3.559,7.900,-8.393,-3.463,-3.367,-3.559,7.900,-8.393
R271Y,0.018,-3.552,-3.244,-3.861,6.263,-9.698,-3.552,-3.244,-3.861,6.263,-9.698
L272A,0.018,-3.835,-3.531,-4.138,9.920,-10.848,-3.835,-3.531,-4.138,9.920,-10.848
L272C,0.018,-3.880,-3.550,-4.211,10.142,-11.146,-3.880,-3.550,-4.211,10.142,-11.146
L272D,0.018,-4.335,-3.533,-5.137,9.963,-15.165,-4.335,-3.533,-5.137,9.963,-15.165
L272E,0.018,-4.212,-3.550,-4.875,10.188,-13.966,-4.212,-3.550,-4.875,10.188,-13.966
L272F,0.018,-3.418,-3.433,-3.404,8.536,-7.684,-3.418,-3.433,-3.404,8.536,-7.684
L272G,0.018,-4.138,-3.553,-4.722,10.223,-13.301,-4.138,-3.553,-4.722,10.223,-13.301
L272H,0.018,-3.907,-3.531,-4.284,9.942,-11.455,-3.907,-3.531,-4.284,9.942,-11.455
L272I,0.018,-3.252,-3.332,-3.172,7.409,-6.527,-3.252,-3.332,-3.172,7.409,-6.527
L272K,0.018,-4.102,-3.544,-4.659,10.097,-13.036,-4.102,-3.544,-4.659,10.097,-13.036
L272M,0.018,-3.312,-3.406,-3.218,8.369,-6.772,-3.312,-3.406,-3.218,8.369,-6.772
L272N,0.018,-4.108,-3.551,-4.665,10.160,-13.055,-4.108,-3.551,-4.665,10.160,-13.055
L272P,0.018,-3.879,-3.539,-4.219,10.065,-11.184,-3.879,-3.539,-4.219,10.065,-11.184
L272Q,0.018,-3.776,-3.550,-4.001,10.182,-10.287,-3.776,-3.550,-4.001,10.182,-10.287
L272R,0.018,-3.822,-3.531,-4.114,9.915,-10.750,-3.822,-3.531,-4.114,9.915,-10.750
L272S,0.018,-3.848,-3.529,-4.168,9.827,-10.983,-3.848,-3.529,-4.168,9.827,-10.983
L272T,0.018,-3.800,-3.541,-4.058,10.065,-10.521,-3.800,-3.541,-4.058,10.065,-10.521
L272V,0.018,-3.354,-3.415,-3.294,8.482,-7.154,-3.354,-3.415,-3.294,8.482,-7.154
L272W,0.018,-3.940,-3.537,-4.343,9.991,-11.701,-3.940,-3.537,-4.343,9.991,-11.701
L272Y,0.018,-3.922,-3.525,-4.318,9.805,-11.591,-3.922,-3.525,-4.318,9.805,-11.591
N273A,0.018,-3.200,-3.459,-2.940,9.006,-5.154,-3.200,-3.459,-2.940,9.006,-5.154
N273C,0.018,-3.302,-3.479,-3.124,9.314,-6.268,-3.302,-3.479,-3.124,9.314,-6.268
N273D,0.018,-3.096,-3.180,-3.012,5.523,-5.611,-3.096,-3.180,-3.012,5.523,-5.611
N273E,0.018,-3.302,-3.437,-3.166,8.614,-6.497,-3.302,-3.437,-3.166,8.614,-6.497
N273F,0.018,-3.551,-3.501,-3.601,9.523,-8.576,-3.551,-3.501,-3.601,9.523,-8.576
N273G,0.018,-3.090,-3.326,-2.853,7.360,-4.531,-3.090,-3.326,-2.853,7.360,-4.531
N273H,0.018,-3.162,-3.445,-2.878,8.821,-4.731,-3.162,-3.445,-2.878,8.821,-4.731
N273I,0.018,-3.445,-3.443,-3.447,8.822,-7.883,-3.445,-3.443,-3.447,8.822,-7.883
N273K,0.018,-3.150,-3.407,-2.893,8.336,-4.828,-3.150,-3.407,-2.893,8.336,-4.828
N273L,0.018,-3.319,-3.395,-3.243,8.268,-6.911,-3.319,-3.395,-3.243,8.268,-6.911
N273M,0.018,-3.302,-3.384,-3.220,8.096,-6.786,-3.302,-3.384,-3.220,8.096,-6.786
N273P,0.018,-3.625,-3.512,-3.739,9.700,-9.184,-3.625,-3.512,-3.739,9.700,-9.184
N273Q,0.018,-3.112,-3.355,-2.869,7.703,-4.660,-3.112,-3.355,-2.869,7.703,-4.660
N273R,0.018,-3.081,-3.278,-2.884,6.780,-4.779,-3.081,-3.278,-2.884,6.780,-4.779
N273S,0.018,-2.920,-3.172,-2.669,5.468,-2.424,-2.920,-3.172,-2.669,5.468,-2.424
N273T,0.018,-3.056,-3.308,-2.805,7.120,-4.144,-3.056,-3.308,-2.805,7.120,-4.144
N273V,0.018,-3.419,-3.490,-3.348,9.352,-7.413,-3.419,-3.490,-3.348,9.352,-7.413
N273W,0.018,-3.666,-3.507,-3.825,9.610,-9.545,-3.666,-3.507,-3.825,9.610,-9.545
N273Y,0.018,-3.436,-3.463,-3.408,9.023,-7.701,-3.436,-3.463,-3.408,9.023,-7.701
D274A,0.018,-3.242,-3.412,-3.073,8.432,-5.980,-3.242,-3.412,-3.073,8.432,-5.980
D274C,0.018,-3.630,-3.412,-3.849,8.384,-9.638,-3.630,-3.412,-3.849,8.384,-9.638
D274E,0.018,-2.768,-2.883,-2.653,1.928,-1.161,-2.768,-2.883,-2.653,1.928,-1.161
D274F,0.018,-3.742,-3.418,-4.065,8.485,-10.546,-3.742,-3.418,-4.065,8.485,-10.546
D274G,0.018,-3.233,-3.424,-3.042,8.576,-5.800,-3.233,-3.424,-3.042,8.576,-5.800
D274H,0.018,-3.323,-3.321,-3.325,7.268,-7.311,-3.323,-3.321,-3.325,7.268,-7.311
D274I,0.018,-3.656,-3.401,-3.911,8.253,-9.909,-3.656,-3.401,-3.911,8.253,-9.909
D274K,0.018,-3.439,-3.395,-3.482,8.245,-8.042,-3.439,-3.395,-3.482,8.245,-8.042
D274L,0.018,-3.629,-3.414,-3.844,8.402,-9.638,-3.629,-3.414,-3.844,8.402,-9.638
D274M,0.018,-3.617,-3.421,-3.814,8.538,-9.502,-3.617,-3.421,-3.814,8.538,-9.502
D274N,0.018,-3.074,-3.245,-2.904,6.435,-4.905,-3.074,-3.245,-2.904,6.435,-4.905
D274P,0.018,-3.786,-3.421,-4.150,8.502,-10.897,-3.786,-3.421,-4.150,8.502,-10.897
D274Q,0.018,-3.237,-3.268,-3.206,6.580,-6.705,-3.237,-3.268,-3.206,6.580,-6.705
D274R,0.018,-3.558,-3.322,-3.793,7.258,-9.402,-3.558,-3.322,-3.793,7.258,-9.402
D274S,0.018,-3.254,-3.364,-3.144,7.721,-6.383,-3.254,-3.364,-3.144,7.721,-6.383
D274T,0.018,-3.376,-3.373,-3.380,7.898,-7.564,-3.376,-3.373,-3.380,7.898,-7.564
D274V,0.018,-3.418,-3.395,-3.441,8.202,-7.857,-3.418,-3.395,-3.441,8.202,-7.857
D274W,0.018,-3.948,-3.393,-4.503,8.191,-12.371,-3.948,-3.393,-4.503,8.191,-12.371
D274Y,0.018,-3.538,-3.427,-3.648,8.575,-8.788,-3.538,-3.427,-3.648,8.575,-8.788
R275A,0.018,-3.774,-3.487,-4.062,9.317,-10.529,-3.774,-3.487,-4.062,9.317,-10.529
R275C,0.018,-3.427,-3.551,-3.303,10.216,-7.186,-3.427,-3.551,-3.303,10.216,-7.186
R275D,0.018,-4.033,-3.555,-4.511,10.248,-12.396,-4.033,-3.555,-4.511,10.248,-12.396
R275E,0.018,-3.880,-3.556,-4.205,10.265,-11.134,-3.880,-3.556,-4.205,10.265,-11.134
R275F,0.018,-3.838,-3.474,-4.201,9.149,-11.111,-3.838,-3.474,-4.201,9.149,-11.111
R275G,0.018,-3.517,-3.391,-3.643,8.121,-8.768,-3.517,-3.391,-3.643,8.121,-8.768
R275H,0.018,-3.356,-3.492,-3.221,9.470,-6.783,-3.356,-3.492,-3.221,9.470,-6.783
R275I,0.018,-3.804,-3.532,-4.077,9.929,-10.598,-3.804,-3.532,-4.077,9.929,-10.598
R275K,0.018,-3.206,-3.384,-3.029,8.123,-5.719,-3.206,-3.384,-3.029,8.123,-5.719
R275L,0.018,-3.558,-3.551,-3.565,10.220,-8.409,-3.558,-3.551,-3.565,10.220,-8.409
R275M,0.018,-3.682,-3.494,-3.871,9.425,-9.729,-3.682,-3.494,-3.871,9.425,-9.729
R275N,0.018,-3.635,-3.525,-3.745,9.825,-9.200,-3.635,-3.525,-3.745,9.825,-9.200
R275P,0.018,-3.752,-3.560,-3.943,10.312,-10.044,-3.752,-3.560,-3.943,10.312,-10.044
R275Q,0.018,-3.341,-3.504,-3.178,9.527,-6.564,-3.341,-3.504,-3.178,9.527,-6.564
R275S,0.018,-3.511,-3.459,-3.563,8.938,-8.404,-3.511,-3.459,-3.563,8.938,-8.404
R275T,0.018,-3.717,-3.532,-3.902,9.916,-9.863,-3.717,-3.532,-3.902,9.916,-9.863
R275V,0.018,-3.799,-3.549,-4.049,10.152,-10.487,-3.799,-3.549,-4.049,10.152,-10.487
R275W,0.018,-3.592,-3.521,-3.663,9.748,-8.841,-3.592,-3.521,-3.663,9.748,-8.841
R275Y,0.018,-3.850,-3.538,-4.162,10.022,-10.949,-3.850,-3.538,-4.162,10.022,-10.949
Q276A,0.018,-3.487,-3.373,-3.600,7.877,-8.578,-3.487,-3.373,-3.600,7.877,-8.578
Q276C,0.018,-3.578,-3.464,-3.692,9.037,-8.975,-3.578,-3.464,-3.692,9.037,-8.975
Q276D,0.018,-3.609,-3.272,-3.947,6.687,-10.062,-3.609,-3.272,-3.947,6.687,-10.062
Q276E,0.018,-3.362,-3.431,-3.294,8.625,-7.145,-3.362,-3.431,-3.294,8.625,-7.145
Q276F,0.018,-3.738,-3.439,-4.038,8.764,-10.435,-3.738,-3.439,-4.038,8.764,-10.435
Q276G,0.018,-3.480,-3.228,-3.733,6.081,-9.163,-3.480,-3.228,-3.733,6.081,-9.163
Q276H,0.018,-3.196,-3.396,-2.997,8.202,-5.522,-3.196,-3.396,-2.997,8.202,-5.522
Q276I,0.018,-3.640,-3.433,-3.848,8.632,-9.645,-3.640,-3.433,-3.848,8.632,-9.645
Q276K,0.018,-3.247,-3.223,-3.271,6.070,-7.040,-3.247,-3.223,-3.271,6.070,-7.040
Q276L,0.018,-3.298,-3.329,-3.267,7.293,-7.020,-3.298,-3.329,-3.267,7.293,-7.020
Q276M,0.018,-3.450,-3.352,-3.549,7.663,-8.350,-3.450,-3.352,-3.549,7.663,-8.350
Q276N,0.018,-3.434,-3.286,-3.583,6.807,-8.496,-3.434,-3.286,-3.583,6.807,-8.496
Q276P,0.018,-3.426,-3.436,-3.415,8.714,-7.735,-3.426,-3.436,-3.415,8.714,-7.735
Q276R,0.018,-3.044,-3.065,-3.022,4.121,-5.676,-3.044,-3.065,-3.022,4.121,-5.676
Q276S,0.018,-3.359,-3.257,-3.460,6.492,-7.946,-3.359,-3.257,-3.460,6.492,-7.946
Q276T,0.018,-3.476,-3.369,-3.584,7.868,-8.506,-3.476,-3.369,-3.584,7.868,-8.506
Q276V,0.018,-3.618,-3.436,-3.800,8.719,-9.441,-3.618,-3.436,-3.800,8.719,-9.441
Q276W,0.018,-3.787,-3.459,-4.116,9.046,-10.758,-3.787,-3.459,-4.116,9.046,-10.758
Q276Y,0.018,-3.670,-3.444,-3.897,8.799,-9.844,-3.670,-3.444,-3.897,8.799,-9.844
F277A,0.018,-4.000,-3.595,-4.406,10.764,-11.960,-4.000,-3.595,-4.406,10.764,-11.960
F277C,0.018,-3.601,-3.561,-3.642,10.334,-8.762,-3.601,-3.561,-3.642,10.334,-8.762
F277D,0.018,-4.324,-3.568,-5.080,10.442,-14.893,-4.324,-3.568,-5.080,10.442,-14.893
F277E,0.018,-4.408,-3.599,-5.217,10.819,-15.553,-4.408,-3.599,-5.217,10.819,-15.553
F277G,0.018,-4.219,-3.572,-4.866,10.494,-13.926,-4.219,-3.572,-4.866,10.494,-13.926
F277H,0.018,-3.798,-3.561,-4.034,10.323,-10.416,-3.798,-3.561,-4.034,10.323,-10.416
F277I,0.018,-3.695,-3.567,-3.823,10.394,-9.534,-3.695,-3.567,-3.823,10.394,-9.534
F277K,0.018,-4.368,-3.558,-5.177,10.311,-15.360,-4.368,-3.558,-5.177,10.311,-15.360
F277L,0.018,-3.340,-3.421,-3.258,8.544,-6.975,-3.340,-3.421,-3.258,8.544,-6.975
F277M,0.018,-3.738,-3.525,-3.952,9.944,-10.080,-3.738,-3.525,-3.952,9.944,-10.080
F277N,0.018,-4.118,-3.553,-4.682,10.197,-13.128,-4.118,-3.553,-4.682,10.197,-13.128
F277P,0.018,-4.076,-3.562,-4.590,10.349,-12.729,-4.076,-3.562,-4.590,10.349,-12.729
F277Q,0.018,-4.136,-3.559,-4.712,10.299,-13.250,-4.136,-3.559,-4.712,10.299,-13.250
F277R,0.018,-4.154,-3.552,-4.756,10.228,-13.443,-4.154,-3.552,-4.756,10.228,-13.443
F277S,0.018,-3.792,-3.574,-4.011,10.518,-10.324,-3.792,-3.574,-4.011,10.518,-10.324
F277T,0.018,-4.000,-3.543,-4.457,10.093,-12.178,-4.000,-3.543,-4.457,10.093,-12.178
F277V,0.018,-3.751,-3.591,-3.911,10.714,-9.906,-3.751,-3.591,-3.911,10.714,-9.906
F277W,0.018,-3.815,-3.564,-4.066,10.409,-10.553,-3.815,-3.564,-4.066,10.409,-10.553
F277Y,0.018,-3.261,-3.417,-3.105,8.501,-6.170,-3.261,-3.417,-3.105,8.501,-6.170
V278A,0.018,-3.058,-3.315,-2.802,7.266,-4.103,-3.058,-3.315,-2.802,7.266,-4.103
V278C,0.018,-3.294,-3.322,-3.265,7.423,-7.018,-3.294,-3.322,-3.265,7.423,-7.018
V278D,0.018,-3.368,-3.209,-3.527,6.028,-8.248,-3.368,-3.209,-3.527,6.028,-8.248
V278E,0.018,-3.252,-3.232,-3.272,6.296,-7.043,-3.252,-3.232,-3.272,6.296,-7.043
V278F,0.018,-3.149,-3.149,-3.148,5.209,-6.393,-3.149,-3.149,-3.148,5.209,-6.393
V278G,0.018,-3.416,-3.368,-3.465,7.869,-7.966,-3.416,-3.368,-3.465,7.869,-7.966
V278H,0.018,-3.306,-3.321,-3.290,7.289,-7.132,-3.306,-3.321,-3.290,7.289,-7.132
V278I,0.018,-2.734,-2.782,-2.687,0.886,-0.314,-2.734,-2.782,-2.687,0.886,-0.314
V278K,0.018,-3.284,-3.291,-3.278,6.927,-7.075,-3.284,-3.291,-3.278,6.927,-7.075
V278L,0.018,-2.910,-3.101,-2.718,4.833,-3.245,-2.910,-3.101,-2.718,4.833,-3.245
V278M,0.018,-2.981,-3.193,-2.769,5.827,-3.823,-2.981,-3.193,-2.769,5.827,-3.823
V278N,0.018,-3.238,-3.346,-3.129,7.661,-6.294,-3.238,-3.346,-3.129,7.661,-6.294
V278P,0.018,-3.383,-3.356,-3.411,7.794,-7.711,-3.383,-3.356,-3.411,7.794,-7.711
V278Q,0.018,-3.154,-3.194,-3.114,5.751,-6.223,-3.154,-3.194,-3.114,5.751,-6.223
V278R,0.018,-3.301,-3.314,-3.288,7.352,-7.126,-3.301,-3.314,-3.288,7.352,-7.126
V278S,0.018,-3.084,-3.284,-2.884,6.834,-4.774,-3.084,-3.284,-2.884,6.834,-4.774
V278T,0.018,-2.875,-3.039,-2.710,3.948,-3.112,-2.875,-3.039,-2.710,3.948,-3.112
V278W,0.018,-3.580,-3.219,-3.940,6.145,-10.036,-3.580,-3.219,-3.940,6.145,-10.036
V278Y,0.018,-3.410,-3.268,-3.551,6.737,-8.360,-3.410,-3.268,-3.551,6.737,-8.360
H279A,0.018,-3.391,-3.202,-3.581,5.881,-8.482,-3.391,-3.202,-3.581,5.881,-8.482
H279C,0.018,-3.260,-3.238,-3.283,6.229,-7.104,-3.260,-3.238,-3.283,6.229,-7.104
H279D,0.018,-3.490,-3.357,-3.623,7.740,-8.674,-3.490,-3.357,-3.623,7.740,-8.674
H279E,0.018,-3.406,-3.090,-3.723,4.495,-9.106,-3.406,-3.090,-3.723,4.495,-9.106
H279F,0.018,-3.155,-3.120,-3.190,4.810,-6.619,-3.155,-3.120,-3.190,4.810,-6.619
H279G,0.018,-3.545,-3.318,-3.772,7.268,-9.315,-3.545,-3.318,-3.772,7.268,-9.315
H279I,0.018,-3.464,-3.246,-3.683,6.327,-8.932,-3.464,-3.246,-3.683,6.327,-8.932
H279K,0.018,-3.492,-3.376,-3.609,7.932,-8.616,-3.492,-3.376,-3.609,7.932,-8.616
H279L,0.018,-3.154,-3.068,-3.240,4.178,-6.886,-3.154,-3.068,-3.240,4.178,-6.886
H279M,0.018,-3.508,-3.249,-3.767,6.298,-9.295,-3.508,-3.249,-3.767,6.298,-9.295
H279N,0.018,-3.131,-3.238,-3.024,6.207,-5.706,-3.131,-3.238,-3.024,6.207,-5.706
H279P,0.018,-3.396,-3.230,-3.563,6.229,-8.408,-3.396,-3.230,-3.563,6.229,-8.408
H279Q,0.018,-2.918,-2.979,-2.858,3.108,-4.582,-2.918,-2.979,-2.858,3.108,-4.582
H279R,0.018,-3.235,-3.313,-3.157,7.148,-6.449,-3.235,-3.313,-3.157,7.148,-6.449
H279S,0.018,-3.201,-3.183,-3.219,5.638,-6.768,-3.201,-3.183,-3.219,5.638,-6.768
H279T,0.018,-3.391,-3.319,-3.464,7.303,-7.962,-3.391,-3.319,-3.464,7.303,-7.962
H279V,0.018,-3.423,-3.309,-3.538,7.184,-8.297,-3.423,-3.309,-3.538,7.184,-8.297
H279W,0.018,-3.562,-3.292,-3.832,6.965,-9.575,-3.562,-3.292,-3.832,6.965,-9.575
H279Y,0.018,-2.961,-3.032,-2.890,3.810,-4.818,-2.961,-3.032,-2.890,3.810,-4.818
D280A,0.018,-3.352,-3.395,-3.309,8.161,-7.234,-3.352,-3.395,-3.309,8.161,-7.234
D280C,0.018,-3.404,-3.391,-3.417,8.197,-7.739,-3.404,-3.391,-3.417,8.197,-7.739
D280E,0.018,-2.998,-3.191,-2.806,5.676,-4.133,-2.998,-3.191,-2.806,5.676,-4.133
D280F,0.018,-3.596,-3.382,-3.809,8.022,-9.478,-3.596,-3.382,-3.809,8.022,-9.478
D280G,0.018,-3.407,-3.382,-3.431,8.002,-7.809,-3.407,-3.382,-3.431,8.002,-7.809
D280H,0.018,-2.896,-2.996,-2.795,3.287,-4.043,-2.896,-2.996,-2.795,3.287,-4.043
D280I,0.018,-3.549,-3.298,-3.800,6.847,-9.438,-3.549,-3.298,-3.800,6.847,-9.438
D280K,0.018,-3.529,-3.346,-3.712,7.476,-9.064,-3.529,-3.346,-3.712,7.476,-9.064
D280L,0.018,-3.542,-3.359,-3.725,7.681,-9.123,-3.542,-3.359,-3.725,7.681,-9.123
D280M,0.018,-3.676,-3.403,-3.948,8.274,-10.063,-3.676,-3.403,-3.948,8.274,-10.063
D280N,0.018,-2.877,-3.071,-2.683,4.235,-2.695,-2.877,-3.071,-2.683,4.235,-2.695
D280P,0.018,-3.680,-3.400,-3.960,8.245,-10.114,-3.680,-3.400,-3.960,8.245,-10.114
D280Q,0.018,-3.195,-3.282,-3.108,6.748,-6.180,-3.195,-3.282,-3.108,6.748,-6.180
D280R,0.018,-3.428,-3.267,-3.588,6.507,-8.512,-3.428,-3.267,-3.588,6.507,-8.512
D280S,0.018,-3.075,-3.172,-2.978,5.452,-5.408,-3.075,-3.172,-2.978,5.452,-5.408
D280T,0.018,-3.303,-3.145,-3.461,5.072,-7.952,-3.303,-3.145,-3.461,5.072,-7.952
D280V,0.018,-3.366,-3.228,-3.504,6.094,-8.136,-3.366,-3.228,-3.504,6.094,-8.136
D280W,0.018,-3.852,-3.386,-4.319,8.069,-11.599,-3.852,-3.386,-4.319,8.069,-11.599
D280Y,0.018,-3.388,-3.378,-3.397,7.991,-7.640,-3.388,-3.378,-3.397,7.991,-7.640
P281A,0.018,-2.875,-3.003,-2.747,3.461,-3.574,-2.875,-3.003,-2.747,3.461,-3.574
P281C,0.018,-3.460,-3.378,-3.541,8.023,-8.313,-3.460,-3.378,-3.541,8.023,-8.313
P281D,0.018,-3.350,-3.109,-3.591,4.677,-8.535,-3.350,-3.109,-3.591,4.677,-8.535
P281E,0.018,-3.216,-3.044,-3.389,3.893,-7.603,-3.216,-3.044,-3.389,3.893,-7.603
P281F,0.018,-3.528,-3.386,-3.669,8.026,-8.878,-3.528,-3.386,-3.669,8.026,-8.878
P281G,0.018,-3.206,-3.205,-3.207,5.913,-6.712,-3.206,-3.205,-3.207,5.913,-6.712
P281H,0.018,-3.290,-3.310,-3.271,7.149,-7.039,-3.290,-3.310,-3.271,7.149,-7.039
P281I,0.018,-3.374,-3.391,-3.357,8.114,-7.462,-3.374,-3.391,-3.357,8.114,-7.462
P281K,0.018,-3.375,-3.226,-3.524,6.043,-8.238,-3.375,-3.226,-3.524,6.043,-8.238
P281L,0.018,-3.204,-3.288,-3.120,6.853,-6.242,-3.204,-3.288,-3.120,6.853,-6.242
P281M,0.018,-3.398,-3.374,-3.422,7.955,-7.768,-3.398,-3.374,-3.422,7.955,-7.768
P281N,0.018,-3.302,-3.274,-3.330,6.767,-7.326,-3.302,-3.274,-3.330,6.767,-7.326
P281Q,0.018,-3.102,-3.152,-3.053,5.225,-5.873,-3.102,-3.152,-3.053,5.225,-5.873
P281R,0.018,-3.222,-3.299,-3.145,6.980,-6.392,-3.222,-3.299,-3.145,6.980,-6.392
P281S,0.018,-2.941,-3.127,-2.755,4.955,-3.668,-2.941,-3.127,-2.755,4.955,-3.668
P281T,0.018,-3.070,-3.229,-2.910,6.143,-4.952,-3.070,-3.229,-2.910,6.143,-4.952
P281V,0.018,-3.204,-3.309,-3.099,7.129,-6.120,-3.204,-3.309,-3.099,7.129,-6.120
P281W,0.018,-3.704,-3.394,-4.013,8.202,-10.332,-3.704,-3.394,-4.013,8.202,-10.332
P281Y,0.018,-3.618,-3.366,-3.871,7.816,-9.737,-3.618,-3.366,-3.871,7.816,-9.737
Q282A,0.020,-2.834,-2.994,-2.674,3.382,-2.534,-2.834,-2.994,-2.674,3.382,-2.534
Q282C,0.020,-3.114,-3.172,-3.057,5.488,-5.902,-3.114,-3.172,-3.057,5.488,-5.902
Q282D,0.020,-2.760,-2.865,-2.655,1.820,-1.975,-2.760,-2.865,-2.655,1.820,-1.975
Q282E,0.020,-2.742,-2.787,-2.698,0.919,-0.144,-2.742,-2.787,-2.698,0.919,-0.144
Q282F,0.020,-3.125,-3.144,-3.106,5.198,-6.171,-3.125,-3.144,-3.106,5.198,-6.171
Q282G,0.020,-2.914,-3.106,-2.722,4.716,-3.268,-2.914,-3.106,-2.722,4.716,-3.268
Q282H,0.020,-2.916,-3.149,-2.683,5.235,-2.699,-2.916,-3.149,-2.683,5.235,-2.699
Q282I,0.020,-2.948,-3.012,-2.885,3.640,-4.790,-2.948,-3.012,-2.885,3.640,-4.790
Q282K,0.020,-2.854,-2.970,-2.738,3.056,-3.454,-2.854,-2.970,-2.738,3.056,-3.454
Q282L,0.020,-2.834,-2.965,-2.702,3.017,-3.022,-2.834,-2.965,-2.702,3.017,-3.022
Q282M,0.020,-2.973,-3.123,-2.823,4.975,-4.288,-2.973,-3.123,-2.823,4.975,-4.288
Q282N,0.020,-2.818,-2.962,-2.674,2.982,-2.499,-2.818,-2.962,-2.674,2.982,-2.499
Q282P,0.020,-3.168,-3.129,-3.207,4.866,-6.707,-3.168,-3.129,-3.207,4.866,-6.707
Q282R,0.020,-2.843,-2.993,-2.692,3.329,-2.868,-2.843,-2.993,-2.692,3.329,-2.868
Q282S,0.020,-2.856,-3.031,-2.682,3.847,-2.686,-2.856,-3.031,-2.682,3.847,-2.686
Q282T,0.020,-2.831,-2.946,-2.716,2.734,-3.211,-2.831,-2.946,-2.716,2.734,-3.211
Q282V,0.020,-2.754,-2.804,-2.703,1.258,-3.020,-2.754,-2.804,-2.703,1.258,-3.020
Q282W,0.020,-3.260,-3.205,-3.314,5.859,-7.244,-3.260,-3.205,-3.314,5.859,-7.244
Q282Y,0.020,-3.119,-3.190,-3.048,5.689,-5.848,-3.119,-3.190,-3.048,5.689,-5.848
L283A,0.018,-3.096,-3.270,-2.923,6.602,-5.054,-3.096,-3.270,-2.923,6.602,-5.054
L283C,0.018,-3.251,-3.327,-3.175,7.349,-6.543,-3.251,-3.327,-3.175,7.349,-6.543
L283D,0.018,-3.512,-3.284,-3.739,6.790,-9.176,-3.512,-3.284,-3.739,6.790,-9.176
L283E,0.018,-3.343,-3.246,-3.441,6.409,-7.849,-3.343,-3.246,-3.441,6.409,-7.849
L283F,0.018,-2.980,-3.059,-2.902,4.003,-4.896,-2.980,-3.059,-2.902,4.003,-4.896
L283G,0.018,-3.328,-3.265,-3.391,6.570,-7.632,-3.328,-3.265,-3.391,6.570,-7.632
L283H,0.018,-3.100,-3.095,-3.105,4.523,-6.181,-3.100,-3.095,-3.105,4.523,-6.181
L283I,0.018,-2.832,-2.865,-2.799,1.808,-4.095,-2.832,-2.865,-2.799,1.808,-4.095
L283K,0.018,-3.388,-3.220,-3.556,6.008,-8.383,-3.388,-3.220,-3.556,6.008,-8.383
L283M,0.018,-3.054,-3.323,-2.786,7.304,-3.968,-3.054,-3.323,-2.786,7.304,-3.968
L283N,0.018,-3.251,-3.218,-3.284,6.023,-7.094,-3.251,-3.218,-3.284,6.023,-7.094
L283P,0.018,-3.402,-3.327,-3.478,7.333,-8.020,-3.402,-3.327,-3.478,7.333,-8.020
L283Q,0.018,-3.149,-3.299,-3.000,7.010,-5.547,-3.149,-3.299,-3.000,7.010,-5.547
L283R,0.018,-3.223,-3.276,-3.171,6.708,-6.526,-3.223,-3.276,-3.171,6.708,-6.526
L283S,0.018,-3.092,-3.248,-2.936,6.389,-5.119,-3.092,-3.248,-2.936,6.389,-5.119
L283T,0.018,-3.058,-3.201,-2.915,5.816,-4.980,-3.058,-3.201,-2.915,5.816,-4.980
L283V,0.018,-2.830,-2.912,-2.748,2.336,-3.614,-2.830,-2.912,-2.748,2.336,-3.614
L283W,0.018,-3.471,-3.340,-3.602,7.488,-8.580,-3.471,-3.340,-3.602,7.488,-8.580
L283Y,0.018,-3.098,-3.091,-3.105,4.412,-6.164,-3.098,-3.091,-3.105,4.412,-6.164
G284A,0.026,-3.412,-3.604,-3.219,10.907,-6.765,-3.412,-3.604,-3.219,10.907,-6.765
G284C,0.026,-3.614,-3.614,-3.615,11.036,-8.647,-3.614,-3.614,-3.615,11.036,-8.647
G284D,0.026,-3.573,-3.601,-3.545,10.868,-8.318,-3.573,-3.601,-3.545,10.868,-8.318
G284E,0.026,-3.654,-3.569,-3.740,10.459,-9.178,-3.654,-3.569,-3.740,10.459,-9.178
G284F,0.026,-4.019,-3.624,-4.414,11.180,-11.998,-4.019,-3.624,-4.414,11.180,-11.998
G284H,0.026,-3.776,-3.615,-3.936,11.037,-10.015,-3.776,-3.615,-3.936,11.037,-10.015
G284I,0.026,-4.090,-3.622,-4.557,11.132,-12.599,-4.090,-3.622,-4.557,11.132,-12.599
G284K,0.026,-3.846,-3.605,-4.088,10.870,-10.649,-3.846,-3.605,-4.088,10.870,-10.649
G284L,0.026,-3.926,-3.590,-4.263,10.697,-11.375,-3.926,-3.590,-4.263,10.697,-11.375
G284M,0.026,-4.018,-3.608,-4.428,10.914,-12.052,-4.018,-3.608,-4.428,10.914,-12.052
G284N,0.026,-3.586,-3.599,-3.574,10.800,-8.453,-3.586,-3.599,-3.574,10.800,-8.453
G284P,0.026,-3.980,-3.606,-4.354,10.924,-11.754,-3.980,-3.606,-4.354,10.924,-11.754
G284Q,0.026,-3.742,-3.612,-3.872,10.998,-9.742,-3.742,-3.612,-3.872,10.998,-9.742
G284R,0.026,-3.560,-3.621,-3.500,11.105,-8.123,-3.560,-3.621,-3.500,11.105,-8.123
G284S,0.026,-3.404,-3.596,-3.211,10.797,-6.737,-3.404,-3.596,-3.211,10.797,-6.737
G284T,0.026,-3.824,-3.604,-4.044,10.900,-10.456,-3.824,-3.604,-4.044,10.900,-10.456
G284V,0.026,-3.778,-3.594,-3.961,10.749,-10.105,-3.778,-3.594,-3.961,10.749,-10.105
G284W,0.026,-3.982,-3.587,-4.377,10.666,-11.837,-3.982,-3.587,-4.377,10.666,-11.837
G284Y,0.026,-4.002,-3.604,-4.401,10.929,-11.951,-4.002,-3.604,-4.401,10.929,-11.951
Y285A,0.018,-3.956,-3.557,-4.356,10.231,-11.745,-3.956,-3.557,-4.356,10.231,-11.745
Y285C,0.018,-3.410,-3.460,-3.359,9.059,-7.458,-3.410,-3.460,-3.359,9.059,-7.458
Y285D,0.018,-3.987,-3.546,-4.428,10.107,-12.057,-3.987,-3.546,-4.428,10.107,-12.057
Y285E,0.018,-4.178,-3.550,-4.805,10.179,-13.658,-4.178,-3.550,-4.805,10.179,-13.658
Y285F,0.018,-3.109,-3.300,-2.919,6.975,-5.024,-3.109,-3.300,-2.919,6.975,-5.024
Y285G,0.018,-4.046,-3.537,-4.554,10.024,-12.585,-4.046,-3.537,-4.554,10.024,-12.585
Y285H,0.018,-3.289,-3.528,-3.050,9.924,-5.848,-3.289,-3.528,-3.050,9.924,-5.848
Y285I,0.018,-3.929,-3.522,-4.336,9.859,-11.679,-3.929,-3.522,-4.336,9.859,-11.679
Y285K,0.018,-4.204,-3.544,-4.863,10.090,-13.917,-4.204,-3.544,-4.863,10.090,-13.917
Y285L,0.018,-3.594,-3.486,-3.703,9.278,-9.030,-3.594,-3.486,-3.703,9.278,-9.030
Y285M,0.018,-4.016,-3.557,-4.474,10.270,-12.246,-4.016,-3.557,-4.474,10.270,-12.246
Y285N,0.018,-3.720,-3.526,-3.914,9.893,-9.920,-3.720,-3.526,-3.914,9.893,-9.920
Y285P,0.018,-4.047,-3.537,-4.558,10.011,-12.600,-4.047,-3.537,-4.558,10.011,-12.600
Y285Q,0.018,-3.871,-3.567,-4.174,10.421,-11.002,-3.871,-3.567,-4.174,10.421,-11.002
Y285R,0.018,-3.898,-3.543,-4.254,10.120,-11.332,-3.898,-3.543,-4.254,10.120,-11.332
Y285S,0.018,-3.630,-3.459,-3.800,8.996,-9.442,-3.630,-3.459,-3.800,8.996,-9.442
Y285T,0.018,-4.004,-3.545,-4.462,10.129,-12.196,-4.004,-3.545,-4.462,10.129,-12.196
Y285V,0.018,-3.894,-3.539,-4.250,10.040,-11.314,-3.894,-3.539,-4.250,10.040,-11.314
Y285W,0.018,-3.716,-3.442,-3.990,8.773,-10.237,-3.716,-3.442,-3.990,8.773,-10.237
S286A,0.018,-3.104,-3.453,-2.754,8.960,-3.676,-3.104,-3.453,-2.754,8.960,-3.676
S286C,0.018,-3.266,-3.465,-3.067,9.091,-5.950,-3.266,-3.465,-3.067,9.091,-5.950
S286D,0.018,-3.602,-3.449,-3.756,8.896,-9.263,-3.602,-3.449,-3.756,8.896,-9.263
S286E,0.018,-3.614,-3.478,-3.750,9.232,-9.226,-3.614,-3.478,-3.750,9.232,-9.226
S286F,0.018,-3.399,-3.460,-3.339,9.038,-7.368,-3.399,-3.460,-3.339,9.038,-7.368
S286G,0.018,-3.282,-3.435,-3.128,8.695,-6.300,-3.282,-3.435,-3.128,8.695,-6.300
S286H,0.018,-3.522,-3.449,-3.595,8.865,-8.553,-3.522,-3.449,-3.595,8.865,-8.553
S286I,0.018,-3.350,-3.459,-3.240,8.976,-6.884,-3.350,-3.459,-3.240,8.976,-6.884
S286K,0.018,-3.585,-3.464,-3.706,9.056,-9.038,-3.585,-3.464,-3.706,9.056,-9.038
S286L,0.018,-3.396,-3.487,-3.304,9.355,-7.198,-3.396,-3.487,-3.304,9.355,-7.198
S286M,0.018,-3.342,-3.440,-3.244,8.752,-6.908,-3.342,-3.440,-3.244,8.752,-6.908
S286N,0.018,-3.271,-3.452,-3.090,8.912,-6.083,-3.271,-3.452,-3.090,8.912,-6.083
S286P,0.018,-3.372,-3.471,-3.273,9.155,-7.052,-3.372,-3.471,-3.273,9.155,-7.052
S286Q,0.018,-3.472,-3.454,-3.490,8.940,-8.078,-3.472,-3.454,-3.490,8.940,-8.078
S286R,0.018,-3.440,-3.445,-3.434,8.802,-7.825,-3.440,-3.445,-3.434,8.802,-7.825
S286T,0.018,-2.784,-2.905,-2.663,2.288,-2.252,-2.784,-2.905,-2.663,2.288,-2.252
S286V,0.018,-3.324,-3.472,-3.175,9.151,-6.537,-3.324,-3.472,-3.175,9.151,-6.537
S286W,0.018,-3.741,-3.476,-4.006,9.217,-10.304,-3.741,-3.476,-4.006,9.217,-10.304
S286Y,0.018,-3.537,-3.461,-3.614,9.044,-8.628,-3.537,-3.461,-3.614,9.044,-8.628
L287A,0.018,-3.822,-3.504,-4.139,9.640,-10.852,-3.822,-3.504,-4.139,9.640,-10.852
L287C,0.018,-3.855,-3.499,-4.211,9.537,-11.161,-3.855,-3.499,-4.211,9.537,-11.161
L287D,0.018,-4.334,-3.514,-5.153,9.718,-15.242,-4.334,-3.514,-5.153,9.718,-15.242
L287E,0.018,-4.148,-3.487,-4.808,9.402,-13.670,-4.148,-3.487,-4.808,9.402,-13.670
L287F,0.018,-3.343,-3.476,-3.209,9.229,-6.731,-3.343,-3.476,-3.209,9.229,-6.731
L287G,0.018,-4.147,-3.503,-4.791,9.595,-13.592,-4.147,-3.503,-4.791,9.595,-13.592
L287H,0.018,-3.910,-3.532,-4.289,9.934,-11.476,-3.910,-3.532,-4.289,9.934,-11.476
L287I,0.018,-3.132,-3.135,-3.128,4.932,-6.292,-3.132,-3.135,-3.128,4.932,-6.292
L287K,0.018,-4.106,-3.521,-4.690,9.838,-13.157,-4.106,-3.521,-4.690,9.838,-13.157
L287M,0.018,-3.263,-3.489,-3.038,9.352,-5.785,-3.263,-3.489,-3.038,9.352,-5.785
L287N,0.018,-4.163,-3.512,-4.814,9.683,-13.695,-4.163,-3.512,-4.814,9.683,-13.695
L287P,0.018,-3.774,-3.485,-4.063,9.342,-10.539,-3.774,-3.485,-4.063,9.342,-10.539
L287Q,0.018,-3.708,-3.493,-3.923,9.467,-9.957,-3.708,-3.493,-3.923,9.467,-9.957
L287R,0.018,-3.907,-3.525,-4.289,9.816,-11.478,-3.907,-3.525,-4.289,9.816,-11.478
L287S,0.018,-3.858,-3.511,-4.204,9.677,-11.116,-3.858,-3.511,-4.204,9.677,-11.116
L287T,0.018,-3.775,-3.479,-4.071,9.268,-10.572,-3.775,-3.479,-4.071,9.268,-10.572
L287V,0.018,-3.238,-3.254,-3.223,6.580,-6.787,-3.238,-3.254,-3.223,6.580,-6.787
L287W,0.018,-3.957,-3.522,-4.393,9.855,-11.907,-3.957,-3.522,-4.393,9.855,-11.907
L287Y,0.018,-3.845,-3.514,-4.176,9.728,-11.014,-3.845,-3.514,-4.176,9.728,-11.014
P288A,0.018,-3.204,-3.269,-3.138,6.663,-6.342,-3.204,-3.269,-3.138,6.663,-6.342
P288C,0.018,-3.746,-3.502,-3.990,9.544,-10.245,-3.746,-3.502,-3.990,9.544,-10.245
P288D,0.018,-3.767,-3.369,-4.165,7.813,-10.960,-3.767,-3.369,-4.165,7.813,-10.960
P288E,0.018,-3.810,-3.443,-4.178,8.832,-11.017,-3.810,-3.443,-4.178,8.832,-11.017
P288F,0.018,-3.843,-3.485,-4.200,9.341,-11.108,-3.843,-3.485,-4.200,9.341,-11.108
P288G,0.018,-3.472,-3.231,-3.714,6.206,-9.068,-3.472,-3.231,-3.714,6.206,-9.068
P288H,0.018,-3.641,-3.498,-3.783,9.526,-9.369,-3.641,-3.498,-3.783,9.526,-9.369
P288I,0.018,-3.776,-3.440,-4.111,8.763,-10.730,-3.776,-3.440,-4.111,8.763,-10.730
P288K,0.018,-3.923,-3.442,-4.404,8.798,-11.951,-3.923,-3.442,-4.404,8.798,-11.951
P288L,0.018,-3.415,-3.426,-3.404,8.614,-7.689,-3.415,-3.426,-3.404,8.614,-7.689
P288M,0.018,-3.864,-3.497,-4.230,9.466,-11.229,-3.864,-3.497,-4.230,9.466,-11.229
P288N,0.018,-3.729,-3.366,-4.091,7.845,-10.659,-3.729,-3.366,-4.091,7.845,-10.659
P288Q,0.018,-3.464,-3.352,-3.576,7.644,-8.466,-3.464,-3.352,-3.576,7.644,-8.466
P288R,0.018,-3.631,-3.395,-3.867,8.257,-9.721,-3.631,-3.395,-3.867,8.257,-9.721
P288S,0.018,-3.184,-3.231,-3.136,6.183,-6.342,-3.184,-3.231,-3.136,6.183,-6.342
P288T,0.018,-3.440,-3.352,-3.529,7.673,-8.258,-3.440,-3.352,-3.529,7.673,-8.258
P288V,0.018,-3.675,-3.502,-3.848,9.527,-9.648,-3.675,-3.502,-3.848,9.527,-9.648
P288W,0.018,-4.128,-3.496,-4.759,9.479,-13.460,-4.128,-3.496,-4.759,9.479,-13.460
P288Y,0.018,-3.954,-3.506,-4.402,9.621,-11.943,-3.954,-3.506,-4.402,9.621,-11.943
C289A,0.018,-4.100,-3.601,-4.598,10.855,-12.766,-4.100,-3.601,-4.598,10.855,-12.766
C289D,0.018,-4.111,-3.607,-4.615,10.943,-12.848,-4.111,-3.607,-4.615,10.943,-12.848
C289E,0.018,-4.336,-3.629,-5.044,11.218,-14.724,-4.336,-3.629,-5.044,11.218,-14.724
C289F,0.018,-4.084,-3.635,-4.533,11.284,-12.492,-4.084,-3.635,-4.533,11.284,-12.492
C289G,0.018,-4.012,-3.628,-4.397,11.219,-11.925,-4.012,-3.628,-4.397,11.219,-11.925
C289H,0.018,-4.180,-3.613,-4.746,11.035,-13.406,-4.180,-3.613,-4.746,11.035,-13.406
C289I,0.018,-4.248,-3.597,-4.899,10.793,-14.077,-4.248,-3.597,-4.899,10.793,-14.077
C289K,0.018,-4.478,-3.633,-5.323,11.269,-16.077,-4.478,-3.633,-5.323,11.269,-16.077
C289L,0.018,-4.052,-3.604,-4.499,10.891,-12.351,-4.052,-3.604,-4.499,10.891,-12.351
C289M,0.018,-4.313,-3.601,-5.026,10.852,-14.649,-4.313,-3.601,-5.026,10.852,-14.649
C289N,0.018,-4.204,-3.602,-4.806,10.885,-13.663,-4.204,-3.602,-4.806,10.885,-13.663
C289P,0.018,-4.262,-3.624,-4.899,11.151,-14.062,-4.262,-3.624,-4.899,11.151,-14.062
C289Q,0.018,-4.329,-3.593,-5.065,10.769,-14.829,-4.329,-3.593,-5.065,10.769,-14.829
C289R,0.018,-4.133,-3.611,-4.655,10.997,-13.006,-4.133,-3.611,-4.655,10.997,-13.006
C289S,0.018,-3.840,-3.592,-4.088,10.734,-10.638,-3.840,-3.592,-4.088,10.734,-10.638
C289T,0.018,-4.224,-3.594,-4.853,10.738,-13.865,-4.224,-3.594,-4.853,10.738,-13.865
C289V,0.018,-4.084,-3.624,-4.543,11.170,-12.533,-4.084,-3.624,-4.543,11.170,-12.533
C289W,0.018,-4.200,-3.624,-4.776,11.147,-13.529,-4.200,-3.624,-4.776,11.147,-13.529
C289Y,0.018,-3.992,-3.629,-4.354,11.226,-11.748,-3.992,-3.629,-4.354,11.226,-11.748
V290A,0.018,-2.783,-2.896,-2.670,2.086,-2.451,-2.783,-2.896,-2.670,2.086,-2.451
V290C,0.018,-3.524,-3.336,-3.712,7.400,-9.058,-3.524,-3.336,-3.712,7.400,-9.058
V290D,0.018,-3.580,-3.355,-3.806,7.657,-9.459,-3.580,-3.355,-3.806,7.657,-9.459
V290E,0.018,-3.418,-3.332,-3.503,7.384,-8.138,-3.418,-3.332,-3.503,7.384,-8.138
V290F,0.018,-3.415,-3.341,-3.489,7.422,-8.086,-3.415,-3.341,-3.489,7.422,-8.086
V290G,0.018,-3.348,-3.344,-3.351,7.472,-7.430,-3.348,-3.344,-3.351,7.472,-7.430
V290H,0.018,-3.685,-3.379,-3.991,7.993,-10.239,-3.685,-3.379,-3.991,7.993,-10.239
V290I,0.018,-3.060,-3.364,-2.757,7.789,-3.698,-3.060,-3.364,-2.757,7.789,-3.698
V290K,0.018,-3.661,-3.348,-3.974,7.529,-10.170,-3.661,-3.348,-3.974,7.529,-10.170
V290L,0.018,-3.182,-3.354,-3.010,7.670,-5.597,-3.182,-3.354,-3.010,7.670,-5.597
V290M,0.018,-3.191,-3.345,-3.037,7.515,-5.765,-3.191,-3.345,-3.037,7.515,-5.765
V290N,0.018,-3.586,-3.355,-3.818,7.607,-9.523,-3.586,-3.355,-3.818,7.607,-9.523
V290P,0.018,-2.896,-2.866,-2.927,1.698,-5.074,-2.896,-2.866,-2.927,1.698,-5.074
V290Q,0.018,-3.495,-3.335,-3.655,7.413,-8.818,-3.495,-3.335,-3.655,7.413,-8.818
V290R,0.018,-3.596,-3.361,-3.831,7.739,-9.571,-3.596,-3.361,-3.831,7.739,-9.571
V290S,0.018,-3.252,-3.359,-3.144,7.724,-6.379,-3.252,-3.359,-3.144,7.724,-6.379
V290T,0.018,-3.120,-3.321,-2.920,7.217,-5.019,-3.120,-3.321,-2.920,7.217,-5.019
V290W,0.018,-3.856,-3.366,-4.346,7.789,-11.708,-3.856,-3.366,-4.346,7.789,-11.708
V290Y,0.018,-3.657,-3.364,-3.951,7.747,-10.076,-3.657,-3.364,-3.951,7.747,-10.076
A291C,0.081,-3.446,-3.405,-3.486,8.327,-8.058,-3.446,-3.405,-3.486,8.327,-8.058
A291D,0.081,-3.160,-3.371,-2.948,7.901,-5.221,-3.160,-3.371,-2.948,7.901,-5.221
A291E,0.081,-3.164,-3.263,-3.064,6.603,-5.934,-3.164,-3.263,-3.064,6.603,-5.934
A291F,0.081,-3.520,-3.371,-3.668,7.839,-8.875,-3.520,-3.371,-3.668,7.839,-8.875
A291G,0.081,-2.979,-3.008,-2.950,3.525,-5.235,-2.979,-3.008,-2.950,3.525,-5.235
A291H,0.081,-3.520,-3.346,-3.694,7.581,-8.981,-3.520,-3.346,-3.694,7.581,-8.981
A291I,0.081,-3.338,-3.213,-3.463,5.890,-7.961,-3.338,-3.213,-3.463,5.890,-7.961
A291K,0.081,-3.604,-3.389,-3.819,8.146,-9.519,-3.604,-3.389,-3.819,8.146,-9.519
A291L,0.081,-3.378,-3.322,-3.434,7.291,-7.832,-3.378,-3.322,-3.434,7.291,-7.832
A291M,0.081,-3.410,-3.265,-3.555,6.574,-8.376,-3.410,-3.265,-3.555,6.574,-8.376
A291N,0.081,-3.302,-3.230,-3.375,6.153,-7.543,-3.302,-3.230,-3.375,6.153,-7.543
A291P,0.081,-3.368,-3.365,-3.371,7.858,-7.521,-3.368,-3.365,-3.371,7.858,-7.521
A291Q,0.081,-3.451,-3.371,-3.531,7.873,-8.266,-3.451,-3.371,-3.531,7.873,-8.266
A291R,0.081,-3.582,-3.379,-3.786,7.993,-9.373,-3.582,-3.379,-3.786,7.993,-9.373
A291S,0.081,-3.058,-3.397,-2.718,8.213,-3.233,-3.058,-3.397,-2.718,8.213,-3.233
A291T,0.081,-3.106,-3.269,-2.943,6.639,-5.186,-3.106,-3.269,-2.943,6.639,-5.186
A291V,0.081,-2.948,-2.957,-2.939,2.858,-5.140,-2.948,-2.957,-2.939,2.858,-5.140
A291W,0.081,-3.798,-3.378,-4.219,7.974,-11.187,-3.798,-3.378,-4.219,7.974,-11.187
A291Y,0.081,-3.536,-3.354,-3.718,7.618,-9.077,-3.536,-3.354,-3.718,7.618,-9.077
G292A,0.089,-3.183,-3.316,-3.050,7.238,-5.850,-3.183,-3.316,-3.050,7.238,-5.850
G292C,0.089,-3.537,-3.388,-3.687,8.170,-8.950,-3.537,-3.388,-3.687,8.170,-8.950
G292D,0.089,-3.048,-3.255,-2.841,6.513,-4.436,-3.048,-3.255,-2.841,6.513,-4.436
G292E,0.089,-3.085,-3.218,-2.952,6.058,-5.236,-3.085,-3.218,-2.952,6.058,-5.236
G292F,0.089,-3.802,-3.377,-4.228,7.990,-11.230,-3.802,-3.377,-4.228,7.990,-11.230
G292H,0.089,-3.368,-3.355,-3.381,7.740,-7.572,-3.368,-3.355,-3.381,7.740,-7.572
G292I,0.089,-3.824,-3.378,-4.269,8.048,-11.394,-3.824,-3.378,-4.269,8.048,-11.394
G292K,0.089,-3.284,-3.155,-3.414,5.365,-7.733,-3.284,-3.155,-3.414,5.365,-7.733
G292L,0.089,-3.585,-3.266,-3.905,6.633,-9.893,-3.585,-3.266,-3.905,6.633,-9.893
G292M,0.089,-3.724,-3.378,-4.070,7.996,-10.569,-3.724,-3.378,-4.070,7.996,-10.569
G292N,0.089,-3.060,-3.112,-3.008,4.719,-5.596,-3.060,-3.112,-3.008,4.719,-5.596
G292P,0.089,-3.590,-3.309,-3.872,7.052,-9.747,-3.590,-3.309,-3.872,7.052,-9.747
G292Q,0.089,-3.281,-3.317,-3.245,7.220,-6.908,-3.281,-3.317,-3.245,7.220,-6.908
G292R,0.089,-3.201,-3.150,-3.252,5.247,-6.943,-3.201,-3.150,-3.252,5.247,-6.943
G292S,0.089,-3.080,-3.140,-3.021,5.022,-5.675,-3.080,-3.140,-3.021,5.022,-5.675
G292T,0.089,-3.513,-3.391,-3.635,8.164,-8.728,-3.513,-3.391,-3.635,8.164,-8.728
G292V,0.089,-3.539,-3.372,-3.706,7.908,-9.036,-3.539,-3.372,-3.706,7.908,-9.036
G292W,0.089,-3.824,-3.395,-4.252,8.191,-11.316,-3.824,-3.395,-4.252,8.191,-11.316
G292Y,0.089,-3.684,-3.338,-4.030,7.396,-10.408,-3.684,-3.338,-4.030,7.396,-10.408
C293A,0.103,-4.129,-3.540,-4.718,10.082,-13.285,-4.129,-3.540,-4.718,10.082,-13.285
C293D,0.103,-4.182,-3.508,-4.856,9.616,-13.884,-4.182,-3.508,-4.856,9.616,-13.884
C293E,0.103,-4.371,-3.542,-5.200,10.048,-15.469,-4.371,-3.542,-5.200,10.048,-15.469
C293F,0.103,-4.092,-3.539,-4.644,10.031,-12.968,-4.092,-3.539,-4.644,10.031,-12.968
C293G,0.103,-4.122,-3.451,-4.793,8.790,-13.607,-4.122,-3.451,-4.793,8.790,-13.607
C293H,0.103,-4.262,-3.546,-4.978,10.131,-14.427,-4.262,-3.546,-4.978,10.131,-14.427
C293I,0.103,-4.180,-3.486,-4.875,9.336,-13.961,-4.180,-3.486,-4.875,9.336,-13.961
C293K,0.103,-4.478,-3.537,-5.419,10.063,-16.575,-4.478,-3.537,-5.419,10.063,-16.575
C293L,0.103,-4.208,-3.505,-4.912,9.690,-14.128,-4.208,-3.505,-4.912,9.690,-14.128
C293M,0.103,-4.384,-3.540,-5.229,10.065,-15.610,-4.384,-3.540,-5.229,10.065,-15.610
C293N,0.103,-4.219,-3.501,-4.937,9.492,-14.248,-4.219,-3.501,-4.937,9.492,-14.248
C293P,0.103,-4.426,-3.533,-5.318,9.950,-16.054,-4.426,-3.533,-5.318,9.950,-16.054
C293Q,0.103,-4.418,-3.542,-5.295,10.093,-15.931,-4.418,-3.542,-5.295,10.093,-15.931
C293R,0.103,-4.266,-3.548,-4.984,10.181,-14.453,-4.266,-3.548,-4.984,10.181,-14.453
C293S,0.103,-3.937,-3.460,-4.414,9.018,-11.994,-3.937,-3.460,-4.414,9.018,-11.994
C293T,0.103,-4.187,-3.561,-4.813,10.355,-13.693,-4.187,-3.561,-4.813,10.355,-13.693
C293V,0.103,-4.108,-3.555,-4.661,10.265,-13.032,-4.108,-3.555,-4.661,10.265,-13.032
C293W,0.103,-4.184,-3.524,-4.845,9.847,-13.831,-4.184,-3.524,-4.845,9.847,-13.831
C293Y,0.103,-4.026,-3.542,-4.510,10.120,-12.397,-4.026,-3.542,-4.510,10.120,-12.397
P294A,0.108,-2.930,-3.132,-2.728,4.899,-3.362,-2.930,-3.132,-2.728,4.899,-3.362
P294C,0.108,-3.406,-3.289,-3.522,6.753,-8.226,-3.406,-3.289,-3.522,6.753,-8.226
P294D,0.108,-2.928,-3.067,-2.789,4.182,-3.998,-2.928,-3.067,-2.789,4.182,-3.998
P294E,0.108,-2.878,-3.023,-2.732,3.612,-3.411,-2.878,-3.023,-2.732,3.612,-3.411
P294F,0.108,-3.512,-3.274,-3.750,6.696,-9.227,-3.512,-3.274,-3.750,6.696,-9.227
P294G,0.108,-3.146,-3.312,-2.981,7.169,-5.436,-3.146,-3.312,-2.981,7.169,-5.436
P294H,0.108,-3.151,-3.270,-3.032,6.615,-5.749,-3.151,-3.270,-3.032,6.615,-5.749
P294I,0.108,-3.400,-3.279,-3.522,6.733,-8.223,-3.400,-3.279,-3.522,6.733,-8.223
P294K,0.108,-3.248,-3.251,-3.246,6.346,-6.911,-3.248,-3.251,-3.246,6.346,-6.911
P294L,0.108,-3.192,-3.281,-3.104,6.796,-6.162,-3.192,-3.281,-3.104,6.796,-6.162
P294M,0.108,-3.430,-3.310,-3.550,7.113,-8.351,-3.430,-3.310,-3.550,7.113,-8.351
P294N,0.108,-3.188,-3.287,-3.090,6.778,-6.086,-3.188,-3.287,-3.090,6.778,-6.086
P294Q,0.108,-2.968,-3.138,-2.797,5.080,-4.048,-2.968,-3.138,-2.797,5.080,-4.048
P294R,0.108,-3.187,-3.217,-3.157,5.935,-6.447,-3.187,-3.217,-3.157,5.935,-6.447
P294S,0.108,-2.920,-3.129,-2.710,4.924,-3.117,-2.920,-3.129,-2.710,4.924,-3.117
P294T,0.108,-3.014,-3.106,-2.923,4.645,-5.043,-3.014,-3.106,-2.923,4.645,-5.043
P294V,0.108,-3.198,-3.258,-3.138,6.442,-6.350,-3.198,-3.258,-3.138,6.442,-6.350
P294W,0.108,-3.768,-3.386,-4.149,8.016,-10.892,-3.768,-3.386,-4.149,8.016,-10.892
P294Y,0.108,-3.540,-3.401,-3.680,8.263,-8.930,-3.540,-3.401,-3.680,8.263,-8.930
N295A,0.112,-2.978,-3.105,-2.851,4.637,-4.546,-2.978,-3.105,-2.851,4.637,-4.546
N295C,0.112,-3.184,-3.196,-3.171,5.820,-6.516,-3.184,-3.196,-3.171,5.820,-6.516
N295D,0.112,-2.697,-2.617,-2.777,-1.068,0.753,-2.697,-2.617,-2.777,-1.068,0.753
N295E,0.112,-2.830,-2.985,-2.674,3.233,-2.502,-2.830,-2.985,-2.674,3.233,-2.502
N295F,0.112,-3.294,-3.258,-3.329,6.525,-7.330,-3.294,-3.258,-3.329,6.525,-7.330
N295G,0.112,-2.881,-2.977,-2.785,3.203,-3.976,-2.881,-2.977,-2.785,3.203,-3.976
N295H,0.112,-2.988,-3.180,-2.796,5.577,-4.053,-2.988,-3.180,-2.796,5.577,-4.053
N295I,0.112,-3.208,-3.219,-3.196,6.004,-6.653,-3.208,-3.219,-3.196,6.004,-6.653
N295K,0.112,-3.172,-3.265,-3.078,6.641,-6.016,-3.172,-3.265,-3.078,6.641,-6.016
N295L,0.112,-3.210,-3.269,-3.151,6.662,-6.418,-3.210,-3.269,-3.151,6.662,-6.418
N295M,0.112,-3.343,-3.240,-3.445,6.274,-7.867,-3.343,-3.240,-3.445,6.274,-7.867
N295P,0.112,-3.208,-3.217,-3.200,6.027,-6.676,-3.208,-3.217,-3.200,6.027,-6.676
N295Q,0.112,-3.080,-3.205,-2.955,5.921,-5.265,-3.080,-3.205,-2.955,5.921,-5.265
N295R,0.112,-3.130,-3.108,-3.151,4.719,-6.414,-3.130,-3.108,-3.151,4.719,-6.414
N295S,0.112,-2.873,-3.055,-2.691,4.096,-2.866,-2.873,-3.055,-2.691,4.096,-2.866
N295T,0.112,-2.996,-3.113,-2.879,4.801,-4.731,-2.996,-3.113,-2.879,4.801,-4.731
N295V,0.112,-3.149,-3.203,-3.095,5.843,-6.105,-3.149,-3.203,-3.095,5.843,-6.105
N295W,0.112,-3.554,-3.250,-3.859,6.481,-9.689,-3.554,-3.250,-3.859,6.481,-9.689
N295Y,0.112,-3.097,-3.223,-2.971,6.091,-5.359,-3.097,-3.223,-2.971,6.091,-5.359
S296A,0.112,-3.087,-3.185,-2.989,5.544,-5.481,-3.087,-3.185,-2.989,5.544,-5.481
S296C,0.112,-3.260,-3.327,-3.193,7.366,-6.636,-3.260,-3.327,-3.193,7.366,-6.636
S296D,0.112,-3.428,-3.487,-3.368,9.345,-7.511,-3.428,-3.487,-3.368,9.345,-7.511
S296E,0.112,-3.597,-3.477,-3.717,9.220,-9.075,-3.597,-3.477,-3.717,9.220,-9.075
S296F,0.112,-3.469,-3.437,-3.501,8.667,-8.129,-3.469,-3.437,-3.501,8.667,-8.129
S296G,0.112,-3.230,-3.397,-3.062,8.130,-5.922,-3.230,-3.397,-3.062,8.130,-5.922
S296H,0.112,-3.516,-3.500,-3.531,9.537,-8.262,-3.516,-3.500,-3.531,9.537,-8.262
S296I,0.112,-3.532,-3.449,-3.615,8.846,-8.639,-3.532,-3.449,-3.615,8.846,-8.639
S296K,0.112,-3.663,-3.485,-3.841,9.328,-9.611,-3.663,-3.485,-3.841,9.328,-9.611
S296L,0.112,-3.420,-3.383,-3.457,8.034,-7.926,-3.420,-3.383,-3.457,8.034,-7.926
S296M,0.112,-3.662,-3.476,-3.847,9.226,-9.643,-3.662,-3.476,-3.847,9.226,-9.643
S296N,0.112,-3.237,-3.473,-3.001,9.214,-5.554,-3.237,-3.473,-3.001,9.214,-5.554
S296P,0.112,-3.456,-3.485,-3.427,9.364,-7.799,-3.456,-3.485,-3.427,9.364,-7.799
S296Q,0.112,-3.588,-3.445,-3.732,8.903,-9.153,-3.588,-3.445,-3.732,8.903,-9.153
S296R,0.112,-3.512,-3.412,-3.611,8.315,-8.630,-3.512,-3.412,-3.611,8.315,-8.630
S296T,0.112,-3.219,-3.490,-2.948,9.441,-5.224,-3.219,-3.490,-2.948,9.441,-5.224
S296V,0.112,-3.490,-3.420,-3.561,8.582,-8.402,-3.490,-3.420,-3.561,8.582,-8.402
S296W,0.112,-3.770,-3.474,-4.065,9.203,-10.556,-3.770,-3.474,-4.065,9.203,-10.556
S296Y,0.112,-3.542,-3.433,-3.650,8.703,-8.796,-3.542,-3.433,-3.650,8.703,-8.796
L297A,0.116,-3.452,-3.295,-3.608,6.969,-8.607,-3.452,-3.295,-3.608,6.969,-8.607
L297C,0.116,-3.518,-3.301,-3.734,6.962,-9.161,-3.518,-3.301,-3.734,6.962,-9.161
L297D,0.116,-3.827,-3.446,-4.207,8.852,-11.138,-3.827,-3.446,-4.207,8.852,-11.138
L297E,0.116,-3.730,-3.450,-4.011,8.886,-10.331,-3.730,-3.450,-4.011,8.886,-10.331
L297F,0.116,-2.977,-3.120,-2.834,4.868,-4.389,-2.977,-3.120,-2.834,4.868,-4.389
L297G,0.116,-3.835,-3.474,-4.196,9.166,-11.088,-3.835,-3.474,-4.196,9.166,-11.088
L297H,0.116,-3.351,-3.235,-3.468,6.230,-7.976,-3.351,-3.235,-3.468,6.230,-7.976
L297I,0.116,-3.267,-3.417,-3.117,8.475,-6.229,-3.267,-3.417,-3.117,8.475,-6.229
L297K,0.116,-3.855,-3.467,-4.243,9.109,-11.288,-3.855,-3.467,-4.243,9.109,-11.288
L297M,0.116,-3.207,-3.417,-2.997,8.484,-5.521,-3.207,-3.417,-2.997,8.484,-5.521
L297N,0.116,-3.754,-3.461,-4.048,9.036,-10.479,-3.754,-3.461,-4.048,9.036,-10.479
L297P,0.116,-3.617,-3.451,-3.784,8.960,-9.368,-3.617,-3.451,-3.784,8.960,-9.368
L297Q,0.116,-3.468,-3.446,-3.491,8.850,-8.084,-3.468,-3.446,-3.491,8.850,-8.084
L297R,0.116,-3.595,-3.461,-3.729,9.025,-9.135,-3.595,-3.461,-3.729,9.025,-9.135
L297S,0.116,-3.450,-3.307,-3.594,7.061,-8.536,-3.450,-3.307,-3.594,7.061,-8.536
L297T,0.116,-3.534,-3.390,-3.679,8.093,-8.915,-3.534,-3.390,-3.679,8.093,-8.915
L297V,0.116,-3.189,-3.314,-3.063,7.157,-5.920,-3.189,-3.314,-3.063,7.157,-5.920
L297W,0.116,-3.554,-3.389,-3.720,8.092,-9.094,-3.554,-3.389,-3.720,8.092,-9.094
L297Y,0.116,-3.174,-3.168,-3.181,5.445,-6.573,-3.174,-3.168,-3.181,5.445,-6.573
I298A,0.116,-3.608,-3.501,-3.715,9.594,-9.067,-3.608,-3.501,-3.715,9.594,-9.067
I298C,0.116,-3.900,-3.493,-4.307,9.498,-11.549,-3.900,-3.493,-4.307,9.498,-11.549
I298D,0.116,-4.120,-3.488,-4.751,9.398,-13.423,-4.120,-3.488,-4.751,9.398,-13.423
I298E,0.116,-4.024,-3.495,-4.554,9.496,-12.586,-4.024,-3.495,-4.554,9.496,-12.586
I298F,0.116,-3.564,-3.499,-3.629,9.559,-8.703,-3.564,-3.499,-3.629,9.559,-8.703
I298G,0.116,-4.008,-3.505,-4.510,9.640,-12.392,-4.008,-3.505,-4.510,9.640,-12.392
I298H,0.116,-4.024,-3.486,-4.562,9.386,-12.616,-4.024,-3.486,-4.562,9.386,-12.616
I298K,0.116,-4.041,-3.488,-4.594,9.391,-12.753,-4.041,-3.488,-4.594,9.391,-12.753
I298L,0.116,-3.070,-3.170,-2.970,5.483,-5.346,-3.070,-3.170,-2.970,5.483,-5.346
I298M,0.116,-3.338,-3.479,-3.198,9.328,-6.658,-3.338,-3.479,-3.198,9.328,-6.658
I298N,0.116,-3.948,-3.525,-4.370,9.861,-11.817,-3.948,-3.525,-4.370,9.861,-11.817
I298P,0.116,-3.934,-3.493,-4.376,9.482,-11.835,-3.934,-3.493,-4.376,9.482,-11.835
I298Q,0.116,-3.972,-3.511,-4.432,9.723,-12.076,-3.972,-3.511,-4.432,9.723,-12.076
I298R,0.116,-3.950,-3.489,-4.411,9.424,-11.984,-3.950,-3.489,-4.411,9.424,-11.984
I298S,0.116,-3.800,-3.516,-4.083,9.727,-10.624,-3.800,-3.516,-4.083,9.727,-10.624
I298T,0.116,-3.495,-3.498,-3.492,9.533,-8.083,-3.495,-3.498,-3.492,9.533,-8.083
I298V,0.116,-2.972,-3.203,-2.740,5.848,-3.487,-2.972,-3.203,-2.740,5.848,-3.487
I298W,0.116,-4.118,-3.522,-4.715,9.821,-13.265,-4.118,-3.522,-4.715,9.821,-13.265
I298Y,0.116,-4.002,-3.516,-4.488,9.752,-12.305,-4.002,-3.516,-4.488,9.752,-12.305
K299A,0.116,-3.295,-3.289,-3.301,6.857,-7.188,-3.295,-3.289,-3.301,6.857,-7.188
K299C,0.116,-3.439,-3.380,-3.498,8.128,-8.115,-3.439,-3.380,-3.498,8.128,-8.115
K299D,0.116,-3.448,-3.251,-3.646,6.402,-8.770,-3.448,-3.251,-3.646,6.402,-8.770
K299E,0.116,-3.118,-3.123,-3.114,4.813,-6.211,-3.118,-3.123,-3.114,4.813,-6.211
K299F,0.116,-3.726,-3.448,-4.004,8.862,-10.295,-3.726,-3.448,-4.004,8.862,-10.295
K299G,0.116,-3.367,-3.404,-3.330,8.243,-7.323,-3.367,-3.404,-3.330,8.243,-7.323
K299H,0.116,-3.252,-3.375,-3.128,7.952,-6.293,-3.252,-3.375,-3.128,7.952,-6.293
K299I,0.116,-3.530,-3.440,-3.621,8.752,-8.662,-3.530,-3.440,-3.621,8.752,-8.662
K299L,0.116,-3.325,-3.379,-3.271,8.008,-7.040,-3.325,-3.379,-3.271,8.008,-7.040
K299M,0.116,-3.321,-3.400,-3.242,8.242,-6.889,-3.321,-3.400,-3.242,8.242,-6.889
K299N,0.116,-3.160,-3.251,-3.069,6.477,-5.956,-3.160,-3.251,-3.069,6.477,-5.956
K299P,0.116,-3.410,-3.312,-3.508,7.167,-8.161,-3.410,-3.312,-3.508,7.167,-8.161
K299Q,0.116,-2.948,-3.188,-2.707,5.661,-3.093,-2.948,-3.188,-2.707,5.661,-3.093
K299R,0.116,-2.918,-3.155,-2.680,5.233,-2.655,-2.918,-3.155,-2.680,5.233,-2.655
K299S,0.116,-3.190,-3.245,-3.135,6.273,-6.343,-3.190,-3.245,-3.135,6.273,-6.343
K299T,0.116,-3.109,-3.210,-3.009,5.929,-5.601,-3.109,-3.210,-3.009,5.929,-5.601
K299V,0.116,-3.450,-3.361,-3.539,7.721,-8.298,-3.450,-3.361,-3.539,7.721,-8.298
K299W,0.116,-3.608,-3.452,-3.764,8.908,-9.282,-3.608,-3.452,-3.764,8.908,-9.282
K299Y,0.116,-3.624,-3.401,-3.847,8.272,-9.642,-3.624,-3.401,-3.847,8.272,-9.642
E300A,0.118,-3.598,-3.483,-3.714,9.307,-9.065,-3.598,-3.483,-3.714,9.307,-9.065
E300C,0.118,-4.085,-3.489,-4.680,9.409,-13.114,-4.085,-3.489,-4.680,9.409,-13.114
E300D,0.118,-3.040,-3.096,-2.985,4.544,-5.460,-3.040,-3.096,-2.985,4.544,-5.460
E300F,0.118,-4.176,-3.497,-4.855,9.486,-13.878,-4.176,-3.497,-4.855,9.486,-13.878
E300G,0.118,-3.498,-3.360,-3.636,7.795,-8.725,-3.498,-3.360,-3.636,7.795,-8.725
E300H,0.118,-3.726,-3.497,-3.956,9.452,-10.098,-3.726,-3.497,-3.956,9.452,-10.098
E300I,0.118,-4.013,-3.476,-4.550,9.260,-12.559,-4.013,-3.476,-4.550,9.260,-12.559
E300K,0.118,-3.642,-3.512,-3.772,9.679,-9.323,-3.642,-3.512,-3.772,9.679,-9.323
E300L,0.118,-3.886,-3.492,-4.279,9.460,-11.435,-3.886,-3.492,-4.279,9.460,-11.435
E300M,0.118,-4.004,-3.473,-4.535,9.205,-12.503,-4.004,-3.473,-4.535,9.205,-12.503
E300N,0.118,-3.704,-3.449,-3.959,8.901,-10.101,-3.704,-3.449,-3.959,8.901,-10.101
E300P,0.118,-3.819,-3.477,-4.162,9.220,-10.944,-3.819,-3.477,-4.162,9.220,-10.944
E300Q,0.118,-3.283,-3.385,-3.181,8.109,-6.566,-3.283,-3.385,-3.181,8.109,-6.566
E300R,0.118,-3.754,-3.421,-4.086,8.629,-10.639,-3.754,-3.421,-4.086,8.629,-10.639
E300S,0.118,-3.637,-3.370,-3.904,7.865,-9.876,-3.637,-3.370,-3.904,7.865,-9.876
E300T,0.118,-3.746,-3.497,-3.996,9.484,-10.270,-3.746,-3.497,-3.996,9.484,-10.270
E300V,0.118,-3.734,-3.489,-3.978,9.391,-10.189,-3.734,-3.489,-3.978,9.391,-10.189
E300W,0.118,-4.241,-3.495,-4.987,9.478,-14.471,-4.241,-3.495,-4.987,9.478,-14.471
E300Y,0.118,-4.036,-3.500,-4.572,9.558,-12.653,-4.036,-3.500,-4.572,9.558,-12.653
L301A,0.120,-2.973,-3.042,-2.904,3.878,-4.913,-2.973,-3.042,-2.904,3.878,-4.913
L301C,0.120,-3.282,-3.134,-3.429,4.962,-7.791,-3.282,-3.134,-3.429,4.962,-7.791
L301D,0.120,-3.506,-3.340,-3.672,7.473,-8.889,-3.506,-3.340,-3.672,7.473,-8.889
L301E,0.120,-3.375,-3.333,-3.416,7.408,-7.733,-3.375,-3.333,-3.416,7.408,-7.733
L301F,0.120,-3.194,-3.325,-3.064,7.412,-5.926,-3.194,-3.325,-3.064,7.412,-5.926
L301G,0.120,-3.410,-3.330,-3.489,7.385,-8.072,-3.410,-3.330,-3.489,7.385,-8.072
L301H,0.120,-3.388,-3.333,-3.443,7.430,-7.872,-3.388,-3.333,-3.443,7.430,-7.872
L301I,0.120,-2.896,-3.090,-2.701,4.456,-2.998,-2.896,-3.090,-2.701,4.456,-2.998
L301K,0.120,-3.483,-3.338,-3.628,7.485,-8.695,-3.483,-3.338,-3.628,7.485,-8.695
L301M,0.120,-3.029,-3.279,-2.780,6.770,-3.901,-3.029,-3.279,-2.780,6.770,-3.901
L301N,0.120,-3.359,-3.263,-3.454,6.587,-7.915,-3.359,-3.263,-3.454,6.587,-7.915
L301P,0.120,-3.086,-3.062,-3.111,4.128,-6.198,-3.086,-3.062,-3.111,4.128,-6.198
L301Q,0.120,-3.255,-3.268,-3.242,6.607,-6.897,-3.255,-3.268,-3.242,6.607,-6.897
L301R,0.120,-3.385,-3.333,-3.437,7.379,-7.833,-3.385,-3.333,-3.437,7.379,-7.833
L301S,0.120,-3.106,-3.168,-3.043,5.365,-5.821,-3.106,-3.168,-3.043,5.365,-5.821
L301T,0.120,-2.941,-3.011,-2.871,3.477,-4.679,-2.941,-3.011,-2.871,3.477,-4.679
L301V,0.120,-2.764,-2.876,-2.652,1.990,-1.617,-2.764,-2.876,-2.652,1.990,-1.617
L301W,0.120,-3.530,-3.318,-3.742,7.226,-9.189,-3.530,-3.318,-3.742,7.226,-9.189
L301Y,0.120,-3.431,-3.353,-3.508,7.654,-8.161,-3.431,-3.353,-3.508,7.654,-8.161
H302A,0.118,-3.761,-3.451,-4.070,8.950,-10.571,-3.761,-3.451,-4.070,8.950,-10.571
H302C,0.118,-3.676,-3.525,-3.826,9.857,-9.545,-3.676,-3.525,-3.826,9.857,-9.545
H302D,0.118,-3.620,-3.530,-3.711,9.933,-9.049,-3.620,-3.530,-3.711,9.933,-9.049
H302E,0.118,-3.732,-3.543,-3.920,10.102,-9.949,-3.732,-3.543,-3.920,10.102,-9.949
H302F,0.118,-3.630,-3.534,-3.725,9.959,-9.127,-3.630,-3.534,-3.725,9.959,-9.127
H302G,0.118,-3.822,-3.521,-4.122,9.772,-10.786,-3.822,-3.521,-4.122,9.772,-10.786
H302I,0.118,-3.906,-3.461,-4.350,9.008,-11.726,-3.906,-3.461,-4.350,9.008,-11.726
H302K,0.118,-3.814,-3.461,-4.166,8.996,-10.960,-3.814,-3.461,-4.166,8.996,-10.960
H302L,0.118,-3.632,-3.524,-3.740,9.830,-9.188,-3.632,-3.524,-3.740,9.830,-9.188
H302M,0.118,-3.869,-3.517,-4.221,9.734,-11.201,-3.869,-3.517,-4.221,9.734,-11.201
H302N,0.118,-3.466,-3.531,-3.402,9.927,-7.667,-3.466,-3.531,-3.402,9.927,-7.667
H302P,0.118,-3.722,-3.519,-3.924,9.779,-9.960,-3.722,-3.519,-3.924,9.779,-9.960
H302Q,0.118,-3.201,-3.358,-3.044,7.779,-5.813,-3.201,-3.358,-3.044,7.779,-5.813
H302R,0.118,-3.492,-3.400,-3.584,8.299,-8.507,-3.492,-3.400,-3.584,8.299,-8.507
H302S,0.118,-3.625,-3.472,-3.779,9.212,-9.355,-3.625,-3.472,-3.779,9.212,-9.355
H302T,0.118,-3.838,-3.526,-4.150,9.869,-10.901,-3.838,-3.526,-4.150,9.869,-10.901
H302V,0.118,-3.861,-3.518,-4.204,9.740,-11.121,-3.861,-3.518,-4.204,9.740,-11.121
H302W,0.118,-3.860,-3.550,-4.170,10.162,-10.981,-3.860,-3.550,-4.170,10.162,-10.981
H302Y,0.118,-3.261,-3.402,-3.120,8.308,-6.249,-3.261,-3.402,-3.120,8.308,-6.249
H303A,0.118,-3.830,-3.525,-4.135,9.821,-10.831,-3.830,-3.525,-4.135,9.821,-10.831
H303C,0.118,-3.465,-3.502,-3.428,9.505,-7.789,-3.465,-3.502,-3.428,9.505,-7.789
H303D,0.118,-3.774,-3.530,-4.019,9.904,-10.359,-3.774,-3.530,-4.019,9.904,-10.359
H303E,0.118,-3.788,-3.554,-4.022,10.240,-10.372,-3.788,-3.554,-4.022,10.240,-10.372
H303F,0.118,-3.521,-3.534,-3.508,9.978,-8.160,-3.521,-3.534,-3.508,9.978,-8.160
H303G,0.118,-3.843,-3.538,-4.148,10.028,-10.883,-3.843,-3.538,-4.148,10.028,-10.883
H303I,0.118,-3.902,-3.420,-4.385,8.509,-11.878,-3.902,-3.420,-4.385,8.509,-11.878
H303K,0.118,-3.814,-3.555,-4.074,10.247,-10.586,-3.814,-3.555,-4.074,10.247,-10.586
H303L,0.118,-3.476,-3.395,-3.556,8.183,-8.370,-3.476,-3.395,-3.556,8.183,-8.370
H303M,0.118,-3.883,-3.543,-4.223,10.088,-11.204,-3.883,-3.543,-4.223,10.088,-11.204
H303N,0.118,-3.441,-3.540,-3.342,10.046,-7.383,-3.441,-3.540,-3.342,10.046,-7.383
H303P,0.118,-3.796,-3.558,-4.035,10.331,-10.418,-3.796,-3.558,-4.035,10.331,-10.418
H303Q,0.118,-3.257,-3.550,-2.964,10.173,-5.330,-3.257,-3.550,-2.964,10.173,-5.330
H303R,0.118,-3.456,-3.541,-3.371,10.047,-7.535,-3.456,-3.541,-3.371,10.047,-7.535
H303S,0.118,-3.624,-3.533,-3.715,9.991,-9.079,-3.624,-3.533,-3.715,9.991,-9.079
H303T,0.118,-3.847,-3.529,-4.165,9.913,-10.961,-3.847,-3.529,-4.165,9.913,-10.961
H303V,0.118,-3.866,-3.494,-4.238,9.413,-11.270,-3.866,-3.494,-4.238,9.413,-11.270
H303W,0.118,-3.834,-3.547,-4.120,10.167,-10.769,-3.834,-3.547,-4.120,10.167,-10.769
H303Y,0.118,-3.197,-3.425,-2.969,8.652,-5.360,-3.197,-3.425,-2.969,8.652,-5.360
F304A,0.118,-3.976,-3.582,-4.370,10.610,-11.820,-3.976,-3.582,-4.370,10.610,-11.820
F304C,0.118,-3.642,-3.588,-3.697,10.711,-8.999,-3.642,-3.588,-3.697,10.711,-8.999
F304D,0.118,-4.314,-3.607,-5.021,10.910,-14.629,-4.314,-3.607,-5.021,10.910,-14.629
F304E,0.118,-4.315,-3.583,-5.047,10.588,-14.743,-4.315,-3.583,-5.047,10.588,-14.743
F304G,0.118,-4.165,-3.577,-4.753,10.556,-13.432,-4.165,-3.577,-4.753,10.556,-13.432
F304H,0.118,-3.670,-3.559,-3.782,10.297,-9.363,-3.670,-3.559,-3.782,10.297,-9.363
F304I,0.118,-3.776,-3.586,-3.965,10.692,-10.143,-3.776,-3.586,-3.965,10.692,-10.143
F304K,0.118,-4.248,-3.592,-4.905,10.736,-14.099,-4.248,-3.592,-4.905,10.736,-14.099
F304L,0.118,-3.407,-3.477,-3.337,9.253,-7.364,-3.407,-3.477,-3.337,9.253,-7.364
F304M,0.118,-3.762,-3.530,-3.995,9.863,-10.264,-3.762,-3.530,-3.995,9.863,-10.264
F304N,0.118,-4.062,-3.603,-4.522,10.855,-12.450,-4.062,-3.603,-4.522,10.855,-12.450
F304P,0.118,-4.168,-3.606,-4.730,10.919,-13.335,-4.168,-3.606,-4.730,10.919,-13.335
F304Q,0.118,-4.021,-3.589,-4.453,10.699,-12.158,-4.021,-3.589,-4.453,10.699,-12.158
F304R,0.118,-4.018,-3.585,-4.451,10.635,-12.150,-4.018,-3.585,-4.451,10.635,-12.150
F304S,0.118,-3.815,-3.598,-4.032,10.825,-10.412,-3.815,-3.598,-4.032,10.825,-10.412
F304T,0.118,-4.014,-3.584,-4.444,10.624,-12.126,-4.014,-3.584,-4.444,10.624,-12.126
F304V,0.118,-3.764,-3.575,-3.952,10.536,-10.076,-3.764,-3.575,-3.952,10.536,-10.076
F304W,0.118,-3.766,-3.571,-3.960,10.474,-10.115,-3.766,-3.571,-3.960,10.474,-10.115
F304Y,0.118,-3.346,-3.585,-3.106,10.642,-6.166,-3.346,-3.585,-3.106,10.642,-6.166
R305A,0.118,-3.470,-3.424,-3.517,8.526,-8.197,-3.470,-3.424,-3.517,8.526,-8.197
R305C,0.118,-3.170,-3.242,-3.098,6.315,-6.113,-3.170,-3.242,-3.098,6.315,-6.113
R305D,0.118,-3.682,-3.457,-3.907,8.994,-9.892,-3.682,-3.457,-3.907,8.994,-9.892
R305E,0.118,-3.578,-3.458,-3.697,8.984,-8.997,-3.578,-3.458,-3.697,8.984,-8.997
R305F,0.118,-3.713,-3.460,-3.966,9.016,-10.142,-3.713,-3.460,-3.966,9.016,-10.142
R305G,0.118,-3.339,-3.445,-3.233,8.839,-6.842,-3.339,-3.445,-3.233,8.839,-6.842
R305H,0.118,-3.033,-3.165,-2.901,5.453,-4.896,-3.033,-3.165,-2.901,5.453,-4.896
R305I,0.118,-3.710,-3.460,-3.961,9.029,-10.109,-3.710,-3.460,-3.961,9.029,-10.109
R305K,0.118,-2.950,-3.151,-2.750,5.176,-3.584,-2.950,-3.151,-2.750,5.176,-3.584
R305L,0.118,-3.292,-3.217,-3.366,5.995,-7.506,-3.292,-3.217,-3.366,5.995,-7.506
R305M,0.118,-3.568,-3.447,-3.688,8.887,-8.959,-3.568,-3.447,-3.688,8.887,-8.959
R305N,0.118,-3.320,-3.387,-3.253,8.126,-6.955,-3.320,-3.387,-3.253,8.126,-6.955
R305P,0.118,-3.557,-3.445,-3.669,8.883,-8.877,-3.557,-3.445,-3.669,8.883,-8.877
R305Q,0.118,-3.142,-3.379,-2.906,8.042,-4.925,-3.142,-3.379,-2.906,8.042,-4.925
R305S,0.118,-3.288,-3.436,-3.141,8.751,-6.359,-3.288,-3.436,-3.141,8.751,-6.359
R305T,0.118,-3.476,-3.435,-3.517,8.713,-8.208,-3.476,-3.435,-3.517,8.713,-8.208
R305V,0.118,-3.657,-3.448,-3.865,8.884,-9.711,-3.657,-3.448,-3.865,8.884,-9.711
R305W,0.118,-3.444,-3.453,-3.434,8.915,-7.839,-3.444,-3.453,-3.434,8.915,-7.839
R305Y,0.118,-3.484,-3.269,-3.698,6.624,-8.998,-3.484,-3.269,-3.698,6.624,-8.998
I306A,0.118,-3.052,-3.070,-3.034,4.260,-5.754,-3.052,-3.070,-3.034,4.260,-5.754
I306C,0.118,-3.406,-3.376,-3.436,7.943,-7.833,-3.406,-3.376,-3.436,7.943,-7.833
I306D,0.118,-3.656,-3.365,-3.946,7.808,-10.056,-3.656,-3.365,-3.946,7.808,-10.056
I306E,0.118,-3.563,-3.351,-3.775,7.630,-9.328,-3.563,-3.351,-3.775,7.630,-9.328
I306F,0.118,-3.237,-3.307,-3.167,7.097,-6.501,-3.237,-3.307,-3.167,7.097,-6.501
I306G,0.118,-3.561,-3.349,-3.773,7.555,-9.328,-3.561,-3.349,-3.773,7.555,-9.328
I306H,0.118,-3.488,-3.352,-3.623,7.632,-8.675,-3.488,-3.352,-3.623,7.632,-8.675
I306K,0.118,-3.571,-3.367,-3.775,7.807,-9.333,-3.571,-3.367,-3.775,7.807,-9.333
I306L,0.118,-2.820,-2.974,-2.665,3.018,-2.307,-2.820,-2.974,-2.665,3.018,-2.307
I306M,0.118,-3.048,-3.234,-2.863,6.155,-4.605,-3.048,-3.234,-2.863,6.155,-4.605
I306N,0.118,-3.469,-3.366,-3.572,7.820,-8.450,-3.469,-3.366,-3.572,7.820,-8.450
I306P,0.118,-3.504,-3.336,-3.671,7.476,-8.891,-3.504,-3.336,-3.671,7.476,-8.891
I306Q,0.118,-3.453,-3.353,-3.553,7.660,-8.363,-3.453,-3.353,-3.553,7.660,-8.363
I306R,0.118,-3.500,-3.359,-3.641,7.758,-8.753,-3.500,-3.359,-3.641,7.758,-8.753
I306S,0.118,-3.276,-3.226,-3.325,6.071,-7.301,-3.276,-3.226,-3.325,6.071,-7.301
I306T,0.118,-3.196,-3.367,-3.025,7.861,-5.707,-3.196,-3.367,-3.025,7.861,-5.707
I306V,0.118,-2.766,-2.879,-2.652,1.935,-1.288,-2.766,-2.879,-2.652,1.935,-1.288
I306W,0.118,-3.648,-3.351,-3.945,7.625,-10.049,-3.648,-3.351,-3.945,7.625,-10.049
I306Y,0.118,-3.504,-3.350,-3.659,7.655,-8.833,-3.504,-3.350,-3.659,7.655,-8.833
L307A,0.120,-3.572,-3.432,-3.713,8.673,-9.062,-3.572,-3.432,-3.713,8.673,-9.062
L307C,0.120,-3.728,-3.524,-3.933,9.810,-9.999,-3.728,-3.524,-3.933,9.810,-9.999
L307D,0.120,-4.158,-3.487,-4.830,9.384,-13.767,-4.158,-3.487,-4.830,9.384,-13.767
L307E,0.120,-4.006,-3.506,-4.507,9.649,-12.383,-4.006,-3.506,-4.507,9.649,-12.383
L307F,0.120,-3.350,-3.500,-3.199,9.508,-6.681,-3.350,-3.500,-3.199,9.508,-6.681
L307G,0.120,-3.958,-3.502,-4.414,9.588,-12.000,-3.958,-3.502,-4.414,9.588,-12.000
L307H,0.120,-3.807,-3.500,-4.114,9.522,-10.741,-3.807,-3.500,-4.114,9.522,-10.741
L307I,0.120,-3.198,-3.342,-3.053,7.506,-5.882,-3.198,-3.342,-3.053,7.506,-5.882
L307K,0.120,-4.048,-3.528,-4.567,9.882,-12.636,-4.048,-3.528,-4.567,9.882,-12.636
L307M,0.120,-3.106,-3.139,-3.074,5.029,-5.989,-3.106,-3.139,-3.074,5.029,-5.989
L307N,0.120,-4.014,-3.502,-4.526,9.561,-12.466,-4.014,-3.502,-4.526,9.561,-12.466
L307P,0.120,-3.740,-3.493,-3.987,9.453,-10.228,-3.740,-3.493,-3.987,9.453,-10.228
L307Q,0.120,-3.683,-3.503,-3.863,9.576,-9.707,-3.683,-3.503,-3.863,9.576,-9.707
L307R,0.120,-3.835,-3.489,-4.181,9.400,-11.026,-3.835,-3.489,-4.181,9.400,-11.026
L307S,0.120,-3.752,-3.518,-3.987,9.743,-10.229,-3.752,-3.518,-3.987,9.743,-10.229
L307T,0.120,-3.689,-3.520,-3.857,9.762,-9.672,-3.689,-3.520,-3.857,9.762,-9.672
L307V,0.120,-3.226,-3.431,-3.022,8.654,-5.677,-3.226,-3.431,-3.022,8.654,-5.677
L307W,0.120,-3.836,-3.509,-4.164,9.638,-10.957,-3.836,-3.509,-4.164,9.638,-10.957
L307Y,0.120,-3.868,-3.496,-4.240,9.461,-11.279,-3.868,-3.496,-4.240,9.461,-11.279
G308A,0.120,-3.421,-3.495,-3.347,9.466,-7.400,-3.421,-3.495,-3.347,9.466,-7.400
G308C,0.120,-3.623,-3.558,-3.688,10.313,-8.954,-3.623,-3.558,-3.688,10.313,-8.954
G308D,0.120,-3.250,-3.429,-3.070,8.715,-5.972,-3.250,-3.429,-3.070,8.715,-5.972
G308E,0.120,-3.332,-3.416,-3.248,8.517,-6.926,-3.332,-3.416,-3.248,8.517,-6.926
G308F,0.120,-4.150,-3.556,-4.743,10.282,-13.387,-4.150,-3.556,-4.743,10.282,-13.387
G308H,0.120,-3.816,-3.565,-4.067,10.361,-10.560,-3.816,-3.565,-4.067,10.361,-10.560
G308I,0.120,-4.094,-3.516,-4.671,9.754,-13.072,-4.094,-3.516,-4.671,9.754,-13.072
G308K,0.120,-3.665,-3.524,-3.807,9.823,-9.469,-3.665,-3.524,-3.807,9.823,-9.469
G308L,0.120,-3.883,-3.494,-4.273,9.481,-11.410,-3.883,-3.494,-4.273,9.481,-11.410
G308M,0.120,-4.008,-3.559,-4.458,10.306,-12.183,-4.008,-3.559,-4.458,10.306,-12.183
G308N,0.120,-3.380,-3.428,-3.332,8.632,-7.344,-3.380,-3.428,-3.332,8.632,-7.344
G308P,0.120,-3.510,-3.396,-3.625,8.235,-8.682,-3.510,-3.396,-3.625,8.235,-8.682
G308Q,0.120,-3.670,-3.512,-3.829,9.708,-9.569,-3.670,-3.512,-3.829,9.708,-9.569
G308R,0.120,-3.528,-3.551,-3.505,10.228,-8.148,-3.528,-3.551,-3.505,10.228,-8.148
G308S,0.120,-3.169,-3.366,-2.972,7.927,-5.388,-3.169,-3.366,-2.972,7.927,-5.388
G308T,0.120,-3.320,-3.355,-3.286,7.766,-7.106,-3.320,-3.355,-3.286,7.766,-7.106
G308V,0.120,-3.796,-3.550,-4.042,10.165,-10.455,-3.796,-3.550,-4.042,10.165,-10.455
G308W,0.120,-3.995,-3.563,-4.426,10.374,-12.044,-3.995,-3.563,-4.426,10.374,-12.044
G308Y,0.120,-4.142,-3.570,-4.713,10.489,-13.255,-4.142,-3.570,-4.713,10.489,-13.255
E309A,0.120,-2.980,-3.178,-2.782,5.584,-3.927,-2.980,-3.178,-2.782,5.584,-3.927
E309C,0.120,-3.593,-3.368,-3.819,7.820,-9.523,-3.593,-3.368,-3.819,7.820,-9.523
E309D,0.120,-2.785,-2.910,-2.660,2.314,-2.113,-2.785,-2.910,-2.660,2.314,-2.113
E309F,0.120,-3.593,-3.347,-3.839,7.587,-9.608,-3.593,-3.347,-3.839,7.587,-9.608
E309G,0.120,-3.191,-3.295,-3.087,6.972,-6.067,-3.191,-3.295,-3.087,6.972,-6.067
E309H,0.120,-3.231,-3.266,-3.196,6.563,-6.659,-3.231,-3.266,-3.196,6.563,-6.659
E309I,0.120,-3.337,-3.312,-3.362,7.215,-7.483,-3.337,-3.312,-3.362,7.215,-7.483
E309K,0.120,-3.053,-3.081,-3.026,4.325,-5.710,-3.053,-3.081,-3.026,4.325,-5.710
E309L,0.120,-3.220,-3.300,-3.141,7.020,-6.364,-3.220,-3.300,-3.141,7.020,-6.364
E309M,0.120,-3.327,-3.326,-3.328,7.318,-7.312,-3.327,-3.326,-3.328,7.318,-7.312
E309N,0.120,-2.998,-3.035,-2.961,3.824,-5.297,-2.998,-3.035,-2.961,3.824,-5.297
E309P,0.120,-2.988,-3.107,-2.869,4.663,-4.664,-2.988,-3.107,-2.869,4.663,-4.664
E309Q,0.120,-2.963,-3.125,-2.801,4.864,-4.096,-2.963,-3.125,-2.801,4.864,-4.096
E309R,0.120,-3.247,-3.280,-3.215,6.790,-6.742,-3.247,-3.280,-3.215,6.790,-6.742
E309S,0.120,-3.061,-3.122,-3.001,4.882,-5.557,-3.061,-3.122,-3.001,4.882,-5.557
E309T,0.120,-3.101,-3.271,-2.930,6.640,-5.096,-3.101,-3.271,-2.930,6.640,-5.096
E309V,0.120,-3.068,-3.176,-2.961,5.429,-5.298,-3.068,-3.176,-2.961,5.429,-5.298
E309W,0.120,-3.682,-3.323,-4.042,7.300,-10.456,-3.682,-3.323,-4.042,7.300,-10.456
E309Y,0.120,-3.504,-3.295,-3.713,6.939,-9.070,-3.504,-3.295,-3.713,6.939,-9.070
E310A,0.118,-2.952,-3.150,-2.754,5.258,-3.663,-2.952,-3.150,-2.754,5.258,-3.663
E310C,0.118,-3.684,-3.435,-3.934,8.680,-10.001,-3.684,-3.435,-3.934,8.680,-10.001
E310D,0.118,-2.824,-2.996,-2.651,3.410,-1.500,-2.824,-2.996,-2.651,3.410,-1.500
E310F,0.118,-3.674,-3.406,-3.943,8.347,-10.042,-3.674,-3.406,-3.943,8.347,-10.042
E310G,0.118,-3.158,-3.360,-2.956,7.803,-5.277,-3.158,-3.360,-2.956,7.803,-5.277
E310H,0.118,-3.164,-3.149,-3.178,5.163,-6.558,-3.164,-3.149,-3.178,5.163,-6.558
E310I,0.118,-3.415,-3.324,-3.506,7.337,-8.148,-3.415,-3.324,-3.506,7.337,-8.148
E310K,0.118,-3.190,-3.308,-3.072,7.106,-5.985,-3.190,-3.308,-3.072,7.106,-5.985
E310L,0.118,-3.368,-3.332,-3.404,7.393,-7.685,-3.368,-3.332,-3.404,7.393,-7.685
E310M,0.118,-3.495,-3.417,-3.573,8.472,-8.454,-3.495,-3.417,-3.573,8.472,-8.454
E310N,0.118,-3.064,-3.140,-2.988,5.071,-5.474,-3.064,-3.140,-2.988,5.071,-5.474
E310P,0.118,-3.306,-3.365,-3.247,7.873,-6.920,-3.306,-3.365,-3.247,7.873,-6.920
E310Q,0.118,-3.010,-3.163,-2.858,5.281,-4.575,-3.010,-3.163,-2.858,5.281,-4.575
E310R,0.118,-3.356,-3.384,-3.329,8.113,-7.319,-3.356,-3.384,-3.329,8.113,-7.319
E310S,0.118,-3.177,-3.298,-3.056,6.984,-5.881,-3.177,-3.298,-3.056,6.984,-5.881
E310T,0.118,-3.184,-3.314,-3.055,7.234,-5.889,-3.184,-3.314,-3.055,7.234,-5.889
E310V,0.118,-3.154,-3.288,-3.019,6.913,-5.671,-3.154,-3.288,-3.019,6.913,-5.671
E310W,0.118,-3.813,-3.422,-4.204,8.517,-11.120,-3.813,-3.422,-4.204,8.517,-11.120
E310Y,0.118,-3.572,-3.392,-3.753,8.157,-9.237,-3.572,-3.392,-3.753,8.157,-9.237
Q311A,0.118,-3.352,-3.332,-3.372,7.400,-7.524,-3.352,-3.332,-3.372,7.400,-7.524
Q311C,0.118,-3.690,-3.447,-3.933,8.906,-9.994,-3.690,-3.447,-3.933,8.906,-9.994
Q311D,0.118,-3.428,-3.405,-3.452,8.339,-7.906,-3.428,-3.405,-3.452,8.339,-7.906
Q311E,0.118,-3.154,-3.275,-3.034,6.752,-5.753,-3.154,-3.275,-3.034,6.752,-5.753
Q311F,0.118,-3.678,-3.344,-4.012,7.463,-10.328,-3.678,-3.344,-4.012,7.463,-10.328
Q311G,0.118,-3.570,-3.458,-3.681,8.945,-8.937,-3.570,-3.458,-3.681,8.945,-8.937
Q311H,0.118,-3.132,-3.304,-2.961,7.089,-5.304,-3.132,-3.304,-2.961,7.089,-5.304
Q311I,0.118,-3.608,-3.473,-3.743,9.191,-9.200,-3.608,-3.473,-3.743,9.191,-9.200
Q311K,0.118,-3.334,-3.279,-3.388,6.732,-7.609,-3.334,-3.279,-3.388,6.732,-7.609
Q311L,0.118,-3.102,-3.229,-2.974,6.194,-5.385,-3.102,-3.229,-2.974,6.194,-5.385
Q311M,0.118,-3.394,-3.430,-3.357,8.663,-7.460,-3.394,-3.430,-3.357,8.663,-7.460
Q311N,0.118,-3.430,-3.258,-3.602,6.549,-8.574,-3.430,-3.258,-3.602,6.549,-8.574
Q311P,0.118,-3.599,-3.498,-3.700,9.524,-9.014,-3.599,-3.498,-3.700,9.524,-9.014
Q311R,0.118,-3.342,-3.449,-3.235,8.834,-6.855,-3.342,-3.449,-3.235,8.834,-6.855
Q311S,0.118,-3.471,-3.388,-3.554,8.048,-8.371,-3.471,-3.388,-3.554,8.048,-8.371
Q311T,0.118,-3.497,-3.465,-3.530,9.027,-8.268,-3.497,-3.465,-3.530,9.027,-8.268
Q311V,0.118,-3.470,-3.448,-3.492,8.870,-8.095,-3.470,-3.448,-3.492,8.870,-8.095
Q311W,0.118,-3.768,-3.478,-4.057,9.271,-10.508,-3.768,-3.478,-4.057,9.271,-10.508
Q311Y,0.118,-3.684,-3.490,-3.877,9.420,-9.770,-3.684,-3.490,-3.877,9.420,-9.770
Y312A,0.128,-3.828,-3.577,-4.080,10.589,-10.609,-3.828,-3.577,-4.080,10.589,-10.609
Y312C,0.128,-3.484,-3.571,-3.398,10.444,-7.651,-3.484,-3.571,-3.398,10.444,-7.651
Y312D,0.128,-4.055,-3.554,-4.556,10.231,-12.593,-4.055,-3.554,-4.556,10.231,-12.593
Y312E,0.128,-4.032,-3.553,-4.512,10.270,-12.401,-4.032,-3.553,-4.512,10.270,-12.401
Y312F,0.128,-3.102,-3.439,-2.765,8.790,-3.769,-3.102,-3.439,-2.765,8.790,-3.769
Y312G,0.128,-4.085,-3.568,-4.602,10.448,-12.784,-4.085,-3.568,-4.602,10.448,-12.784
Y312H,0.128,-3.343,-3.569,-3.116,10.445,-6.229,-3.343,-3.569,-3.116,10.445,-6.229
Y312I,0.128,-3.864,-3.556,-4.173,10.256,-10.992,-3.864,-3.556,-4.173,10.256,-10.992
Y312K,0.128,-4.066,-3.547,-4.584,10.164,-12.709,-4.066,-3.547,-4.584,10.164,-12.709
Y312L,0.128,-3.494,-3.491,-3.496,9.484,-8.105,-3.494,-3.491,-3.496,9.484,-8.105
Y312M,0.128,-3.867,-3.585,-4.149,10.674,-10.890,-3.867,-3.585,-4.149,10.674,-10.890
Y312N,0.128,-3.838,-3.574,-4.103,10.481,-10.706,-3.838,-3.574,-4.103,10.481,-10.706
Y312P,0.128,-4.358,-3.573,-5.142,10.485,-15.190,-4.358,-3.573,-5.142,10.485,-15.190
Y312Q,0.128,-3.842,-3.566,-4.118,10.418,-10.762,-3.842,-3.566,-4.118,10.418,-10.762
Y312R,0.128,-3.773,-3.561,-3.985,10.382,-10.216,-3.773,-3.561,-3.985,10.382,-10.216
Y312S,0.128,-3.704,-3.545,-3.863,10.174,-9.707,-3.704,-3.545,-3.863,10.174,-9.707
Y312T,0.128,-3.928,-3.587,-4.269,10.633,-11.397,-3.928,-3.587,-4.269,10.633,-11.397
Y312V,0.128,-3.688,-3.484,-3.892,9.370,-9.817,-3.688,-3.484,-3.892,9.370,-9.817
Y312W,0.128,-3.602,-3.587,-3.617,10.670,-8.644,-3.602,-3.587,-3.617,10.670,-8.644
N313A,0.134,-2.810,-2.946,-2.673,2.698,-0.571,-2.810,-2.946,-2.673,2.698,-0.571
N313C,0.134,-3.034,-3.229,-2.839,6.104,-4.419,-3.034,-3.229,-2.839,6.104,-4.419
N313D,0.134,-2.760,-2.847,-2.673,1.543,-2.510,-2.760,-2.847,-2.673,1.543,-2.510
N313E,0.134,-2.698,-2.744,-2.653,0.336,-1.824,-2.698,-2.744,-2.653,0.336,-1.824
N313F,0.134,-3.188,-3.259,-3.117,6.508,-6.226,-3.188,-3.259,-3.117,6.508,-6.226
N313G,0.134,-2.802,-2.943,-2.661,2.674,-2.194,-2.802,-2.943,-2.661,2.674,-2.194
N313H,0.134,-2.957,-3.230,-2.684,6.132,-2.714,-2.957,-3.230,-2.684,6.132,-2.714
N313I,0.134,-3.022,-3.220,-2.824,5.999,-4.293,-3.022,-3.220,-2.824,5.999,-4.293
N313K,0.134,-2.901,-3.131,-2.671,4.905,-2.478,-2.901,-3.131,-2.671,4.905,-2.478
N313L,0.134,-2.988,-3.250,-2.725,6.372,-3.330,-2.988,-3.250,-2.725,6.372,-3.330
N313M,0.134,-2.992,-3.151,-2.832,5.205,-4.369,-2.992,-3.151,-2.832,5.205,-4.369
N313P,0.134,-3.435,-3.218,-3.652,5.973,-8.805,-3.435,-3.218,-3.652,5.973,-8.805
N313Q,0.134,-2.815,-2.974,-2.656,3.042,-1.093,-2.815,-2.974,-2.656,3.042,-1.093
N313R,0.134,-2.874,-3.083,-2.665,4.440,-2.271,-2.874,-3.083,-2.665,4.440,-2.271
N313S,0.134,-2.836,-3.019,-2.654,3.538,-1.367,-2.836,-3.019,-2.654,3.538,-1.367
N313T,0.134,-2.858,-3.054,-2.661,4.138,-2.184,-2.858,-3.054,-2.661,4.138,-2.184
N313V,0.134,-2.964,-3.199,-2.728,5.789,-3.368,-2.964,-3.199,-2.728,5.789,-3.368
N313W,0.134,-3.224,-3.238,-3.210,6.225,-6.740,-3.224,-3.238,-3.210,6.225,-6.740
N313Y,0.134,-3.119,-3.228,-3.010,6.138,-5.611,-3.119,-3.228,-3.010,6.138,-5.611
R314A,0.136,-3.610,-3.497,-3.723,9.473,-9.106,-3.610,-3.497,-3.723,9.473,-9.106
R314C,0.136,-3.391,-3.515,-3.266,9.721,-7.022,-3.391,-3.515,-3.266,9.721,-7.022
R314D,0.136,-3.927,-3.518,-4.337,9.755,-11.682,-3.927,-3.518,-4.337,9.755,-11.682
R314E,0.136,-3.715,-3.452,-3.978,8.840,-10.193,-3.715,-3.452,-3.978,8.840,-10.193
R314F,0.136,-3.866,-3.515,-4.216,9.688,-11.167,-3.866,-3.515,-4.216,9.688,-11.167
R314G,0.136,-3.662,-3.547,-3.776,10.139,-9.343,-3.662,-3.547,-3.776,10.139,-9.343
R314H,0.136,-3.292,-3.454,-3.130,8.914,-6.301,-3.292,-3.454,-3.130,8.914,-6.301
R314I,0.136,-3.628,-3.537,-3.719,10.017,-9.090,-3.628,-3.537,-3.719,10.017,-9.090
R314K,0.136,-2.990,-3.269,-2.711,6.685,-3.146,-2.990,-3.269,-2.711,6.685,-3.146
R314L,0.136,-3.313,-3.451,-3.175,8.931,-6.550,-3.313,-3.451,-3.175,8.931,-6.550
R314M,0.136,-3.422,-3.347,-3.496,7.635,-8.107,-3.422,-3.347,-3.496,7.635,-8.107
R314N,0.136,-3.530,-3.509,-3.552,9.644,-8.367,-3.530,-3.509,-3.552,9.644,-8.367
R314P,0.136,-3.929,-3.532,-4.326,9.939,-11.633,-3.929,-3.532,-4.326,9.939,-11.633
R314Q,0.136,-3.158,-3.335,-2.981,7.523,-5.435,-3.158,-3.335,-2.981,7.523,-5.435
R314S,0.136,-3.491,-3.492,-3.490,9.384,-8.084,-3.491,-3.492,-3.490,9.384,-8.084
R314T,0.136,-3.486,-3.423,-3.548,8.564,-8.339,-3.486,-3.423,-3.548,8.564,-8.339
R314V,0.136,-3.727,-3.555,-3.899,10.241,-9.856,-3.727,-3.555,-3.899,10.241,-9.856
R314W,0.136,-3.566,-3.539,-3.593,10.060,-8.547,-3.566,-3.539,-3.593,10.060,-8.547
R314Y,0.136,-3.714,-3.510,-3.918,9.704,-9.944,-3.714,-3.510,-3.918,9.704,-9.944
Y315A,0.136,-4.083,-3.541,-4.625,10.074,-12.886,-4.083,-3.541,-4.625,10.074,-12.886
Y315C,0.136,-3.654,-3.567,-3.742,10.395,-9.187,-3.654,-3.567,-3.742,10.395,-9.187
Y315D,0.136,-4.306,-3.586,-5.025,10.643,-14.645,-4.306,-3.586,-5.025,10.643,-14.645
Y315E,0.136,-4.359,-3.558,-5.160,10.278,-15.272,-4.359,-3.558,-5.160,10.278,-15.272
Y315F,0.136,-3.136,-3.334,-2.937,7.526,-5.136,-3.136,-3.334,-2.937,7.526,-5.136
Y315G,0.136,-4.324,-3.539,-5.109,10.073,-15.029,-4.324,-3.539,-5.109,10.073,-15.029
Y315H,0.136,-3.508,-3.541,-3.474,10.084,-8.003,-3.508,-3.541,-3.474,10.084,-8.003
Y315I,0.136,-4.054,-3.562,-4.547,10.333,-12.550,-4.054,-3.562,-4.547,10.333,-12.550
Y315K,0.136,-4.416,-3.539,-5.294,10.047,-15.929,-4.416,-3.539,-5.294,10.047,-15.929
Y315L,0.136,-3.492,-3.402,-3.581,8.299,-8.496,-3.492,-3.402,-3.581,8.299,-8.496
Y315M,0.136,-3.999,-3.522,-4.476,9.843,-12.255,-3.999,-3.522,-4.476,9.843,-12.255
Y315N,0.136,-4.086,-3.552,-4.620,10.261,-12.864,-4.086,-3.552,-4.620,10.261,-12.864
Y315P,0.136,-4.506,-3.550,-5.462,10.214,-16.809,-4.506,-3.550,-5.462,10.214,-16.809
Y315Q,0.136,-4.078,-3.566,-4.589,10.390,-12.730,-4.078,-3.566,-4.589,10.390,-12.730
Y315R,0.136,-4.141,-3.554,-4.728,10.254,-13.319,-4.141,-3.554,-4.728,10.254,-13.319
Y315S,0.136,-4.028,-3.526,-4.531,9.880,-12.487,-4.028,-3.526,-4.531,9.880,-12.487
Y315T,0.136,-4.225,-3.535,-4.915,10.019,-14.142,-4.225,-3.535,-4.915,10.019,-14.142
Y315V,0.136,-3.957,-3.532,-4.382,9.910,-11.865,-3.957,-3.532,-4.382,9.910,-11.865
Y315W,0.136,-3.488,-3.558,-3.419,10.264,-7.753,-3.488,-3.558,-3.419,10.264,-7.753
Q316A,0.138,-3.573,-3.378,-3.768,8.027,-9.302,-3.573,-3.378,-3.768,8.027,-9.302
Q316C,0.138,-3.525,-3.460,-3.590,9.031,-8.534,-3.525,-3.460,-3.590,9.031,-8.534
Q316D,0.138,-3.861,-3.462,-4.260,9.059,-11.352,-3.861,-3.462,-4.260,9.059,-11.352
Q316E,0.138,-3.358,-3.402,-3.313,8.317,-7.245,-3.358,-3.402,-3.313,8.317,-7.245
Q316F,0.138,-3.696,-3.444,-3.947,8.835,-10.051,-3.696,-3.444,-3.947,8.835,-10.051
Q316G,0.138,-3.684,-3.445,-3.924,8.829,-9.963,-3.684,-3.445,-3.924,8.829,-9.963
Q316H,0.138,-3.166,-3.148,-3.185,5.187,-6.593,-3.166,-3.148,-3.185,5.187,-6.593
Q316I,0.138,-3.412,-3.444,-3.381,8.822,-7.570,-3.412,-3.444,-3.381,8.822,-7.570
Q316K,0.138,-3.217,-3.097,-3.337,4.579,-7.354,-3.217,-3.097,-3.337,4.579,-7.354
Q316L,0.138,-2.945,-3.112,-2.778,4.706,-3.892,-2.945,-3.112,-2.778,4.706,-3.892
Q316M,0.138,-3.292,-3.388,-3.195,8.124,-6.660,-3.292,-3.388,-3.195,8.124,-6.660
Q316N,0.138,-3.646,-3.457,-3.836,9.025,-9.588,-3.646,-3.457,-3.836,9.025,-9.588
Q316P,0.138,-4.052,-3.433,-4.671,8.677,-13.080,-4.052,-3.433,-4.671,8.677,-13.080
Q316R,0.138,-3.296,-3.472,-3.120,9.171,-6.261,-3.296,-3.472,-3.120,9.171,-6.261
Q316S,0.138,-3.593,-3.445,-3.741,8.873,-9.193,-3.593,-3.445,-3.741,8.873,-9.193
Q316T,0.138,-3.646,-3.464,-3.828,9.109,-9.561,-3.646,-3.464,-3.828,9.109,-9.561
Q316V,0.138,-3.411,-3.438,-3.384,8.746,-7.591,-3.411,-3.438,-3.384,8.746,-7.591
Q316W,0.138,-3.619,-3.424,-3.814,8.597,-9.497,-3.619,-3.424,-3.814,8.597,-9.497
Q316Y,0.138,-3.694,-3.436,-3.951,8.733,-10.071,-3.694,-3.436,-3.951,8.733,-10.071
Q317A,0.140,-3.102,-3.128,-3.076,5.062,-6.002,-3.102,-3.128,-3.076,5.062,-6.002
Q317C,0.140,-2.997,-3.120,-2.874,4.934,-4.689,-2.997,-3.120,-2.874,4.934,-4.689
Q317D,0.140,-3.227,-3.070,-3.384,4.268,-7.571,-3.227,-3.070,-3.384,4.268,-7.571
Q317E,0.140,-3.004,-3.051,-2.958,3.919,-5.271,-3.004,-3.051,-2.958,3.919,-5.271
Q317F,0.140,-3.292,-3.172,-3.412,5.495,-7.722,-3.292,-3.172,-3.412,5.495,-7.722
Q317G,0.140,-3.084,-3.075,-3.092,4.278,-6.093,-3.084,-3.075,-3.092,4.278,-6.093
Q317H,0.140,-2.794,-2.919,-2.668,2.570,-2.394,-2.794,-2.919,-2.668,2.570,-2.394
Q317I,0.140,-3.222,-3.199,-3.244,5.821,-6.904,-3.222,-3.199,-3.244,5.821,-6.904
Q317K,0.140,-2.838,-2.976,-2.699,3.100,-2.951,-2.838,-2.976,-2.699,3.100,-2.951
Q317L,0.140,-2.866,-2.969,-2.762,3.078,-3.741,-2.866,-2.969,-2.762,3.078,-3.741
Q317M,0.140,-3.066,-3.069,-3.062,4.344,-5.932,-3.066,-3.069,-3.062,4.344,-5.932
Q317N,0.140,-2.991,-2.942,-3.040,2.714,-5.793,-2.991,-2.942,-3.040,2.714,-5.793
Q317P,0.140,-3.458,-3.178,-3.739,5.541,-9.167,-3.458,-3.178,-3.739,5.541,-9.167
Q317R,0.140,-2.692,-2.574,-2.811,-1.626,1.033,-2.692,-2.574,-2.811,-1.626,1.033
Q317S,0.140,-2.982,-3.032,-2.933,3.923,-5.133,-2.982,-3.032,-2.933,3.923,-5.133
Q317T,0.140,-3.011,-2.984,-3.038,3.228,-5.782,-3.011,-2.984,-3.038,3.228,-5.782
Q317V,0.140,-3.146,-3.104,-3.189,4.683,-6.624,-3.146,-3.104,-3.189,4.683,-6.624
Q317W,0.140,-3.114,-3.168,-3.059,5.464,-5.912,-3.114,-3.168,-3.059,5.464,-5.912
Q317Y,0.140,-3.178,-3.153,-3.203,5.255,-6.700,-3.178,-3.153,-3.203,5.255,-6.700
Y318A,0.142,-3.545,-3.443,-3.647,8.760,-8.779,-3.545,-3.443,-3.647,8.760,-8.779
Y318C,0.142,-3.318,-3.435,-3.201,8.701,-6.682,-3.318,-3.435,-3.201,8.701,-6.682
Y318D,0.142,-3.862,-3.430,-4.293,8.628,-11.485,-3.862,-3.430,-4.293,8.628,-11.485
Y318E,0.142,-3.872,-3.418,-4.327,8.486,-11.630,-3.872,-3.418,-4.327,8.486,-11.630
Y318F,0.142,-2.792,-2.918,-2.667,2.368,-2.374,-2.792,-2.918,-2.667,2.368,-2.374
Y318G,0.142,-3.824,-3.424,-4.225,8.542,-11.216,-3.824,-3.424,-4.225,8.542,-11.216
Y318H,0.142,-3.156,-3.447,-2.864,8.801,-4.625,-3.156,-3.447,-2.864,8.801,-4.625
Y318I,0.142,-3.606,-3.374,-3.838,7.826,-9.597,-3.606,-3.374,-3.838,7.826,-9.597
Y318K,0.142,-3.719,-3.391,-4.047,8.024,-10.471,-3.719,-3.391,-4.047,8.024,-10.471
Y318L,0.142,-3.165,-3.322,-3.007,7.182,-5.579,-3.165,-3.322,-3.007,7.182,-5.579
Y318M,0.142,-3.577,-3.374,-3.780,7.860,-9.355,-3.577,-3.374,-3.780,7.860,-9.355
Y318N,0.142,-3.584,-3.405,-3.763,8.235,-9.281,-3.584,-3.405,-3.763,8.235,-9.281
Y318P,0.142,-4.092,-3.424,-4.760,8.510,-13.466,-4.092,-3.424,-4.760,8.510,-13.466
Y318Q,0.142,-3.430,-3.364,-3.495,7.659,-8.101,-3.430,-3.364,-3.495,7.659,-8.101
Y318R,0.142,-3.422,-3.392,-3.452,8.086,-7.909,-3.422,-3.392,-3.452,8.086,-7.909
Y318S,0.142,-3.473,-3.423,-3.523,8.537,-8.223,-3.473,-3.423,-3.523,8.537,-8.223
Y318T,0.142,-3.694,-3.419,-3.968,8.473,-10.136,-3.694,-3.419,-3.968,8.473,-10.136
Y318V,0.142,-3.553,-3.380,-3.726,7.914,-9.124,-3.553,-3.380,-3.726,7.914,-9.124
Y318W,0.142,-3.303,-3.229,-3.377,6.118,-7.559,-3.303,-3.229,-3.377,6.118,-7.559
G319A,0.142,-2.818,-2.906,-2.731,2.280,-3.429,-2.818,-2.906,-2.731,2.280,-3.429
G319C,0.142,-3.487,-3.454,-3.520,8.986,-8.214,-3.487,-3.454,-3.520,8.986,-8.214
G319D,0.142,-3.532,-3.468,-3.595,9.140,-8.551,-3.532,-3.468,-3.595,9.140,-8.551
G319E,0.142,-3.525,-3.453,-3.597,8.936,-8.564,-3.525,-3.453,-3.597,8.936,-8.564
G319F,0.142,-3.789,-3.416,-4.162,8.477,-10.948,-3.789,-3.416,-4.162,8.477,-10.948
G319H,0.142,-3.858,-3.484,-4.233,9.314,-11.246,-3.858,-3.484,-4.233,9.314,-11.246
G319I,0.142,-3.736,-3.441,-4.032,8.752,-10.418,-3.736,-3.441,-4.032,8.752,-10.418
G319K,0.142,-3.738,-3.442,-4.033,8.791,-10.419,-3.738,-3.442,-4.033,8.791,-10.419
G319L,0.142,-3.578,-3.443,-3.713,8.800,-9.066,-3.578,-3.443,-3.713,8.800,-9.066
G319M,0.142,-3.681,-3.458,-3.904,8.987,-9.878,-3.681,-3.458,-3.904,8.987,-9.878
G319N,0.142,-3.588,-3.447,-3.729,8.892,-9.134,-3.588,-3.447,-3.729,8.892,-9.134
G319P,0.142,-3.973,-3.459,-4.487,8.994,-12.310,-3.973,-3.459,-4.487,8.994,-12.310
G319Q,0.142,-3.681,-3.455,-3.906,8.964,-9.880,-3.681,-3.455,-3.906,8.964,-9.880
G319R,0.142,-3.518,-3.429,-3.607,8.673,-8.606,-3.518,-3.429,-3.607,8.673,-8.606
G319S,0.142,-3.042,-3.170,-2.915,5.479,-4.993,-3.042,-3.170,-2.915,5.479,-4.993
G319T,0.142,-3.574,-3.463,-3.684,9.098,-8.952,-3.574,-3.463,-3.684,9.098,-8.952
G319V,0.142,-3.478,-3.442,-3.513,8.814,-8.187,-3.478,-3.442,-3.513,8.814,-8.187
G319W,0.142,-3.763,-3.448,-4.078,8.871,-10.606,-3.763,-3.448,-4.078,8.871,-10.606
G319Y,0.142,-3.846,-3.445,-4.248,8.847,-11.311,-3.846,-3.445,-4.248,8.847,-11.311
A320C,0.142,-3.682,-3.477,-3.887,9.256,-9.807,-3.682,-3.477,-3.887,9.256,-9.807
A320D,0.142,-3.777,-3.456,-4.098,9.030,-10.689,-3.777,-3.456,-4.098,9.030,-10.689
A320E,0.142,-3.586,-3.477,-3.695,9.248,-8.994,-3.586,-3.477,-3.695,9.248,-8.994
A320F,0.142,-3.585,-3.479,-3.690,9.284,-8.962,-3.585,-3.479,-3.690,9.284,-8.962
A320G,0.142,-3.396,-3.474,-3.318,9.255,-7.260,-3.396,-3.474,-3.318,9.255,-7.260
A320H,0.142,-3.980,-3.506,-4.455,9.639,-12.167,-3.980,-3.506,-4.455,9.639,-12.167
A320I,0.142,-3.635,-3.486,-3.784,9.400,-9.370,-3.635,-3.486,-3.784,9.400,-9.370
A320K,0.142,-3.886,-3.478,-4.293,9.315,-11.491,-3.886,-3.478,-4.293,9.315,-11.491
A320L,0.142,-3.644,-3.472,-3.815,9.187,-9.502,-3.644,-3.472,-3.815,9.187,-9.502
A320M,0.142,-3.587,-3.404,-3.770,8.334,-9.309,-3.587,-3.404,-3.770,8.334,-9.309
A320N,0.142,-3.797,-3.470,-4.124,9.193,-10.796,-3.797,-3.470,-4.124,9.193,-10.796
A320P,0.142,-3.811,-3.471,-4.151,9.170,-10.912,-3.811,-3.471,-4.151,9.170,-10.912
A320Q,0.142,-3.839,-3.490,-4.188,9.421,-11.054,-3.839,-3.490,-4.188,9.421,-11.054
A320R,0.142,-3.790,-3.482,-4.098,9.318,-10.682,-3.790,-3.482,-4.098,9.318,-10.682
A320S,0.142,-3.248,-3.416,-3.080,8.494,-6.024,-3.248,-3.416,-3.080,8.494,-6.024
A320T,0.142,-2.994,-2.991,-2.996,3.298,-5.525,-2.994,-2.991,-2.996,3.298,-5.525
A320V,0.142,-3.210,-3.324,-3.095,7.237,-6.109,-3.210,-3.324,-3.095,7.237,-6.109
A320W,0.142,-4.094,-3.471,-4.718,9.165,-13.280,-4.094,-3.471,-4.718,9.165,-13.280
A320Y,0.142,-3.879,-3.474,-4.283,9.262,-11.451,-3.879,-3.474,-4.283,9.262,-11.451
E321A,0.142,-3.658,-3.546,-3.770,10.128,-9.313,-3.658,-3.546,-3.770,10.128,-9.313
E321C,0.142,-4.293,-3.576,-5.010,10.496,-14.576,-4.293,-3.576,-5.010,10.496,-14.576
E321D,0.142,-3.504,-3.588,-3.419,10.695,-7.759,-3.504,-3.588,-3.419,10.695,-7.759
E321F,0.142,-4.373,-3.586,-5.160,10.648,-15.273,-4.373,-3.586,-5.160,10.648,-15.273
E321G,0.142,-3.771,-3.562,-3.980,10.333,-10.194,-3.771,-3.562,-3.980,10.333,-10.194
E321H,0.142,-4.082,-3.595,-4.569,10.755,-12.650,-4.082,-3.595,-4.569,10.755,-12.650
E321I,0.142,-4.225,-3.588,-4.862,10.678,-13.906,-4.225,-3.588,-4.862,10.678,-13.906
E321K,0.142,-3.724,-3.511,-3.937,9.545,-10.016,-3.724,-3.511,-3.937,9.545,-10.016
E321L,0.142,-4.048,-3.570,-4.525,10.432,-12.452,-4.048,-3.570,-4.525,10.432,-12.452
E321M,0.142,-4.102,-3.567,-4.638,10.365,-12.944,-4.102,-3.567,-4.638,10.365,-12.944
E321N,0.142,-3.946,-3.539,-4.353,9.998,-11.740,-3.946,-3.539,-4.353,9.998,-11.740
E321P,0.142,-4.374,-3.585,-5.163,10.631,-15.286,-4.374,-3.585,-5.163,10.631,-15.286
E321Q,0.142,-3.548,-3.489,-3.606,9.269,-8.604,-3.548,-3.489,-3.606,9.269,-8.604
E321R,0.142,-3.923,-3.497,-4.350,9.412,-11.732,-3.923,-3.497,-4.350,9.412,-11.732
E321S,0.142,-3.960,-3.536,-4.385,9.931,-11.881,-3.960,-3.536,-4.385,9.931,-11.881
E321T,0.142,-3.850,-3.583,-4.117,10.578,-10.760,-3.850,-3.583,-4.117,10.578,-10.760
E321V,0.142,-3.896,-3.548,-4.245,10.136,-11.291,-3.896,-3.548,-4.245,10.136,-11.291
E321W,0.142,-4.440,-3.579,-5.302,10.577,-15.974,-4.440,-3.579,-5.302,10.577,-15.974
E321Y,0.142,-4.280,-3.573,-4.986,10.473,-14.473,-4.280,-3.573,-4.986,10.473,-14.473
E322A,0.142,-3.576,-3.490,-3.661,9.356,-8.838,-3.576,-3.490,-3.661,9.356,-8.838
E322C,0.142,-4.128,-3.504,-4.751,9.576,-13.422,-4.128,-3.504,-4.751,9.576,-13.422
E322D,0.142,-3.174,-3.245,-3.103,6.350,-6.151,-3.174,-3.245,-3.103,6.350,-6.151
E322F,0.142,-4.240,-3.501,-4.980,9.547,-14.435,-4.240,-3.501,-4.980,9.547,-14.435
E322G,0.142,-3.592,-3.425,-3.760,8.570,-9.264,-3.592,-3.425,-3.760,8.570,-9.264
E322H,0.142,-3.854,-3.491,-4.218,9.350,-11.187,-3.854,-3.491,-4.218,9.350,-11.187
E322I,0.142,-4.134,-3.497,-4.772,9.510,-13.509,-4.134,-3.497,-4.772,9.510,-13.509
E322K,0.142,-3.659,-3.429,-3.889,8.535,-9.810,-3.659,-3.429,-3.889,8.535,-9.810
E322L,0.142,-3.894,-3.406,-4.382,8.294,-11.864,-3.894,-3.406,-4.382,8.294,-11.864
E322M,0.142,-4.050,-3.490,-4.611,9.404,-12.821,-4.050,-3.490,-4.611,9.404,-12.821
E322N,0.142,-3.769,-3.504,-4.034,9.550,-10.420,-3.769,-3.504,-4.034,9.550,-10.420
E322P,0.142,-4.192,-3.496,-4.889,9.479,-14.032,-4.192,-3.496,-4.889,9.479,-14.032
E322Q,0.142,-3.385,-3.308,-3.462,7.094,-7.952,-3.385,-3.308,-3.462,7.094,-7.952
E322R,0.142,-3.803,-3.344,-4.262,7.468,-11.362,-3.803,-3.344,-4.262,7.468,-11.362
E322S,0.142,-3.790,-3.473,-4.108,9.113,-10.724,-3.790,-3.473,-4.108,9.113,-10.724
E322T,0.142,-3.930,-3.502,-4.358,9.504,-11.762,-3.930,-3.502,-4.358,9.504,-11.762
E322V,0.142,-3.843,-3.512,-4.174,9.672,-11.002,-3.843,-3.512,-4.174,9.672,-11.002
E322W,0.142,-4.302,-3.505,-5.099,9.612,-14.983,-4.302,-3.505,-5.099,9.612,-14.983
E322Y,0.142,-4.072,-3.500,-4.643,9.545,-12.963,-4.072,-3.500,-4.643,9.545,-12.963
C323A,0.142,-3.148,-3.138,-3.159,5.123,-6.462,-3.148,-3.138,-3.159,5.123,-6.462
C323D,0.142,-3.817,-3.372,-4.262,7.975,-11.368,-3.817,-3.372,-4.262,7.975,-11.368
C323E,0.142,-3.835,-3.384,-4.285,8.117,-11.460,-3.835,-3.384,-4.285,8.117,-11.460
C323F,0.142,-2.918,-3.036,-2.801,3.855,-4.107,-2.918,-3.036,-2.801,3.855,-4.107
C323G,0.142,-3.452,-3.372,-3.532,7.958,-8.277,-3.452,-3.372,-3.532,7.958,-8.277
C323H,0.142,-3.352,-3.330,-3.374,7.430,-7.540,-3.352,-3.330,-3.374,7.430,-7.540
C323I,0.142,-3.626,-3.373,-3.879,7.967,-9.770,-3.626,-3.373,-3.879,7.967,-9.770
C323K,0.142,-3.832,-3.365,-4.299,7.884,-11.517,-3.832,-3.365,-4.299,7.884,-11.517
C323L,0.142,-3.273,-3.154,-3.392,5.264,-7.627,-3.273,-3.154,-3.392,5.264,-7.627
C323M,0.142,-3.561,-3.373,-3.749,7.965,-9.226,-3.561,-3.373,-3.749,7.965,-9.226
C323N,0.142,-3.392,-3.362,-3.423,7.855,-7.769,-3.392,-3.362,-3.423,7.855,-7.769
C323P,0.142,-3.902,-3.380,-4.423,8.046,-12.030,-3.902,-3.380,-4.423,8.046,-12.030
C323Q,0.142,-3.647,-3.380,-3.914,8.043,-9.914,-3.647,-3.380,-3.914,8.043,-9.914
C323R,0.142,-3.498,-3.363,-3.633,7.878,-8.715,-3.498,-3.363,-3.633,7.878,-8.715
C323S,0.142,-3.074,-3.340,-2.808,7.517,-4.161,-3.074,-3.340,-2.808,7.517,-4.161
C323T,0.142,-3.354,-3.385,-3.322,8.152,-7.285,-3.354,-3.385,-3.322,8.152,-7.285
C323V,0.142,-3.402,-3.379,-3.425,8.047,-7.785,-3.402,-3.379,-3.425,8.047,-7.785
C323W,0.142,-3.405,-3.248,-3.562,6.487,-8.409,-3.405,-3.248,-3.562,6.487,-8.409
C323Y,0.142,-2.788,-2.885,-2.691,2.147,-2.850,-2.788,-2.885,-2.691,2.147,-2.850
V324A,0.144,-3.278,-3.357,-3.200,7.722,-6.670,-3.278,-3.357,-3.200,7.722,-6.670
V324C,0.144,-3.746,-3.371,-4.122,7.793,-10.782,-3.746,-3.371,-4.122,7.793,-10.782
V324D,0.144,-4.054,-3.436,-4.673,8.689,-13.097,-4.054,-3.436,-4.673,8.689,-13.097
V324E,0.144,-3.817,-3.424,-4.210,8.566,-11.150,-3.817,-3.424,-4.210,8.566,-11.150
V324F,0.144,-3.596,-3.406,-3.785,8.259,-9.375,-3.596,-3.406,-3.785,8.259,-9.375
V324G,0.144,-3.871,-3.455,-4.287,8.919,-11.464,-3.871,-3.455,-4.287,8.919,-11.464
V324H,0.144,-4.066,-3.421,-4.710,8.494,-13.246,-4.066,-3.421,-4.710,8.494,-13.246
V324I,0.144,-3.024,-3.179,-2.870,5.430,-4.671,-3.024,-3.179,-2.870,5.430,-4.671
V324K,0.144,-4.078,-3.432,-4.724,8.641,-13.310,-4.078,-3.432,-4.724,8.641,-13.310
V324L,0.144,-2.914,-2.926,-2.902,2.410,-4.898,-2.914,-2.926,-2.902,2.410,-4.898
V324M,0.144,-3.346,-3.358,-3.335,7.627,-7.363,-3.346,-3.358,-3.335,7.627,-7.363
V324N,0.144,-3.978,-3.441,-4.516,8.757,-12.420,-3.978,-3.441,-4.516,8.757,-12.420
V324P,0.144,-4.100,-3.415,-4.786,8.423,-13.577,-4.100,-3.415,-4.786,8.423,-13.577
V324Q,0.144,-3.928,-3.442,-4.415,8.742,-12.005,-3.928,-3.442,-4.415,8.742,-12.005
V324R,0.144,-3.960,-3.436,-4.485,8.720,-12.285,-3.960,-3.436,-4.485,8.720,-12.285
V324S,0.144,-3.736,-3.438,-4.034,8.710,-10.415,-3.736,-3.438,-4.034,8.710,-10.415
V324T,0.144,-3.406,-3.333,-3.479,7.374,-8.028,-3.406,-3.333,-3.479,7.374,-8.028
V324W,0.144,-4.085,-3.433,-4.738,8.612,-13.362,-4.085,-3.433,-4.738,8.612,-13.362
V324Y,0.144,-3.904,-3.447,-4.361,8.794,-11.776,-3.904,-3.447,-4.361,8.794,-11.776
L325A,0.144,-3.722,-3.542,-3.902,10.058,-9.875,-3.722,-3.542,-3.902,10.058,-9.875
L325C,0.144,-3.881,-3.485,-4.277,9.296,-11.428,-3.881,-3.485,-4.277,9.296,-11.428
L325D,0.144,-4.179,-3.539,-4.819,10.032,-13.722,-4.179,-3.539,-4.819,10.032,-13.722
L325E,0.144,-4.048,-3.530,-4.565,9.882,-12.627,-4.048,-3.530,-4.565,9.882,-12.627
L325F,0.144,-3.412,-3.400,-3.424,8.261,-7.773,-3.412,-3.400,-3.424,8.261,-7.773
L325G,0.144,-4.031,-3.534,-4.528,9.938,-12.473,-4.031,-3.534,-4.528,9.938,-12.473
L325H,0.144,-3.787,-3.518,-4.056,9.755,-10.511,-3.787,-3.518,-4.056,9.755,-10.511
L325I,0.144,-3.309,-3.342,-3.276,7.560,-7.067,-3.309,-3.342,-3.276,7.560,-7.067
L325K,0.144,-3.924,-3.518,-4.331,9.783,-11.650,-3.924,-3.518,-4.331,9.783,-11.650
L325M,0.144,-3.278,-3.368,-3.187,7.759,-6.604,-3.278,-3.368,-3.187,7.759,-6.604
L325N,0.144,-3.969,-3.501,-4.437,9.477,-12.090,-3.969,-3.501,-4.437,9.477,-12.090
L325P,0.144,-3.885,-3.512,-4.258,9.681,-11.354,-3.885,-3.512,-4.258,9.681,-11.354
L325Q,0.144,-3.560,-3.389,-3.730,8.052,-9.136,-3.560,-3.389,-3.730,8.052,-9.136
L325R,0.144,-3.518,-3.336,-3.700,7.418,-9.007,-3.518,-3.336,-3.700,7.418,-9.007
L325S,0.144,-3.706,-3.492,-3.920,9.402,-9.937,-3.706,-3.492,-3.920,9.402,-9.937
L325T,0.144,-3.736,-3.546,-3.927,10.130,-9.974,-3.736,-3.546,-3.927,10.130,-9.974
L325V,0.144,-3.432,-3.519,-3.344,9.745,-7.389,-3.432,-3.519,-3.344,9.745,-7.389
L325W,0.144,-3.854,-3.537,-4.171,9.997,-10.984,-3.854,-3.537,-4.171,9.997,-10.984
L325Y,0.144,-3.832,-3.463,-4.200,8.939,-11.113,-3.832,-3.463,-4.200,8.939,-11.113
Q326A,0.146,-3.113,-3.156,-3.070,5.208,-5.968,-3.113,-3.156,-3.070,5.208,-5.968
Q326C,0.146,-3.426,-3.280,-3.571,6.674,-8.437,-3.426,-3.280,-3.571,6.674,-8.437
Q326D,0.146,-3.348,-3.343,-3.354,7.418,-7.446,-3.348,-3.343,-3.354,7.418,-7.446
Q326E,0.146,-3.210,-3.381,-3.040,7.943,-5.787,-3.210,-3.381,-3.040,7.943,-5.787
Q326F,0.146,-3.610,-3.406,-3.815,8.296,-9.490,-3.610,-3.406,-3.815,8.296,-9.490
Q326G,0.146,-3.230,-3.322,-3.139,7.179,-6.353,-3.230,-3.322,-3.139,7.179,-6.353
Q326H,0.146,-3.126,-3.364,-2.888,7.757,-4.782,-3.126,-3.364,-2.888,7.757,-4.782
Q326I,0.146,-3.546,-3.378,-3.714,7.934,-9.067,-3.546,-3.378,-3.714,7.934,-9.067
Q326K,0.146,-3.018,-3.116,-2.919,4.778,-5.008,-3.018,-3.116,-2.919,4.778,-5.008
Q326L,0.146,-3.022,-3.225,-2.820,6.001,-4.275,-3.022,-3.225,-2.820,6.001,-4.275
Q326M,0.146,-3.226,-3.260,-3.193,6.445,-6.638,-3.226,-3.260,-3.193,6.445,-6.638
Q326N,0.146,-3.186,-3.322,-3.050,7.222,-5.845,-3.186,-3.322,-3.050,7.222,-5.845
Q326P,0.146,-3.558,-3.392,-3.723,8.162,-9.102,-3.558,-3.392,-3.723,8.162,-9.102
Q326R,0.146,-2.948,-3.143,-2.752,5.162,-3.633,-2.948,-3.143,-2.752,5.162,-3.633
Q326S,0.146,-3.100,-3.135,-3.065,4.978,-5.941,-3.100,-3.135,-3.065,4.978,-5.941
Q326T,0.146,-3.238,-3.202,-3.275,5.799,-7.074,-3.238,-3.202,-3.275,5.799,-7.074
Q326V,0.146,-3.421,-3.337,-3.505,7.419,-8.156,-3.421,-3.337,-3.505,7.419,-8.156
Q326W,0.146,-3.625,-3.412,-3.839,8.381,-9.606,-3.625,-3.412,-3.839,8.381,-9.606
Q326Y,0.146,-3.596,-3.426,-3.766,8.539,-9.296,-3.596,-3.426,-3.766,8.539,-9.296
M327A,0.146,-2.974,-3.096,-2.851,4.448,-4.518,-2.974,-3.096,-2.851,4.448,-4.518
M327C,0.146,-3.511,-3.350,-3.672,7.611,-8.888,-3.511,-3.350,-3.672,7.611,-8.888
M327D,0.146,-3.654,-3.190,-4.118,5.580,-10.764,-3.654,-3.190,-4.118,5.580,-10.764
M327E,0.146,-3.500,-3.198,-3.802,5.694,-9.442,-3.500,-3.198,-3.802,5.694,-9.442
M327F,0.146,-3.485,-3.378,-3.592,7.933,-8.527,-3.485,-3.378,-3.592,7.933,-8.527
M327G,0.146,-3.488,-3.308,-3.668,7.103,-8.868,-3.488,-3.308,-3.668,7.103,-8.868
M327H,0.146,-3.647,-3.362,-3.932,7.788,-9.987,-3.647,-3.362,-3.932,7.788,-9.987
M327I,0.146,-3.078,-3.135,-3.021,4.936,-5.664,-3.078,-3.135,-3.021,4.936,-5.664
M327K,0.146,-3.439,-3.339,-3.539,7.378,-8.297,-3.439,-3.339,-3.539,7.378,-8.297
M327L,0.146,-2.972,-3.155,-2.790,5.227,-3.986,-2.972,-3.155,-2.790,5.227,-3.986
M327N,0.146,-3.391,-3.076,-3.707,4.288,-9.045,-3.391,-3.076,-3.707,4.288,-9.045
M327P,0.146,-3.668,-3.394,-3.943,8.150,-10.044,-3.668,-3.394,-3.943,8.150,-10.044
M327Q,0.146,-3.330,-3.278,-3.382,6.671,-7.584,-3.330,-3.278,-3.382,6.671,-7.584
M327R,0.146,-3.352,-3.331,-3.374,7.366,-7.535,-3.352,-3.331,-3.374,7.366,-7.535
M327S,0.146,-3.084,-3.104,-3.063,4.543,-5.926,-3.084,-3.104,-3.063,4.543,-5.926
M327T,0.146,-3.068,-3.097,-3.038,4.498,-5.783,-3.068,-3.097,-3.038,4.498,-5.783
M327V,0.146,-3.117,-3.265,-2.968,6.567,-5.350,-3.117,-3.265,-2.968,6.567,-5.350
M327W,0.146,-3.757,-3.394,-4.120,8.121,-10.770,-3.757,-3.394,-4.120,8.121,-10.770
M327Y,0.146,-3.712,-3.384,-4.039,8.055,-10.437,-3.712,-3.384,-4.039,8.055,-10.437
G328A,0.146,-3.371,-3.506,-3.236,9.620,-6.862,-3.371,-3.506,-3.236,9.620,-6.862
G328C,0.146,-3.610,-3.507,-3.713,9.603,-9.069,-3.610,-3.507,-3.713,9.603,-9.069
G328D,0.146,-3.298,-3.296,-3.300,6.949,-7.184,-3.298,-3.296,-3.300,6.949,-7.184
G328E,0.146,-3.425,-3.439,-3.411,8.615,-7.704,-3.425,-3.439,-3.411,8.615,-7.704
G328F,0.146,-4.036,-3.494,-4.579,9.429,-12.695,-4.036,-3.494,-4.579,9.429,-12.695
G328H,0.146,-3.734,-3.524,-3.945,9.861,-10.046,-3.734,-3.524,-3.945,9.861,-10.046
G328I,0.146,-4.085,-3.516,-4.654,9.746,-13.007,-4.085,-3.516,-4.654,9.746,-13.007
G328K,0.146,-3.632,-3.429,-3.836,8.736,-9.590,-3.632,-3.429,-3.836,8.736,-9.590
G328L,0.146,-3.939,-3.543,-4.335,10.088,-11.668,-3.939,-3.543,-4.335,10.088,-11.668
G328M,0.146,-3.948,-3.504,-4.393,9.577,-11.911,-3.948,-3.504,-4.393,9.577,-11.911
G328N,0.146,-3.402,-3.327,-3.476,7.338,-8.017,-3.402,-3.327,-3.476,7.338,-8.017
G328P,0.146,-3.881,-3.504,-4.258,9.590,-11.339,-3.881,-3.504,-4.258,9.590,-11.339
G328Q,0.146,-3.641,-3.436,-3.845,8.601,-9.624,-3.641,-3.436,-3.845,8.601,-9.624
G328R,0.146,-3.338,-3.323,-3.354,7.259,-7.438,-3.338,-3.323,-3.354,7.259,-7.438
G328S,0.146,-3.328,-3.440,-3.217,8.734,-6.761,-3.328,-3.440,-3.217,8.734,-6.761
G328T,0.146,-3.748,-3.508,-3.988,9.664,-10.231,-3.748,-3.508,-3.988,9.664,-10.231
G328V,0.146,-3.738,-3.504,-3.973,9.561,-10.165,-3.738,-3.504,-3.973,9.561,-10.165
G328W,0.146,-3.887,-3.518,-4.256,9.752,-11.349,-3.887,-3.518,-4.256,9.752,-11.349
G328Y,0.146,-3.964,-3.499,-4.428,9.530,-12.060,-3.964,-3.499,-4.428,9.530,-12.060
G329A,0.146,-3.333,-3.436,-3.230,8.673,-6.833,-3.333,-3.436,-3.230,8.673,-6.833
G329C,0.146,-3.620,-3.490,-3.749,9.310,-9.222,-3.620,-3.490,-3.749,9.310,-9.222
G329D,0.146,-3.544,-3.466,-3.623,9.112,-8.679,-3.544,-3.466,-3.623,9.112,-8.679
G329E,0.146,-3.649,-3.572,-3.725,10.449,-9.119,-3.649,-3.572,-3.725,10.449,-9.119
G329F,0.146,-4.065,-3.539,-4.591,10.009,-12.734,-4.065,-3.539,-4.591,10.009,-12.734
G329H,0.146,-3.902,-3.539,-4.266,9.993,-11.385,-3.902,-3.539,-4.266,9.993,-11.385
G329I,0.146,-4.015,-3.527,-4.504,9.848,-12.372,-4.015,-3.527,-4.504,9.848,-12.372
G329K,0.146,-3.746,-3.547,-3.946,10.103,-10.045,-3.746,-3.547,-3.946,10.103,-10.045
G329L,0.146,-3.896,-3.554,-4.239,10.204,-11.273,-3.896,-3.554,-4.239,10.204,-11.273
G329M,0.146,-3.974,-3.561,-4.386,10.287,-11.881,-3.974,-3.561,-4.386,10.287,-11.881
G329N,0.146,-3.688,-3.535,-3.841,9.961,-9.607,-3.688,-3.535,-3.841,9.961,-9.607
G329P,0.146,-4.079,-3.569,-4.589,10.460,-12.735,-4.079,-3.569,-4.589,10.460,-12.735
G329Q,0.146,-3.883,-3.539,-4.227,10.069,-11.224,-3.883,-3.539,-4.227,10.069,-11.224
G329R,0.146,-3.506,-3.508,-3.504,9.582,-8.141,-3.506,-3.508,-3.504,9.582,-8.141
G329S,0.146,-3.363,-3.478,-3.248,9.142,-6.928,-3.363,-3.478,-3.248,9.142,-6.928
G329T,0.146,-3.742,-3.482,-4.003,9.213,-10.290,-3.742,-3.482,-4.003,9.213,-10.290
G329V,0.146,-3.682,-3.552,-3.812,10.173,-9.493,-3.682,-3.552,-3.812,10.173,-9.493
G329W,0.146,-3.940,-3.556,-4.323,10.234,-11.612,-3.940,-3.556,-4.323,10.234,-11.612
G329Y,0.146,-4.102,-3.528,-4.675,9.848,-13.089,-4.102,-3.528,-4.675,9.848,-13.089
V330A,0.144,-3.196,-3.393,-2.999,8.154,-5.543,-3.196,-3.393,-2.999,8.154,-5.543
V330C,0.144,-3.418,-3.479,-3.356,9.271,-7.454,-3.418,-3.479,-3.356,9.271,-7.454
V330D,0.144,-3.962,-3.483,-4.440,9.305,-12.112,-3.962,-3.483,-4.440,9.305,-12.112
V330E,0.144,-3.756,-3.476,-4.037,9.234,-10.433,-3.756,-3.476,-4.037,9.234,-10.433
V330F,0.144,-3.268,-3.350,-3.187,7.562,-6.604,-3.268,-3.350,-3.187,7.562,-6.604
V330G,0.144,-3.718,-3.508,-3.927,9.651,-9.967,-3.718,-3.508,-3.927,9.651,-9.967
V330H,0.144,-3.809,-3.438,-4.180,8.728,-11.022,-3.809,-3.438,-4.180,8.728,-11.022
V330I,0.144,-2.956,-3.179,-2.733,5.514,-3.422,-2.956,-3.179,-2.733,5.514,-3.422
V330K,0.144,-3.646,-3.473,-3.820,9.199,-9.521,-3.646,-3.473,-3.820,9.199,-9.521
V330L,0.144,-2.938,-3.102,-2.774,4.659,-3.858,-2.938,-3.102,-2.774,4.659,-3.858
V330M,0.144,-3.078,-3.260,-2.896,6.586,-4.861,-3.078,-3.260,-2.896,6.586,-4.861
V330N,0.144,-3.797,-3.497,-4.097,9.467,-10.684,-3.797,-3.497,-4.097,9.467,-10.684
V330P,0.144,-3.816,-3.482,-4.151,9.330,-10.907,-3.816,-3.482,-4.151,9.330,-10.907
V330Q,0.144,-3.656,-3.477,-3.835,9.181,-9.590,-3.656,-3.477,-3.835,9.181,-9.590
V330R,0.144,-3.629,-3.496,-3.762,9.500,-9.276,-3.629,-3.496,-3.762,9.500,-9.276
V330S,0.144,-3.555,-3.508,-3.602,9.630,-8.578,-3.555,-3.508,-3.602,9.630,-8.578
V330T,0.144,-3.229,-3.388,-3.070,8.112,-5.969,-3.229,-3.388,-3.070,8.112,-5.969
V330W,0.144,-3.845,-3.478,-4.212,9.252,-11.158,-3.845,-3.478,-4.212,9.252,-11.158
V330Y,0.144,-3.666,-3.499,-3.833,9.520,-9.587,-3.666,-3.499,-3.833,9.520,-9.587
L331A,0.144,-3.627,-3.465,-3.789,9.034,-9.394,-3.627,-3.465,-3.789,9.034,-9.394
L331C,0.144,-3.580,-3.509,-3.650,9.647,-8.782,-3.580,-3.509,-3.650,9.647,-8.782
L331D,0.144,-4.052,-3.472,-4.631,9.164,-12.903,-4.052,-3.472,-4.631,9.164,-12.903
L331E,0.144,-3.998,-3.499,-4.497,9.469,-12.340,-3.998,-3.499,-4.497,9.469,-12.340
L331F,0.144,-3.166,-3.220,-3.113,6.013,-6.224,-3.166,-3.220,-3.113,6.013,-6.224
L331G,0.144,-3.963,-3.484,-4.442,9.334,-12.115,-3.963,-3.484,-4.442,9.334,-12.115
L331H,0.144,-3.480,-3.466,-3.493,9.097,-8.098,-3.480,-3.466,-3.493,9.097,-8.098
L331I,0.144,-3.324,-3.346,-3.302,7.567,-7.179,-3.324,-3.346,-3.302,7.567,-7.179
L331K,0.144,-3.847,-3.490,-4.204,9.370,-11.127,-3.847,-3.490,-4.204,9.370,-11.127
L331M,0.144,-3.117,-3.170,-3.063,5.408,-5.931,-3.117,-3.170,-3.063,5.408,-5.931
L331N,0.144,-3.774,-3.471,-4.077,9.161,-10.606,-3.774,-3.471,-4.077,9.161,-10.606
L331P,0.144,-3.522,-3.492,-3.553,9.436,-8.360,-3.522,-3.492,-3.553,9.436,-8.360
L331Q,0.144,-3.496,-3.433,-3.560,8.587,-8.396,-3.496,-3.433,-3.560,8.587,-8.396
L331R,0.144,-3.568,-3.495,-3.640,9.468,-8.753,-3.568,-3.495,-3.640,9.468,-8.753
L331S,0.144,-3.586,-3.429,-3.744,8.516,-9.200,-3.586,-3.429,-3.744,8.516,-9.200
L331T,0.144,-3.642,-3.446,-3.837,8.747,-9.595,-3.642,-3.446,-3.837,8.747,-9.595
L331V,0.144,-3.362,-3.396,-3.328,8.199,-7.305,-3.362,-3.396,-3.328,8.199,-7.305
L331W,0.144,-3.660,-3.502,-3.819,9.566,-9.524,-3.660,-3.502,-3.819,9.566,-9.524
L331Y,0.144,-3.317,-3.399,-3.235,8.219,-6.862,-3.317,-3.399,-3.235,8.219,-6.862
C332A,0.146,-4.303,-3.584,-5.022,10.660,-14.630,-4.303,-3.584,-5.022,10.660,-14.630
C332D,0.146,-4.448,-3.606,-5.289,10.931,-15.903,-4.448,-3.606,-5.289,10.931,-15.903
C332E,0.146,-4.516,-3.619,-5.413,11.134,-16.546,-4.516,-3.619,-5.413,11.134,-16.546
C332F,0.146,-4.046,-3.613,-4.480,10.978,-12.276,-4.046,-3.613,-4.480,10.978,-12.276
C332G,0.146,-4.166,-3.617,-4.716,11.035,-13.272,-4.166,-3.617,-4.716,11.035,-13.272
C332H,0.146,-4.261,-3.610,-4.912,10.980,-14.133,-4.261,-3.610,-4.912,10.980,-14.133
C332I,0.146,-4.494,-3.601,-5.388,10.894,-16.412,-4.494,-3.601,-5.388,10.894,-16.412
C332K,0.146,-4.481,-3.590,-5.372,10.748,-16.329,-4.481,-3.590,-5.372,10.748,-16.329
C332L,0.146,-4.265,-3.595,-4.935,10.770,-14.231,-4.265,-3.595,-4.935,10.770,-14.231
C332M,0.146,-4.489,-3.599,-5.379,10.827,-16.371,-4.489,-3.599,-5.379,10.827,-16.371
C332N,0.146,-4.464,-3.623,-5.306,11.132,-15.989,-4.464,-3.623,-5.306,11.132,-15.989
C332P,0.146,-4.417,-3.589,-5.245,10.740,-15.682,-4.417,-3.589,-5.245,10.740,-15.682
C332Q,0.146,-4.419,-3.587,-5.251,10.691,-15.718,-4.419,-3.587,-5.251,10.691,-15.718
C332R,0.146,-4.021,-3.616,-4.426,11.058,-12.043,-4.021,-3.616,-4.426,11.058,-12.043
C332S,0.146,-4.026,-3.598,-4.453,10.818,-12.159,-4.026,-3.598,-4.453,10.818,-12.159
C332T,0.146,-4.330,-3.605,-5.056,10.902,-14.780,-4.330,-3.605,-5.056,10.902,-14.780
C332V,0.146,-4.272,-3.581,-4.962,10.588,-14.359,-4.272,-3.581,-4.962,10.588,-14.359
C332W,0.146,-4.077,-3.609,-4.545,10.975,-12.545,-4.077,-3.609,-4.545,10.975,-12.545
C332Y,0.146,-3.889,-3.600,-4.178,10.846,-11.020,-3.889,-3.600,-4.178,10.846,-11.020
P333A,0.146,-3.541,-3.553,-3.529,10.218,-8.256,-3.541,-3.553,-3.529,10.218,-8.256
P333C,0.146,-3.904,-3.613,-4.196,11.017,-11.092,-3.904,-3.613,-4.196,11.017,-11.092
P333D,0.146,-4.232,-3.602,-4.861,10.851,-13.896,-4.232,-3.602,-4.861,10.851,-13.896
P333E,0.146,-4.094,-3.566,-4.621,10.400,-12.872,-4.094,-3.566,-4.621,10.400,-12.872
P333F,0.146,-4.050,-3.570,-4.531,10.413,-12.490,-4.050,-3.570,-4.531,10.413,-12.490
P333G,0.146,-3.896,-3.583,-4.209,10.610,-11.144,-3.896,-3.583,-4.209,10.610,-11.144
P333H,0.146,-3.776,-3.598,-3.953,10.846,-10.076,-3.776,-3.598,-3.953,10.846,-10.076
P333I,0.146,-3.976,-3.587,-4.365,10.693,-11.789,-3.976,-3.587,-4.365,10.693,-11.789
P333K,0.146,-4.082,-3.593,-4.572,10.774,-12.657,-4.082,-3.593,-4.572,10.774,-12.657
P333L,0.146,-3.518,-3.569,-3.467,10.445,-7.970,-3.518,-3.569,-3.467,10.445,-7.970
P333M,0.146,-3.984,-3.609,-4.360,10.957,-11.776,-3.984,-3.609,-4.360,10.957,-11.776
P333N,0.146,-4.045,-3.584,-4.507,10.630,-12.376,-4.045,-3.584,-4.507,10.630,-12.376
P333Q,0.146,-3.688,-3.582,-3.794,10.609,-9.419,-3.688,-3.582,-3.794,10.609,-9.419
P333R,0.146,-3.830,-3.594,-4.066,10.772,-10.559,-3.830,-3.594,-4.066,10.772,-10.559
P333S,0.146,-3.545,-3.611,-3.479,10.997,-8.029,-3.545,-3.611,-3.479,10.997,-8.029
P333T,0.146,-3.684,-3.590,-3.779,10.702,-9.354,-3.684,-3.590,-3.779,10.702,-9.354
P333V,0.146,-3.840,-3.615,-4.066,11.016,-10.559,-3.840,-3.615,-4.066,11.016,-10.559
P333W,0.146,-4.212,-3.608,-4.817,10.935,-13.713,-4.212,-3.608,-4.817,10.935,-13.713
P333Y,0.146,-4.141,-3.608,-4.674,10.942,-13.093,-4.141,-3.608,-4.674,10.942,-13.093
R334A,0.146,-2.692,-2.732,-2.651,0.243,-1.661,-2.692,-2.732,-2.651,0.243,-1.661
R334C,0.146,-2.964,-3.139,-2.789,5.022,-4.015,-2.964,-3.139,-2.789,5.022,-4.015
R334D,0.146,-3.228,-3.118,-3.337,4.786,-7.364,-3.228,-3.118,-3.337,4.786,-7.364
R334E,0.146,-3.060,-3.127,-2.992,4.865,-5.496,-3.060,-3.127,-2.992,4.865,-5.496
R334F,0.146,-2.904,-2.987,-2.821,3.236,-4.267,-2.904,-2.987,-2.821,3.236,-4.267
R334G,0.146,-2.760,-2.835,-2.685,1.375,-2.718,-2.760,-2.835,-2.685,1.375,-2.718
R334H,0.146,-2.856,-3.008,-2.704,3.461,-3.042,-2.856,-3.008,-2.704,3.461,-3.042
R334I,0.146,-3.046,-3.131,-2.962,4.959,-5.311,-3.046,-3.131,-2.962,4.959,-5.311
R334K,0.146,-2.875,-3.034,-2.717,3.776,-3.245,-2.875,-3.034,-2.717,3.776,-3.245
R334L,0.146,-2.970,-3.118,-2.822,4.763,-4.291,-2.970,-3.118,-2.822,4.763,-4.291
R334M,0.146,-2.935,-3.071,-2.799,4.224,-4.078,-2.935,-3.071,-2.799,4.224,-4.078
R334N,0.146,-2.836,-2.959,-2.712,2.873,-3.128,-2.836,-2.959,-2.712,2.873,-3.128
R334P,0.146,-3.359,-3.104,-3.614,4.614,-8.634,-3.359,-3.104,-3.614,4.614,-8.634
R334Q,0.146,-2.745,-2.836,-2.654,1.423,-1.840,-2.745,-2.836,-2.654,1.423,-1.840
R334S,0.146,-2.670,-2.672,-2.668,-0.431,-0.716,-2.670,-2.672,-2.668,-0.431,-0.716
R334T,0.146,-2.729,-2.782,-2.676,0.873,-0.505,-2.729,-2.782,-2.676,0.873,-0.505
R334V,0.146,-2.896,-3.049,-2.743,3.846,-3.544,-2.896,-3.049,-2.743,3.846,-3.544
R334W,0.146,-3.080,-3.074,-3.085,4.285,-6.042,-3.080,-3.074,-3.085,4.285,-6.042
R334Y,0.146,-2.867,-2.985,-2.750,3.108,-3.611,-2.867,-2.985,-2.750,3.108,-3.611
P335A,0.146,-2.939,-3.144,-2.734,5.103,-3.418,-2.939,-3.144,-2.734,5.103,-3.418
P335C,0.146,-3.535,-3.387,-3.683,7.966,-8.939,-3.535,-3.387,-3.683,7.966,-8.939
P335D,0.146,-3.495,-3.448,-3.542,8.872,-8.308,-3.495,-3.448,-3.542,8.872,-8.308
P335E,0.146,-3.286,-3.408,-3.163,8.415,-6.475,-3.286,-3.408,-3.163,8.415,-6.475
P335F,0.146,-3.533,-3.488,-3.578,9.360,-8.474,-3.533,-3.488,-3.578,9.360,-8.474
P335G,0.146,-3.359,-3.445,-3.274,8.841,-7.047,-3.359,-3.445,-3.274,8.841,-7.047
P335H,0.146,-3.335,-3.464,-3.205,9.058,-6.710,-3.335,-3.464,-3.205,9.058,-6.710
P335I,0.146,-3.276,-3.384,-3.168,8.041,-6.511,-3.276,-3.384,-3.168,8.041,-6.511
P335K,0.146,-3.290,-3.459,-3.121,8.995,-6.250,-3.290,-3.459,-3.121,8.995,-6.250
P335L,0.146,-3.186,-3.471,-2.900,9.127,-4.875,-3.186,-3.471,-2.900,9.127,-4.875
P335M,0.146,-3.358,-3.443,-3.273,8.820,-7.053,-3.358,-3.443,-3.273,8.820,-7.053
P335N,0.146,-3.444,-3.444,-3.443,8.808,-7.865,-3.444,-3.444,-3.443,8.808,-7.865
P335Q,0.146,-3.176,-3.458,-2.894,8.986,-4.845,-3.176,-3.458,-2.894,8.986,-4.845
P335R,0.146,-3.019,-3.115,-2.922,4.711,-5.031,-3.019,-3.115,-2.922,4.711,-5.031
P335S,0.146,-3.090,-3.351,-2.830,7.647,-4.350,-3.090,-3.351,-2.830,7.647,-4.350
P335T,0.146,-3.194,-3.483,-2.904,9.274,-4.903,-3.194,-3.483,-2.904,9.274,-4.903
P335V,0.146,-3.090,-3.273,-2.906,6.691,-4.924,-3.090,-3.273,-2.906,6.691,-4.924
P335W,0.146,-3.712,-3.463,-3.961,9.098,-10.117,-3.712,-3.463,-3.961,9.098,-10.117
P335Y,0.146,-3.605,-3.455,-3.755,8.942,-9.250,-3.605,-3.455,-3.755,8.942,-9.250
G336A,0.150,-3.165,-3.397,-2.933,8.261,-5.123,-3.165,-3.397,-2.933,8.261,-5.123
G336C,0.150,-3.398,-3.474,-3.322,9.253,-7.291,-3.398,-3.474,-3.322,9.253,-7.291
G336D,0.150,-2.962,-3.197,-2.726,5.781,-3.315,-2.962,-3.197,-2.726,5.781,-3.315
G336E,0.150,-3.178,-3.374,-2.981,7.893,-5.437,-3.178,-3.374,-2.981,7.893,-5.437
G336F,0.150,-3.552,-3.497,-3.606,9.529,-8.597,-3.552,-3.497,-3.606,9.529,-8.597
G336H,0.150,-3.306,-3.495,-3.116,9.480,-6.232,-3.306,-3.495,-3.116,9.480,-6.232
G336I,0.150,-3.690,-3.481,-3.900,9.288,-9.859,-3.690,-3.481,-3.900,9.288,-9.859
G336K,0.150,-3.355,-3.360,-3.350,7.755,-7.421,-3.355,-3.360,-3.350,7.755,-7.421
G336L,0.150,-3.477,-3.501,-3.453,9.547,-7.912,-3.477,-3.501,-3.453,9.547,-7.912
G336M,0.150,-3.569,-3.504,-3.635,9.624,-8.726,-3.569,-3.504,-3.635,9.624,-8.726
G336N,0.150,-2.980,-3.179,-2.780,5.555,-3.935,-2.980,-3.179,-2.780,5.555,-3.935
G336P,0.150,-3.786,-3.501,-4.072,9.546,-10.583,-3.786,-3.501,-4.072,9.546,-10.583
G336Q,0.150,-3.322,-3.496,-3.147,9.484,-6.388,-3.322,-3.496,-3.147,9.484,-6.388
G336R,0.150,-3.246,-3.424,-3.067,8.565,-5.951,-3.246,-3.424,-3.067,8.565,-5.951
G336S,0.150,-3.028,-3.290,-2.767,6.863,-3.795,-3.028,-3.290,-2.767,6.863,-3.795
G336T,0.150,-3.264,-3.486,-3.042,9.386,-5.811,-3.264,-3.486,-3.042,9.386,-5.811
G336V,0.150,-3.498,-3.462,-3.535,9.079,-8.288,-3.498,-3.462,-3.535,9.079,-8.288
G336W,0.150,-3.566,-3.480,-3.651,9.276,-8.801,-3.566,-3.480,-3.651,9.276,-8.801
G336Y,0.150,-3.530,-3.476,-3.583,9.232,-8.511,-3.530,-3.476,-3.583,9.232,-8.511
C337A,0.152,-4.390,-3.569,-5.211,10.386,-15.521,-4.390,-3.569,-5.211,10.386,-15.521
C337D,0.152,-4.328,-3.580,-5.077,10.530,-14.884,-4.328,-3.580,-5.077,10.530,-14.884
C337E,0.152,-4.510,-3.578,-5.442,10.498,-16.701,-4.510,-3.578,-5.442,10.498,-16.701
C337F,0.152,-4.220,-3.574,-4.865,10.505,-13.916,-4.220,-3.574,-4.865,10.505,-13.916
C337G,0.152,-4.118,-3.573,-4.663,10.440,-13.045,-4.118,-3.573,-4.663,10.440,-13.045
C337H,0.152,-4.253,-3.579,-4.927,10.564,-14.199,-4.253,-3.579,-4.927,10.564,-14.199
C337I,0.152,-4.604,-3.603,-5.605,10.853,-17.624,-4.604,-3.603,-5.605,10.853,-17.624
C337K,0.152,-4.532,-3.576,-5.487,10.489,-16.946,-4.532,-3.576,-5.487,10.489,-16.946
C337L,0.152,-4.433,-3.548,-5.318,10.112,-16.043,-4.433,-3.548,-5.318,10.112,-16.043
C337M,0.152,-4.584,-3.583,-5.586,10.607,-17.506,-4.584,-3.583,-5.586,10.607,-17.506
C337N,0.152,-4.416,-3.533,-5.299,9.950,-15.960,-4.416,-3.533,-5.299,9.950,-15.960
C337P,0.152,-4.482,-3.582,-5.383,10.577,-16.385,-4.482,-3.582,-5.383,10.577,-16.385
C337Q,0.152,-4.402,-3.520,-5.283,9.726,-15.879,-4.402,-3.520,-5.283,9.726,-15.879
C337R,0.152,-4.090,-3.588,-4.591,10.660,-12.741,-4.090,-3.588,-4.591,10.660,-12.741
C337S,0.152,-4.088,-3.549,-4.627,10.172,-12.888,-4.088,-3.549,-4.627,10.172,-12.888
C337T,0.152,-4.376,-3.544,-5.208,10.043,-15.503,-4.376,-3.544,-5.208,10.043,-15.503
C337V,0.152,-4.391,-3.541,-5.241,9.993,-15.668,-4.391,-3.541,-5.241,9.993,-15.668
C337W,0.152,-4.204,-3.574,-4.835,10.498,-13.777,-4.204,-3.574,-4.835,10.498,-13.777
C337Y,0.152,-4.093,-3.596,-4.590,10.774,-12.734,-4.093,-3.596,-4.590,10.774,-12.734
G338A,0.152,-3.311,-3.550,-3.072,10.193,-5.983,-3.311,-3.550,-3.072,10.193,-5.983
G338C,0.152,-3.478,-3.562,-3.394,10.312,-7.637,-3.478,-3.562,-3.394,10.312,-7.637
G338D,0.152,-3.435,-3.418,-3.452,8.433,-7.905,-3.435,-3.418,-3.452,8.433,-7.905
G338E,0.152,-3.386,-3.453,-3.318,8.948,-7.271,-3.386,-3.453,-3.318,8.948,-7.271
G338F,0.152,-3.835,-3.499,-4.171,9.470,-10.981,-3.835,-3.499,-4.171,9.470,-10.981
G338H,0.152,-3.554,-3.514,-3.595,9.688,-8.544,-3.554,-3.514,-3.595,9.688,-8.544
G338I,0.152,-3.917,-3.516,-4.318,9.686,-11.599,-3.917,-3.516,-4.318,9.686,-11.599
G338K,0.152,-3.490,-3.540,-3.441,10.037,-7.857,-3.490,-3.540,-3.441,10.037,-7.857
G338L,0.152,-3.672,-3.505,-3.839,9.548,-9.607,-3.672,-3.505,-3.839,9.548,-9.607
G338M,0.152,-3.758,-3.565,-3.951,10.369,-10.074,-3.758,-3.565,-3.951,10.369,-10.074
G338N,0.152,-3.418,-3.488,-3.347,9.290,-7.410,-3.418,-3.488,-3.347,9.290,-7.410
G338P,0.152,-3.722,-3.558,-3.887,10.304,-9.805,-3.722,-3.558,-3.887,10.304,-9.805
G338Q,0.152,-3.424,-3.549,-3.300,10.151,-7.186,-3.424,-3.549,-3.300,10.151,-7.186
G338R,0.152,-3.328,-3.532,-3.124,9.919,-6.268,-3.328,-3.532,-3.124,9.919,-6.268
G338S,0.152,-3.168,-3.410,-2.926,8.380,-5.065,-3.168,-3.410,-2.926,8.380,-5.065
G338T,0.152,-3.554,-3.579,-3.528,10.567,-8.249,-3.554,-3.579,-3.528,10.567,-8.249
G338V,0.152,-3.646,-3.550,-3.743,10.189,-9.196,-3.646,-3.550,-3.743,10.189,-9.196
G338W,0.152,-3.780,-3.545,-4.014,10.150,-10.332,-3.780,-3.545,-4.014,10.150,-10.332
G338Y,0.152,-3.870,-3.556,-4.184,10.263,-11.040,-3.870,-3.556,-4.184,10.263,-11.040
A339C,0.152,-3.306,-3.456,-3.155,8.988,-6.441,-3.306,-3.456,-3.155,8.988,-6.441
A339D,0.152,-3.576,-3.405,-3.747,8.248,-9.212,-3.576,-3.405,-3.747,8.248,-9.212
A339E,0.152,-3.340,-3.277,-3.402,6.728,-7.672,-3.340,-3.277,-3.402,6.728,-7.672
A339F,0.152,-3.407,-3.467,-3.348,9.107,-7.411,-3.407,-3.467,-3.348,9.107,-7.411
A339G,0.152,-3.192,-3.442,-2.941,8.771,-5.169,-3.192,-3.442,-2.941,8.771,-5.169
A339H,0.152,-3.381,-3.357,-3.405,7.779,-7.697,-3.381,-3.357,-3.405,7.779,-7.697
A339I,0.152,-3.256,-3.427,-3.084,8.548,-6.052,-3.256,-3.427,-3.084,8.548,-6.052
A339K,0.152,-3.386,-3.455,-3.318,8.940,-7.271,-3.386,-3.455,-3.318,8.940,-7.271
A339L,0.152,-3.258,-3.427,-3.089,8.660,-6.072,-3.258,-3.427,-3.089,8.660,-6.072
A339M,0.152,-2.944,-3.130,-2.759,4.969,-3.706,-2.944,-3.130,-2.759,4.969,-3.706
A339N,0.152,-3.226,-3.299,-3.153,7.011,-6.428,-3.226,-3.299,-3.153,7.011,-6.428
A339P,0.152,-3.618,-3.423,-3.814,8.624,-9.502,-3.618,-3.423,-3.814,8.624,-9.502
A339Q,0.152,-3.187,-3.159,-3.215,5.250,-6.750,-3.187,-3.159,-3.215,5.250,-6.750
A339R,0.152,-3.358,-3.461,-3.256,9.025,-6.968,-3.358,-3.461,-3.256,9.025,-6.968
A339S,0.152,-3.010,-3.304,-2.717,7.056,-3.205,-3.010,-3.304,-2.717,7.056,-3.205
A339T,0.152,-2.997,-3.299,-2.695,7.067,-2.898,-2.997,-3.299,-2.695,7.067,-2.898
A339V,0.152,-3.050,-3.314,-2.785,7.175,-3.962,-3.050,-3.314,-2.785,7.175,-3.962
A339W,0.152,-3.622,-3.359,-3.885,7.630,-9.794,-3.622,-3.359,-3.885,7.630,-9.794
A339Y,0.152,-3.470,-3.435,-3.504,8.682,-8.136,-3.470,-3.435,-3.504,8.682,-8.136
G340A,0.158,-3.136,-3.284,-2.987,6.792,-5.464,-3.136,-3.284,-2.987,6.792,-5.464
G340C,0.158,-3.594,-3.539,-3.648,9.993,-8.783,-3.594,-3.539,-3.648,9.993,-8.783
G340D,0.158,-3.810,-3.514,-4.105,9.645,-10.709,-3.810,-3.514,-4.105,9.645,-10.709
G340E,0.158,-3.729,-3.482,-3.975,9.217,-10.179,-3.729,-3.482,-3.975,9.217,-10.179
G340F,0.158,-3.964,-3.494,-4.434,9.445,-12.090,-3.964,-3.494,-4.434,9.445,-12.090
G340H,0.158,-3.934,-3.550,-4.318,10.192,-11.591,-3.934,-3.550,-4.318,10.192,-11.591
G340I,0.158,-3.968,-3.532,-4.405,9.894,-11.964,-3.968,-3.532,-4.405,9.894,-11.964
G340K,0.158,-3.918,-3.539,-4.296,10.048,-11.505,-3.918,-3.539,-4.296,10.048,-11.505
G340L,0.158,-3.722,-3.530,-3.913,9.932,-9.925,-3.722,-3.530,-3.913,9.932,-9.925
G340M,0.158,-3.828,-3.535,-4.120,9.969,-10.770,-3.828,-3.535,-4.120,9.969,-10.770
G340N,0.158,-3.836,-3.516,-4.156,9.683,-10.928,-3.836,-3.516,-4.156,9.683,-10.928
G340P,0.158,-3.574,-3.545,-3.602,10.094,-8.580,-3.574,-3.545,-3.602,10.094,-8.580
G340Q,0.158,-3.815,-3.509,-4.121,9.568,-10.778,-3.815,-3.509,-4.121,9.568,-10.778
G340R,0.158,-3.561,-3.537,-3.585,9.980,-8.502,-3.561,-3.537,-3.585,9.980,-8.502
G340S,0.158,-3.367,-3.468,-3.267,9.023,-7.023,-3.367,-3.468,-3.267,9.023,-7.023
G340T,0.158,-3.721,-3.524,-3.918,9.827,-9.935,-3.721,-3.524,-3.918,9.827,-9.935
G340V,0.158,-3.605,-3.429,-3.781,8.591,-9.356,-3.605,-3.429,-3.781,8.591,-9.356
G340W,0.158,-3.869,-3.539,-4.199,10.048,-11.104,-3.869,-3.539,-4.199,10.048,-11.104
G340Y,0.158,-4.065,-3.512,-4.618,9.655,-12.851,-4.065,-3.512,-4.618,9.655,-12.851
L341A,0.160,-3.665,-3.462,-3.867,9.026,-9.724,-3.665,-3.462,-3.867,9.026,-9.724
L341C,0.160,-3.771,-3.470,-4.072,9.124,-10.575,-3.771,-3.470,-4.072,9.124,-10.575
L341D,0.160,-4.416,-3.480,-5.353,9.262,-16.227,-4.416,-3.480,-5.353,9.262,-16.227
L341E,0.160,-4.216,-3.489,-4.943,9.396,-14.268,-4.216,-3.489,-4.943,9.396,-14.268
L341F,0.160,-3.320,-3.230,-3.410,6.140,-7.713,-3.320,-3.230,-3.410,6.140,-7.713
L341G,0.160,-4.081,-3.486,-4.676,9.336,-13.101,-4.081,-3.486,-4.676,9.336,-13.101
L341H,0.160,-3.880,-3.482,-4.277,9.299,-11.422,-3.880,-3.482,-4.277,9.299,-11.422
L341I,0.160,-3.009,-3.087,-2.931,4.397,-5.110,-3.009,-3.087,-2.931,4.397,-5.110
L341K,0.160,-4.111,-3.502,-4.720,9.559,-13.283,-4.111,-3.502,-4.720,9.559,-13.283
L341M,0.160,-3.180,-3.409,-2.951,8.368,-5.248,-3.180,-3.409,-2.951,8.368,-5.248
L341N,0.160,-4.124,-3.469,-4.780,9.118,-13.551,-4.124,-3.469,-4.780,9.118,-13.551
L341P,0.160,-3.754,-3.491,-4.016,9.404,-10.346,-3.754,-3.491,-4.016,9.404,-10.346
L341Q,0.160,-3.684,-3.501,-3.867,9.551,-9.722,-3.684,-3.501,-3.867,9.551,-9.722
L341R,0.160,-3.766,-3.442,-4.090,8.726,-10.655,-3.766,-3.442,-4.090,8.726,-10.655
L341S,0.160,-3.851,-3.485,-4.217,9.339,-11.184,-3.851,-3.485,-4.217,9.339,-11.184
L341T,0.160,-3.696,-3.460,-3.932,9.007,-9.996,-3.696,-3.460,-3.932,9.007,-9.996
L341V,0.160,-3.272,-3.463,-3.081,9.069,-6.024,-3.272,-3.463,-3.081,9.069,-6.024
L341W,0.160,-3.806,-3.429,-4.182,8.550,-11.035,-3.806,-3.429,-4.182,8.550,-11.035
L341Y,0.160,-3.838,-3.483,-4.194,9.322,-11.084,-3.838,-3.483,-4.194,9.322,-11.084
L342A,0.158,-3.481,-3.450,-3.512,8.869,-8.188,-3.481,-3.450,-3.512,8.869,-8.188
L342C,0.158,-3.617,-3.456,-3.779,8.924,-9.351,-3.617,-3.456,-3.779,8.924,-9.351
L342D,0.158,-4.092,-3.452,-4.731,8.889,-13.340,-4.092,-3.452,-4.731,8.889,-13.340
L342E,0.158,-3.899,-3.432,-4.367,8.593,-11.797,-3.899,-3.432,-4.367,8.593,-11.797
L342F,0.158,-3.122,-3.109,-3.135,4.635,-6.334,-3.122,-3.109,-3.135,4.635,-6.334
L342G,0.158,-3.826,-3.458,-4.193,8.985,-11.074,-3.826,-3.458,-4.193,8.985,-11.074
L342H,0.158,-3.684,-3.431,-3.936,8.597,-10.011,-3.684,-3.431,-3.936,8.597,-10.011
L342I,0.158,-2.900,-3.117,-2.684,4.862,-2.747,-2.900,-3.117,-2.684,4.862,-2.747
L342K,0.158,-3.849,-3.462,-4.235,8.999,-11.254,-3.849,-3.462,-4.235,8.999,-11.254
L342M,0.158,-3.031,-3.265,-2.797,6.629,-4.074,-3.031,-3.265,-2.797,6.629,-4.074
L342N,0.158,-3.856,-3.461,-4.252,9.038,-11.325,-3.856,-3.461,-4.252,9.038,-11.325
L342P,0.158,-3.568,-3.402,-3.735,8.228,-9.162,-3.568,-3.402,-3.735,8.228,-9.162
L342Q,0.158,-3.522,-3.447,-3.597,8.854,-8.558,-3.522,-3.447,-3.597,8.854,-8.558
L342R,0.158,-3.582,-3.448,-3.715,8.841,-9.070,-3.582,-3.448,-3.715,8.841,-9.070
L342S,0.158,-3.525,-3.363,-3.687,7.741,-8.950,-3.525,-3.363,-3.687,7.741,-8.950
L342T,0.158,-3.422,-3.404,-3.440,8.190,-7.839,-3.422,-3.404,-3.440,8.190,-7.839
L342V,0.158,-2.984,-3.198,-2.769,5.741,-3.815,-2.984,-3.198,-2.769,5.741,-3.815
L342W,0.158,-3.678,-3.451,-3.904,8.887,-9.879,-3.678,-3.451,-3.904,8.887,-9.879
L342Y,0.158,-3.602,-3.261,-3.944,6.538,-10.048,-3.602,-3.261,-3.944,6.538,-10.048
P343A,0.158,-3.102,-3.249,-2.956,6.402,-5.260,-3.102,-3.249,-2.956,6.402,-5.260
P343C,0.158,-3.385,-3.497,-3.273,9.472,-7.046,-3.385,-3.497,-3.273,9.472,-7.046
P343D,0.158,-3.772,-3.427,-4.117,8.492,-10.767,-3.772,-3.427,-4.117,8.492,-10.767
P343E,0.158,-3.640,-3.484,-3.796,9.306,-9.421,-3.640,-3.484,-3.796,9.306,-9.421
P343F,0.158,-3.520,-3.493,-3.546,9.388,-8.329,-3.520,-3.493,-3.546,9.388,-8.329
P343G,0.158,-3.516,-3.446,-3.587,8.779,-8.514,-3.516,-3.446,-3.587,8.779,-8.514
P343H,0.158,-3.394,-3.480,-3.307,9.225,-7.226,-3.394,-3.480,-3.307,9.225,-7.226
P343I,0.158,-3.376,-3.335,-3.417,7.408,-7.732,-3.376,-3.335,-3.417,7.408,-7.732
P343K,0.158,-3.660,-3.483,-3.837,9.323,-9.603,-3.660,-3.483,-3.837,9.323,-9.603
P343L,0.158,-2.980,-3.206,-2.754,5.895,-3.643,-2.980,-3.206,-2.754,5.895,-3.643
P343M,0.158,-3.378,-3.355,-3.400,7.688,-7.675,-3.378,-3.355,-3.400,7.688,-7.675
P343N,0.158,-3.684,-3.441,-3.927,8.706,-9.977,-3.684,-3.441,-3.927,8.706,-9.977
P343Q,0.158,-3.279,-3.486,-3.072,9.345,-5.978,-3.279,-3.486,-3.072,9.345,-5.978
P343R,0.158,-3.377,-3.462,-3.292,8.969,-7.143,-3.377,-3.462,-3.292,8.969,-7.143
P343S,0.158,-3.230,-3.421,-3.038,8.509,-5.780,-3.230,-3.421,-3.038,8.509,-5.780
P343T,0.158,-3.333,-3.449,-3.217,8.819,-6.773,-3.333,-3.449,-3.217,8.819,-6.773
P343V,0.158,-3.138,-3.209,-3.066,5.852,-5.941,-3.138,-3.209,-3.066,5.852,-5.941
P343W,0.158,-3.700,-3.420,-3.980,8.402,-10.190,-3.700,-3.420,-3.980,8.402,-10.190
P343Y,0.158,-3.562,-3.396,-3.729,8.187,-9.135,-3.562,-3.396,-3.729,8.187,-9.135
E344A,0.158,-3.027,-3.118,-2.936,4.816,-5.130,-3.027,-3.118,-2.936,4.816,-5.130
E344C,0.158,-3.481,-3.331,-3.631,7.377,-8.710,-3.481,-3.331,-3.631,7.377,-8.710
E344D,0.158,-2.741,-2.825,-2.657,1.369,-2.092,-2.741,-2.825,-2.657,1.369,-2.092
E344F,0.158,-3.568,-3.326,-3.810,7.292,-9.477,-3.568,-3.326,-3.810,7.292,-9.477
E344G,0.158,-3.115,-3.310,-2.920,7.123,-5.014,-3.115,-3.310,-2.920,7.123,-5.014
E344H,0.158,-3.308,-3.317,-3.298,7.208,-7.165,-3.308,-3.317,-3.298,7.208,-7.165
E344I,0.158,-3.390,-3.332,-3.449,7.411,-7.893,-3.390,-3.332,-3.449,7.411,-7.893
E344K,0.158,-3.302,-3.277,-3.327,6.773,-7.304,-3.302,-3.277,-3.327,6.773,-7.304
E344L,0.158,-3.230,-3.218,-3.241,6.022,-6.893,-3.230,-3.218,-3.241,6.022,-6.893
E344M,0.158,-3.438,-3.339,-3.536,7.501,-8.290,-3.438,-3.339,-3.536,7.501,-8.290
E344N,0.158,-3.254,-3.328,-3.181,7.344,-6.573,-3.254,-3.328,-3.181,7.344,-6.573
E344P,0.158,-3.153,-3.037,-3.269,3.784,-7.041,-3.153,-3.037,-3.269,3.784,-7.041
E344Q,0.158,-3.016,-3.160,-2.871,5.273,-4.666,-3.016,-3.160,-2.871,5.273,-4.666
E344R,0.158,-3.351,-3.267,-3.435,6.535,-7.830,-3.351,-3.267,-3.435,6.535,-7.830
E344S,0.158,-3.138,-3.134,-3.143,4.965,-6.375,-3.138,-3.134,-3.143,4.965,-6.375
E344T,0.158,-3.230,-3.186,-3.273,5.586,-7.045,-3.230,-3.186,-3.273,5.586,-7.045
E344V,0.158,-3.137,-3.281,-2.993,6.716,-5.506,-3.137,-3.281,-2.993,6.716,-5.506
E344W,0.158,-3.733,-3.321,-4.145,7.237,-10.875,-3.733,-3.321,-4.145,7.237,-10.875
E344Y,0.158,-3.517,-3.344,-3.690,7.515,-8.957,-3.517,-3.344,-3.690,7.515,-8.957
P345A,0.160,-2.778,-2.891,-2.666,2.066,-2.310,-2.778,-2.891,-2.666,2.066,-2.310
P345C,0.160,-3.114,-3.205,-3.022,5.796,-5.677,-3.114,-3.205,-3.022,5.796,-5.677
P345D,0.160,-2.854,-2.809,-2.898,1.091,-4.874,-2.854,-2.809,-2.898,1.091,-4.874
P345E,0.160,-2.808,-2.881,-2.735,1.916,-3.429,-2.808,-2.881,-2.735,1.916,-3.429
P345F,0.160,-3.208,-3.214,-3.201,6.033,-6.687,-3.208,-3.214,-3.201,6.033,-6.687
P345G,0.160,-2.862,-2.956,-2.769,2.865,-3.793,-2.862,-2.956,-2.769,2.865,-3.793
P345H,0.160,-3.028,-3.232,-2.825,6.122,-4.315,-3.028,-3.232,-2.825,6.122,-4.315
P345I,0.160,-3.127,-3.192,-3.062,5.640,-5.914,-3.127,-3.192,-3.062,5.640,-5.914
P345K,0.160,-3.030,-3.160,-2.901,5.277,-4.889,-3.030,-3.160,-2.901,5.277,-4.889
P345L,0.160,-2.962,-3.151,-2.773,5.171,-3.832,-2.962,-3.151,-2.773,5.171,-3.832
P345M,0.160,-3.088,-3.153,-3.024,5.203,-5.696,-3.088,-3.153,-3.024,5.203,-5.696
P345N,0.160,-2.988,-3.078,-2.899,4.383,-4.883,-2.988,-3.078,-2.899,4.383,-4.883
P345Q,0.160,-2.821,-2.952,-2.690,2.827,-2.839,-2.821,-2.952,-2.690,2.827,-2.839
P345R,0.160,-2.910,-3.043,-2.778,3.809,-3.898,-2.910,-3.043,-2.778,3.809,-3.898
P345S,0.160,-2.821,-2.973,-2.669,3.017,-2.423,-2.821,-2.973,-2.669,3.017,-2.423
P345T,0.160,-2.866,-2.997,-2.735,3.380,-3.444,-2.866,-2.997,-2.735,3.380,-3.444
P345V,0.160,-3.012,-3.216,-2.808,5.986,-4.161,-3.012,-3.216,-2.808,5.986,-4.161
P345W,0.160,-3.346,-3.249,-3.442,6.371,-7.853,-3.346,-3.249,-3.442,6.371,-7.853
P345Y,0.160,-3.209,-3.232,-3.186,6.158,-6.602,-3.209,-3.232,-3.186,6.158,-6.602
D346A,0.164,-2.864,-3.061,-2.668,4.234,-2.365,-2.864,-3.061,-2.668,4.234,-2.365
D346C,0.164,-3.004,-3.134,-2.875,5.078,-4.710,-3.004,-3.134,-2.875,5.078,-4.710
D346E,0.164,-2.719,-2.774,-2.664,0.822,-0.767,-2.719,-2.774,-2.664,0.822,-0.767
D346F,0.164,-3.166,-3.182,-3.151,5.649,-6.413,-3.166,-3.182,-3.151,5.649,-6.413
D346G,0.164,-2.742,-2.575,-2.909,-1.528,1.727,-2.742,-2.575,-2.909,-1.528,1.727
D346H,0.164,-2.938,-3.109,-2.767,4.768,-3.777,-2.938,-3.109,-2.767,4.768,-3.777
D346I,0.164,-3.109,-3.130,-3.087,5.068,-6.057,-3.109,-3.130,-3.087,5.068,-6.057
D346K,0.164,-2.942,-3.026,-2.859,3.785,-4.585,-2.942,-3.026,-2.859,3.785,-4.585
D346L,0.164,-2.992,-3.098,-2.887,4.700,-4.787,-2.992,-3.098,-2.887,4.700,-4.787
D346M,0.164,-3.109,-3.189,-3.029,5.732,-5.722,-3.109,-3.189,-3.029,5.732,-5.722
D346N,0.164,-2.805,-2.951,-2.659,2.919,-2.003,-2.805,-2.951,-2.659,2.919,-2.003
D346P,0.164,-2.956,-2.979,-2.932,3.201,-5.106,-2.956,-2.979,-2.932,3.201,-5.106
D346Q,0.164,-2.842,-2.975,-2.708,3.079,-3.094,-2.842,-2.975,-2.708,3.079,-3.094
D346R,0.164,-2.902,-3.069,-2.735,4.209,-3.455,-2.902,-3.069,-2.735,4.209,-3.455
D346S,0.164,-2.802,-2.944,-2.659,2.754,-2.153,-2.802,-2.944,-2.659,2.754,-2.153
D346T,0.164,-2.890,-3.022,-2.757,3.684,-3.704,-2.890,-3.022,-2.757,3.684,-3.704
D346V,0.164,-2.968,-3.183,-2.753,5.628,-3.635,-2.968,-3.183,-2.753,5.628,-3.635
D346W,0.164,-3.151,-3.159,-3.143,5.329,-6.376,-3.151,-3.159,-3.143,5.329,-6.376
D346Y,0.164,-3.049,-3.078,-3.020,4.392,-5.669,-3.049,-3.078,-3.020,4.392,-5.669
Q347A,0.162,-2.865,-3.078,-2.652,4.383,-1.178,-2.865,-3.078,-2.652,4.383,-1.178
Q347C,0.162,-2.796,-2.890,-2.702,2.042,-0.070,-2.796,-2.890,-2.702,2.042,-0.070
Q347D,0.162,-2.879,-3.004,-2.754,3.390,-3.639,-2.879,-3.004,-2.754,3.390,-3.639
Q347E,0.162,-2.802,-2.949,-2.655,2.765,-1.955,-2.802,-2.949,-2.655,2.765,-1.955
Q347F,0.162,-2.943,-3.145,-2.741,5.190,-3.509,-2.943,-3.145,-2.741,5.190,-3.509
Q347G,0.162,-2.796,-2.915,-2.676,2.359,-2.560,-2.796,-2.915,-2.676,2.359,-2.560
Q347H,0.162,-2.888,-3.121,-2.656,4.793,-2.010,-2.888,-3.121,-2.656,4.793,-2.010
Q347I,0.162,-2.788,-2.926,-2.651,2.476,-1.399,-2.788,-2.926,-2.651,2.476,-1.399
Q347K,0.162,-2.872,-3.071,-2.673,4.220,-2.489,-2.872,-3.071,-2.673,4.220,-2.489
Q347L,0.162,-2.824,-2.991,-2.657,3.379,-1.004,-2.824,-2.991,-2.657,3.379,-1.004
Q347M,0.162,-2.798,-2.927,-2.670,2.534,-2.413,-2.798,-2.927,-2.670,2.534,-2.413
Q347N,0.162,-2.868,-3.042,-2.694,3.896,-2.903,-2.868,-3.042,-2.694,3.896,-2.903
Q347P,0.162,-2.922,-3.143,-2.702,5.101,-3.022,-2.922,-3.143,-2.702,5.101,-3.022
Q347R,0.162,-2.808,-2.957,-2.658,2.878,-1.036,-2.808,-2.957,-2.658,2.878,-1.036
Q347S,0.162,-2.760,-2.870,-2.651,1.853,-1.457,-2.760,-2.870,-2.651,1.853,-1.457
Q347T,0.162,-2.783,-2.914,-2.652,2.331,-1.345,-2.783,-2.914,-2.652,2.331,-1.345
Q347V,0.162,-2.800,-2.792,-2.808,1.081,1.024,-2.800,-2.792,-2.808,1.081,1.024
Q347W,0.162,-3.046,-3.172,-2.921,5.448,-5.036,-3.046,-3.172,-2.921,5.448,-5.036
Q347Y,0.162,-2.899,-3.052,-2.747,3.966,-3.592,-2.899,-3.052,-2.747,3.966,-3.592
R348A,0.166,-3.270,-3.412,-3.129,8.331,-6.300,-3.270,-3.412,-3.129,8.331,-6.300
R348C,0.166,-3.241,-3.467,-3.015,9.123,-5.637,-3.241,-3.467,-3.015,9.123,-5.637
R348D,0.166,-3.337,-3.233,-3.441,6.164,-7.860,-3.337,-3.233,-3.441,6.164,-7.860
R348E,0.166,-3.278,-3.399,-3.157,8.305,-6.440,-3.278,-3.399,-3.157,8.305,-6.440
R348F,0.166,-3.436,-3.435,-3.436,8.673,-7.831,-3.436,-3.435,-3.436,8.673,-7.831
R348G,0.166,-3.208,-3.316,-3.100,7.173,-6.140,-3.208,-3.316,-3.100,7.173,-6.140
R348H,0.166,-3.166,-3.447,-2.885,8.851,-4.782,-3.166,-3.447,-2.885,8.851,-4.782
R348I,0.166,-3.258,-3.327,-3.188,7.367,-6.599,-3.258,-3.327,-3.188,7.367,-6.599
R348K,0.166,-2.938,-3.219,-2.657,6.115,-2.022,-2.938,-3.219,-2.657,6.115,-2.022
R348L,0.166,-3.146,-3.403,-2.890,8.271,-4.809,-3.146,-3.403,-2.890,8.271,-4.809
R348M,0.166,-3.245,-3.414,-3.076,8.405,-6.009,-3.245,-3.414,-3.076,8.405,-6.009
R348N,0.166,-3.090,-3.149,-3.030,5.159,-5.737,-3.090,-3.149,-3.030,5.159,-5.737
R348P,0.166,-3.177,-3.295,-3.059,6.887,-5.908,-3.177,-3.295,-3.059,6.887,-5.908
R348Q,0.166,-3.010,-3.244,-2.776,6.348,-3.868,-3.010,-3.244,-2.776,6.348,-3.868
R348S,0.166,-3.156,-3.316,-2.997,7.251,-5.532,-3.156,-3.316,-2.997,7.251,-5.532
R348T,0.166,-3.060,-3.209,-2.911,5.891,-4.961,-3.060,-3.209,-2.911,5.891,-4.961
R348V,0.166,-3.178,-3.307,-3.049,7.104,-5.848,-3.178,-3.307,-3.049,7.104,-5.848
R348W,0.166,-3.324,-3.433,-3.215,8.620,-6.758,-3.324,-3.433,-3.215,8.620,-6.758
R348Y,0.166,-3.372,-3.457,-3.286,8.958,-7.110,-3.372,-3.457,-3.286,8.958,-7.110
K349A,0.164,-3.096,-3.215,-2.976,5.955,-5.397,-3.096,-3.215,-2.976,5.955,-5.397
K349C,0.164,-3.062,-3.160,-2.964,5.288,-5.321,-3.062,-3.160,-2.964,5.288,-5.321
K349D,0.164,-3.382,-3.153,-3.611,5.251,-8.620,-3.382,-3.153,-3.611,5.251,-8.620
K349E,0.164,-3.109,-3.174,-3.044,5.487,-5.818,-3.109,-3.174,-3.044,5.487,-5.818
K349F,0.164,-3.257,-3.230,-3.284,6.152,-7.090,-3.257,-3.230,-3.284,6.152,-7.090
K349G,0.164,-3.198,-3.181,-3.214,5.505,-6.759,-3.198,-3.181,-3.214,5.505,-6.759
K349H,0.164,-3.085,-3.248,-2.921,6.386,-5.038,-3.085,-3.248,-2.921,6.386,-5.038
K349I,0.164,-3.101,-3.194,-3.007,5.630,-5.584,-3.101,-3.194,-3.007,5.630,-5.584
K349L,0.164,-2.926,-3.076,-2.776,4.248,-3.887,-2.926,-3.076,-2.776,4.248,-3.887
K349M,0.164,-2.974,-3.070,-2.879,4.129,-4.731,-2.974,-3.070,-2.879,4.129,-4.731
K349N,0.164,-3.146,-3.184,-3.108,5.602,-6.179,-3.146,-3.184,-3.108,5.602,-6.179
K349P,0.164,-3.091,-3.099,-3.083,4.577,-6.039,-3.091,-3.099,-3.083,4.577,-6.039
K349Q,0.164,-2.931,-3.142,-2.720,5.043,-3.250,-2.931,-3.142,-2.720,5.043,-3.250
K349R,0.164,-2.664,-2.667,-2.661,-0.596,-0.896,-2.664,-2.667,-2.661,-0.596,-0.896
K349S,0.164,-3.069,-3.185,-2.953,5.544,-5.256,-3.069,-3.185,-2.953,5.544,-5.256
K349T,0.164,-2.975,-3.128,-2.822,4.914,-4.290,-2.975,-3.128,-2.822,4.914,-4.290
K349V,0.164,-3.028,-3.186,-2.870,5.456,-4.664,-3.028,-3.186,-2.870,5.456,-4.664
K349W,0.164,-3.187,-3.133,-3.241,4.830,-6.897,-3.187,-3.133,-3.241,4.830,-6.897
K349Y,0.164,-3.314,-3.291,-3.337,6.838,-7.361,-3.314,-3.291,-3.337,6.838,-7.361
V350A,0.162,-3.134,-3.239,-3.030,6.349,-5.724,-3.134,-3.239,-3.030,6.349,-5.724
V350C,0.162,-3.411,-3.318,-3.504,7.286,-8.144,-3.411,-3.318,-3.504,7.286,-8.144
V350D,0.162,-3.795,-3.192,-4.398,5.755,-11.931,-3.795,-3.192,-4.398,5.755,-11.931
V350E,0.162,-3.584,-3.223,-3.945,6.257,-10.052,-3.584,-3.223,-3.945,6.257,-10.052
V350F,0.162,-3.154,-3.275,-3.032,6.716,-5.735,-3.154,-3.275,-3.032,6.716,-5.735
V350G,0.162,-3.566,-3.268,-3.863,6.711,-9.710,-3.566,-3.268,-3.863,6.711,-9.710
V350H,0.162,-3.678,-3.316,-4.040,7.214,-10.440,-3.678,-3.316,-4.040,7.214,-10.440
V350I,0.162,-2.676,-2.701,-2.651,-0.042,-1.517,-2.676,-2.701,-2.651,-0.042,-1.517
V350K,0.162,-3.603,-3.257,-3.949,6.622,-10.068,-3.603,-3.257,-3.949,6.622,-10.068
V350L,0.162,-2.933,-3.037,-2.829,3.965,-4.346,-2.933,-3.037,-2.829,3.965,-4.346
V350M,0.162,-3.130,-3.297,-2.964,7.070,-5.329,-3.130,-3.297,-2.964,7.070,-5.329
V350N,0.162,-3.700,-3.283,-4.118,6.896,-10.769,-3.700,-3.283,-4.118,6.896,-10.769
V350P,0.162,-3.580,-3.295,-3.864,6.931,-9.714,-3.580,-3.295,-3.864,6.931,-9.714
V350Q,0.162,-3.572,-3.305,-3.839,7.143,-9.601,-3.572,-3.305,-3.839,7.143,-9.601
V350R,0.162,-3.516,-3.286,-3.747,6.972,-9.205,-3.516,-3.286,-3.747,6.972,-9.205
V350S,0.162,-3.474,-3.260,-3.688,6.474,-8.962,-3.474,-3.260,-3.688,6.474,-8.962
V350T,0.162,-3.155,-3.183,-3.127,5.556,-6.293,-3.155,-3.183,-3.127,5.556,-6.293
V350W,0.162,-3.630,-3.300,-3.960,7.096,-10.110,-3.630,-3.300,-3.960,7.096,-10.110
V350Y,0.162,-3.456,-3.247,-3.665,6.378,-8.853,-3.456,-3.247,-3.665,6.378,-8.853
T351A,0.156,-2.840,-3.026,-2.653,3.714,-1.293,-2.840,-3.026,-2.653,3.714,-1.293
T351C,0.156,-2.886,-3.097,-2.675,4.572,-2.539,-2.886,-3.097,-2.675,4.572,-2.539
T351D,0.156,-2.964,-3.136,-2.793,5.095,-4.030,-2.964,-3.136,-2.793,5.095,-4.030
T351E,0.156,-2.672,-2.691,-2.654,-0.299,-1.137,-2.672,-2.691,-2.654,-0.299,-1.137
T351F,0.156,-2.921,-3.158,-2.684,5.319,-2.759,-2.921,-3.158,-2.684,5.319,-2.759
T351G,0.156,-2.947,-3.160,-2.734,5.261,-3.426,-2.947,-3.160,-2.734,5.261,-3.426
T351H,0.156,-2.839,-3.024,-2.654,3.682,-1.852,-2.839,-3.024,-2.654,3.682,-1.852
T351I,0.156,-2.886,-3.099,-2.673,4.516,-0.592,-2.886,-3.099,-2.673,4.516,-0.592
T351K,0.156,-2.820,-2.988,-2.652,3.212,-1.754,-2.820,-2.988,-2.652,3.212,-1.754
T351L,0.156,-2.874,-3.048,-2.700,3.847,-0.096,-2.874,-3.048,-2.700,3.847,-0.096
T351M,0.156,-2.918,-3.187,-2.649,5.555,-1.568,-2.918,-3.187,-2.649,5.555,-1.568
T351N,0.156,-2.928,-3.141,-2.716,5.083,-3.212,-2.928,-3.141,-2.716,5.083,-3.212
T351P,0.156,-2.954,-3.191,-2.716,5.669,-3.210,-2.954,-3.191,-2.716,5.669,-3.210
T351Q,0.156,-2.770,-2.829,-2.712,1.400,0.063,-2.770,-2.829,-2.712,1.400,0.063
T351R,0.156,-2.830,-2.970,-2.690,2.976,-0.242,-2.830,-2.970,-2.690,2.976,-0.242
T351S,0.156,-2.841,-3.031,-2.651,3.754,-1.445,-2.841,-3.031,-2.651,3.754,-1.445
T351V,0.156,-2.794,-2.804,-2.784,1.069,0.822,-2.794,-2.804,-2.784,1.069,0.822
T351W,0.156,-2.981,-3.192,-2.770,5.662,-3.829,-2.981,-3.192,-2.770,5.662,-3.829
T351Y,0.156,-2.988,-3.208,-2.767,5.862,-3.783,-2.988,-3.208,-2.767,5.862,-3.783
C352A,0.154,-3.748,-3.576,-3.919,10.512,-9.942,-3.748,-3.576,-3.919,10.512,-9.942
C352D,0.154,-3.894,-3.567,-4.221,10.390,-11.197,-3.894,-3.567,-4.221,10.390,-11.197
C352E,0.154,-3.817,-3.514,-4.120,9.625,-10.778,-3.817,-3.514,-4.120,9.625,-10.778
C352F,0.154,-3.774,-3.586,-3.961,10.649,-10.116,-3.774,-3.586,-3.961,10.649,-10.116
C352G,0.154,-3.678,-3.595,-3.762,10.772,-9.275,-3.678,-3.595,-3.762,10.772,-9.275
C352H,0.154,-3.848,-3.597,-4.098,10.817,-10.686,-3.848,-3.597,-4.098,10.817,-10.686
C352I,0.154,-3.845,-3.577,-4.113,10.524,-10.739,-3.845,-3.577,-4.113,10.524,-10.739
C352K,0.154,-3.985,-3.590,-4.380,10.677,-11.856,-3.985,-3.590,-4.380,10.677,-11.856
C352L,0.154,-3.802,-3.589,-4.015,10.704,-10.342,-3.802,-3.589,-4.015,10.704,-10.342
C352M,0.154,-3.950,-3.581,-4.320,10.536,-11.613,-3.950,-3.581,-4.320,10.536,-11.613
C352N,0.154,-3.944,-3.573,-4.316,10.455,-11.592,-3.944,-3.573,-4.316,10.455,-11.592
C352P,0.154,-3.872,-3.588,-4.157,10.677,-10.926,-3.872,-3.588,-4.157,10.677,-10.926
C352Q,0.154,-3.878,-3.576,-4.180,10.517,-11.027,-3.878,-3.576,-4.180,10.517,-11.027
C352R,0.154,-3.665,-3.580,-3.750,10.591,-9.225,-3.665,-3.580,-3.750,10.591,-9.225
C352S,0.154,-3.638,-3.496,-3.780,9.520,-9.352,-3.638,-3.496,-3.780,9.520,-9.352
C352T,0.154,-3.835,-3.591,-4.079,10.686,-10.609,-3.835,-3.591,-4.079,10.686,-10.609
C352V,0.154,-3.688,-3.601,-3.775,10.841,-9.328,-3.688,-3.601,-3.775,10.841,-9.328
C352W,0.154,-3.810,-3.572,-4.047,10.496,-10.473,-3.810,-3.572,-4.047,10.496,-10.473
C352Y,0.154,-3.721,-3.586,-3.856,10.609,-9.678,-3.721,-3.586,-3.856,10.609,-9.678
E353A,0.154,-2.927,-3.093,-2.761,4.449,-3.723,-2.927,-3.093,-2.761,4.449,-3.723
E353C,0.154,-3.233,-3.287,-3.179,6.840,-6.555,-3.233,-3.287,-3.179,6.840,-6.555
E353D,0.154,-2.814,-2.973,-2.654,2.979,-1.841,-2.814,-2.973,-2.654,2.979,-1.841
E353F,0.154,-3.292,-3.262,-3.323,6.536,-7.288,-3.292,-3.262,-3.323,6.536,-7.288
E353G,0.154,-2.968,-3.183,-2.752,5.493,-3.654,-2.968,-3.183,-2.752,5.493,-3.654
E353H,0.154,-3.132,-3.256,-3.008,6.492,-5.591,-3.132,-3.256,-3.008,6.492,-5.591
E353I,0.154,-3.143,-3.154,-3.132,5.244,-6.309,-3.143,-3.154,-3.132,5.244,-6.309
E353K,0.154,-3.088,-3.220,-2.956,6.032,-5.267,-3.088,-3.220,-2.956,6.032,-5.267
E353L,0.154,-2.983,-2.983,-2.983,3.176,-5.441,-2.983,-2.983,-2.983,3.176,-5.441
E353M,0.154,-3.226,-3.316,-3.136,7.222,-6.331,-3.226,-3.316,-3.136,7.222,-6.331
E353N,0.154,-3.000,-3.155,-2.844,5.177,-4.458,-3.000,-3.155,-2.844,5.177,-4.458
E353P,0.154,-3.022,-3.098,-2.946,4.494,-5.198,-3.022,-3.098,-2.946,4.494,-5.198
E353Q,0.154,-2.898,-3.059,-2.737,4.101,-3.471,-2.898,-3.059,-2.737,4.101,-3.471
E353R,0.154,-3.037,-3.131,-2.944,4.974,-5.194,-3.037,-3.131,-2.944,4.974,-5.194
E353S,0.154,-2.948,-3.123,-2.773,4.805,-3.846,-2.948,-3.123,-2.773,4.805,-3.846
E353T,0.154,-2.996,-3.171,-2.821,5.475,-4.292,-2.996,-3.171,-2.821,5.475,-4.292
E353V,0.154,-2.936,-3.017,-2.854,3.571,-4.563,-2.936,-3.017,-2.854,3.571,-4.563
E353W,0.154,-3.483,-3.302,-3.664,7.002,-8.854,-3.483,-3.302,-3.664,7.002,-8.854
E353Y,0.154,-3.308,-3.215,-3.401,5.983,-7.674,-3.308,-3.215,-3.401,5.983,-7.674
G354A,0.162,-2.798,-2.880,-2.716,1.958,0.123,-2.798,-2.880,-2.716,1.958,0.123
G354C,0.162,-2.853,-3.056,-2.650,4.056,-1.528,-2.853,-3.056,-2.650,4.056,-1.528
G354D,0.162,-2.786,-2.920,-2.651,2.366,-1.650,-2.786,-2.920,-2.651,2.366,-1.650
G354E,0.162,-2.762,-2.869,-2.656,1.872,-1.139,-2.762,-2.869,-2.656,1.872,-1.139
G354F,0.162,-2.854,-3.009,-2.698,3.498,-2.962,-2.854,-3.009,-2.698,3.498,-2.962
G354H,0.162,-2.760,-2.868,-2.651,1.853,-1.328,-2.760,-2.868,-2.651,1.853,-1.328
G354I,0.162,-2.884,-3.067,-2.700,4.224,-2.985,-2.884,-3.067,-2.700,4.224,-2.985
G354K,0.162,-2.780,-2.891,-2.669,2.085,-2.421,-2.780,-2.891,-2.669,2.085,-2.421
G354L,0.162,-2.752,-2.849,-2.654,1.577,-1.741,-2.752,-2.849,-2.654,1.577,-1.741
G354M,0.162,-2.883,-3.079,-2.686,4.310,-2.776,-2.883,-3.079,-2.686,4.310,-2.776
G354N,0.162,-2.778,-2.890,-2.667,2.096,-0.740,-2.778,-2.890,-2.667,2.096,-0.740
G354P,0.162,-2.670,-2.683,-2.656,-0.233,-2.010,-2.670,-2.683,-2.656,-0.233,-2.010
G354Q,0.162,-2.705,-2.749,-2.660,0.434,-0.953,-2.705,-2.749,-2.660,0.434,-0.953
G354R,0.162,-2.695,-2.733,-2.657,0.212,-1.061,-2.695,-2.733,-2.657,0.212,-1.061
G354S,0.162,-2.807,-2.910,-2.704,2.383,-0.043,-2.807,-2.910,-2.704,2.383,-0.043
G354T,0.162,-2.738,-2.823,-2.653,1.260,-1.191,-2.738,-2.823,-2.653,1.260,-1.191
G354V,0.162,-2.811,-2.969,-2.654,3.018,-1.165,-2.811,-2.969,-2.654,3.018,-1.165
G354W,0.162,-3.013,-3.122,-2.905,4.819,-4.934,-3.013,-3.122,-2.905,4.819,-4.934
G354Y,0.162,-2.839,-2.980,-2.698,3.162,-2.956,-2.839,-2.980,-2.698,3.162,-2.956
G355A,0.625,,,,,,-2.912,-3.165,-2.658,6.033,-0.989
G355C,0.625,,,,,,-2.880,-3.086,-2.675,5.191,-2.525
G355D,0.625,,,,,,-2.879,-3.099,-2.659,5.327,-2.132
G355E,0.625,,,,,,-2.858,-3.064,-2.651,4.957,-1.329
G355F,0.625,,,,,,-3.019,-3.132,-2.906,5.691,-4.935
G355H,0.625,,,,,,-2.914,-3.046,-2.781,4.766,-3.926
G355I,0.625,,,,,,-2.810,-2.855,-2.765,2.794,-3.760
G355K,0.625,,,,,,-2.904,-3.096,-2.711,5.303,-3.134
G355L,0.625,,,,,,-2.960,-3.195,-2.725,6.347,-3.340
G355M,0.625,,,,,,-3.004,-3.181,-2.826,6.189,-4.319
G355N,0.625,,,,,,-2.880,-3.070,-2.689,5.033,-2.785
G355P,0.625,,,,,,-2.916,-3.183,-2.650,6.219,-1.542
G355Q,0.625,,,,,,-2.725,-2.783,-2.667,2.059,-2.336
G355R,0.625,,,,,,-2.790,-2.921,-2.659,3.482,-2.136
G355S,0.625,,,,,,-2.692,-2.726,-2.659,1.469,-0.930
G355T,0.625,,,,,,-2.804,-2.952,-2.657,3.830,-2.001
G355V,0.625,,,,,,-2.836,-3.007,-2.664,4.357,-2.269
G355W,0.625,,,,,,-3.082,-3.143,-3.021,5.788,-5.672
G355Y,0.625,,,,,,-3.008,-3.061,-2.955,4.951,-5.261
N356A,0.606,,,,,,-2.859,-2.998,-2.720,4.289,0.167
N356C,0.606,,,,,,-2.988,-3.319,-2.657,7.663,-2.055
N356D,0.606,,,,,,-2.838,-3.006,-2.671,4.362,-0.581
N356E,0.606,,,,,,-2.879,-3.074,-2.684,5.071,-0.358
N356F,0.606,,,,,,-3.028,-3.302,-2.753,7.515,-3.633
N356G,0.606,,,,,,-2.848,-2.954,-2.741,3.831,0.390
N356H,0.606,,,,,,-2.937,-3.212,-2.662,6.529,-0.852
N356I,0.606,,,,,,-2.963,-3.236,-2.690,6.787,-2.839
N356K,0.606,,,,,,-2.975,-3.298,-2.652,7.455,-1.586
N356L,0.606,,,,,,-2.956,-3.259,-2.653,6.997,-1.263
N356M,0.606,,,,,,-2.990,-3.303,-2.676,7.514,-2.530
N356P,0.606,,,,,,-2.974,-3.285,-2.662,7.312,-0.886
N356Q,0.606,,,,,,-2.934,-3.131,-2.738,5.658,0.361
N356R,0.606,,,,,,-2.862,-3.023,-2.700,4.542,-0.105
N356S,0.606,,,,,,-2.899,-3.055,-2.743,4.906,0.427
N356T,0.606,,,,,,-2.906,-3.129,-2.683,5.636,-0.374
N356V,0.606,,,,,,-2.890,-3.125,-2.654,5.596,-1.231
N356W,0.606,,,,,,-3.031,-3.273,-2.789,7.164,-4.002
N356Y,0.606,,,,,,-3.008,-3.261,-2.756,7.046,-3.661
G357A,0.471,-2.940,-3.222,-2.657,6.635,-1.985,-2.940,-3.222,-2.657,6.635,-1.985
G357C,0.471,-2.910,-3.126,-2.693,5.622,-2.864,-2.910,-3.126,-2.693,5.622,-2.864
G357D,0.471,-3.012,-3.326,-2.698,7.734,-2.923,-3.012,-3.326,-2.698,7.734,-2.923
G357E,0.471,-2.942,-3.212,-2.672,6.528,-2.458,-2.942,-3.212,-2.672,6.528,-2.458
G357F,0.471,-3.218,-3.402,-3.034,8.591,-5.764,-3.218,-3.402,-3.034,8.591,-5.764
G357H,0.471,-3.041,-3.291,-2.791,7.368,-4.007,-3.041,-3.291,-2.791,7.368,-4.007
G357I,0.471,-3.170,-3.436,-2.903,8.960,-4.903,-3.170,-3.436,-2.903,8.960,-4.903
G357K,0.471,-3.011,-3.295,-2.727,7.407,-3.335,-3.011,-3.295,-2.727,7.407,-3.335
G357L,0.471,-3.050,-3.330,-2.771,7.794,-3.826,-3.050,-3.330,-2.771,7.794,-3.826
G357M,0.471,-3.164,-3.409,-2.918,8.654,-5.020,-3.164,-3.409,-2.918,8.654,-5.020
G357N,0.471,-3.026,-3.370,-2.683,8.239,-2.674,-3.026,-3.370,-2.683,8.239,-2.674
G357P,0.471,-2.938,-3.196,-2.680,6.370,-2.639,-2.938,-3.196,-2.680,6.370,-2.639
G357Q,0.471,-2.928,-3.167,-2.688,6.042,-2.760,-2.928,-3.167,-2.688,6.042,-2.760
G357R,0.471,-2.907,-3.140,-2.674,5.744,-2.523,-2.907,-3.140,-2.674,5.744,-2.523
G357S,0.471,-2.917,-3.177,-2.657,6.154,-2.013,-2.917,-3.177,-2.657,6.154,-2.013
G357T,0.471,-2.977,-3.265,-2.689,7.097,-2.821,-2.977,-3.265,-2.689,7.097,-2.821
G357V,0.471,-3.064,-3.405,-2.723,8.631,-3.290,-3.064,-3.405,-2.723,8.631,-3.290
G357W,0.471,-3.247,-3.347,-3.147,7.986,-6.397,-3.247,-3.347,-3.147,7.986,-6.397
G357Y,0.471,-3.250,-3.417,-3.084,8.749,-6.039,-3.250,-3.417,-3.084,8.749,-6.039
L358A,0.469,-2.944,-3.225,-2.662,6.651,-0.833,-2.944,-3.225,-2.662,6.651,-0.833
L358C,0.469,-3.045,-3.287,-2.803,7.339,-4.118,-3.045,-3.287,-2.803,7.339,-4.118
L358D,0.469,-3.052,-3.317,-2.786,7.682,-3.978,-3.052,-3.317,-2.786,7.682,-3.978
L358E,0.469,-2.986,-3.262,-2.710,7.070,-3.131,-2.986,-3.262,-2.710,7.070,-3.131
L358F,0.469,-2.953,-3.247,-2.659,6.900,-2.140,-2.953,-3.247,-2.659,6.900,-2.140
L358G,0.469,-2.893,-3.124,-2.662,5.604,-2.203,-2.893,-3.124,-2.662,5.604,-2.203
L358H,0.469,-2.955,-3.140,-2.769,5.772,-3.818,-2.955,-3.140,-2.769,5.772,-3.818
L358I,0.469,-2.825,-2.998,-2.652,4.272,-1.525,-2.825,-2.998,-2.652,4.272,-1.525
L358K,0.469,-3.060,-3.267,-2.853,7.104,-4.545,-3.060,-3.267,-2.853,7.104,-4.545
L358M,0.469,-2.935,-3.215,-2.655,6.537,-1.955,-2.935,-3.215,-2.655,6.537,-1.955
L358N,0.469,-3.068,-3.372,-2.765,8.246,-3.768,-3.068,-3.372,-2.765,8.246,-3.768
L358P,0.469,-2.958,-3.258,-2.658,7.031,-1.016,-2.958,-3.258,-2.658,7.031,-1.016
L358Q,0.469,-2.840,-2.997,-2.684,4.269,-2.707,-2.840,-2.997,-2.684,4.269,-2.707
L358R,0.469,-3.020,-3.337,-2.702,7.840,-3.019,-3.020,-3.337,-2.702,7.840,-3.019
L358S,0.469,-2.882,-3.114,-2.650,5.507,-1.644,-2.882,-3.114,-2.650,5.507,-1.644
L358T,0.469,-2.986,-3.320,-2.651,7.698,-1.606,-2.986,-3.320,-2.651,7.698,-1.606
L358V,0.469,-2.828,-2.985,-2.671,4.137,-0.604,-2.828,-2.985,-2.671,4.137,-0.604
L358W,0.469,-3.120,-3.315,-2.925,7.629,-5.062,-3.120,-3.315,-2.925,7.629,-5.062
L358Y,0.469,-3.077,-3.327,-2.827,7.767,-4.330,-3.077,-3.327,-2.827,7.767,-4.330
G359A,0.227,-3.142,-3.446,-2.837,8.862,-4.408,-3.142,-3.446,-2.837,8.862,-4.408
G359C,0.227,-3.390,-3.526,-3.254,9.879,-6.954,-3.390,-3.526,-3.254,9.879,-6.954
G359D,0.227,-3.175,-3.418,-2.932,8.492,-5.115,-3.175,-3.418,-2.932,8.492,-5.115
G359E,0.227,-3.223,-3.465,-2.981,9.147,-5.420,-3.223,-3.465,-2.981,9.147,-5.420
G359F,0.227,-3.562,-3.474,-3.650,9.313,-8.796,-3.562,-3.474,-3.650,9.313,-8.796
G359H,0.227,-3.389,-3.542,-3.236,10.057,-6.861,-3.389,-3.542,-3.236,10.057,-6.861
G359I,0.227,-3.503,-3.474,-3.531,9.179,-8.265,-3.503,-3.474,-3.531,9.179,-8.265
G359K,0.227,-3.364,-3.440,-3.287,8.789,-7.116,-3.364,-3.440,-3.287,8.789,-7.116
G359L,0.227,-3.412,-3.519,-3.304,9.765,-7.205,-3.412,-3.519,-3.304,9.765,-7.205
G359M,0.227,-3.546,-3.516,-3.575,9.725,-8.461,-3.546,-3.516,-3.575,9.725,-8.461
G359N,0.227,-3.283,-3.517,-3.049,9.747,-5.855,-3.283,-3.517,-3.049,9.747,-5.855
G359P,0.227,-3.322,-3.529,-3.116,9.900,-6.218,-3.322,-3.529,-3.116,9.900,-6.218
G359Q,0.227,-3.328,-3.531,-3.125,9.945,-6.277,-3.328,-3.531,-3.125,9.945,-6.277
G359R,0.227,-3.246,-3.517,-2.976,9.743,-5.409,-3.246,-3.517,-2.976,9.743,-5.409
G359S,0.227,-3.205,-3.524,-2.886,9.846,-4.793,-3.205,-3.524,-2.886,9.846,-4.793
G359T,0.227,-3.268,-3.401,-3.135,8.256,-6.332,-3.268,-3.401,-3.135,8.256,-6.332
G359V,0.227,-3.300,-3.468,-3.131,9.110,-6.319,-3.300,-3.468,-3.131,9.110,-6.319
G359W,0.227,-3.664,-3.537,-3.791,10.012,-9.404,-3.664,-3.537,-3.791,10.012,-9.404
G359Y,0.227,-3.625,-3.520,-3.731,9.810,-9.142,-3.625,-3.520,-3.731,9.810,-9.142
C360A,0.162,-3.799,-3.580,-4.018,10.571,-10.355,-3.799,-3.580,-4.018,10.571,-10.355
C360D,0.162,-3.912,-3.586,-4.237,10.648,-11.262,-3.912,-3.586,-4.237,10.648,-11.262
C360E,0.162,-3.940,-3.596,-4.285,10.771,-11.463,-3.940,-3.596,-4.285,10.771,-11.463
C360F,0.162,-3.716,-3.618,-3.814,11.070,-9.498,-3.716,-3.618,-3.814,11.070,-9.498
C360G,0.162,-3.633,-3.577,-3.689,10.543,-8.960,-3.633,-3.577,-3.689,10.543,-8.960
C360H,0.162,-3.734,-3.622,-3.845,11.107,-9.631,-3.734,-3.622,-3.845,11.107,-9.631
C360I,0.162,-4.020,-3.593,-4.446,10.762,-12.130,-4.020,-3.593,-4.446,10.762,-12.130
C360K,0.162,-3.859,-3.576,-4.141,10.516,-10.859,-3.859,-3.576,-4.141,10.516,-10.859
C360L,0.162,-3.888,-3.627,-4.150,11.204,-10.901,-3.888,-3.627,-4.150,11.204,-10.901
C360M,0.162,-4.014,-3.582,-4.445,10.590,-12.129,-4.014,-3.582,-4.445,10.590,-12.129
C360N,0.162,-3.856,-3.588,-4.123,10.695,-10.789,-3.856,-3.588,-4.123,10.695,-10.789
C360P,0.162,-3.820,-3.532,-4.107,9.868,-10.730,-3.820,-3.532,-4.107,9.868,-10.730
C360Q,0.162,-3.864,-3.592,-4.136,10.719,-10.846,-3.864,-3.592,-4.136,10.719,-10.846
C360R,0.162,-3.601,-3.593,-3.609,10.738,-8.613,-3.601,-3.593,-3.609,10.738,-8.613
C360S,0.162,-3.619,-3.572,-3.666,10.433,-8.860,-3.619,-3.572,-3.666,10.433,-8.860
C360T,0.162,-3.783,-3.602,-3.964,10.891,-10.127,-3.783,-3.602,-3.964,10.891,-10.127
C360V,0.162,-3.918,-3.608,-4.229,10.924,-11.227,-3.918,-3.608,-4.229,10.924,-11.227
C360W,0.162,-3.777,-3.576,-3.978,10.511,-10.191,-3.777,-3.576,-3.978,10.511,-10.191
C360Y,0.162,-3.660,-3.579,-3.741,10.535,-9.183,-3.660,-3.579,-3.741,10.535,-9.183
G361A,0.162,-3.170,-3.411,-2.929,8.329,-5.069,-3.170,-3.411,-2.929,8.329,-5.069
G361C,0.162,-3.372,-3.452,-3.293,8.894,-7.142,-3.372,-3.452,-3.293,8.894,-7.142
G361D,0.162,-3.390,-3.413,-3.367,8.452,-7.511,-3.390,-3.413,-3.367,8.452,-7.511
G361E,0.162,-3.279,-3.228,-3.330,6.142,-7.331,-3.279,-3.228,-3.330,6.142,-7.331
G361F,0.162,-3.680,-3.397,-3.962,8.147,-10.122,-3.680,-3.397,-3.962,8.147,-10.122
G361H,0.162,-3.474,-3.390,-3.557,8.147,-8.380,-3.474,-3.390,-3.557,8.147,-8.380
G361I,0.162,-3.698,-3.449,-3.948,8.864,-10.068,-3.698,-3.449,-3.948,8.864,-10.068
G361K,0.162,-3.331,-3.241,-3.421,6.269,-7.757,-3.331,-3.241,-3.421,6.269,-7.757
G361L,0.162,-3.523,-3.388,-3.658,7.987,-8.829,-3.523,-3.388,-3.658,7.987,-8.829
G361M,0.162,-3.605,-3.455,-3.755,8.956,-9.249,-3.605,-3.455,-3.755,8.956,-9.249
G361N,0.162,-3.254,-3.231,-3.276,6.172,-7.070,-3.254,-3.231,-3.276,6.172,-7.070
G361P,0.162,-3.574,-3.451,-3.696,8.892,-9.001,-3.574,-3.451,-3.696,8.892,-9.001
G361Q,0.162,-3.271,-3.158,-3.384,5.269,-7.591,-3.271,-3.158,-3.384,5.269,-7.591
G361R,0.162,-3.148,-3.262,-3.034,6.536,-5.757,-3.148,-3.262,-3.034,6.536,-5.757
G361S,0.162,-3.170,-3.396,-2.944,8.098,-5.195,-3.170,-3.396,-2.944,8.098,-5.195
G361T,0.162,-3.381,-3.416,-3.346,8.491,-7.410,-3.381,-3.416,-3.346,8.491,-7.410
G361V,0.162,-3.468,-3.450,-3.485,8.886,-8.062,-3.468,-3.450,-3.485,8.886,-8.062
G361W,0.162,-3.654,-3.456,-3.851,9.006,-9.649,-3.654,-3.456,-3.851,9.006,-9.649
G361Y,0.162,-3.721,-3.432,-4.009,8.668,-10.318,-3.721,-3.432,-4.009,8.668,-10.318
F362A,0.176,-3.426,-3.295,-3.556,6.932,-8.380,-3.426,-3.295,-3.556,6.932,-8.380
F362C,0.176,-3.344,-3.365,-3.324,7.816,-7.302,-3.344,-3.365,-3.324,7.816,-7.302
F362D,0.176,-3.785,-3.399,-4.171,8.258,-10.994,-3.785,-3.399,-4.171,8.258,-10.994
F362E,0.176,-3.788,-3.349,-4.226,7.668,-11.224,-3.788,-3.349,-4.226,7.668,-11.224
F362G,0.176,-3.710,-3.308,-4.113,7.161,-10.750,-3.710,-3.308,-4.113,7.161,-10.750
F362H,0.176,-3.149,-3.291,-3.007,7.009,-5.593,-3.149,-3.291,-3.007,7.009,-5.593
F362I,0.176,-3.368,-3.256,-3.481,6.651,-8.041,-3.368,-3.256,-3.481,6.651,-8.041
F362K,0.176,-3.729,-3.361,-4.097,7.757,-10.678,-3.729,-3.361,-4.097,7.757,-10.678
F362L,0.176,-2.942,-2.981,-2.903,3.228,-4.909,-2.942,-2.981,-2.903,3.228,-4.909
F362M,0.176,-3.380,-3.385,-3.376,8.090,-7.547,-3.380,-3.385,-3.376,8.090,-7.547
F362N,0.176,-3.520,-3.293,-3.748,6.972,-9.221,-3.520,-3.293,-3.748,6.972,-9.221
F362P,0.176,-3.819,-3.376,-4.263,7.988,-11.370,-3.819,-3.376,-4.263,7.988,-11.370
F362Q,0.176,-3.472,-3.343,-3.601,7.613,-8.575,-3.472,-3.343,-3.601,7.613,-8.575
F362R,0.176,-3.444,-3.323,-3.566,7.241,-8.421,-3.444,-3.323,-3.566,7.241,-8.421
F362S,0.176,-3.353,-3.236,-3.470,6.231,-7.987,-3.353,-3.236,-3.470,6.231,-7.987
F362T,0.176,-3.522,-3.352,-3.693,7.665,-8.982,-3.522,-3.352,-3.693,7.665,-8.982
F362V,0.176,-3.279,-3.183,-3.375,5.639,-7.549,-3.279,-3.183,-3.375,5.639,-7.549
F362W,0.176,-3.382,-3.385,-3.378,8.084,-7.569,-3.382,-3.385,-3.378,8.084,-7.569
F362Y,0.176,-2.876,-3.101,-2.651,4.678,-1.740,-2.876,-3.101,-2.651,4.678,-1.740
A363C,0.197,-2.858,-2.946,-2.770,2.781,-3.799,-2.858,-2.946,-2.770,2.781,-3.799
A363D,0.197,-2.984,-2.943,-3.026,2.749,-5.707,-2.984,-2.943,-3.026,2.749,-5.707
A363E,0.197,-2.710,-2.647,-2.774,-0.774,-3.856,-2.710,-2.647,-2.774,-0.774,-3.856
A363F,0.197,-2.840,-2.958,-2.721,2.960,-3.261,-2.840,-2.958,-2.721,2.960,-3.261
A363G,0.197,-2.852,-2.909,-2.795,2.281,-4.056,-2.852,-2.909,-2.795,2.281,-4.056
A363H,0.197,-2.884,-2.914,-2.853,2.353,-4.534,-2.884,-2.914,-2.853,2.353,-4.534
A363I,0.197,-2.652,-2.556,-2.748,-1.833,0.461,-2.652,-2.556,-2.748,-1.833,0.461
A363K,0.197,-2.934,-2.918,-2.949,2.406,-5.223,-2.934,-2.918,-2.949,2.406,-5.223
A363L,0.197,-2.716,-2.745,-2.686,0.312,-0.294,-2.716,-2.745,-2.686,0.312,-0.294
A363M,0.197,-2.740,-2.826,-2.653,1.372,-1.731,-2.740,-2.826,-2.653,1.372,-1.731
A363N,0.197,-2.888,-2.860,-2.916,1.764,-4.993,-2.888,-2.860,-2.916,1.764,-4.993
A363P,0.197,-2.981,-2.927,-3.035,2.595,-5.762,-2.981,-2.927,-3.035,2.595,-5.762
A363Q,0.197,-2.778,-2.791,-2.764,0.900,-3.766,-2.778,-2.791,-2.764,0.900,-3.766
A363R,0.197,-2.873,-2.942,-2.804,2.733,-4.116,-2.873,-2.942,-2.804,2.733,-4.116
A363S,0.197,-2.758,-2.830,-2.686,1.398,-2.758,-2.758,-2.830,-2.686,1.398,-2.758
A363T,0.197,-2.720,-2.787,-2.652,0.910,-1.535,-2.720,-2.787,-2.652,0.910,-1.535
A363V,0.197,-2.872,-2.274,-3.469,-5.250,4.312,-2.872,-2.274,-3.469,-5.250,4.312
A363W,0.197,-2.974,-2.856,-3.093,1.720,-6.100,-2.974,-2.856,-3.093,1.720,-6.100
A363Y,0.197,-2.867,-2.838,-2.895,1.489,-4.850,-2.867,-2.838,-2.895,1.489,-4.850
F364A,0.211,-4.060,-3.522,-4.599,9.790,-12.770,-4.060,-3.522,-4.599,9.790,-12.770
F364C,0.211,-3.857,-3.517,-4.197,9.770,-11.096,-3.857,-3.517,-4.197,9.770,-11.096
F364D,0.211,-4.524,-3.533,-5.514,9.981,-17.092,-4.524,-3.533,-5.514,9.981,-17.092
F364E,0.211,-4.514,-3.538,-5.489,10.034,-16.958,-4.514,-3.538,-5.489,10.034,-16.958
F364G,0.211,-4.253,-3.519,-4.987,9.762,-14.469,-4.253,-3.519,-4.987,9.762,-14.469
F364H,0.211,-3.992,-3.511,-4.473,9.671,-12.248,-3.992,-3.511,-4.473,9.671,-12.248
F364I,0.211,-3.561,-3.416,-3.707,8.469,-9.043,-3.561,-3.416,-3.707,8.469,-9.043
F364K,0.211,-4.492,-3.497,-5.486,9.448,-16.945,-4.492,-3.497,-5.486,9.448,-16.945
F364L,0.211,-3.426,-3.465,-3.388,8.986,-7.592,-3.426,-3.465,-3.388,8.986,-7.592
F364M,0.211,-3.730,-3.544,-3.916,10.101,-9.924,-3.730,-3.544,-3.916,10.101,-9.924
F364N,0.211,-4.221,-3.544,-4.898,10.086,-14.068,-4.221,-3.544,-4.898,10.086,-14.068
F364P,0.211,-4.401,-3.540,-5.262,10.062,-15.773,-4.401,-3.540,-5.262,10.062,-15.773
F364Q,0.211,-4.230,-3.425,-5.034,8.600,-14.689,-4.230,-3.425,-5.034,8.600,-14.689
F364R,0.211,-4.230,-3.507,-4.954,9.619,-14.323,-4.230,-3.507,-4.954,9.619,-14.323
F364S,0.211,-3.816,-3.368,-4.263,7.887,-11.371,-3.816,-3.368,-4.263,7.887,-11.371
F364T,0.211,-3.965,-3.477,-4.453,9.187,-12.152,-3.965,-3.477,-4.453,9.187,-12.152
F364V,0.211,-3.706,-3.530,-3.882,9.922,-9.790,-3.706,-3.530,-3.882,9.922,-9.790
F364W,0.211,-3.402,-3.514,-3.291,9.710,-7.138,-3.402,-3.514,-3.291,9.710,-7.138
F364Y,0.211,-3.426,-3.431,-3.420,8.702,-7.755,-3.426,-3.431,-3.420,8.702,-7.755
C365A,0.213,-4.414,-3.535,-5.292,9.946,-15.919,-4.414,-3.535,-5.292,9.946,-15.919
C365D,0.213,-4.426,-3.580,-5.272,10.615,-15.819,-4.426,-3.580,-5.272,10.615,-15.819
C365E,0.213,-4.594,-3.593,-5.596,10.733,-17.564,-4.594,-3.593,-5.596,10.733,-17.564
C365F,0.213,-4.281,-3.604,-4.959,10.919,-14.345,-4.281,-3.604,-4.959,10.919,-14.345
C365G,0.213,-4.174,-3.593,-4.755,10.740,-13.434,-4.174,-3.593,-4.755,10.740,-13.434
C365H,0.213,-4.272,-3.588,-4.956,10.710,-14.331,-4.272,-3.588,-4.956,10.710,-14.331
C365I,0.213,-4.593,-3.589,-5.597,10.700,-17.571,-4.593,-3.589,-5.597,10.700,-17.571
C365K,0.213,-4.587,-3.570,-5.604,10.433,-17.605,-4.587,-3.570,-5.604,10.433,-17.605
C365L,0.213,-4.446,-3.566,-5.327,10.400,-16.098,-4.446,-3.566,-5.327,10.400,-16.098
C365M,0.213,-4.669,-3.585,-5.753,10.643,-18.558,-4.669,-3.585,-5.753,10.643,-18.558
C365N,0.213,-4.441,-3.582,-5.300,10.634,-15.954,-4.441,-3.582,-5.300,10.634,-15.954
C365P,0.213,-4.603,-3.570,-5.636,10.442,-17.814,-4.603,-3.570,-5.636,10.442,-17.814
C365Q,0.213,-4.527,-3.567,-5.487,10.402,-16.939,-4.527,-3.567,-5.487,10.402,-16.939
C365R,0.213,-4.194,-3.609,-4.779,10.960,-13.545,-4.194,-3.609,-4.779,10.960,-13.545
C365S,0.213,-4.160,-3.567,-4.754,10.406,-13.446,-4.160,-3.567,-4.754,10.406,-13.446
C365T,0.213,-4.410,-3.524,-5.297,9.890,-15.941,-4.410,-3.524,-5.297,9.890,-15.941
C365V,0.213,-4.464,-3.600,-5.329,10.804,-16.108,-4.464,-3.600,-5.329,10.804,-16.108
C365W,0.213,-4.191,-3.564,-4.818,10.376,-13.718,-4.191,-3.564,-4.818,10.376,-13.718
C365Y,0.213,-4.140,-3.605,-4.675,10.911,-13.101,-4.140,-3.605,-4.675,10.911,-13.101
R366A,0.213,-3.320,-3.345,-3.296,7.522,-7.156,-3.320,-3.345,-3.296,7.522,-7.156
R366C,0.213,-3.265,-3.451,-3.079,8.924,-6.011,-3.265,-3.451,-3.079,8.924,-6.011
R366D,0.213,-3.784,-3.438,-4.130,8.749,-10.815,-3.784,-3.438,-4.130,8.749,-10.815
R366E,0.213,-3.647,-3.467,-3.827,9.100,-9.544,-3.647,-3.467,-3.827,9.100,-9.544
R366F,0.213,-3.626,-3.478,-3.774,9.244,-9.322,-3.626,-3.478,-3.774,9.244,-9.322
R366G,0.213,-3.306,-3.297,-3.316,6.945,-7.262,-3.306,-3.297,-3.316,6.945,-7.262
R366H,0.213,-3.317,-3.437,-3.197,8.685,-6.659,-3.317,-3.437,-3.197,8.685,-6.659
R366I,0.213,-3.526,-3.467,-3.586,9.071,-8.514,-3.526,-3.467,-3.586,9.071,-8.514
R366K,0.213,-2.972,-3.051,-2.892,3.969,-4.830,-2.972,-3.051,-2.892,3.969,-4.830
R366L,0.213,-3.335,-3.350,-3.319,7.620,-7.271,-3.335,-3.350,-3.319,7.620,-7.271
R366M,0.213,-3.432,-3.360,-3.503,7.792,-8.139,-3.432,-3.360,-3.503,7.792,-8.139
R366N,0.213,-3.463,-3.471,-3.455,9.191,-7.922,-3.463,-3.471,-3.455,9.191,-7.922
R366P,0.213,-3.489,-3.381,-3.598,7.948,-8.559,-3.489,-3.381,-3.598,7.948,-8.559
R366Q,0.213,-3.174,-3.343,-3.006,7.452,-5.582,-3.174,-3.343,-3.006,7.452,-5.582
R366S,0.213,-3.219,-3.333,-3.105,7.383,-6.161,-3.219,-3.333,-3.105,7.383,-6.161
R366T,0.213,-3.307,-3.471,-3.143,9.182,-6.385,-3.307,-3.471,-3.143,9.182,-6.385
R366V,0.213,-3.448,-3.438,-3.457,8.709,-7.928,-3.448,-3.438,-3.457,8.709,-7.928
R366W,0.213,-3.478,-3.452,-3.503,8.920,-8.149,-3.478,-3.452,-3.503,8.920,-8.149
R366Y,0.213,-3.604,-3.482,-3.726,9.276,-9.118,-3.604,-3.482,-3.726,9.276,-9.118
E367A,0.213,-2.962,-3.268,-2.655,6.593,-1.941,-2.962,-3.268,-2.655,6.593,-1.941
E367C,0.213,-3.083,-3.185,-2.981,5.599,-5.436,-3.083,-3.185,-2.981,5.599,-5.436
E367D,0.213,-2.772,-2.737,-2.806,0.345,1.007,-2.772,-2.737,-2.806,0.345,1.007
E367F,0.213,-3.067,-3.257,-2.877,6.489,-4.712,-3.067,-3.257,-2.877,6.489,-4.712
E367G,0.213,-2.962,-3.271,-2.654,6.642,-1.803,-2.962,-3.271,-2.654,6.642,-1.803
E367H,0.213,-2.883,-3.091,-2.674,4.414,-2.552,-2.883,-3.091,-2.674,4.414,-2.552
E367I,0.213,-2.976,-3.151,-2.802,5.170,-4.126,-2.976,-3.151,-2.802,5.170,-4.126
E367K,0.213,-2.924,-3.095,-2.754,4.549,-3.678,-2.924,-3.095,-2.754,4.549,-3.678
E367L,0.213,-2.814,-2.965,-2.664,2.936,-2.233,-2.814,-2.965,-2.664,2.936,-2.233
E367M,0.213,-2.989,-3.186,-2.792,5.697,-4.009,-2.989,-3.186,-2.792,5.697,-4.009
E367N,0.213,-2.810,-2.967,-2.652,3.025,-1.605,-2.810,-2.967,-2.652,3.025,-1.605
E367P,0.213,-3.128,-3.302,-2.953,7.059,-5.247,-3.128,-3.302,-2.953,7.059,-5.247
E367Q,0.213,-2.840,-3.029,-2.652,3.714,-1.200,-2.840,-3.029,-2.652,3.714,-1.200
E367R,0.213,-2.915,-3.100,-2.730,4.653,-3.384,-2.915,-3.100,-2.730,4.653,-3.384
E367S,0.213,-2.899,-3.137,-2.660,4.977,-2.148,-2.899,-3.137,-2.660,4.977,-2.148
E367T,0.213,-2.931,-3.144,-2.718,5.143,-3.234,-2.931,-3.144,-2.718,5.143,-3.234
E367V,0.213,-2.931,-3.185,-2.677,5.663,-2.565,-2.931,-3.185,-2.677,5.663,-2.565
E367W,0.213,-3.279,-3.279,-3.279,6.702,-7.080,-3.279,-3.279,-3.279,6.702,-7.080
E367Y,0.213,-3.109,-3.284,-2.934,6.835,-5.120,-3.109,-3.284,-2.934,6.835,-5.120
C368A,0.213,-4.283,-3.617,-4.949,11.060,-14.294,-4.283,-3.617,-4.949,11.060,-14.294
C368D,0.213,-4.121,-3.602,-4.640,10.874,-12.947,-4.121,-3.602,-4.640,10.874,-12.947
C368E,0.213,-4.322,-3.597,-5.046,10.812,-14.747,-4.322,-3.597,-5.046,10.812,-14.747
C368F,0.213,-4.254,-3.582,-4.925,10.575,-14.193,-4.254,-3.582,-4.925,10.575,-14.193
C368G,0.213,-4.034,-3.586,-4.481,10.695,-12.280,-4.034,-3.586,-4.481,10.695,-12.280
C368H,0.213,-3.747,-3.599,-3.895,10.828,-9.844,-3.747,-3.599,-3.895,10.828,-9.844
C368I,0.213,-4.498,-3.582,-5.414,10.580,-16.550,-4.498,-3.582,-5.414,10.580,-16.550
C368K,0.213,-4.384,-3.599,-5.170,10.821,-15.318,-4.384,-3.599,-5.170,10.821,-15.318
C368L,0.213,-4.438,-3.597,-5.280,10.826,-15.862,-4.438,-3.597,-5.280,10.826,-15.862
C368M,0.213,-4.498,-3.595,-5.401,10.767,-16.483,-4.498,-3.595,-5.401,10.767,-16.483
C368N,0.213,-4.243,-3.591,-4.895,10.734,-14.049,-4.243,-3.591,-4.895,10.734,-14.049
C368P,0.213,-4.357,-3.599,-5.114,10.805,-15.050,-4.357,-3.599,-5.114,10.805,-15.050
C368Q,0.213,-4.308,-3.588,-5.029,10.684,-14.661,-4.308,-3.588,-5.029,10.684,-14.661
C368R,0.213,-4.049,-3.617,-4.481,11.067,-12.278,-4.049,-3.617,-4.481,11.067,-12.278
C368S,0.213,-4.036,-3.578,-4.494,10.569,-12.330,-4.036,-3.578,-4.494,10.569,-12.330
C368T,0.213,-4.235,-3.604,-4.865,10.904,-13.923,-4.235,-3.604,-4.865,10.904,-13.923
C368V,0.213,-4.344,-3.610,-5.079,10.986,-14.880,-4.344,-3.610,-5.079,10.986,-14.880
C368W,0.213,-4.226,-3.601,-4.850,10.856,-13.855,-4.226,-3.601,-4.850,10.856,-13.855
C368Y,0.213,-4.027,-3.611,-4.442,10.965,-12.114,-4.027,-3.611,-4.442,10.965,-12.114
K369A,0.213,-3.269,-3.427,-3.111,8.569,-6.193,-3.269,-3.427,-3.111,8.569,-6.193
K369C,0.213,-3.289,-3.406,-3.172,8.244,-6.528,-3.289,-3.406,-3.172,8.244,-6.528
K369D,0.213,-3.429,-3.358,-3.500,7.694,-8.128,-3.429,-3.358,-3.500,7.694,-8.128
K369E,0.213,-3.238,-3.341,-3.136,7.415,-6.333,-3.238,-3.341,-3.136,7.415,-6.333
K369F,0.213,-3.318,-3.297,-3.340,6.893,-7.368,-3.318,-3.297,-3.340,6.893,-7.368
K369G,0.213,-3.072,-3.337,-2.808,7.390,-4.165,-3.072,-3.337,-2.808,7.390,-4.165
K369H,0.213,-3.051,-3.265,-2.837,6.513,-4.404,-3.051,-3.265,-2.837,6.513,-4.404
K369I,0.213,-3.484,-3.422,-3.546,8.506,-8.324,-3.484,-3.422,-3.546,8.506,-8.324
K369L,0.213,-2.858,-3.040,-2.675,3.775,-2.532,-2.858,-3.040,-2.675,3.775,-2.532
K369M,0.213,-3.040,-3.183,-2.896,5.485,-4.861,-3.040,-3.183,-2.896,5.485,-4.861
K369N,0.213,-3.125,-3.306,-2.945,7.037,-5.183,-3.125,-3.306,-2.945,7.037,-5.183
K369P,0.213,-3.564,-3.384,-3.745,8.035,-9.203,-3.564,-3.384,-3.745,8.035,-9.203
K369Q,0.213,-3.040,-3.393,-2.688,8.118,-2.796,-3.040,-3.393,-2.688,8.118,-2.796
K369R,0.213,-2.833,-3.015,-2.651,3.485,-1.631,-2.833,-3.015,-2.651,3.485,-1.631
K369S,0.213,-3.078,-3.216,-2.941,5.918,-5.172,-3.078,-3.216,-2.941,5.918,-5.172
K369T,0.213,-3.283,-3.335,-3.231,7.354,-6.849,-3.283,-3.335,-3.231,7.354,-6.849
K369V,0.213,-3.402,-3.407,-3.396,8.304,-7.637,-3.402,-3.407,-3.396,8.304,-7.637
K369W,0.213,-3.372,-3.421,-3.323,8.476,-7.299,-3.372,-3.421,-3.323,8.476,-7.299
K369Y,0.213,-3.472,-3.423,-3.522,8.498,-8.216,-3.472,-3.423,-3.522,8.498,-8.216
E370A,0.213,-2.976,-3.273,-2.678,6.633,-2.594,-2.976,-3.273,-2.678,6.633,-2.594
E370C,0.213,-3.260,-3.330,-3.189,7.405,-6.616,-3.260,-3.330,-3.189,7.405,-6.616
E370D,0.213,-2.939,-3.172,-2.705,5.494,-3.082,-2.939,-3.172,-2.705,5.494,-3.082
E370F,0.213,-3.329,-3.360,-3.298,7.813,-7.176,-3.329,-3.360,-3.298,7.813,-7.176
E370G,0.213,-2.966,-3.174,-2.758,5.459,-3.700,-2.966,-3.174,-2.758,5.459,-3.700
E370H,0.213,-3.142,-3.390,-2.894,8.132,-4.839,-3.142,-3.390,-2.894,8.132,-4.839
E370I,0.213,-3.190,-3.384,-2.997,8.085,-5.538,-3.190,-3.384,-2.997,8.085,-5.538
E370K,0.213,-3.056,-3.285,-2.826,6.843,-4.318,-3.056,-3.285,-2.826,6.843,-4.318
E370L,0.213,-3.018,-3.265,-2.771,6.581,-3.838,-3.018,-3.265,-2.771,6.581,-3.838
E370M,0.213,-3.127,-3.321,-2.933,7.289,-5.119,-3.127,-3.321,-2.933,7.289,-5.119
E370N,0.213,-3.012,-3.149,-2.875,5.237,-4.718,-3.012,-3.149,-2.875,5.237,-4.718
E370P,0.213,-3.534,-3.390,-3.678,8.149,-8.914,-3.534,-3.390,-3.678,8.149,-8.914
E370Q,0.213,-2.851,-3.045,-2.656,3.875,-2.021,-2.851,-3.045,-2.656,3.875,-2.021
E370R,0.213,-3.010,-3.145,-2.876,5.091,-4.734,-3.010,-3.145,-2.876,5.091,-4.734
E370S,0.213,-3.012,-3.224,-2.801,6.092,-4.117,-3.012,-3.224,-2.801,6.092,-4.117
E370T,0.213,-3.073,-3.312,-2.834,7.163,-4.391,-3.073,-3.312,-2.834,7.163,-4.391
E370V,0.213,-3.049,-3.359,-2.739,7.735,-3.490,-3.049,-3.359,-2.739,7.735,-3.490
E370W,0.213,-3.482,-3.307,-3.657,7.005,-8.820,-3.482,-3.307,-3.657,7.005,-8.820
E370Y,0.213,-3.358,-3.326,-3.390,7.333,-7.620,-3.358,-3.326,-3.390,7.333,-7.620
A371C,0.213,-3.058,-3.077,-3.038,4.346,-5.776,-3.058,-3.077,-3.038,4.346,-5.776
A371D,0.213,-2.860,-3.061,-2.659,4.183,-2.134,-2.860,-3.061,-2.659,4.183,-2.134
A371E,0.213,-2.646,-2.629,-2.663,-0.915,-0.835,-2.646,-2.629,-2.663,-0.915,-0.835
A371F,0.213,-3.109,-3.158,-3.059,5.302,-5.898,-3.109,-3.158,-3.059,5.302,-5.898
A371G,0.213,-2.760,-2.820,-2.701,1.233,-0.099,-2.760,-2.820,-2.701,1.233,-0.099
A371H,0.213,-3.027,-3.185,-2.869,5.621,-4.659,-3.027,-3.185,-2.869,5.621,-4.659
A371I,0.213,-2.960,-3.166,-2.754,5.328,-3.664,-2.960,-3.166,-2.754,5.328,-3.664
A371K,0.213,-2.924,-3.089,-2.760,4.448,-3.729,-2.924,-3.089,-2.760,4.448,-3.729
A371L,0.213,-2.912,-3.094,-2.730,4.496,-3.392,-2.912,-3.094,-2.730,4.496,-3.392
A371M,0.213,-3.010,-3.180,-2.840,5.599,-4.424,-3.010,-3.180,-2.840,5.599,-4.424
A371N,0.213,-2.942,-3.180,-2.703,5.506,-3.071,-2.942,-3.180,-2.703,5.506,-3.071
A371P,0.213,-2.759,-2.865,-2.653,1.759,-1.194,-2.759,-2.865,-2.653,1.759,-1.194
A371Q,0.213,-2.851,-3.001,-2.702,3.487,-3.003,-2.851,-3.001,-2.702,3.487,-3.003
A371R,0.213,-2.885,-3.022,-2.748,3.714,-3.582,-2.885,-3.022,-2.748,3.714,-3.582
A371S,0.213,-2.808,-2.964,-2.652,3.018,-1.436,-2.808,-2.964,-2.652,3.018,-1.436
A371T,0.213,-2.906,-3.150,-2.663,5.190,-2.228,-2.906,-3.150,-2.663,5.190,-2.228
A371V,0.213,-2.844,-3.036,-2.653,3.806,-1.893,-2.844,-3.036,-2.653,3.806,-1.893
A371W,0.213,-3.228,-3.168,-3.288,5.450,-7.129,-3.228,-3.168,-3.288,5.450,-7.129
A371Y,0.213,-3.196,-3.194,-3.198,5.763,-6.665,-3.196,-3.194,-3.198,5.763,-6.665
Y372A,0.213,-3.240,-3.162,-3.317,5.340,-7.268,-3.240,-3.162,-3.317,5.340,-7.268
Y372C,0.213,-3.133,-3.303,-2.963,7.037,-5.320,-3.133,-3.303,-2.963,7.037,-5.320
Y372D,0.213,-3.576,-3.280,-3.871,6.750,-9.734,-3.576,-3.280,-3.871,6.750,-9.734
Y372E,0.213,-3.683,-3.366,-4.000,7.894,-10.284,-3.683,-3.366,-4.000,7.894,-10.284
Y372F,0.213,-2.784,-2.891,-2.676,2.146,-2.518,-2.784,-2.891,-2.676,2.146,-2.518
Y372G,0.213,-3.450,-3.343,-3.556,7.603,-8.374,-3.450,-3.343,-3.556,7.603,-8.374
Y372H,0.213,-3.066,-3.233,-2.899,6.224,-4.872,-3.066,-3.233,-2.899,6.224,-4.872
Y372I,0.213,-3.490,-3.355,-3.625,7.670,-8.685,-3.490,-3.355,-3.625,7.670,-8.685
Y372K,0.213,-3.710,-3.371,-4.048,7.908,-10.472,-3.710,-3.371,-4.048,7.908,-10.472
Y372L,0.213,-3.289,-3.368,-3.210,7.862,-6.724,-3.289,-3.368,-3.210,7.862,-6.724
Y372M,0.213,-3.506,-3.381,-3.632,8.062,-8.715,-3.506,-3.381,-3.632,8.062,-8.715
Y372N,0.213,-3.342,-3.282,-3.401,6.795,-7.668,-3.342,-3.282,-3.401,6.795,-7.668
Y372P,0.213,-3.584,-3.315,-3.853,7.232,-9.661,-3.584,-3.315,-3.853,7.232,-9.661
Y372Q,0.213,-3.439,-3.392,-3.486,8.139,-8.063,-3.439,-3.392,-3.486,8.139,-8.063
Y372R,0.213,-3.419,-3.355,-3.483,7.794,-8.049,-3.419,-3.355,-3.483,7.794,-8.049
Y372S,0.213,-3.179,-3.354,-3.004,7.756,-5.583,-3.179,-3.354,-3.004,7.756,-5.583
Y372T,0.213,-3.420,-3.370,-3.469,7.867,-7.973,-3.420,-3.370,-3.469,7.867,-7.973
Y372V,0.213,-3.344,-3.240,-3.448,6.217,-7.886,-3.344,-3.240,-3.448,6.217,-7.886
Y372W,0.213,-3.109,-3.230,-2.987,6.191,-5.484,-3.109,-3.230,-2.987,6.191,-5.484
H373A,0.213,-3.960,-3.457,-4.464,8.974,-12.209,-3.960,-3.457,-4.464,8.974,-12.209
H373C,0.213,-3.824,-3.438,-4.210,8.602,-11.152,-3.824,-3.438,-4.210,8.602,-11.152
H373D,0.213,-3.803,-3.477,-4.129,9.191,-10.814,-3.803,-3.477,-4.129,9.191,-10.814
H373E,0.213,-3.916,-3.505,-4.327,9.590,-11.625,-3.916,-3.505,-4.327,9.590,-11.625
H373F,0.213,-4.118,-3.515,-4.721,9.703,-13.295,-4.118,-3.515,-4.721,9.703,-13.295
H373G,0.213,-3.848,-3.518,-4.178,9.743,-11.016,-3.848,-3.518,-4.178,9.743,-11.016
H373I,0.213,-4.152,-3.491,-4.812,9.371,-13.691,-4.152,-3.491,-4.812,9.371,-13.691
H373K,0.213,-3.832,-3.474,-4.191,9.145,-11.074,-3.832,-3.474,-4.191,9.145,-11.074
H373L,0.213,-3.959,-3.521,-4.397,9.772,-11.924,-3.959,-3.521,-4.397,9.772,-11.924
H373M,0.213,-4.158,-3.506,-4.811,9.602,-13.682,-4.158,-3.506,-4.811,9.602,-13.682
H373N,0.213,-3.736,-3.502,-3.969,9.579,-10.145,-3.736,-3.502,-3.969,9.579,-10.145
H373P,0.213,-3.918,-3.481,-4.354,9.373,-11.749,-3.918,-3.481,-4.354,9.373,-11.749
H373Q,0.213,-3.604,-3.349,-3.859,7.600,-9.688,-3.604,-3.349,-3.859,7.600,-9.688
H373R,0.213,-3.582,-3.377,-3.788,7.954,-9.386,-3.582,-3.377,-3.788,7.954,-9.386
H373S,0.213,-3.814,-3.463,-4.165,8.975,-10.970,-3.814,-3.463,-4.165,8.975,-10.970
H373T,0.213,-3.941,-3.455,-4.427,8.882,-12.055,-3.941,-3.455,-4.427,8.882,-12.055
H373V,0.213,-4.050,-3.509,-4.591,9.644,-12.728,-4.050,-3.509,-4.591,9.644,-12.728
H373W,0.213,-4.162,-3.530,-4.794,9.924,-13.607,-4.162,-3.530,-4.794,9.924,-13.607
H373Y,0.213,-3.848,-3.510,-4.187,9.671,-11.054,-3.848,-3.510,-4.187,9.671,-11.054
E374A,0.213,-2.940,-3.214,-2.667,5.959,-2.369,-2.940,-3.214,-2.667,5.959,-2.369
E374C,0.213,-3.284,-3.313,-3.254,7.139,-6.957,-3.284,-3.313,-3.254,7.139,-6.957
E374D,0.213,-2.862,-3.065,-2.658,4.209,-2.048,-2.862,-3.065,-2.658,4.209,-2.048
E374F,0.213,-3.268,-3.336,-3.201,7.451,-6.688,-3.268,-3.336,-3.201,7.451,-6.688
E374G,0.213,-3.027,-3.286,-2.768,6.754,-3.793,-3.027,-3.286,-2.768,6.754,-3.793
E374H,0.213,-3.082,-3.237,-2.926,6.211,-5.059,-3.082,-3.237,-2.926,6.211,-5.059
E374I,0.213,-2.949,-3.055,-2.843,4.010,-4.465,-2.949,-3.055,-2.843,4.010,-4.465
E374K,0.213,-3.128,-3.253,-3.003,6.366,-5.571,-3.128,-3.253,-3.003,6.366,-5.571
E374L,0.213,-2.954,-3.101,-2.808,4.638,-4.168,-2.954,-3.101,-2.808,4.638,-4.168
E374M,0.213,-3.118,-3.246,-2.991,6.348,-5.496,-3.118,-3.246,-2.991,6.348,-5.496
E374N,0.213,-3.057,-3.280,-2.834,6.785,-4.393,-3.057,-3.280,-2.834,6.785,-4.393
E374P,0.213,-2.964,-3.181,-2.748,5.569,-3.581,-2.964,-3.181,-2.748,5.569,-3.581
E374Q,0.213,-2.866,-3.022,-2.711,3.617,-3.160,-2.866,-3.022,-2.711,3.617,-3.160
E374R,0.213,-3.028,-3.088,-2.969,4.455,-5.360,-3.028,-3.088,-2.969,4.455,-5.360
E374S,0.213,-2.968,-3.184,-2.751,5.629,-3.627,-2.968,-3.184,-2.751,5.629,-3.627
E374T,0.213,-2.974,-3.158,-2.791,5.298,-4.021,-2.974,-3.158,-2.791,5.298,-4.021
E374V,0.213,-2.907,-3.145,-2.670,5.252,-2.433,-2.907,-3.145,-2.670,5.252,-2.433
E374W,0.213,-3.534,-3.324,-3.744,7.327,-9.194,-3.534,-3.324,-3.744,7.327,-9.194
E374Y,0.213,-3.270,-3.317,-3.223,7.273,-6.807,-3.270,-3.317,-3.223,7.273,-6.807
G375A,0.213,-3.244,-3.489,-2.998,9.386,-5.535,-3.244,-3.489,-2.998,9.386,-5.535
G375C,0.213,-3.407,-3.451,-3.364,8.854,-7.488,-3.407,-3.451,-3.364,8.854,-7.488
G375D,0.213,-3.171,-3.262,-3.080,6.662,-6.029,-3.171,-3.262,-3.080,6.662,-6.029
G375E,0.213,-3.234,-3.336,-3.133,7.609,-6.314,-3.234,-3.336,-3.133,7.609,-6.314
G375F,0.213,-3.698,-3.470,-3.927,9.154,-9.974,-3.698,-3.470,-3.927,9.154,-9.974
G375H,0.213,-3.451,-3.506,-3.396,9.618,-7.651,-3.451,-3.506,-3.396,9.618,-7.651
G375I,0.213,-3.722,-3.462,-3.982,9.002,-10.202,-3.722,-3.462,-3.982,9.002,-10.202
G375K,0.213,-3.443,-3.508,-3.378,9.684,-7.553,-3.443,-3.508,-3.378,9.684,-7.553
G375L,0.213,-3.513,-3.457,-3.569,9.001,-8.440,-3.513,-3.457,-3.569,9.001,-8.440
G375M,0.213,-3.621,-3.528,-3.714,9.923,-9.072,-3.621,-3.528,-3.714,9.923,-9.072
G375N,0.213,-3.312,-3.463,-3.161,9.051,-6.477,-3.312,-3.463,-3.161,9.051,-6.477
G375P,0.213,-3.502,-3.502,-3.502,9.570,-8.135,-3.502,-3.502,-3.502,9.570,-8.135
G375Q,0.213,-3.410,-3.504,-3.316,9.665,-7.262,-3.410,-3.504,-3.316,9.665,-7.262
G375R,0.213,-3.266,-3.466,-3.066,9.140,-5.936,-3.266,-3.466,-3.066,9.140,-5.936
G375S,0.213,-3.168,-3.339,-2.997,7.618,-5.534,-3.168,-3.339,-2.997,7.618,-5.534
G375T,0.213,-3.454,-3.510,-3.399,9.742,-7.646,-3.454,-3.510,-3.399,9.742,-7.646
G375V,0.213,-3.436,-3.437,-3.434,8.766,-7.824,-3.436,-3.437,-3.434,8.766,-7.824
G375W,0.213,-3.661,-3.498,-3.824,9.541,-9.538,-3.661,-3.498,-3.824,9.541,-9.538
G375Y,0.213,-3.700,-3.497,-3.904,9.578,-9.883,-3.700,-3.497,-3.904,9.578,-9.883
E376A,0.213,-2.858,-2.976,-2.740,3.069,-3.502,-2.858,-2.976,-2.740,3.069,-3.502
E376C,0.213,-3.233,-3.264,-3.202,6.528,-6.683,-3.233,-3.264,-3.202,6.528,-6.683
E376D,0.213,-2.763,-2.874,-2.652,1.914,-1.610,-2.763,-2.874,-2.652,1.914,-1.610
E376F,0.213,-3.266,-3.272,-3.259,6.672,-6.972,-3.266,-3.272,-3.259,6.672,-6.972
E376G,0.213,-2.958,-3.101,-2.816,4.635,-4.250,-2.958,-3.101,-2.816,4.635,-4.250
E376H,0.213,-3.045,-3.166,-2.925,5.299,-5.057,-3.045,-3.166,-2.925,5.299,-5.057
E376I,0.213,-3.116,-3.247,-2.985,6.293,-5.455,-3.116,-3.247,-2.985,6.293,-5.455
E376K,0.213,-3.068,-3.190,-2.946,5.646,-5.197,-3.068,-3.190,-2.946,5.646,-5.197
E376L,0.213,-3.024,-3.177,-2.871,5.512,-4.671,-3.024,-3.177,-2.871,5.512,-4.671
E376M,0.213,-3.158,-3.287,-3.029,6.844,-5.720,-3.158,-3.287,-3.029,6.844,-5.720
E376N,0.213,-2.987,-3.116,-2.857,4.736,-4.565,-2.987,-3.116,-2.857,4.736,-4.565
E376P,0.213,-2.918,-2.950,-2.887,2.745,-4.785,-2.918,-2.950,-2.887,2.745,-4.785
E376Q,0.213,-2.938,-3.161,-2.715,5.278,-3.196,-2.938,-3.161,-2.715,5.278,-3.196
E376R,0.213,-3.041,-3.123,-2.959,4.920,-5.293,-3.041,-3.123,-2.959,4.920,-5.293
E376S,0.213,-2.909,-3.054,-2.764,4.040,-3.756,-2.909,-3.054,-2.764,4.040,-3.756
E376T,0.213,-3.016,-3.245,-2.788,6.294,-3.985,-3.016,-3.245,-2.788,6.294,-3.985
E376V,0.213,-2.946,-3.101,-2.792,4.493,-4.008,-2.946,-3.101,-2.792,4.493,-4.008
E376W,0.213,-3.480,-3.242,-3.718,6.326,-9.084,-3.480,-3.242,-3.718,6.326,-9.084
E376Y,0.213,-3.288,-3.270,-3.305,6.654,-7.205,-3.288,-3.270,-3.305,6.654,-7.205
C377A,0.213,-3.586,-3.597,-3.575,10.827,-8.462,-3.586,-3.597,-3.575,10.827,-8.462
C377D,0.213,-3.679,-3.594,-3.764,10.759,-9.292,-3.679,-3.594,-3.764,10.759,-9.292
C377E,0.213,-3.678,-3.584,-3.772,10.641,-9.317,-3.678,-3.584,-3.772,10.641,-9.317
C377F,0.213,-3.624,-3.594,-3.653,10.738,-8.810,-3.624,-3.594,-3.653,10.738,-8.810
C377G,0.213,-3.528,-3.592,-3.465,10.735,-7.972,-3.528,-3.592,-3.465,10.735,-7.972
C377H,0.213,-3.588,-3.586,-3.589,10.700,-8.531,-3.588,-3.586,-3.589,10.700,-8.531
C377I,0.213,-3.722,-3.602,-3.842,10.874,-9.619,-3.722,-3.602,-3.842,10.874,-9.619
C377K,0.213,-3.744,-3.586,-3.903,10.650,-9.874,-3.744,-3.586,-3.903,10.650,-9.874
C377L,0.213,-3.594,-3.587,-3.600,10.679,-8.576,-3.594,-3.587,-3.600,10.679,-8.576
C377M,0.213,-3.801,-3.564,-4.038,10.377,-10.438,-3.801,-3.564,-4.038,10.377,-10.438
C377N,0.213,-3.716,-3.610,-3.823,10.984,-9.534,-3.716,-3.610,-3.823,10.984,-9.534
C377P,0.213,-3.596,-3.585,-3.608,10.638,-8.609,-3.596,-3.585,-3.608,10.638,-8.609
C377Q,0.213,-3.680,-3.592,-3.768,10.733,-9.298,-3.680,-3.592,-3.768,10.733,-9.298
C377R,0.213,-3.533,-3.566,-3.500,10.382,-8.122,-3.533,-3.566,-3.500,10.382,-8.122
C377S,0.213,-3.496,-3.565,-3.428,10.372,-7.798,-3.496,-3.565,-3.428,10.372,-7.798
C377T,0.213,-3.604,-3.553,-3.656,10.185,-8.812,-3.604,-3.553,-3.656,10.185,-8.812
C377V,0.213,-3.530,-3.487,-3.574,9.451,-8.451,-3.530,-3.487,-3.574,9.451,-8.451
C377W,0.213,-3.706,-3.586,-3.826,10.667,-9.551,-3.706,-3.586,-3.826,10.667,-9.551
C377Y,0.213,-3.610,-3.584,-3.636,10.641,-8.730,-3.610,-3.584,-3.636,10.641,-8.730
S378A,0.213,-2.845,-3.014,-2.676,3.471,-0.478,-2.845,-3.014,-2.676,3.471,-0.478
S378C,0.213,-2.807,-2.956,-2.658,2.865,-0.974,-2.807,-2.956,-2.658,2.865,-0.974
S378D,0.213,-2.793,-2.925,-2.661,2.516,-2.178,-2.793,-2.925,-2.661,2.516,-2.178
S378E,0.213,-2.757,-2.863,-2.651,1.743,-1.400,-2.757,-2.863,-2.651,1.743,-1.400
S378F,0.213,-2.908,-3.115,-2.702,4.743,-3.031,-2.908,-3.115,-2.702,4.743,-3.031
S378G,0.213,-2.830,-3.003,-2.658,3.447,-1.032,-2.830,-3.003,-2.658,3.447,-1.032
S378H,0.213,-2.776,-2.893,-2.658,2.054,-2.135,-2.776,-2.893,-2.658,2.054,-2.135
S378I,0.213,-2.841,-2.957,-2.725,2.802,-3.318,-2.841,-2.957,-2.725,2.802,-3.318
S378K,0.213,-2.898,-3.147,-2.650,5.102,-1.482,-2.898,-3.147,-2.650,5.102,-1.482
S378L,0.213,-2.762,-2.873,-2.651,1.904,-1.669,-2.762,-2.873,-2.651,1.904,-1.669
S378M,0.213,-2.910,-3.139,-2.682,4.990,-2.658,-2.910,-3.139,-2.682,4.990,-2.658
S378N,0.213,-2.777,-2.900,-2.654,2.157,-1.894,-2.777,-2.900,-2.654,2.157,-1.894
S378P,0.213,-2.800,-2.949,-2.650,2.718,-1.530,-2.800,-2.949,-2.650,2.718,-1.530
S378Q,0.213,-2.759,-2.850,-2.668,1.555,-0.721,-2.759,-2.850,-2.668,1.555,-0.721
S378R,0.213,-2.742,-2.796,-2.688,0.944,-0.285,-2.742,-2.796,-2.688,0.944,-0.285
S378T,0.213,-2.818,-2.970,-2.666,2.972,-0.733,-2.818,-2.970,-2.666,2.972,-0.733
S378V,0.213,-2.820,-2.987,-2.653,3.209,-1.716,-2.820,-2.987,-2.653,3.209,-1.716
S378W,0.213,-2.900,-3.059,-2.741,4.093,-3.534,-2.900,-3.059,-2.741,4.093,-3.534
S378Y,0.213,-2.920,-3.075,-2.765,4.251,-3.770,-2.920,-3.075,-2.765,4.251,-3.770
A379C,0.215,-2.872,-3.055,-2.690,3.968,-2.848,-2.872,-3.055,-2.690,3.968,-2.848
A379D,0.215,-2.802,-2.950,-2.653,2.926,-1.609,-2.802,-2.950,-2.653,2.926,-1.609
A379E,0.215,-2.748,-2.840,-2.657,1.536,-1.059,-2.748,-2.840,-2.657,1.536,-1.059
A379F,0.215,-2.897,-3.115,-2.679,4.819,-2.601,-2.897,-3.115,-2.679,4.819,-2.601
A379G,0.215,-2.848,-3.020,-2.677,3.731,-0.476,-2.848,-3.020,-2.677,3.731,-0.476
A379H,0.215,-2.834,-3.015,-2.652,3.691,-1.453,-2.834,-3.015,-2.652,3.691,-1.453
A379I,0.215,-2.938,-3.145,-2.730,5.158,-3.379,-2.938,-3.145,-2.730,5.158,-3.379
A379K,0.215,-2.862,-3.068,-2.655,4.271,-1.920,-2.862,-3.068,-2.655,4.271,-1.920
A379L,0.215,-2.828,-3.006,-2.650,3.566,-1.626,-2.828,-3.006,-2.650,3.566,-1.626
A379M,0.215,-2.847,-2.990,-2.704,3.360,-3.033,-2.847,-2.990,-2.704,3.360,-3.033
A379N,0.215,-2.824,-2.996,-2.651,3.408,-1.595,-2.824,-2.996,-2.651,3.408,-1.595
A379P,0.215,-2.758,-2.861,-2.656,1.764,-1.061,-2.758,-2.861,-2.656,1.764,-1.061
A379Q,0.215,-2.729,-2.788,-2.670,0.964,-0.612,-2.729,-2.788,-2.670,0.964,-0.612
A379R,0.215,-2.848,-3.023,-2.673,3.753,-0.564,-2.848,-3.023,-2.673,3.753,-0.564
A379S,0.215,-2.738,-2.756,-2.719,0.585,0.132,-2.738,-2.756,-2.719,0.585,0.132
A379T,0.215,-2.680,-2.700,-2.659,-0.023,-0.924,-2.680,-2.700,-2.659,-0.023,-0.924
A379V,0.215,-2.728,-2.804,-2.652,1.140,-1.668,-2.728,-2.804,-2.652,1.140,-1.668
A379W,0.215,-2.992,-3.127,-2.858,4.943,-4.572,-2.992,-3.127,-2.858,4.943,-4.572
A379Y,0.215,-2.885,-3.084,-2.686,4.449,-2.748,-2.885,-3.084,-2.686,4.449,-2.748
V380A,0.215,-2.783,-2.760,-2.806,0.610,0.999,-2.783,-2.760,-2.806,0.610,0.999
V380C,0.215,-2.782,-2.908,-2.655,2.325,-1.993,-2.782,-2.908,-2.655,2.325,-1.993
V380D,0.215,-2.732,-2.810,-2.655,1.205,-1.142,-2.732,-2.810,-2.655,1.205,-1.142
V380E,0.215,-2.705,-2.740,-2.669,0.413,-0.637,-2.705,-2.740,-2.669,0.413,-0.637
V380F,0.215,-2.740,-2.828,-2.652,1.489,-1.358,-2.740,-2.828,-2.652,1.489,-1.358
V380G,0.215,-2.790,-2.898,-2.682,2.190,-0.378,-2.790,-2.898,-2.682,2.190,-0.378
V380H,0.215,-2.778,-2.896,-2.661,2.198,-0.855,-2.778,-2.896,-2.661,2.198,-0.855
V380I,0.215,-2.752,-2.851,-2.653,1.811,-1.275,-2.752,-2.851,-2.653,1.811,-1.275
V380K,0.215,-2.788,-2.924,-2.652,2.552,-1.374,-2.788,-2.924,-2.652,2.552,-1.374
V380L,0.215,-2.651,-2.571,-2.731,-1.555,0.308,-2.651,-2.571,-2.731,-1.555,0.308
V380M,0.215,-2.721,-2.790,-2.652,0.990,-1.408,-2.721,-2.790,-2.652,0.990,-1.408
V380N,0.215,-2.742,-2.825,-2.658,1.398,-1.009,-2.742,-2.825,-2.658,1.398,-1.009
V380P,0.215,-2.744,-2.795,-2.694,1.044,-0.187,-2.744,-2.795,-2.694,1.044,-0.187
V380Q,0.215,-2.706,-2.699,-2.712,-0.137,0.054,-2.706,-2.699,-2.712,-0.137,0.054
V380R,0.215,-2.686,-2.653,-2.720,-0.657,0.175,-2.686,-2.653,-2.720,-0.657,0.175
V380S,0.215,-2.724,-2.695,-2.753,-0.142,0.535,-2.724,-2.695,-2.753,-0.142,0.535
V380T,0.215,-2.706,-2.709,-2.704,-0.017,-0.041,-2.706,-2.709,-2.704,-0.017,-0.041
V380W,0.215,-2.818,-2.976,-2.660,3.159,-2.143,-2.818,-2.976,-2.660,3.159,-2.143
V380Y,0.215,-2.778,-2.907,-2.650,2.369,-1.476,-2.778,-2.907,-2.650,2.369,-1.476
F381A,0.219,-2.946,-2.806,-3.085,1.158,2.697,-2.946,-2.806,-3.085,1.158,2.697
F381C,0.219,-2.850,-3.003,-2.696,3.418,-0.163,-2.850,-3.003,-2.696,3.418,-0.163
F381D,0.219,-2.789,-2.806,-2.772,1.007,0.715,-2.789,-2.806,-2.772,1.007,0.715
F381E,0.219,-2.818,-2.757,-2.878,0.478,1.521,-2.818,-2.757,-2.878,0.478,1.521
F381G,0.219,-2.900,-2.838,-2.962,1.431,2.038,-2.900,-2.838,-2.962,1.431,2.038
F381H,0.219,-2.794,-2.792,-2.797,0.964,0.927,-2.794,-2.792,-2.797,0.964,0.927
F381I,0.219,-2.853,-2.966,-2.740,2.956,0.391,-2.853,-2.966,-2.740,2.956,0.391
F381K,0.219,-2.902,-2.998,-2.807,3.311,1.010,-2.902,-2.998,-2.807,3.311,1.010
F381L,0.219,-2.816,-2.668,-2.963,-0.544,2.043,-2.816,-2.668,-2.963,-0.544,2.043
F381M,0.219,-2.843,-2.921,-2.766,2.350,0.656,-2.843,-2.921,-2.766,2.350,0.656
F381N,0.219,-2.871,-2.951,-2.791,2.664,0.877,-2.871,-2.951,-2.791,2.664,0.877
F381P,0.219,-2.948,-2.873,-3.024,1.804,2.377,-2.948,-2.873,-3.024,1.804,2.377
F381Q,0.219,-2.898,-2.781,-3.015,0.744,2.337,-2.898,-2.781,-3.015,0.744,2.337
F381R,0.219,-2.930,-2.817,-3.043,1.115,2.478,-2.930,-2.817,-3.043,1.115,2.478
F381S,0.219,-2.922,-2.827,-3.017,1.272,2.348,-2.922,-2.827,-3.017,1.272,2.348
F381T,0.219,-2.907,-2.839,-2.975,1.440,2.116,-2.907,-2.839,-2.975,1.440,2.116
F381V,0.219,-2.926,-2.907,-2.946,2.319,1.950,-2.926,-2.907,-2.946,2.319,1.950
F381W,0.219,-2.847,-3.041,-2.653,3.814,-1.209,-2.847,-3.041,-2.653,3.814,-1.209
F381Y,0.219,-2.827,-2.957,-2.696,2.875,-0.131,-2.827,-2.957,-2.696,2.875,-0.131
E382A,0.229,-2.770,-2.786,-2.753,0.874,0.516,-2.770,-2.786,-2.753,0.874,0.516
E382C,0.229,-2.884,-3.091,-2.676,4.485,-2.558,-2.884,-3.091,-2.676,4.485,-2.558
E382D,0.229,-2.777,-2.874,-2.680,2.010,-0.446,-2.777,-2.874,-2.680,2.010,-0.446
E382F,0.229,-2.894,-3.100,-2.689,4.645,-2.809,-2.894,-3.100,-2.689,4.645,-2.809
E382G,0.229,-2.806,-2.863,-2.749,1.815,0.482,-2.806,-2.863,-2.749,1.815,0.482
E382H,0.229,-2.846,-3.039,-2.653,3.895,-1.191,-2.846,-3.039,-2.653,3.895,-1.191
E382I,0.229,-2.785,-2.905,-2.665,2.310,-2.311,-2.785,-2.905,-2.665,2.310,-2.311
E382K,0.229,-2.832,-3.011,-2.653,3.516,-1.781,-2.832,-3.011,-2.653,3.516,-1.781
E382L,0.229,-2.737,-2.809,-2.665,1.172,-0.715,-2.737,-2.809,-2.665,1.172,-0.715
E382M,0.229,-2.836,-3.018,-2.655,3.651,-2.026,-2.836,-3.018,-2.655,3.651,-2.026
E382N,0.229,-2.810,-2.953,-2.666,2.894,-0.701,-2.810,-2.953,-2.666,2.894,-0.701
E382P,0.229,-2.774,-2.823,-2.724,1.307,0.212,-2.774,-2.823,-2.724,1.307,0.212
E382Q,0.229,-2.828,-2.909,-2.747,2.382,0.465,-2.828,-2.909,-2.747,2.382,0.465
E382R,0.229,-2.836,-2.974,-2.699,3.053,-0.129,-2.836,-2.974,-2.699,3.053,-0.129
E382S,0.229,-2.762,-2.765,-2.758,0.615,0.576,-2.762,-2.765,-2.758,0.615,0.576
E382T,0.229,-2.808,-2.905,-2.711,2.275,0.044,-2.808,-2.905,-2.711,2.275,0.044
E382V,0.229,-2.780,-2.894,-2.665,2.083,-0.768,-2.780,-2.894,-2.665,2.083,-0.768
E382W,0.229,-2.958,-3.098,-2.817,4.637,-4.242,-2.958,-3.098,-2.817,4.637,-4.242
E382Y,0.229,-2.874,-3.048,-2.699,3.988,-2.972,-2.874,-3.048,-2.699,3.988,-2.972
A383C,0.268,-2.926,-3.130,-2.722,4.956,-3.294,-2.926,-3.130,-2.722,4.956,-3.294
A383D,0.268,-2.809,-2.964,-2.654,3.115,-1.139,-2.809,-2.964,-2.654,3.115,-1.139
A383E,0.268,-2.723,-2.781,-2.665,0.841,-0.815,-2.723,-2.781,-2.665,0.841,-0.815
A383F,0.268,-2.919,-3.147,-2.691,5.146,-2.883,-2.919,-3.147,-2.691,5.146,-2.883
A383G,0.268,-2.894,-3.066,-2.722,4.265,0.194,-2.894,-3.066,-2.722,4.265,0.194
A383H,0.268,-2.895,-3.139,-2.651,5.045,-1.676,-2.895,-3.139,-2.651,5.045,-1.676
A383I,0.268,-2.819,-2.977,-2.661,3.066,-2.200,-2.819,-2.977,-2.661,3.066,-2.200
A383K,0.268,-2.898,-3.136,-2.660,5.102,-2.168,-2.898,-3.136,-2.660,5.102,-2.168
A383L,0.268,-2.865,-3.074,-2.656,4.363,-1.104,-2.865,-3.074,-2.656,4.363,-1.104
A383M,0.268,-2.918,-3.168,-2.669,5.424,-2.432,-2.918,-3.168,-2.669,5.424,-2.432
A383N,0.268,-2.831,-3.002,-2.660,3.378,-0.917,-2.831,-3.002,-2.660,3.378,-0.917
A383P,0.268,-2.760,-2.847,-2.674,1.590,-0.506,-2.760,-2.847,-2.674,1.590,-0.506
A383Q,0.268,-2.747,-2.831,-2.663,1.386,-0.822,-2.747,-2.831,-2.663,1.386,-0.822
A383R,0.268,-2.896,-3.111,-2.680,4.786,-0.435,-2.896,-3.111,-2.680,4.786,-0.435
A383S,0.268,-2.808,-2.913,-2.704,2.316,-0.071,-2.808,-2.913,-2.704,2.316,-0.071
A383T,0.268,-2.792,-2.909,-2.674,2.323,-0.560,-2.792,-2.909,-2.674,2.323,-0.560
A383V,0.268,-2.828,-2.999,-2.657,3.441,-1.025,-2.828,-2.999,-2.657,3.441,-1.025
A383W,0.268,-3.026,-3.197,-2.856,5.801,-4.550,-3.026,-3.197,-2.856,5.801,-4.550
A383Y,0.268,-2.948,-3.181,-2.714,5.575,-3.180,-2.948,-3.181,-2.714,5.575,-3.180
S384A,0.249,-2.769,-2.827,-2.711,1.383,0.058,-2.769,-2.827,-2.711,1.383,0.058
S384C,0.249,-2.891,-3.051,-2.730,3.979,-3.375,-2.891,-3.051,-2.730,3.979,-3.375
S384D,0.249,-2.848,-3.025,-2.670,3.628,-0.681,-2.848,-3.025,-2.670,3.628,-0.681
S384E,0.249,-2.796,-2.922,-2.670,2.464,-0.598,-2.796,-2.922,-2.670,2.464,-0.598
S384F,0.249,-2.882,-3.035,-2.728,3.810,-3.359,-2.882,-3.035,-2.728,3.810,-3.359
S384G,0.249,-2.764,-2.795,-2.732,0.965,0.306,-2.764,-2.795,-2.732,0.965,0.306
S384H,0.249,-2.843,-3.036,-2.651,3.784,-1.600,-2.843,-3.036,-2.651,3.784,-1.600
S384I,0.249,-2.832,-2.981,-2.683,3.138,-2.703,-2.832,-2.981,-2.683,3.138,-2.703
S384K,0.249,-2.902,-3.141,-2.663,5.064,-2.214,-2.902,-3.141,-2.663,5.064,-2.214
S384L,0.249,-2.824,-2.996,-2.653,3.383,-1.222,-2.824,-2.996,-2.653,3.383,-1.222
S384M,0.249,-2.811,-2.952,-2.671,2.748,-2.455,-2.811,-2.952,-2.671,2.748,-2.455
S384N,0.249,-2.808,-2.952,-2.665,2.822,-0.783,-2.808,-2.952,-2.665,2.822,-0.783
S384P,0.249,-2.812,-2.936,-2.688,2.595,-0.261,-2.812,-2.936,-2.688,2.595,-0.261
S384Q,0.249,-2.824,-2.973,-2.676,3.125,-0.473,-2.824,-2.973,-2.676,3.125,-0.473
S384R,0.249,-2.766,-2.851,-2.680,1.577,-0.435,-2.766,-2.851,-2.680,1.577,-0.435
S384T,0.249,-2.730,-2.788,-2.673,0.891,-0.544,-2.730,-2.788,-2.673,0.891,-0.544
S384V,0.249,-2.815,-2.980,-2.650,3.147,-1.396,-2.815,-2.980,-2.650,3.147,-1.396
S384W,0.249,-3.000,-3.154,-2.845,5.189,-4.467,-3.000,-3.154,-2.845,5.189,-4.467
S384Y,0.249,-2.936,-3.150,-2.723,5.147,-3.293,-2.936,-3.150,-2.723,5.147,-3.293
G385A,0.243,-2.760,-2.815,-2.705,1.193,-0.046,-2.760,-2.815,-2.705,1.193,-0.046
G385C,0.243,-2.996,-3.286,-2.707,6.818,-3.067,-2.996,-3.286,-2.707,6.818,-3.067
G385D,0.243,-2.808,-2.966,-2.651,3.027,-1.537,-2.808,-2.966,-2.651,3.027,-1.537
G385E,0.243,-2.893,-3.130,-2.656,5.026,-1.016,-2.893,-3.130,-2.656,5.026,-1.016
G385F,0.243,-2.923,-3.149,-2.698,5.113,-2.941,-2.923,-3.149,-2.698,5.113,-2.941
G385H,0.243,-2.920,-3.188,-2.653,5.666,-1.785,-2.920,-3.188,-2.653,5.666,-1.785
G385I,0.243,-2.900,-3.142,-2.658,5.108,-2.037,-2.900,-3.142,-2.658,5.108,-2.037
G385K,0.243,-2.888,-3.118,-2.659,4.808,-2.081,-2.888,-3.118,-2.659,4.808,-2.081
G385L,0.243,-2.890,-3.112,-2.667,4.737,-0.650,-2.890,-3.112,-2.667,4.737,-0.650
G385M,0.243,-2.936,-3.212,-2.659,5.932,-2.154,-2.936,-3.212,-2.659,5.932,-2.154
G385N,0.243,-2.867,-3.077,-2.656,4.361,-1.094,-2.867,-3.077,-2.656,4.361,-1.094
G385P,0.243,-2.886,-3.095,-2.678,4.485,-0.426,-2.886,-3.095,-2.678,4.485,-0.426
G385Q,0.243,-2.905,-3.136,-2.674,5.048,-0.557,-2.905,-3.136,-2.674,5.048,-0.557
G385R,0.243,-2.925,-3.169,-2.681,5.480,-0.390,-2.925,-3.169,-2.681,5.480,-0.390
G385S,0.243,-2.890,-3.049,-2.730,4.083,0.258,-2.890,-3.049,-2.730,4.083,0.258
G385T,0.243,-2.836,-2.981,-2.691,3.215,-0.269,-2.836,-2.981,-2.691,3.215,-0.269
G385V,0.243,-2.875,-3.093,-2.658,4.505,-0.945,-2.875,-3.093,-2.658,4.505,-0.945
G385W,0.243,-3.054,-3.281,-2.828,6.850,-4.338,-3.054,-3.281,-2.828,6.850,-4.338
G385Y,0.243,-2.996,-3.273,-2.719,6.733,-3.254,-2.996,-3.273,-2.719,6.733,-3.254
T386A,0.241,-2.690,-2.632,-2.749,-0.873,0.494,-2.690,-2.632,-2.749,-0.873,0.494
T386C,0.241,-2.868,-3.053,-2.683,4.058,-2.680,-2.868,-3.053,-2.683,4.058,-2.680
T386D,0.241,-2.731,-2.800,-2.663,1.055,-0.883,-2.731,-2.800,-2.663,1.055,-0.883
T386E,0.241,-2.747,-2.820,-2.675,1.282,-0.468,-2.747,-2.820,-2.675,1.282,-0.468
T386F,0.241,-2.798,-2.944,-2.652,2.814,-1.633,-2.798,-2.944,-2.652,2.814,-1.633
T386G,0.241,-2.734,-2.716,-2.751,0.077,0.501,-2.734,-2.716,-2.751,0.077,0.501
T386H,0.241,-2.828,-3.003,-2.653,3.592,-1.222,-2.828,-3.003,-2.653,3.592,-1.222
T386I,0.241,-2.817,-2.958,-2.676,2.970,-0.461,-2.817,-2.958,-2.676,2.970,-0.461
T386K,0.241,-2.852,-3.054,-2.650,4.064,-1.546,-2.852,-3.054,-2.650,4.064,-1.546
T386L,0.241,-2.810,-2.905,-2.716,2.300,0.100,-2.810,-2.905,-2.716,2.300,0.100
T386M,0.241,-2.770,-2.887,-2.654,2.098,-1.206,-2.770,-2.887,-2.654,2.098,-1.206
T386N,0.241,-2.775,-2.876,-2.674,1.971,-0.550,-2.775,-2.876,-2.674,1.971,-0.550
T386P,0.241,-2.740,-2.806,-2.674,1.072,-0.554,-2.740,-2.806,-2.674,1.072,-0.554
T386Q,0.241,-2.791,-2.893,-2.689,2.154,-0.251,-2.791,-2.893,-2.689,2.154,-0.251
T386R,0.241,-2.803,-2.908,-2.699,2.343,-0.113,-2.803,-2.908,-2.699,2.343,-0.113
T386S,0.241,-2.736,-2.718,-2.753,0.170,0.501,-2.736,-2.718,-2.753,0.170,0.501
T386V,0.241,-2.718,-2.704,-2.732,0.024,0.316,-2.718,-2.704,-2.732,0.024,0.316
T386W,0.241,-2.890,-3.028,-2.751,3.799,-3.621,-2.890,-3.028,-2.751,3.799,-3.621
T386Y,0.241,-2.844,-3.031,-2.656,3.837,-1.959,-2.844,-3.031,-2.656,3.837,-1.959
T387A,0.243,-2.691,-2.629,-2.753,-1.000,0.531,-2.691,-2.629,-2.753,-1.000,0.531
T387C,0.243,-2.860,-3.033,-2.688,3.693,-2.812,-2.860,-3.033,-2.688,3.693,-2.812
T387D,0.243,-2.765,-2.873,-2.657,1.840,-1.056,-2.765,-2.873,-2.657,1.840,-1.056
T387E,0.243,-2.780,-2.901,-2.660,2.162,-0.908,-2.780,-2.901,-2.660,2.162,-0.908
T387F,0.243,-2.893,-3.133,-2.653,4.943,-1.808,-2.893,-3.133,-2.653,4.943,-1.808
T387G,0.243,-2.794,-2.836,-2.753,1.450,0.522,-2.794,-2.836,-2.753,1.450,0.522
T387H,0.243,-2.842,-3.032,-2.651,3.789,-1.418,-2.842,-3.032,-2.651,3.789,-1.418
T387I,0.243,-2.816,-2.977,-2.654,3.101,-1.209,-2.816,-2.977,-2.654,3.101,-1.209
T387K,0.243,-2.845,-3.025,-2.665,3.757,-2.328,-2.845,-3.025,-2.665,3.757,-2.328
T387L,0.243,-2.824,-2.966,-2.681,2.928,-0.374,-2.824,-2.966,-2.681,2.928,-0.374
T387M,0.243,-2.846,-3.041,-2.652,3.850,-1.713,-2.846,-3.041,-2.652,3.850,-1.713
T387N,0.243,-2.758,-2.857,-2.660,1.737,-0.949,-2.758,-2.857,-2.660,1.737,-0.949
T387P,0.243,-2.790,-2.899,-2.680,2.210,-0.429,-2.790,-2.899,-2.680,2.210,-0.429
T387Q,0.243,-2.842,-3.011,-2.672,3.524,-0.583,-2.842,-3.011,-2.672,3.524,-0.583
T387R,0.243,-2.794,-2.911,-2.678,2.310,-0.449,-2.794,-2.911,-2.678,2.310,-0.449
T387S,0.243,-2.766,-2.793,-2.740,0.954,0.395,-2.766,-2.793,-2.740,0.954,0.395
T387V,0.243,-2.785,-2.867,-2.703,1.811,-0.040,-2.785,-2.867,-2.703,1.811,-0.040
T387W,0.243,-2.904,-3.058,-2.751,4.110,-3.630,-2.904,-3.058,-2.751,4.110,-3.630
T387Y,0.243,-2.842,-3.032,-2.652,3.714,-1.688,-2.842,-3.032,-2.652,3.714,-1.688
T388A,0.237,-2.754,-2.731,-2.778,0.308,0.764,-2.754,-2.731,-2.778,0.308,0.764
T388C,0.237,-2.816,-2.972,-2.660,3.133,-2.169,-2.816,-2.972,-2.660,3.133,-2.169
T388D,0.237,-2.780,-2.902,-2.659,2.330,-0.888,-2.780,-2.902,-2.659,2.330,-0.888
T388E,0.237,-2.768,-2.859,-2.678,1.731,-0.446,-2.768,-2.859,-2.678,1.731,-0.446
T388F,0.237,-2.830,-2.978,-2.681,3.236,-2.660,-2.830,-2.978,-2.681,3.236,-2.660
T388G,0.237,-2.778,-2.816,-2.740,1.301,0.383,-2.778,-2.816,-2.740,1.301,0.383
T388H,0.237,-2.818,-2.983,-2.652,3.252,-1.839,-2.818,-2.983,-2.652,3.252,-1.839
T388I,0.237,-2.809,-2.966,-2.652,3.081,-1.358,-2.809,-2.966,-2.652,3.081,-1.358
T388K,0.237,-2.820,-2.971,-2.668,3.073,-2.402,-2.820,-2.971,-2.668,3.073,-2.402
T388L,0.237,-2.697,-2.728,-2.666,0.279,-0.774,-2.697,-2.728,-2.666,0.279,-0.774
T388M,0.237,-2.802,-2.949,-2.656,2.808,-1.945,-2.802,-2.949,-2.656,2.808,-1.945
T388N,0.237,-2.792,-2.917,-2.666,2.511,-0.784,-2.792,-2.917,-2.666,2.511,-0.784
T388P,0.237,-2.786,-2.874,-2.697,2.024,-0.128,-2.786,-2.874,-2.697,2.024,-0.128
T388Q,0.237,-2.668,-2.670,-2.665,-0.419,-0.782,-2.668,-2.670,-2.665,-0.419,-0.782
T388R,0.237,-2.773,-2.881,-2.665,2.059,-0.759,-2.773,-2.881,-2.665,2.059,-0.759
T388S,0.237,-2.702,-2.665,-2.740,-0.445,0.401,-2.702,-2.665,-2.740,-0.445,0.401
T388V,0.237,-2.797,-2.883,-2.711,2.026,0.074,-2.797,-2.883,-2.711,2.026,0.074
T388W,0.237,-2.923,-3.060,-2.785,4.210,-3.949,-2.923,-3.060,-2.785,4.210,-3.949
T388Y,0.237,-2.887,-3.098,-2.676,4.606,-2.595,-2.887,-3.098,-2.676,4.606,-2.595
Q389A,0.233,-3.004,-3.117,-2.890,4.770,1.597,-3.004,-3.117,-2.890,4.770,1.597
Q389C,0.233,-2.902,-3.143,-2.660,5.074,-2.149,-2.902,-3.143,-2.660,5.074,-2.149
Q389D,0.233,-2.984,-3.249,-2.718,6.431,0.151,-2.984,-3.249,-2.718,6.431,0.151
Q389E,0.233,-2.984,-3.234,-2.734,6.285,0.342,-2.984,-3.234,-2.734,6.285,0.342
Q389F,0.233,-2.926,-3.191,-2.660,5.740,-2.162,-2.926,-3.191,-2.660,5.740,-2.162
Q389G,0.233,-3.000,-3.135,-2.864,5.036,1.431,-3.000,-3.135,-2.864,5.036,1.431
Q389H,0.233,-2.968,-3.273,-2.662,6.707,-0.810,-2.968,-3.273,-2.662,6.707,-0.810
Q389I,0.233,-2.892,-3.133,-2.651,4.923,-1.614,-2.892,-3.133,-2.651,4.923,-1.614
Q389K,0.233,-2.847,-3.039,-2.655,3.903,-1.919,-2.847,-3.039,-2.655,3.903,-1.919
Q389L,0.233,-2.952,-3.238,-2.667,6.207,-0.690,-2.952,-3.238,-2.667,6.207,-0.690
Q389M,0.233,-2.930,-3.207,-2.652,5.830,-1.714,-2.930,-3.207,-2.652,5.830,-1.714
Q389N,0.233,-2.907,-3.092,-2.721,4.462,0.165,-2.907,-3.092,-2.721,4.462,0.165
Q389P,0.233,-2.958,-3.159,-2.758,5.331,0.580,-2.958,-3.159,-2.758,5.331,0.580
Q389R,0.233,-2.960,-3.226,-2.693,6.108,-0.181,-2.960,-3.226,-2.693,6.108,-0.181
Q389S,0.233,-2.928,-2.983,-2.872,3.163,1.486,-2.928,-2.983,-2.872,3.163,1.486
Q389T,0.233,-2.919,-3.034,-2.804,3.769,0.978,-2.919,-3.034,-2.804,3.769,0.978
Q389V,0.233,-2.954,-3.199,-2.709,5.817,0.011,-2.954,-3.199,-2.709,5.817,0.011
Q389W,0.233,-3.010,-3.266,-2.754,6.621,-3.656,-3.010,-3.266,-2.754,6.621,-3.656
Q389Y,0.233,-2.930,-3.206,-2.654,5.885,-1.899,-2.930,-3.206,-2.654,5.885,-1.899
A390C,0.229,-2.875,-3.017,-2.734,3.552,-3.421,-2.875,-3.017,-2.734,3.552,-3.421
A390D,0.229,-2.774,-2.898,-2.651,2.154,-1.618,-2.774,-2.898,-2.651,2.154,-1.618
A390E,0.229,-2.782,-2.912,-2.653,2.344,-1.394,-2.782,-2.912,-2.653,2.344,-1.394
A390F,0.229,-2.846,-3.017,-2.675,3.635,-2.549,-2.846,-3.017,-2.675,3.635,-2.549
A390G,0.229,-2.642,-2.572,-2.713,-1.612,0.084,-2.642,-2.572,-2.713,-1.612,0.084
A390H,0.229,-2.845,-3.037,-2.653,3.961,-1.839,-2.845,-3.037,-2.653,3.961,-1.839
A390I,0.229,-2.843,-3.033,-2.652,3.843,-1.541,-2.843,-3.033,-2.652,3.843,-1.541
A390K,0.229,-2.870,-3.063,-2.676,4.201,-2.558,-2.870,-3.063,-2.676,4.201,-2.558
A390L,0.229,-2.816,-2.970,-2.663,3.070,-0.839,-2.816,-2.970,-2.663,3.070,-0.839
A390M,0.229,-2.888,-3.117,-2.659,4.814,-2.091,-2.888,-3.117,-2.659,4.814,-2.091
A390N,0.229,-2.750,-2.840,-2.659,1.526,-0.941,-2.750,-2.840,-2.659,1.526,-0.941
A390P,0.229,-2.806,-2.945,-2.667,2.717,-0.699,-2.806,-2.945,-2.667,2.717,-0.699
A390Q,0.229,-2.799,-2.932,-2.666,2.624,-0.746,-2.799,-2.932,-2.666,2.624,-0.746
A390R,0.229,-2.768,-2.876,-2.660,1.888,-0.925,-2.768,-2.876,-2.660,1.888,-0.925
A390S,0.229,-2.782,-2.867,-2.697,1.860,-0.141,-2.782,-2.867,-2.697,1.860,-0.141
A390T,0.229,-2.794,-2.900,-2.689,2.173,-0.247,-2.794,-2.900,-2.689,2.173,-0.247
A390V,0.229,-2.804,-2.926,-2.683,2.594,-0.365,-2.804,-2.926,-2.683,2.594,-0.365
A390W,0.229,-2.979,-3.104,-2.853,4.657,-4.541,-2.979,-3.104,-2.853,4.657,-4.541
A390Y,0.229,-2.854,-3.040,-2.669,3.940,-2.416,-2.854,-3.040,-2.669,3.940,-2.416
Y391A,0.235,-3.027,-3.319,-2.735,7.259,-3.453,-3.027,-3.319,-2.735,7.259,-3.453
Y391C,0.235,-3.018,-3.174,-2.863,5.668,-4.608,-3.018,-3.174,-2.863,5.668,-4.608
Y391D,0.235,-3.050,-3.226,-2.875,6.056,-4.700,-3.050,-3.226,-2.875,6.056,-4.700
Y391E,0.235,-3.098,-3.318,-2.878,7.254,-4.729,-3.098,-3.318,-2.878,7.254,-4.729
Y391F,0.235,-2.774,-2.897,-2.650,2.221,-1.612,-2.774,-2.897,-2.650,2.221,-1.612
Y391G,0.235,-3.028,-3.287,-2.768,6.901,-3.794,-3.028,-3.287,-2.768,6.901,-3.794
Y391H,0.235,-3.014,-3.304,-2.725,7.072,-3.337,-3.014,-3.304,-2.725,7.072,-3.337
Y391I,0.235,-3.018,-3.211,-2.824,5.922,-4.309,-3.018,-3.211,-2.824,5.922,-4.309
Y391K,0.235,-3.204,-3.321,-3.087,7.289,-6.060,-3.204,-3.321,-3.087,7.289,-6.060
Y391L,0.235,-2.928,-3.147,-2.709,5.223,-3.096,-2.928,-3.147,-2.709,5.223,-3.096
Y391M,0.235,-3.073,-3.249,-2.897,6.403,-4.849,-3.073,-3.249,-2.897,6.403,-4.849
Y391N,0.235,-3.062,-3.276,-2.848,6.714,-4.506,-3.062,-3.276,-2.848,6.714,-4.506
Y391P,0.235,-3.085,-3.338,-2.832,7.501,-4.358,-3.085,-3.338,-2.832,7.501,-4.358
Y391Q,0.235,-2.974,-3.152,-2.796,5.294,-4.058,-2.974,-3.152,-2.796,5.294,-4.058
Y391R,0.235,-3.035,-3.278,-2.792,6.775,-4.032,-3.035,-3.278,-2.792,6.775,-4.032
Y391S,0.235,-2.964,-3.185,-2.742,5.712,-3.529,-2.964,-3.185,-2.742,5.712,-3.529
Y391T,0.235,-2.988,-3.164,-2.812,5.332,-4.216,-2.988,-3.164,-2.812,5.332,-4.216
Y391V,0.235,-3.009,-3.295,-2.723,7.007,-3.308,-3.009,-3.295,-2.723,7.007,-3.308
Y391W,0.235,-3.118,-3.338,-2.899,7.501,-4.865,-3.118,-3.338,-2.899,7.501,-4.865
R392A,0.231,-2.708,-2.758,-2.657,0.575,-0.984,-2.708,-2.758,-2.657,0.575,-0.984
R392C,0.231,-2.880,-3.012,-2.748,3.459,-3.589,-2.880,-3.012,-2.748,3.459,-3.589
R392D,0.231,-2.859,-3.029,-2.688,3.768,-2.798,-2.859,-3.029,-2.688,3.768,-2.798
R392E,0.231,-2.757,-2.855,-2.659,1.813,-2.057,-2.757,-2.855,-2.659,1.813,-2.057
R392F,0.231,-2.835,-2.957,-2.714,2.911,-3.195,-2.835,-2.957,-2.714,2.911,-3.195
R392G,0.231,-2.750,-2.849,-2.652,1.682,-1.332,-2.750,-2.849,-2.652,1.682,-1.332
R392H,0.231,-2.858,-3.065,-2.650,4.211,-1.513,-2.858,-3.065,-2.650,4.211,-1.513
R392I,0.231,-2.709,-2.756,-2.662,0.542,-2.252,-2.709,-2.756,-2.662,0.542,-2.252
R392K,0.231,-2.840,-3.030,-2.651,3.786,-1.428,-2.840,-3.030,-2.651,3.786,-1.428
R392L,0.231,-2.772,-2.889,-2.656,2.124,-1.140,-2.772,-2.889,-2.656,2.124,-1.140
R392M,0.231,-2.781,-2.897,-2.665,2.213,-2.336,-2.781,-2.897,-2.665,2.213,-2.336
R392N,0.231,-2.772,-2.893,-2.652,2.121,-1.214,-2.772,-2.893,-2.652,2.121,-1.214
R392P,0.231,-2.808,-2.932,-2.684,2.561,-2.702,-2.808,-2.932,-2.684,2.561,-2.702
R392Q,0.231,-2.766,-2.829,-2.704,1.399,-0.018,-2.766,-2.829,-2.704,1.399,-0.018
R392S,0.231,-2.729,-2.801,-2.656,1.008,-1.090,-2.729,-2.801,-2.656,1.008,-1.090
R392T,0.231,-2.725,-2.791,-2.659,0.947,-0.995,-2.725,-2.791,-2.659,0.947,-0.995
R392V,0.231,-2.639,-2.620,-2.658,-1.064,-0.918,-2.639,-2.620,-2.658,-1.064,-0.918
R392W,0.231,-2.940,-3.046,-2.835,3.967,-4.396,-2.940,-3.046,-2.835,3.967,-4.396
R392Y,0.231,-2.855,-2.991,-2.719,3.333,-3.229,-2.855,-2.991,-2.719,3.333,-3.229
V393A,0.229,-2.971,-3.277,-2.664,6.836,-0.775,-2.971,-3.277,-2.664,6.836,-0.775
V393C,0.229,-3.141,-3.330,-2.953,7.415,-5.258,-3.141,-3.330,-2.953,7.415,-5.258
V393D,0.229,-3.011,-3.348,-2.674,7.660,-2.509,-3.011,-3.348,-2.674,7.660,-2.509
V393E,0.229,-2.972,-3.288,-2.656,6.835,-1.935,-2.972,-3.288,-2.656,6.835,-1.935
V393F,0.229,-3.016,-3.290,-2.742,7.015,-3.539,-3.016,-3.290,-2.742,7.015,-3.539
V393G,0.229,-2.951,-3.202,-2.700,5.775,-2.979,-2.951,-3.202,-2.700,5.775,-2.979
V393H,0.229,-3.042,-3.310,-2.774,7.106,-3.863,-3.042,-3.310,-2.774,7.106,-3.863
V393I,0.229,-2.763,-2.871,-2.655,1.948,-1.305,-2.763,-2.871,-2.655,1.948,-1.305
V393K,0.229,-3.106,-3.345,-2.868,7.665,-4.655,-3.106,-3.345,-2.868,7.665,-4.655
V393L,0.229,-2.896,-3.138,-2.654,5.112,-1.133,-2.896,-3.138,-2.654,5.112,-1.133
V393M,0.229,-2.964,-3.270,-2.658,6.802,-2.145,-2.964,-3.270,-2.658,6.802,-2.145
V393N,0.229,-2.965,-3.246,-2.684,6.370,-2.742,-2.965,-3.246,-2.684,6.370,-2.742
V393P,0.229,-2.896,-3.136,-2.657,5.100,-2.012,-2.896,-3.136,-2.657,5.100,-2.012
V393Q,0.229,-2.928,-3.184,-2.671,5.594,-2.458,-2.928,-3.184,-2.671,5.594,-2.458
V393R,0.229,-3.033,-3.366,-2.700,7.845,-3.001,-3.033,-3.366,-2.700,7.845,-3.001
V393S,0.229,-2.920,-3.176,-2.663,5.531,-2.243,-2.920,-3.176,-2.663,5.531,-2.243
V393T,0.229,-2.915,-3.179,-2.651,5.573,-1.781,-2.915,-3.179,-2.651,5.573,-1.781
V393W,0.229,-3.184,-3.339,-3.029,7.522,-5.721,-3.184,-3.339,-3.029,7.522,-5.721
V393Y,0.229,-3.091,-3.366,-2.816,7.893,-4.231,-3.091,-3.366,-2.816,7.893,-4.231
D394A,0.231,-2.993,-3.165,-2.821,5.369,-4.296,-2.993,-3.165,-2.821,5.369,-4.296
D394C,0.231,-3.433,-3.356,-3.510,7.675,-8.173,-3.433,-3.356,-3.510,7.675,-8.173
D394E,0.231,-2.928,-3.125,-2.732,4.911,-3.409,-2.928,-3.125,-2.732,4.911,-3.409
D394F,0.231,-3.484,-3.353,-3.615,7.708,-8.646,-3.484,-3.353,-3.615,7.708,-8.646
D394G,0.231,-2.966,-3.108,-2.825,4.665,-4.302,-2.966,-3.108,-2.825,4.665,-4.302
D394H,0.231,-3.173,-3.361,-2.985,7.807,-5.462,-3.173,-3.361,-2.985,7.807,-5.462
D394I,0.231,-3.314,-3.211,-3.418,5.934,-7.746,-3.314,-3.211,-3.418,5.934,-7.746
D394K,0.231,-3.308,-3.355,-3.261,7.760,-6.991,-3.308,-3.355,-3.261,7.760,-6.991
D394L,0.231,-3.300,-3.348,-3.252,7.594,-6.944,-3.300,-3.348,-3.252,7.594,-6.944
D394M,0.231,-3.383,-3.371,-3.395,7.910,-7.636,-3.383,-3.371,-3.395,7.910,-7.636
D394N,0.231,-2.822,-2.981,-2.664,3.192,-2.305,-2.822,-2.981,-2.664,3.192,-2.305
D394P,0.231,-3.159,-3.224,-3.094,6.129,-6.107,-3.159,-3.224,-3.094,6.129,-6.107
D394Q,0.231,-3.153,-3.366,-2.940,7.895,-5.161,-3.153,-3.366,-2.940,7.895,-5.161
D394R,0.231,-3.162,-3.221,-3.102,6.088,-6.141,-3.162,-3.221,-3.102,6.088,-6.141
D394S,0.231,-2.939,-3.047,-2.830,3.980,-4.340,-2.939,-3.047,-2.830,3.980,-4.340
D394T,0.231,-3.132,-3.235,-3.028,6.196,-5.720,-3.132,-3.235,-3.028,6.196,-5.720
D394V,0.231,-3.189,-3.282,-3.096,6.743,-6.109,-3.189,-3.282,-3.096,6.743,-6.109
D394W,0.231,-3.607,-3.346,-3.868,7.633,-9.723,-3.607,-3.346,-3.868,7.633,-9.723
D394Y,0.231,-3.348,-3.346,-3.349,7.593,-7.420,-3.348,-3.346,-3.349,7.593,-7.420
E395A,0.231,-2.839,-3.001,-2.677,3.427,-2.573,-2.839,-3.001,-2.677,3.427,-2.573
E395C,0.231,-3.340,-3.283,-3.396,6.800,-7.641,-3.340,-3.283,-3.396,6.800,-7.641
E395D,0.231,-2.864,-3.045,-2.682,3.891,-2.695,-2.864,-3.045,-2.682,3.891,-2.695
E395F,0.231,-3.348,-3.273,-3.424,6.664,-7.778,-3.348,-3.273,-3.424,6.664,-7.778
E395G,0.231,-2.957,-3.145,-2.769,5.156,-3.807,-2.957,-3.145,-2.769,5.156,-3.807
E395H,0.231,-3.154,-3.288,-3.019,6.879,-5.662,-3.154,-3.288,-3.019,6.879,-5.662
E395I,0.231,-3.149,-3.235,-3.063,6.220,-5.912,-3.149,-3.235,-3.063,6.220,-5.912
E395K,0.231,-3.108,-3.267,-2.948,6.593,-5.211,-3.108,-3.267,-2.948,6.593,-5.211
E395L,0.231,-3.046,-3.164,-2.929,5.411,-5.084,-3.046,-3.164,-2.929,5.411,-5.084
E395M,0.231,-3.170,-3.235,-3.106,6.242,-6.164,-3.170,-3.235,-3.106,6.242,-6.164
E395N,0.231,-3.112,-3.308,-2.916,7.099,-4.994,-3.112,-3.308,-2.916,7.099,-4.994
E395P,0.231,-2.824,-2.983,-2.665,3.140,-2.256,-2.824,-2.983,-2.665,3.140,-2.256
E395Q,0.231,-2.939,-3.160,-2.718,5.449,-3.226,-2.939,-3.160,-2.718,5.449,-3.226
E395R,0.231,-3.036,-3.178,-2.895,5.585,-4.857,-3.036,-3.178,-2.895,5.585,-4.857
E395S,0.231,-2.924,-3.062,-2.787,4.205,-3.967,-2.924,-3.062,-2.787,4.205,-3.967
E395T,0.231,-3.012,-3.187,-2.836,5.661,-4.409,-3.012,-3.187,-2.836,5.661,-4.409
E395V,0.231,-2.986,-3.194,-2.778,5.711,-3.896,-2.986,-3.194,-2.778,5.711,-3.896
E395W,0.231,-3.422,-3.279,-3.565,6.592,-8.418,-3.422,-3.279,-3.565,6.592,-8.418
E395Y,0.231,-3.354,-3.320,-3.387,7.242,-7.597,-3.354,-3.320,-3.387,7.242,-7.597
R396A,0.231,-2.705,-2.716,-2.693,0.023,-2.861,-2.705,-2.716,-2.693,0.023,-2.861
R396C,0.231,-3.035,-2.986,-3.084,3.235,-6.046,-3.035,-2.986,-3.084,3.235,-6.046
R396D,0.231,-2.786,-2.648,-2.924,-0.747,-5.056,-2.786,-2.648,-2.924,-0.747,-5.056
R396E,0.231,-2.598,-2.458,-2.737,-3.060,-3.473,-2.598,-2.458,-2.737,-3.060,-3.473
R396F,0.231,-3.135,-2.977,-3.293,3.117,-7.147,-3.135,-2.977,-3.293,3.117,-7.147
R396G,0.231,-2.779,-2.768,-2.790,0.656,-4.003,-2.779,-2.768,-2.790,0.656,-4.003
R396H,0.231,-2.726,-2.696,-2.755,-0.160,-3.670,-2.726,-2.696,-2.755,-0.160,-3.670
R396I,0.231,-2.943,-2.883,-3.003,2.016,-5.571,-2.943,-2.883,-3.003,2.016,-5.571
R396K,0.231,-2.698,-2.743,-2.653,0.410,-1.843,-2.698,-2.743,-2.653,0.410,-1.843
R396L,0.231,-2.805,-2.821,-2.789,1.311,-3.968,-2.805,-2.821,-2.789,1.311,-3.968
R396M,0.231,-2.875,-2.867,-2.883,1.897,-4.776,-2.875,-2.867,-2.883,1.897,-4.776
R396N,0.231,-2.774,-2.771,-2.776,0.730,-3.875,-2.774,-2.771,-2.776,0.730,-3.875
R396P,0.231,-2.956,-2.922,-2.990,2.493,-5.481,-2.956,-2.922,-2.990,2.493,-5.481
R396Q,0.231,-2.632,-2.610,-2.654,-1.136,-1.788,-2.632,-2.610,-2.654,-1.136,-1.788
R396S,0.231,-2.782,-2.783,-2.782,0.816,-3.940,-2.782,-2.783,-2.782,0.816,-3.940
R396T,0.231,-2.805,-2.825,-2.785,1.282,-3.967,-2.805,-2.825,-2.785,1.282,-3.967
R396V,0.231,-2.822,-2.844,-2.800,1.584,-4.083,-2.822,-2.844,-2.800,1.584,-4.083
R396W,0.231,-3.056,-2.983,-3.129,3.163,-6.308,-3.056,-2.983,-3.129,3.163,-6.308
R396Y,0.231,-3.083,-2.984,-3.182,3.270,-6.591,-3.083,-2.984,-3.182,3.270,-6.591
A397C,0.229,-3.255,-3.239,-3.272,6.244,-7.045,-3.255,-3.239,-3.272,6.244,-7.045
A397D,0.229,-3.044,-3.195,-2.893,5.723,-4.835,-3.044,-3.195,-2.893,5.723,-4.835
A397E,0.229,-3.017,-3.341,-2.693,7.570,-2.859,-3.017,-3.341,-2.693,7.570,-2.859
A397F,0.229,-3.274,-3.375,-3.173,7.967,-6.539,-3.274,-3.375,-3.173,7.967,-6.539
A397G,0.229,-3.056,-3.323,-2.790,7.239,-4.007,-3.056,-3.323,-2.790,7.239,-4.007
A397H,0.229,-3.166,-3.361,-2.970,7.757,-5.360,-3.166,-3.361,-2.970,7.757,-5.360
A397I,0.229,-3.112,-3.363,-2.860,7.791,-4.592,-3.112,-3.363,-2.860,7.791,-4.592
A397K,0.229,-2.982,-3.174,-2.790,5.498,-4.015,-2.982,-3.174,-2.790,5.498,-4.015
A397L,0.229,-2.998,-3.273,-2.724,6.722,-3.307,-2.998,-3.273,-2.724,6.722,-3.307
A397M,0.229,-3.055,-3.273,-2.837,6.639,-4.418,-3.055,-3.273,-2.837,6.639,-4.418
A397N,0.229,-2.977,-3.098,-2.856,4.561,-4.548,-2.977,-3.098,-2.856,4.561,-4.548
A397P,0.229,-3.093,-3.261,-2.924,6.633,-5.057,-3.093,-3.261,-2.924,6.633,-5.057
A397Q,0.229,-2.924,-3.148,-2.701,5.142,-3.037,-2.924,-3.148,-2.701,5.142,-3.037
A397R,0.229,-2.870,-3.011,-2.730,3.507,-3.386,-2.870,-3.011,-2.730,3.507,-3.386
A397S,0.229,-2.916,-3.127,-2.706,4.891,-3.059,-2.916,-3.127,-2.706,4.891,-3.059
A397T,0.229,-3.015,-3.325,-2.705,7.279,-3.052,-3.015,-3.325,-2.705,7.279,-3.052
A397V,0.229,-2.968,-3.263,-2.674,6.542,-2.515,-2.968,-3.263,-2.674,6.542,-2.515
A397W,0.229,-3.390,-3.369,-3.411,7.899,-7.711,-3.390,-3.369,-3.411,7.899,-7.711
A397Y,0.229,-3.263,-3.308,-3.218,7.112,-6.768,-3.263,-3.308,-3.218,7.112,-6.768
A398C,0.229,-3.468,-3.333,-3.602,7.422,-8.589,-3.468,-3.333,-3.602,7.422,-8.589
A398D,0.229,-3.269,-3.331,-3.207,7.438,-6.717,-3.269,-3.331,-3.207,7.438,-6.717
A398E,0.229,-3.049,-3.208,-2.890,6.011,-4.819,-3.049,-3.208,-2.890,6.011,-4.819
A398F,0.229,-3.426,-3.381,-3.471,8.017,-7.993,-3.426,-3.381,-3.471,8.017,-7.993
A398G,0.229,-3.122,-3.328,-2.917,7.378,-5.011,-3.122,-3.328,-2.917,7.378,-5.011
A398H,0.229,-3.345,-3.338,-3.352,7.493,-7.425,-3.345,-3.338,-3.352,7.493,-7.425
A398I,0.229,-3.245,-3.414,-3.076,8.429,-6.003,-3.245,-3.414,-3.076,8.429,-6.003
A398K,0.229,-3.230,-3.383,-3.078,8.038,-6.007,-3.230,-3.383,-3.078,8.038,-6.007
A398L,0.229,-3.084,-3.204,-2.963,5.889,-5.319,-3.084,-3.204,-2.963,5.889,-5.319
A398M,0.229,-3.212,-3.381,-3.044,8.060,-5.819,-3.212,-3.381,-3.044,8.060,-5.819
A398N,0.229,-3.218,-3.287,-3.148,6.811,-6.405,-3.218,-3.287,-3.148,6.811,-6.405
A398P,0.229,-3.317,-3.407,-3.227,8.392,-6.817,-3.317,-3.407,-3.227,8.392,-6.817
A398Q,0.229,-3.123,-3.302,-2.944,7.131,-5.184,-3.123,-3.302,-2.944,7.131,-5.184
A398R,0.229,-3.190,-3.405,-2.974,8.320,-5.389,-3.190,-3.405,-2.974,8.320,-5.389
A398S,0.229,-2.945,-3.083,-2.807,4.412,-4.160,-2.945,-3.083,-2.807,4.412,-4.160
A398T,0.229,-3.036,-3.262,-2.809,6.599,-4.188,-3.036,-3.262,-2.809,6.599,-4.188
A398V,0.229,-2.954,-3.175,-2.734,5.549,-3.431,-2.954,-3.175,-2.734,5.549,-3.431
A398W,0.229,-3.606,-3.366,-3.845,7.865,-9.624,-3.606,-3.366,-3.845,7.865,-9.624
A398Y,0.229,-3.476,-3.388,-3.565,8.094,-8.419,-3.476,-3.388,-3.565,8.094,-8.419
E399A,0.233,-2.770,-2.879,-2.661,1.908,-0.876,-2.770,-2.879,-2.661,1.908,-0.876
E399C,0.233,-3.109,-3.098,-3.120,4.508,-6.258,-3.109,-3.098,-3.120,4.508,-6.258
E399D,0.233,-2.799,-2.906,-2.692,2.258,-2.825,-2.799,-2.906,-2.692,2.258,-2.825
E399F,0.233,-3.146,-3.160,-3.133,5.289,-6.316,-3.146,-3.160,-3.133,5.289,-6.316
E399G,0.233,-2.882,-3.046,-2.719,4.000,-3.245,-2.882,-3.046,-2.719,4.000,-3.245
E399H,0.233,-2.915,-2.991,-2.838,3.275,-4.428,-2.915,-2.991,-2.838,3.275,-4.428
E399I,0.233,-2.944,-3.111,-2.776,4.835,-3.873,-2.944,-3.111,-2.776,4.835,-3.873
E399K,0.233,-2.904,-2.984,-2.824,3.177,-4.306,-2.904,-2.984,-2.824,3.177,-4.306
E399L,0.233,-2.704,-2.743,-2.666,0.344,-2.351,-2.704,-2.743,-2.666,0.344,-2.351
E399M,0.233,-2.844,-2.954,-2.733,2.883,-3.426,-2.844,-2.954,-2.733,2.883,-3.426
E399N,0.233,-2.824,-2.957,-2.691,2.871,-2.835,-2.824,-2.957,-2.691,2.871,-2.835
E399P,0.233,-3.111,-3.122,-3.100,4.835,-6.138,-3.111,-3.122,-3.100,4.835,-6.138
E399Q,0.233,-2.706,-2.761,-2.650,0.555,-1.662,-2.706,-2.761,-2.650,0.555,-1.662
E399R,0.233,-2.693,-2.688,-2.698,-0.274,-2.955,-2.693,-2.688,-2.698,-0.274,-2.955
E399S,0.233,-2.804,-2.929,-2.679,2.479,-2.640,-2.804,-2.929,-2.679,2.479,-2.640
E399T,0.233,-2.845,-3.011,-2.679,3.468,-2.630,-2.845,-3.011,-2.679,3.468,-2.630
E399V,0.233,-2.806,-2.938,-2.674,2.715,-2.523,-2.806,-2.938,-2.674,2.715,-2.523
E399W,0.233,-3.190,-3.154,-3.226,5.252,-6.813,-3.190,-3.154,-3.226,5.252,-6.813
E399Y,0.233,-3.149,-3.148,-3.150,5.222,-6.411,-3.149,-3.148,-3.150,5.222,-6.411
Q400A,0.231,-2.898,-3.141,-2.655,5.102,-1.938,-2.898,-3.141,-2.655,5.102,-1.938
Q400C,0.231,-3.128,-3.225,-3.032,6.070,-5.744,-3.128,-3.225,-3.032,6.070,-5.744
Q400D,0.231,-2.908,-3.077,-2.740,4.371,-3.516,-2.908,-3.077,-2.740,4.371,-3.516
Q400E,0.231,-2.832,-3.014,-2.650,3.553,-1.577,-2.832,-3.014,-2.650,3.553,-1.577
Q400F,0.231,-3.186,-3.146,-3.225,5.123,-6.815,-3.186,-3.146,-3.225,5.123,-6.815
Q400G,0.231,-2.899,-2.986,-2.811,3.170,-4.179,-2.899,-2.986,-2.811,3.170,-4.179
Q400H,0.231,-2.844,-2.987,-2.702,3.253,-3.029,-2.844,-2.987,-2.702,3.253,-3.029
Q400I,0.231,-2.986,-3.107,-2.865,4.629,-4.617,-2.986,-3.107,-2.865,4.629,-4.617
Q400K,0.231,-2.806,-2.961,-2.651,2.935,-1.400,-2.806,-2.961,-2.651,2.935,-1.400
Q400L,0.231,-2.848,-3.005,-2.692,3.313,-2.855,-2.848,-3.005,-2.692,3.313,-2.855
Q400M,0.231,-2.939,-3.115,-2.763,4.780,-3.750,-2.939,-3.115,-2.763,4.780,-3.750
Q400N,0.231,-2.875,-3.029,-2.721,3.679,-3.251,-2.875,-3.029,-2.721,3.679,-3.251
Q400P,0.231,-3.200,-3.211,-3.190,5.912,-6.618,-3.200,-3.211,-3.190,5.912,-6.618
Q400R,0.231,-2.662,-2.643,-2.681,-0.849,-0.402,-2.662,-2.643,-2.681,-0.849,-0.402
Q400S,0.231,-2.896,-3.075,-2.716,4.266,-3.205,-2.896,-3.075,-2.716,4.266,-3.205
Q400T,0.231,-2.892,-3.069,-2.715,4.181,-3.180,-2.892,-3.069,-2.715,4.181,-3.180
Q400V,0.231,-2.938,-3.135,-2.740,4.962,-3.535,-2.938,-3.135,-2.740,4.962,-3.535
Q400W,0.231,-3.168,-3.210,-3.126,5.936,-6.284,-3.168,-3.210,-3.126,5.936,-6.284
Q400Y,0.231,-3.202,-3.233,-3.171,6.161,-6.521,-3.202,-3.233,-3.171,6.161,-6.521
A401C,0.233,-3.450,-3.360,-3.539,7.750,-8.296,-3.450,-3.360,-3.539,7.750,-8.296
A401D,0.233,-3.365,-3.387,-3.343,8.063,-7.394,-3.365,-3.387,-3.343,8.063,-7.394
A401E,0.233,-3.176,-3.390,-2.963,8.082,-5.314,-3.176,-3.390,-2.963,8.082,-5.314
A401F,0.233,-3.496,-3.414,-3.577,8.465,-8.478,-3.496,-3.414,-3.577,8.465,-8.478
A401G,0.233,-3.020,-3.077,-2.963,4.276,-5.304,-3.020,-3.077,-2.963,4.276,-5.304
A401H,0.233,-3.342,-3.387,-3.296,8.057,-7.164,-3.342,-3.387,-3.296,8.057,-7.164
A401I,0.233,-3.306,-3.405,-3.206,8.349,-6.715,-3.306,-3.405,-3.206,8.349,-6.715
A401K,0.233,-3.253,-3.390,-3.116,8.062,-6.215,-3.253,-3.390,-3.116,8.062,-6.215
A401L,0.233,-3.090,-3.275,-2.905,6.738,-4.911,-3.090,-3.275,-2.905,6.738,-4.911
A401M,0.233,-3.226,-3.412,-3.041,8.450,-5.797,-3.226,-3.412,-3.041,8.450,-5.797
A401N,0.233,-3.266,-3.302,-3.229,7.024,-6.822,-3.266,-3.302,-3.229,7.024,-6.822
A401P,0.233,-3.478,-3.387,-3.568,8.087,-8.435,-3.478,-3.387,-3.568,8.087,-8.435
A401Q,0.233,-3.128,-3.413,-2.842,8.431,-4.447,-3.128,-3.413,-2.842,8.431,-4.447
A401R,0.233,-3.172,-3.400,-2.943,8.210,-5.180,-3.172,-3.400,-2.943,8.210,-5.180
A401S,0.233,-2.880,-2.996,-2.764,3.282,-3.745,-2.880,-2.996,-2.764,3.282,-3.745
A401T,0.233,-3.059,-3.239,-2.879,6.336,-4.730,-3.059,-3.239,-2.879,6.336,-4.730
A401V,0.233,-3.114,-3.360,-2.868,7.834,-4.640,-3.114,-3.360,-2.868,7.834,-4.640
A401W,0.233,-3.628,-3.409,-3.846,8.371,-9.632,-3.628,-3.409,-3.846,8.371,-9.632
A401Y,0.233,-3.556,-3.370,-3.741,7.852,-9.185,-3.556,-3.370,-3.741,7.852,-9.185
R402A,0.235,-3.222,-3.434,-3.010,8.778,-5.605,-3.222,-3.434,-3.010,8.778,-5.605
R402C,0.235,-3.272,-3.228,-3.316,6.316,-7.251,-3.272,-3.228,-3.316,6.316,-7.251
R402D,0.235,-3.746,-3.426,-4.067,8.658,-10.560,-3.746,-3.426,-4.067,8.658,-10.560
R402E,0.235,-3.486,-3.464,-3.507,9.097,-8.153,-3.486,-3.464,-3.507,9.097,-8.153
R402F,0.235,-3.561,-3.432,-3.690,8.710,-8.957,-3.561,-3.432,-3.690,8.710,-8.957
R402G,0.235,-3.415,-3.402,-3.428,8.317,-7.796,-3.415,-3.402,-3.428,8.317,-7.796
R402H,0.235,-3.221,-3.427,-3.015,8.574,-5.632,-3.221,-3.427,-3.015,8.574,-5.632
R402I,0.235,-3.400,-3.437,-3.364,8.802,-7.501,-3.400,-3.437,-3.364,8.802,-7.501
R402K,0.235,-2.937,-3.169,-2.705,5.445,-3.074,-2.937,-3.169,-2.705,5.445,-3.074
R402L,0.235,-3.130,-3.308,-2.953,7.319,-5.233,-3.130,-3.308,-2.953,7.319,-5.233
R402M,0.235,-3.260,-3.445,-3.075,8.890,-5.985,-3.260,-3.445,-3.075,8.890,-5.985
R402N,0.235,-3.348,-3.390,-3.306,8.189,-7.219,-3.348,-3.390,-3.306,8.189,-7.219
R402P,0.235,-3.676,-3.379,-3.973,7.969,-10.167,-3.676,-3.379,-3.973,7.969,-10.167
R402Q,0.235,-2.993,-3.215,-2.771,6.069,-3.835,-2.993,-3.215,-2.771,6.069,-3.835
R402S,0.235,-3.186,-3.203,-3.170,5.823,-6.509,-3.186,-3.203,-3.170,5.823,-6.509
R402T,0.235,-3.255,-3.311,-3.199,7.247,-6.667,-3.255,-3.311,-3.199,7.247,-6.667
R402V,0.235,-3.296,-3.426,-3.165,8.615,-6.492,-3.296,-3.426,-3.165,8.615,-6.492
R402W,0.235,-3.511,-3.412,-3.610,8.491,-8.621,-3.511,-3.412,-3.610,8.491,-8.621
R402Y,0.235,-3.506,-3.386,-3.625,8.106,-8.693,-3.506,-3.386,-3.625,8.106,-8.693
W403A,0.235,-3.679,-3.476,-3.882,9.213,-9.790,-3.679,-3.476,-3.882,9.213,-9.790
W403C,0.235,-3.528,-3.478,-3.579,9.262,-8.486,-3.528,-3.478,-3.579,9.262,-8.486
W403D,0.235,-3.776,-3.409,-4.143,8.415,-10.872,-3.776,-3.409,-4.143,8.415,-10.872
W403E,0.235,-3.648,-3.456,-3.840,8.912,-9.610,-3.648,-3.456,-3.840,8.912,-9.610
W403F,0.235,-3.440,-3.515,-3.364,9.759,-7.486,-3.440,-3.515,-3.364,9.759,-7.486
W403G,0.235,-3.598,-3.277,-3.918,6.835,-9.934,-3.598,-3.277,-3.918,6.835,-9.934
W403H,0.235,-3.554,-3.366,-3.742,7.905,-9.188,-3.554,-3.366,-3.742,7.905,-9.188
W403I,0.235,-3.768,-3.451,-4.085,8.827,-10.634,-3.768,-3.451,-4.085,8.827,-10.634
W403K,0.235,-3.778,-3.501,-4.056,9.551,-10.511,-3.778,-3.501,-4.056,9.551,-10.511
W403L,0.235,-3.446,-3.493,-3.399,9.450,-7.659,-3.446,-3.493,-3.399,9.450,-7.659
W403M,0.235,-3.666,-3.492,-3.841,9.456,-9.621,-3.666,-3.492,-3.841,9.456,-9.621
W403N,0.235,-3.695,-3.455,-3.935,9.004,-10.011,-3.695,-3.455,-3.935,9.004,-10.011
W403P,0.235,-4.152,-3.455,-4.849,8.944,-13.857,-4.152,-3.455,-4.849,8.944,-13.857
W403Q,0.235,-3.555,-3.444,-3.666,8.783,-8.863,-3.555,-3.444,-3.666,8.783,-8.863
W403R,0.235,-3.464,-3.502,-3.425,9.565,-7.783,-3.464,-3.502,-3.425,9.565,-7.783
W403S,0.235,-3.636,-3.468,-3.804,9.094,-9.461,-3.636,-3.468,-3.804,9.094,-9.461
W403T,0.235,-3.806,-3.460,-4.153,8.983,-10.914,-3.806,-3.460,-4.153,8.983,-10.914
W403V,0.235,-3.625,-3.387,-3.864,8.050,-9.713,-3.625,-3.387,-3.864,8.050,-9.713
W403Y,0.235,-3.438,-3.437,-3.438,8.748,-7.841,-3.438,-3.437,-3.438,8.748,-7.841
E404A,0.235,-3.294,-3.474,-3.114,9.195,-6.203,-3.294,-3.474,-3.114,9.195,-6.203
E404C,0.235,-3.827,-3.477,-4.178,9.197,-11.018,-3.827,-3.477,-4.178,9.197,-11.018
E404D,0.235,-2.836,-3.022,-2.651,3.647,-1.594,-2.836,-3.022,-2.651,3.647,-1.594
E404F,0.235,-3.843,-3.476,-4.210,9.213,-11.155,-3.843,-3.476,-4.210,9.213,-11.155
E404G,0.235,-3.376,-3.337,-3.414,7.435,-7.733,-3.376,-3.337,-3.414,7.435,-7.733
E404H,0.235,-3.498,-3.492,-3.504,9.452,-8.138,-3.498,-3.492,-3.504,9.452,-8.138
E404I,0.235,-3.667,-3.492,-3.842,9.368,-9.617,-3.667,-3.492,-3.842,9.368,-9.617
E404K,0.235,-3.451,-3.472,-3.430,9.185,-7.796,-3.451,-3.472,-3.430,9.185,-7.796
E404L,0.235,-3.530,-3.486,-3.573,9.361,-8.454,-3.530,-3.486,-3.573,9.361,-8.454
E404M,0.235,-3.654,-3.478,-3.831,9.247,-9.573,-3.654,-3.478,-3.831,9.247,-9.573
E404N,0.235,-3.234,-3.333,-3.136,7.401,-6.348,-3.234,-3.333,-3.136,7.401,-6.348
E404P,0.235,-4.074,-3.461,-4.687,9.024,-13.148,-4.074,-3.461,-4.687,9.024,-13.148
E404Q,0.235,-3.228,-3.427,-3.028,8.606,-5.725,-3.228,-3.427,-3.028,8.606,-5.725
E404R,0.235,-3.599,-3.473,-3.725,9.184,-9.121,-3.599,-3.473,-3.725,9.184,-9.121
E404S,0.235,-3.452,-3.401,-3.503,8.276,-8.134,-3.452,-3.401,-3.503,8.276,-8.134
E404T,0.235,-3.494,-3.482,-3.506,9.301,-8.140,-3.494,-3.482,-3.506,9.301,-8.140
E404V,0.235,-3.396,-3.358,-3.433,7.683,-7.823,-3.396,-3.358,-3.433,7.683,-7.823
E404W,0.235,-4.002,-3.458,-4.546,8.941,-12.546,-4.002,-3.458,-4.546,8.941,-12.546
E404Y,0.235,-3.754,-3.418,-4.089,8.485,-10.652,-3.754,-3.418,-4.089,8.485,-10.652
A405C,0.235,-3.014,-2.940,-3.088,2.777,-6.071,-3.014,-2.940,-3.088,2.777,-6.071
A405D,0.235,-2.724,-2.795,-2.653,0.972,-1.249,-2.724,-2.795,-2.653,0.972,-1.249
A405E,0.235,-2.750,-2.531,-2.969,-2.073,2.082,-2.750,-2.531,-2.969,-2.073,2.082
A405F,0.235,-2.996,-2.929,-3.063,2.702,-5.928,-2.996,-2.929,-3.063,2.702,-5.928
A405G,0.235,-2.837,-2.922,-2.752,2.507,-3.642,-2.837,-2.922,-2.752,2.507,-3.642
A405H,0.235,-2.765,-2.810,-2.720,1.282,-3.259,-2.765,-2.810,-2.720,1.282,-3.259
A405I,0.235,-2.852,-2.872,-2.833,1.999,-4.391,-2.852,-2.872,-2.833,1.999,-4.391
A405K,0.235,-2.724,-2.778,-2.670,0.795,-2.409,-2.724,-2.778,-2.670,0.795,-2.409
A405L,0.235,-2.732,-2.794,-2.670,1.016,-2.440,-2.732,-2.794,-2.670,1.016,-2.440
A405M,0.235,-2.811,-2.881,-2.741,2.041,-3.495,-2.811,-2.881,-2.741,2.041,-3.495
A405N,0.235,-2.739,-2.796,-2.682,1.038,-2.690,-2.739,-2.796,-2.682,1.038,-2.690
A405P,0.235,-3.316,-2.864,-3.768,1.869,-9.303,-3.316,-2.864,-3.768,1.869,-9.303
A405Q,0.235,-2.620,-2.517,-2.724,-2.265,0.210,-2.620,-2.517,-2.724,-2.265,0.210
A405R,0.235,-2.660,-2.621,-2.698,-1.100,-2.931,-2.660,-2.621,-2.698,-1.100,-2.931
A405S,0.235,-2.764,-2.852,-2.677,1.656,-2.569,-2.764,-2.852,-2.677,1.656,-2.569
A405T,0.235,-2.846,-3.001,-2.690,3.474,-2.814,-2.846,-3.001,-2.690,3.474,-2.814
A405V,0.235,-2.738,-2.797,-2.680,1.036,-2.643,-2.738,-2.797,-2.680,1.036,-2.643
A405W,0.235,-3.082,-2.964,-3.201,2.986,-6.679,-3.082,-2.964,-3.201,2.986,-6.679
A405Y,0.235,-3.045,-2.991,-3.099,3.371,-6.133,-3.045,-2.991,-3.099,3.371,-6.133
A406C,0.237,-3.582,-3.350,-3.814,7.658,-9.502,-3.582,-3.350,-3.814,7.658,-9.502
A406D,0.237,-3.225,-3.113,-3.337,4.723,-7.361,-3.225,-3.113,-3.337,4.723,-7.361
A406E,0.237,-2.990,-2.997,-2.982,3.379,-5.433,-2.990,-2.997,-2.982,3.379,-5.433
A406F,0.237,-3.526,-3.360,-3.691,7.772,-8.974,-3.526,-3.360,-3.691,7.772,-8.974
A406G,0.237,-3.289,-3.377,-3.201,7.987,-6.678,-3.289,-3.377,-3.201,7.987,-6.678
A406H,0.237,-3.526,-3.338,-3.713,7.595,-9.066,-3.526,-3.338,-3.713,7.595,-9.066
A406I,0.237,-3.350,-3.379,-3.320,8.001,-7.283,-3.350,-3.379,-3.320,8.001,-7.283
A406K,0.237,-3.239,-3.204,-3.274,5.822,-7.060,-3.239,-3.204,-3.274,5.822,-7.060
A406L,0.237,-3.214,-3.278,-3.150,6.712,-6.410,-3.214,-3.278,-3.150,6.712,-6.410
A406M,0.237,-3.211,-3.347,-3.075,7.612,-6.004,-3.211,-3.347,-3.075,7.612,-6.004
A406N,0.237,-3.380,-3.315,-3.445,7.231,-7.880,-3.380,-3.315,-3.445,7.231,-7.880
A406P,0.237,-3.669,-3.272,-4.066,6.626,-10.552,-3.669,-3.272,-4.066,6.626,-10.552
A406Q,0.237,-3.137,-3.080,-3.194,4.364,-6.646,-3.137,-3.080,-3.194,4.364,-6.646
A406R,0.237,-3.322,-3.270,-3.373,6.673,-7.537,-3.322,-3.270,-3.373,6.673,-7.537
A406S,0.237,-3.024,-3.143,-2.904,5.159,-4.903,-3.024,-3.143,-2.904,5.159,-4.903
A406T,0.237,-3.164,-3.372,-2.956,7.936,-5.264,-3.164,-3.372,-2.956,7.936,-5.264
A406V,0.237,-3.085,-3.267,-2.902,6.699,-4.894,-3.085,-3.267,-2.902,6.699,-4.894
A406W,0.237,-3.790,-3.386,-4.194,8.073,-11.084,-3.790,-3.386,-4.194,8.073,-11.084
A406Y,0.237,-3.696,-3.377,-4.015,7.995,-10.340,-3.696,-3.377,-4.015,7.995,-10.340
S407A,0.235,-3.130,-3.149,-3.110,5.176,-6.184,-3.130,-3.149,-3.110,5.176,-6.184
S407C,0.235,-3.386,-3.446,-3.325,8.885,-7.300,-3.386,-3.446,-3.325,8.885,-7.300
S407D,0.235,-3.766,-3.412,-4.121,8.422,-10.773,-3.766,-3.412,-4.121,8.422,-10.773
S407E,0.235,-3.870,-3.447,-4.292,8.861,-11.489,-3.870,-3.447,-4.292,8.861,-11.489
S407F,0.235,-3.809,-3.460,-4.158,9.021,-10.928,-3.809,-3.460,-4.158,9.021,-10.928
S407G,0.235,-3.318,-3.436,-3.200,8.737,-6.674,-3.318,-3.436,-3.200,8.737,-6.674
S407H,0.235,-3.839,-3.441,-4.237,8.813,-11.260,-3.839,-3.441,-4.237,8.813,-11.260
S407I,0.235,-3.878,-3.461,-4.296,9.045,-11.501,-3.878,-3.461,-4.296,9.045,-11.501
S407K,0.235,-3.856,-3.442,-4.269,8.828,-11.387,-3.856,-3.442,-4.269,8.828,-11.387
S407L,0.235,-3.742,-3.456,-4.027,8.988,-10.396,-3.742,-3.456,-4.027,8.988,-10.396
S407M,0.235,-3.770,-3.476,-4.065,9.246,-10.551,-3.770,-3.476,-4.065,9.246,-10.551
S407N,0.235,-3.343,-3.302,-3.385,7.045,-7.589,-3.343,-3.302,-3.385,7.045,-7.589
S407P,0.235,-3.904,-3.465,-4.343,9.127,-11.692,-3.904,-3.465,-4.343,9.127,-11.692
S407Q,0.235,-3.775,-3.328,-4.222,7.493,-11.207,-3.775,-3.328,-4.222,7.493,-11.207
S407R,0.235,-3.672,-3.449,-3.896,8.917,-9.844,-3.672,-3.449,-3.896,8.917,-9.844
S407T,0.235,-3.128,-3.115,-3.142,4.753,-6.369,-3.128,-3.115,-3.142,4.753,-6.369
S407V,0.235,-3.744,-3.429,-4.058,8.612,-10.516,-3.744,-3.429,-4.058,8.612,-10.516
S407W,0.235,-3.954,-3.451,-4.457,8.900,-12.173,-3.954,-3.451,-4.457,8.900,-12.173
S407Y,0.235,-3.892,-3.458,-4.327,9.017,-11.635,-3.892,-3.458,-4.327,9.017,-11.635
K408A,0.237,-2.952,-2.955,-2.948,2.845,-5.220,-2.952,-2.955,-2.948,2.845,-5.220
K408C,0.237,-3.218,-3.152,-3.283,5.155,-7.100,-3.218,-3.152,-3.283,5.155,-7.100
K408D,0.237,-3.367,-3.137,-3.598,5.034,-8.572,-3.367,-3.137,-3.598,5.034,-8.572
K408E,0.237,-2.998,-3.028,-2.968,3.667,-5.350,-2.998,-3.028,-2.968,3.667,-5.350
K408F,0.237,-3.418,-3.179,-3.656,5.556,-8.821,-3.418,-3.179,-3.656,5.556,-8.821
K408G,0.237,-3.232,-3.196,-3.267,5.672,-7.023,-3.232,-3.196,-3.267,5.672,-7.023
K408H,0.237,-3.046,-3.120,-2.973,4.777,-5.375,-3.046,-3.120,-2.973,4.777,-5.375
K408I,0.237,-3.147,-3.096,-3.198,4.558,-6.671,-3.147,-3.096,-3.198,4.558,-6.671
K408L,0.237,-2.842,-2.849,-2.834,1.569,-4.375,-2.842,-2.849,-2.834,1.569,-4.375
K408M,0.237,-2.979,-3.038,-2.920,3.806,-5.021,-2.979,-3.038,-2.920,3.806,-5.021
K408N,0.237,-3.032,-3.064,-2.999,4.145,-5.534,-3.032,-3.064,-2.999,4.145,-5.534
K408P,0.237,-3.514,-3.192,-3.836,5.731,-9.591,-3.514,-3.192,-3.836,5.731,-9.591
K408Q,0.237,-2.749,-2.798,-2.700,1.031,-2.982,-2.749,-2.798,-2.700,1.031,-2.982
K408R,0.237,-2.680,-2.705,-2.655,-0.048,-1.067,-2.680,-2.705,-2.655,-0.048,-1.067
K408S,0.237,-2.973,-2.946,-3.000,2.729,-5.549,-2.973,-2.946,-3.000,2.729,-5.549
K408T,0.237,-3.018,-3.076,-2.960,4.315,-5.285,-3.018,-3.076,-2.960,4.315,-5.285
K408V,0.237,-3.130,-3.153,-3.108,5.252,-6.182,-3.130,-3.153,-3.108,5.252,-6.182
K408W,0.237,-3.306,-3.188,-3.424,5.653,-7.790,-3.306,-3.188,-3.424,5.653,-7.790
K408Y,0.237,-3.418,-3.205,-3.632,5.849,-8.719,-3.418,-3.205,-3.632,5.849,-8.719
E409A,0.237,-2.923,-3.042,-2.804,3.877,-4.139,-2.923,-3.042,-2.804,3.877,-4.139
E409C,0.237,-3.676,-3.261,-4.090,6.557,-10.654,-3.676,-3.261,-4.090,6.557,-10.654
E409D,0.237,-2.853,-3.022,-2.684,3.635,-2.697,-2.853,-3.022,-2.684,3.635,-2.697
E409F,0.237,-3.596,-3.268,-3.923,6.622,-9.960,-3.596,-3.268,-3.923,6.622,-9.960
E409G,0.237,-3.294,-3.285,-3.304,6.836,-7.202,-3.294,-3.285,-3.304,6.836,-7.202
E409H,0.237,-3.276,-3.205,-3.348,5.853,-7.414,-3.276,-3.205,-3.348,5.853,-7.414
E409I,0.237,-3.266,-3.118,-3.415,4.770,-7.735,-3.266,-3.118,-3.415,4.770,-7.735
E409K,0.237,-3.000,-3.006,-2.994,3.447,-5.520,-3.000,-3.006,-2.994,3.447,-5.520
E409L,0.237,-3.080,-2.955,-3.204,2.794,-6.696,-3.080,-2.955,-3.204,2.794,-6.696
E409M,0.237,-3.301,-3.193,-3.409,5.789,-7.700,-3.301,-3.193,-3.409,5.789,-7.700
E409N,0.237,-3.103,-3.180,-3.026,5.509,-5.714,-3.103,-3.180,-3.026,5.509,-5.714
E409P,0.237,-3.846,-3.260,-4.432,6.546,-12.069,-3.846,-3.260,-4.432,6.546,-12.069
E409Q,0.237,-2.918,-2.945,-2.891,2.755,-4.833,-2.918,-2.945,-2.891,2.755,-4.833
E409R,0.237,-3.153,-3.036,-3.270,3.804,-7.038,-3.153,-3.036,-3.270,3.804,-7.038
E409S,0.237,-3.109,-3.010,-3.209,3.563,-6.729,-3.109,-3.010,-3.209,3.563,-6.729
E409T,0.237,-3.152,-3.114,-3.191,4.757,-6.633,-3.152,-3.114,-3.191,4.757,-6.633
E409V,0.237,-3.077,-3.070,-3.083,4.213,-6.042,-3.077,-3.070,-3.083,4.213,-6.042
E409W,0.237,-3.718,-3.269,-4.166,6.667,-10.959,-3.718,-3.269,-4.166,6.667,-10.959
E409Y,0.237,-3.576,-3.250,-3.902,6.424,-9.863,-3.576,-3.250,-3.902,6.424,-9.863
T410A,0.237,-2.976,-3.111,-2.841,4.809,-4.445,-2.976,-3.111,-2.841,4.809,-4.445
T410C,0.237,-3.471,-3.300,-3.642,7.009,-8.761,-3.471,-3.300,-3.642,7.009,-8.761
T410D,0.237,-3.793,-3.393,-4.193,8.199,-11.077,-3.793,-3.393,-4.193,8.199,-11.077
T410E,0.237,-3.568,-3.385,-3.752,8.081,-9.226,-3.568,-3.385,-3.752,8.081,-9.226
T410F,0.237,-3.420,-3.240,-3.601,6.279,-8.580,-3.420,-3.240,-3.601,6.279,-8.580
T410G,0.237,-3.618,-3.250,-3.987,6.504,-10.232,-3.618,-3.250,-3.987,6.504,-10.232
T410H,0.237,-3.576,-3.293,-3.858,6.956,-9.684,-3.576,-3.293,-3.858,6.956,-9.684
T410I,0.237,-3.099,-3.191,-3.007,5.679,-5.595,-3.099,-3.191,-3.007,5.679,-5.595
T410K,0.237,-3.324,-3.242,-3.405,6.323,-7.686,-3.324,-3.242,-3.405,6.323,-7.686
T410L,0.237,-3.052,-3.062,-3.042,4.107,-5.801,-3.052,-3.062,-3.042,4.107,-5.801
T410M,0.237,-3.117,-3.321,-2.913,7.259,-4.974,-3.117,-3.321,-2.913,7.259,-4.974
T410N,0.237,-3.389,-3.393,-3.385,8.239,-7.592,-3.389,-3.393,-3.385,8.239,-7.592
T410P,0.237,-3.932,-3.402,-4.463,8.337,-12.192,-3.932,-3.402,-4.463,8.337,-12.192
T410Q,0.237,-3.510,-3.385,-3.636,8.117,-8.731,-3.510,-3.385,-3.636,8.117,-8.731
T410R,0.237,-3.490,-3.392,-3.589,8.200,-8.521,-3.490,-3.392,-3.589,8.200,-8.521
T410S,0.237,-3.173,-3.316,-3.031,7.267,-5.736,-3.173,-3.316,-3.031,7.267,-5.736
T410V,0.237,-3.032,-3.171,-2.894,5.473,-4.832,-3.032,-3.171,-2.894,5.473,-4.832
T410W,0.237,-3.737,-3.395,-4.079,8.228,-10.601,-3.737,-3.395,-4.079,8.228,-10.601
T410Y,0.237,-3.606,-3.373,-3.840,7.866,-9.605,-3.606,-3.373,-3.840,7.866,-9.605
I411A,0.237,-3.752,-3.468,-4.037,9.113,-10.432,-3.752,-3.468,-4.037,9.113,-10.432
I411C,0.237,-3.954,-3.462,-4.446,9.055,-12.129,-3.954,-3.462,-4.446,9.055,-12.129
I411D,0.237,-4.388,-3.483,-5.294,9.355,-15.926,-4.388,-3.483,-5.294,9.355,-15.926
I411E,0.237,-4.198,-3.471,-4.925,9.171,-14.185,-4.198,-3.471,-4.925,9.171,-14.185
I411F,0.237,-3.670,-3.482,-3.859,9.298,-9.684,-3.670,-3.482,-3.859,9.298,-9.684
I411G,0.237,-4.198,-3.474,-4.923,9.187,-14.181,-4.198,-3.474,-4.923,9.187,-14.181
I411H,0.237,-4.206,-3.454,-4.958,8.940,-14.341,-4.206,-3.454,-4.958,8.940,-14.341
I411K,0.237,-3.940,-3.464,-4.416,9.075,-12.005,-3.940,-3.464,-4.416,9.075,-12.005
I411L,0.237,-3.156,-3.222,-3.089,6.021,-6.076,-3.156,-3.222,-3.089,6.021,-6.076
I411M,0.237,-3.262,-3.228,-3.295,6.184,-7.159,-3.262,-3.228,-3.295,6.184,-7.159
I411N,0.237,-4.090,-3.459,-4.721,9.028,-13.292,-4.090,-3.459,-4.721,9.028,-13.292
I411P,0.237,-4.217,-3.465,-4.970,9.074,-14.392,-4.217,-3.465,-4.970,9.074,-14.392
I411Q,0.237,-4.070,-3.451,-4.689,8.903,-13.152,-4.070,-3.451,-4.689,8.903,-13.152
I411R,0.237,-3.947,-3.467,-4.427,9.081,-12.052,-3.947,-3.467,-4.427,9.081,-12.052
I411S,0.237,-3.986,-3.462,-4.510,9.022,-12.390,-3.986,-3.462,-4.510,9.022,-12.390
I411T,0.237,-3.612,-3.450,-3.774,8.923,-9.322,-3.612,-3.450,-3.774,8.923,-9.322
I411V,0.237,-3.024,-3.171,-2.876,5.418,-4.716,-3.024,-3.171,-2.876,5.418,-4.716
I411W,0.237,-4.141,-3.466,-4.816,9.102,-13.708,-4.141,-3.466,-4.816,9.102,-13.708
I411Y,0.237,-4.099,-3.459,-4.738,8.999,-13.369,-4.099,-3.459,-4.738,8.999,-13.369
K412A,0.237,-3.008,-3.040,-2.977,3.840,-5.406,-3.008,-3.040,-2.977,3.840,-5.406
K412C,0.237,-3.370,-3.234,-3.506,6.170,-8.143,-3.370,-3.234,-3.506,6.170,-8.143
K412D,0.237,-3.310,-3.112,-3.507,4.721,-8.158,-3.310,-3.112,-3.507,4.721,-8.158
K412E,0.237,-2.952,-2.886,-3.018,1.967,-5.664,-2.952,-2.886,-3.018,1.967,-5.664
K412F,0.237,-3.603,-3.245,-3.961,6.379,-10.115,-3.603,-3.245,-3.961,6.379,-10.115
K412G,0.237,-3.120,-2.976,-3.263,3.153,-7.007,-3.120,-2.976,-3.263,3.153,-7.007
K412H,0.237,-3.194,-3.222,-3.166,6.015,-6.496,-3.194,-3.222,-3.166,6.015,-6.496
K412I,0.237,-3.320,-3.269,-3.370,6.657,-7.524,-3.320,-3.269,-3.370,6.657,-7.524
K412L,0.237,-3.020,-3.080,-2.961,4.322,-5.306,-3.020,-3.080,-2.961,4.322,-5.306
K412M,0.237,-3.154,-3.214,-3.094,5.948,-6.104,-3.154,-3.214,-3.094,5.948,-6.104
K412N,0.237,-3.050,-3.135,-2.966,4.945,-5.336,-3.050,-3.135,-2.966,4.945,-5.336
K412P,0.237,-3.812,-3.253,-4.370,6.478,-11.808,-3.812,-3.253,-4.370,6.478,-11.808
K412Q,0.237,-2.828,-2.927,-2.729,2.550,-3.375,-2.828,-2.927,-2.729,2.550,-3.375
K412R,0.237,-2.778,-2.900,-2.655,2.208,-1.969,-2.778,-2.900,-2.655,2.208,-1.969
K412S,0.237,-3.064,-3.128,-3.001,4.839,-5.550,-3.064,-3.128,-3.001,4.839,-5.550
K412T,0.237,-3.120,-3.153,-3.087,5.205,-6.064,-3.120,-3.153,-3.087,5.205,-6.064
K412V,0.237,-3.275,-3.217,-3.333,5.962,-7.350,-3.275,-3.217,-3.333,5.962,-7.350
K412W,0.237,-3.460,-3.212,-3.709,5.967,-9.051,-3.460,-3.212,-3.709,5.967,-9.051
K412Y,0.237,-3.555,-3.257,-3.853,6.506,-9.664,-3.555,-3.257,-3.853,6.506,-9.664
K413A,0.237,-2.916,-3.095,-2.736,4.438,-3.457,-2.916,-3.095,-2.736,4.438,-3.457
K413C,0.237,-3.304,-3.209,-3.399,5.995,-7.651,-3.304,-3.209,-3.399,5.995,-7.651
K413D,0.237,-3.332,-3.198,-3.467,5.741,-7.978,-3.332,-3.198,-3.467,5.741,-7.978
K413E,0.237,-2.867,-2.738,-2.996,0.302,-5.524,-2.867,-2.738,-2.996,0.302,-5.524
K413F,0.237,-3.390,-3.193,-3.587,5.693,-8.515,-3.390,-3.193,-3.587,5.693,-8.515
K413G,0.237,-3.101,-3.012,-3.191,3.468,-6.636,-3.101,-3.012,-3.191,3.468,-6.636
K413H,0.237,-3.182,-3.191,-3.173,5.699,-6.546,-3.182,-3.191,-3.173,5.699,-6.546
K413I,0.237,-2.952,-3.026,-2.877,3.680,-4.729,-2.952,-3.026,-2.877,3.680,-4.729
K413L,0.237,-2.932,-3.064,-2.801,4.153,-4.111,-2.932,-3.064,-2.801,4.153,-4.111
K413M,0.237,-2.988,-3.164,-2.811,5.387,-4.186,-2.988,-3.164,-2.811,5.387,-4.186
K413N,0.237,-2.918,-2.999,-2.838,3.421,-4.412,-2.918,-2.999,-2.838,3.421,-4.412
K413P,0.237,-3.757,-3.214,-4.300,5.992,-11.518,-3.757,-3.214,-4.300,5.992,-11.518
K413Q,0.237,-2.853,-2.864,-2.842,1.783,-4.443,-2.853,-2.864,-2.842,1.783,-4.443
K413R,0.237,-2.810,-2.968,-2.651,3.006,-1.361,-2.810,-2.968,-2.651,3.006,-1.361
K413S,0.237,-2.916,-2.922,-2.911,2.500,-4.968,-2.916,-2.922,-2.911,2.500,-4.968
K413T,0.237,-2.950,-3.062,-2.838,4.198,-4.416,-2.950,-3.062,-2.838,4.198,-4.416
K413V,0.237,-2.878,-2.984,-2.771,3.200,-3.815,-2.878,-2.984,-2.771,3.200,-3.815
K413W,0.237,-3.402,-3.227,-3.576,6.124,-8.467,-3.402,-3.227,-3.576,6.124,-8.467
K413Y,0.237,-3.444,-3.209,-3.679,5.950,-8.927,-3.444,-3.209,-3.679,5.950,-8.927
T414A,0.241,-3.218,-3.454,-2.983,8.928,-5.432,-3.218,-3.454,-2.983,8.928,-5.432
T414C,0.241,-3.304,-3.385,-3.224,8.103,-6.798,-3.304,-3.385,-3.224,8.103,-6.798
T414D,0.241,-3.520,-3.429,-3.612,8.619,-8.635,-3.520,-3.429,-3.612,8.619,-8.635
T414E,0.241,-3.522,-3.436,-3.609,8.720,-8.606,-3.522,-3.436,-3.609,8.720,-8.606
T414F,0.241,-3.372,-3.426,-3.319,8.658,-7.270,-3.372,-3.426,-3.319,8.658,-7.270
T414G,0.241,-3.342,-3.391,-3.293,8.142,-7.139,-3.342,-3.391,-3.293,8.142,-7.139
T414H,0.241,-3.422,-3.448,-3.396,8.897,-7.649,-3.422,-3.448,-3.396,8.897,-7.649
T414I,0.241,-2.959,-3.071,-2.847,4.185,-4.487,-2.959,-3.071,-2.847,4.185,-4.487
T414K,0.241,-3.240,-3.347,-3.133,7.616,-6.321,-3.240,-3.347,-3.133,7.616,-6.321
T414L,0.241,-3.026,-3.233,-2.818,6.244,-4.250,-3.026,-3.233,-2.818,6.244,-4.250
T414M,0.241,-3.060,-3.240,-2.879,6.307,-4.736,-3.060,-3.240,-2.879,6.307,-4.736
T414N,0.241,-3.198,-3.444,-2.951,8.783,-5.232,-3.198,-3.444,-2.951,8.783,-5.232
T414P,0.241,-3.617,-3.330,-3.903,7.449,-9.863,-3.617,-3.330,-3.903,7.449,-9.863
T414Q,0.241,-3.364,-3.412,-3.317,8.440,-7.272,-3.364,-3.412,-3.317,8.440,-7.272
T414R,0.241,-3.276,-3.440,-3.112,8.790,-6.215,-3.276,-3.440,-3.112,8.790,-6.215
T414S,0.241,-2.856,-3.060,-2.652,4.106,-1.703,-2.856,-3.060,-2.652,4.106,-1.703
T414V,0.241,-3.148,-3.336,-2.960,7.480,-5.292,-3.148,-3.336,-2.960,7.480,-5.292
T414W,0.241,-3.509,-3.447,-3.571,8.855,-8.447,-3.509,-3.447,-3.571,8.855,-8.447
T414Y,0.241,-3.402,-3.365,-3.438,7.785,-7.841,-3.402,-3.365,-3.438,7.785,-7.841
T415A,0.241,-3.210,-3.440,-2.981,8.725,-5.410,-3.210,-3.440,-2.981,8.725,-5.410
T415C,0.241,-3.437,-3.351,-3.523,7.504,-8.231,-3.437,-3.351,-3.523,7.504,-8.231
T415D,0.241,-3.964,-3.448,-4.481,8.913,-12.276,-3.964,-3.448,-4.481,8.913,-12.276
T415E,0.241,-3.982,-3.447,-4.518,8.886,-12.433,-3.982,-3.447,-4.518,8.886,-12.433
T415F,0.241,-3.863,-3.450,-4.275,8.912,-11.423,-3.863,-3.450,-4.275,8.912,-11.423
T415G,0.241,-3.560,-3.320,-3.799,7.399,-9.439,-3.560,-3.320,-3.799,7.399,-9.439
T415H,0.241,-3.996,-3.466,-4.526,9.102,-12.468,-3.996,-3.466,-4.526,9.102,-12.468
T415I,0.241,-3.259,-3.386,-3.132,8.103,-6.317,-3.259,-3.386,-3.132,8.103,-6.317
T415K,0.241,-3.646,-3.467,-3.824,9.128,-9.541,-3.646,-3.467,-3.824,9.128,-9.541
T415L,0.241,-3.612,-3.422,-3.801,8.559,-9.444,-3.612,-3.422,-3.801,8.559,-9.444
T415M,0.241,-3.425,-3.451,-3.399,8.931,-7.649,-3.425,-3.451,-3.399,8.931,-7.649
T415N,0.241,-3.582,-3.478,-3.686,9.265,-8.944,-3.582,-3.478,-3.686,9.265,-8.944
T415P,0.241,-3.853,-3.469,-4.237,9.173,-11.258,-3.853,-3.469,-4.237,9.173,-11.258
T415Q,0.241,-3.939,-3.451,-4.427,8.921,-12.043,-3.939,-3.451,-4.427,8.921,-12.043
T415R,0.241,-3.708,-3.472,-3.943,9.225,-10.039,-3.708,-3.472,-3.943,9.225,-10.039
T415S,0.241,-2.915,-3.036,-2.794,3.891,-4.029,-2.915,-3.036,-2.794,3.891,-4.029
T415V,0.241,-3.431,-3.458,-3.404,9.041,-7.678,-3.431,-3.458,-3.404,9.041,-7.678
T415W,0.241,-3.992,-3.462,-4.523,9.109,-12.450,-3.992,-3.462,-4.523,9.109,-12.450
T415Y,0.241,-3.963,-3.449,-4.477,8.885,-12.264,-3.963,-3.449,-4.477,8.885,-12.264
K416A,0.241,-3.744,-3.417,-4.072,8.526,-10.580,-3.744,-3.417,-4.072,8.526,-10.580
K416C,0.241,-3.826,-3.444,-4.209,8.855,-11.143,-3.826,-3.444,-4.209,8.855,-11.143
K416D,0.241,-4.217,-3.433,-5.002,8.732,-14.534,-4.217,-3.433,-5.002,8.732,-14.534
K416E,0.241,-3.830,-3.429,-4.230,8.640,-11.234,-3.830,-3.429,-4.230,8.640,-11.234
K416F,0.241,-4.022,-3.405,-4.639,8.378,-12.947,-4.022,-3.405,-4.639,8.378,-12.947
K416G,0.241,-3.821,-3.417,-4.225,8.552,-11.218,-3.821,-3.417,-4.225,8.552,-11.218
K416H,0.241,-3.692,-3.315,-4.069,7.250,-10.570,-3.692,-3.315,-4.069,7.250,-10.570
K416I,0.241,-3.741,-3.424,-4.058,8.603,-10.523,-3.741,-3.424,-4.058,8.603,-10.523
K416L,0.241,-3.685,-3.414,-3.956,8.488,-10.096,-3.685,-3.414,-3.956,8.488,-10.096
K416M,0.241,-3.192,-3.329,-3.054,7.393,-5.871,-3.192,-3.329,-3.054,7.393,-5.871
K416N,0.241,-3.674,-3.342,-4.006,7.729,-10.301,-3.674,-3.342,-4.006,7.729,-10.301
K416P,0.241,-4.044,-3.438,-4.649,8.791,-12.986,-4.044,-3.438,-4.649,8.791,-12.986
K416Q,0.241,-3.286,-3.439,-3.134,8.802,-6.330,-3.286,-3.439,-3.134,8.802,-6.330
K416R,0.241,-2.906,-3.005,-2.806,3.449,-4.157,-2.906,-3.005,-2.806,3.449,-4.157
K416S,0.241,-3.623,-3.400,-3.846,8.313,-9.639,-3.623,-3.400,-3.846,8.313,-9.639
K416T,0.241,-3.566,-3.427,-3.705,8.647,-9.030,-3.566,-3.427,-3.705,8.647,-9.030
K416V,0.241,-3.762,-3.398,-4.127,8.288,-10.804,-3.762,-3.398,-4.127,8.288,-10.804
K416W,0.241,-3.856,-3.447,-4.264,8.903,-11.375,-3.856,-3.447,-4.264,8.903,-11.375
K416Y,0.241,-4.032,-3.406,-4.658,8.424,-13.031,-4.032,-3.406,-4.658,8.424,-13.031
P417A,0.241,-2.999,-3.210,-2.788,5.900,-3.993,-2.999,-3.210,-2.788,5.900,-3.993
P417C,0.241,-3.378,-3.386,-3.369,8.127,-7.510,-3.378,-3.386,-3.369,8.127,-7.510
P417D,0.241,-3.418,-3.424,-3.413,8.587,-7.721,-3.418,-3.424,-3.413,8.587,-7.721
P417E,0.241,-3.320,-3.401,-3.240,8.320,-6.895,-3.320,-3.401,-3.240,8.320,-6.895
P417F,0.241,-3.532,-3.419,-3.645,8.474,-8.773,-3.532,-3.419,-3.645,8.474,-8.773
P417G,0.241,-3.328,-3.408,-3.249,8.381,-6.927,-3.328,-3.408,-3.249,8.381,-6.927
P417H,0.241,-3.172,-3.314,-3.030,7.303,-5.741,-3.172,-3.314,-3.030,7.303,-5.741
P417I,0.241,-3.460,-3.436,-3.483,8.696,-8.051,-3.460,-3.436,-3.483,8.696,-8.051
P417K,0.241,-3.181,-3.174,-3.188,5.457,-6.617,-3.181,-3.174,-3.188,5.457,-6.617
P417L,0.241,-3.121,-3.300,-2.942,7.080,-5.173,-3.121,-3.300,-2.942,7.080,-5.173
P417M,0.241,-3.446,-3.401,-3.491,8.315,-8.097,-3.446,-3.401,-3.491,8.315,-8.097
P417N,0.241,-3.269,-3.294,-3.244,6.984,-6.906,-3.269,-3.294,-3.244,6.984,-6.906
P417Q,0.241,-3.096,-3.372,-2.821,7.958,-4.282,-3.096,-3.372,-2.821,7.958,-4.282
P417R,0.241,-3.005,-3.087,-2.923,4.446,-5.039,-3.005,-3.087,-2.923,4.446,-5.039
P417S,0.241,-3.093,-3.377,-2.809,7.904,-4.181,-3.093,-3.377,-2.809,7.904,-4.181
P417T,0.241,-3.216,-3.374,-3.059,7.919,-5.904,-3.216,-3.374,-3.059,7.919,-5.904
P417V,0.241,-3.328,-3.430,-3.225,8.620,-6.803,-3.328,-3.430,-3.225,8.620,-6.803
P417W,0.241,-3.677,-3.454,-3.900,8.927,-9.861,-3.677,-3.454,-3.900,8.927,-9.861
P417Y,0.241,-3.508,-3.378,-3.638,7.987,-8.741,-3.508,-3.378,-3.638,7.987,-8.741
C418A,0.241,-4.317,-3.540,-5.094,10.084,-14.963,-4.317,-3.540,-5.094,10.084,-14.963
C418D,0.241,-4.375,-3.568,-5.182,10.420,-15.378,-4.375,-3.568,-5.182,10.420,-15.378
C418E,0.241,-4.434,-3.552,-5.317,10.205,-16.047,-4.434,-3.552,-5.317,10.205,-16.047
C418F,0.241,-4.205,-3.539,-4.871,10.047,-13.953,-4.205,-3.539,-4.871,10.047,-13.953
C418G,0.241,-4.212,-3.564,-4.860,10.390,-13.902,-4.212,-3.564,-4.860,10.390,-13.902
C418H,0.241,-4.316,-3.544,-5.089,10.147,-14.935,-4.316,-3.544,-5.089,10.147,-14.935
C418I,0.241,-4.533,-3.555,-5.511,10.263,-17.077,-4.533,-3.555,-5.511,10.263,-17.077
C418K,0.241,-4.437,-3.553,-5.320,10.248,-16.064,-4.437,-3.553,-5.320,10.248,-16.064
C418L,0.241,-4.421,-3.550,-5.291,10.234,-15.915,-4.421,-3.550,-5.291,10.234,-15.915
C418M,0.241,-4.532,-3.560,-5.505,10.355,-17.051,-4.532,-3.560,-5.505,10.355,-17.051
C418N,0.241,-4.306,-3.557,-5.055,10.279,-14.785,-4.306,-3.557,-5.055,10.279,-14.785
C418P,0.241,-4.440,-3.534,-5.347,10.014,-16.195,-4.440,-3.534,-5.347,10.014,-16.195
C418Q,0.241,-4.399,-3.553,-5.245,10.240,-15.688,-4.399,-3.553,-5.245,10.240,-15.688
C418R,0.241,-3.988,-3.558,-4.418,10.275,-12.018,-3.988,-3.558,-4.418,10.275,-12.018
C418S,0.241,-4.137,-3.542,-4.732,10.136,-13.339,-4.137,-3.542,-4.732,10.136,-13.339
C418T,0.241,-4.367,-3.545,-5.189,10.151,-15.415,-4.367,-3.545,-5.189,10.151,-15.415
C418V,0.241,-4.346,-3.397,-5.295,8.363,-15.929,-4.346,-3.397,-5.295,8.363,-15.929
C418W,0.241,-4.244,-3.542,-4.945,10.130,-14.276,-4.244,-3.542,-4.945,10.130,-14.276
C418Y,0.241,-3.970,-3.534,-4.405,9.998,-11.957,-3.970,-3.534,-4.405,9.998,-11.957
P419A,0.241,-3.518,-3.608,-3.429,10.928,-7.798,-3.518,-3.608,-3.429,10.928,-7.798
P419C,0.241,-3.837,-3.593,-4.081,10.768,-10.615,-3.837,-3.593,-4.081,10.768,-10.615
P419D,0.241,-4.212,-3.600,-4.824,10.856,-13.741,-4.212,-3.600,-4.824,10.856,-13.741
P419E,0.241,-4.081,-3.584,-4.578,10.609,-12.683,-4.081,-3.584,-4.578,10.609,-12.683
P419F,0.241,-3.968,-3.593,-4.343,10.774,-11.697,-3.968,-3.593,-4.343,10.774,-11.697
P419G,0.241,-3.824,-3.600,-4.048,10.831,-10.479,-3.824,-3.600,-4.048,10.831,-10.479
P419H,0.241,-3.724,-3.593,-3.854,10.741,-9.674,-3.724,-3.593,-3.854,10.741,-9.674
P419I,0.241,-3.770,-3.590,-3.949,10.693,-10.061,-3.770,-3.590,-3.949,10.693,-10.061
P419K,0.241,-4.036,-3.593,-4.480,10.748,-12.267,-4.036,-3.593,-4.480,10.748,-12.267
P419L,0.241,-3.574,-3.588,-3.560,10.735,-8.391,-3.574,-3.588,-3.560,10.735,-8.391
P419M,0.241,-3.930,-3.577,-4.284,10.556,-11.454,-3.930,-3.577,-4.284,10.556,-11.454
P419N,0.241,-4.013,-3.590,-4.436,10.733,-12.091,-4.013,-3.590,-4.436,10.733,-12.091
P419Q,0.241,-3.740,-3.593,-3.888,10.754,-9.806,-3.740,-3.593,-3.888,10.754,-9.806
P419R,0.241,-3.782,-3.577,-3.988,10.529,-10.228,-3.782,-3.577,-3.988,10.529,-10.228
P419S,0.241,-3.528,-3.607,-3.449,10.933,-7.893,-3.528,-3.607,-3.449,10.933,-7.893
P419T,0.241,-3.645,-3.592,-3.698,10.747,-9.008,-3.645,-3.592,-3.698,10.747,-9.008
P419V,0.241,-3.623,-3.573,-3.673,10.468,-8.892,-3.623,-3.573,-3.673,10.468,-8.892
P419W,0.241,-4.044,-3.566,-4.521,10.396,-12.442,-4.044,-3.566,-4.521,10.396,-12.442
P419Y,0.241,-4.002,-3.608,-4.395,10.957,-11.920,-4.002,-3.608,-4.395,10.957,-11.920
R420A,0.241,-3.018,-3.162,-2.875,5.338,-4.725,-3.018,-3.162,-2.875,5.338,-4.725
R420C,0.241,-3.026,-3.109,-2.942,4.683,-5.166,-3.026,-3.109,-2.942,4.683,-5.166
R420D,0.241,-3.208,-3.167,-3.248,5.438,-6.923,-3.208,-3.167,-3.248,5.438,-6.923
R420E,0.241,-3.019,-3.082,-2.956,4.424,-5.256,-3.019,-3.082,-2.956,4.424,-5.256
R420F,0.241,-3.190,-3.148,-3.233,5.177,-6.850,-3.190,-3.148,-3.233,5.177,-6.850
R420G,0.241,-2.800,-2.870,-2.731,1.889,-3.403,-2.800,-2.870,-2.731,1.889,-3.403
R420H,0.241,-2.845,-3.014,-2.676,3.535,-2.564,-2.845,-3.014,-2.676,3.535,-2.564
R420I,0.241,-3.175,-3.143,-3.207,5.115,-6.714,-3.175,-3.143,-3.207,5.115,-6.714
R420K,0.241,-2.708,-2.643,-2.774,-0.826,0.715,-2.708,-2.643,-2.774,-0.826,0.715
R420L,0.241,-2.996,-3.101,-2.891,4.600,-4.814,-2.996,-3.101,-2.891,4.600,-4.814
R420M,0.241,-2.955,-3.052,-2.858,4.013,-4.574,-2.955,-3.052,-2.858,4.013,-4.574
R420N,0.241,-2.734,-2.800,-2.669,1.002,-2.382,-2.734,-2.800,-2.669,1.002,-2.382
R420P,0.241,-3.536,-3.172,-3.899,5.505,-9.855,-3.536,-3.172,-3.899,5.505,-9.855
R420Q,0.241,-2.720,-2.788,-2.652,0.848,-1.432,-2.720,-2.788,-2.652,0.848,-1.432
R420S,0.241,-2.804,-2.930,-2.678,2.604,-2.555,-2.804,-2.930,-2.678,2.604,-2.555
R420T,0.241,-2.822,-2.935,-2.709,2.632,-3.103,-2.822,-2.935,-2.709,2.632,-3.103
R420V,0.241,-3.064,-3.144,-2.985,5.140,-5.441,-3.064,-3.144,-2.985,5.140,-5.441
R420W,0.241,-3.196,-3.119,-3.272,4.840,-7.049,-3.196,-3.119,-3.272,4.840,-7.049
R420Y,0.241,-3.125,-3.157,-3.092,5.327,-6.089,-3.125,-3.157,-3.092,5.327,-6.089
C421A,0.241,-4.339,-3.437,-5.241,8.836,-15.668,-4.339,-3.437,-5.241,8.836,-15.668
C421D,0.241,-4.204,-3.553,-4.855,10.249,-13.874,-4.204,-3.553,-4.855,10.249,-13.874
C421E,0.241,-4.513,-3.544,-5.482,10.165,-16.913,-4.513,-3.544,-5.482,10.165,-16.913
C421F,0.241,-4.280,-3.556,-5.003,10.289,-14.540,-4.280,-3.556,-5.003,10.289,-14.540
C421G,0.241,-4.116,-3.561,-4.670,10.364,-13.082,-4.116,-3.561,-4.670,10.364,-13.082
C421H,0.241,-4.182,-3.573,-4.792,10.526,-13.601,-4.182,-3.573,-4.792,10.526,-13.601
C421I,0.241,-4.534,-3.560,-5.508,10.375,-17.060,-4.534,-3.560,-5.508,10.375,-17.060
C421K,0.241,-4.398,-3.545,-5.251,10.155,-15.715,-4.398,-3.545,-5.251,10.155,-15.715
C421L,0.241,-4.388,-3.570,-5.206,10.461,-15.495,-4.388,-3.570,-5.206,10.461,-15.495
C421M,0.241,-4.547,-3.537,-5.557,10.064,-17.342,-4.547,-3.537,-5.557,10.064,-17.342
C421N,0.241,-4.306,-3.543,-5.069,10.119,-14.840,-4.306,-3.543,-5.069,10.119,-14.840
C421P,0.241,-4.472,-3.550,-5.393,10.211,-16.437,-4.472,-3.550,-5.393,10.211,-16.437
C421Q,0.241,-4.438,-3.553,-5.324,10.253,-16.079,-4.438,-3.553,-5.324,10.253,-16.079
C421R,0.241,-4.006,-3.563,-4.448,10.338,-12.146,-4.006,-3.563,-4.448,10.338,-12.146
C421S,0.241,-4.134,-3.571,-4.697,10.491,-13.189,-4.134,-3.571,-4.697,10.491,-13.189
C421T,0.241,-4.399,-3.528,-5.270,9.907,-15.809,-4.399,-3.528,-5.270,9.907,-15.809
C421V,0.241,-4.450,-3.551,-5.348,10.226,-16.205,-4.450,-3.551,-5.348,10.226,-16.205
C421W,0.241,-4.114,-3.555,-4.672,10.277,-13.083,-4.114,-3.555,-4.672,10.277,-13.083
C421Y,0.241,-4.037,-3.531,-4.543,9.982,-12.534,-4.037,-3.531,-4.543,9.982,-12.534
H422A,0.241,-2.954,-3.064,-2.843,4.093,-4.442,-2.954,-3.064,-2.843,4.093,-4.442
H422C,0.241,-2.955,-3.123,-2.787,4.899,-3.976,-2.955,-3.123,-2.787,4.899,-3.976
H422D,0.241,-3.110,-3.162,-3.058,5.292,-5.882,-3.110,-3.162,-3.058,5.292,-5.882
H422E,0.241,-3.032,-3.174,-2.889,5.505,-4.822,-3.032,-3.174,-2.889,5.505,-4.822
H422F,0.241,-3.068,-3.163,-2.973,5.400,-5.380,-3.068,-3.163,-2.973,5.400,-5.380
H422G,0.241,-2.788,-2.926,-2.651,2.447,-1.686,-2.788,-2.926,-2.651,2.447,-1.686
H422I,0.241,-3.208,-3.148,-3.267,5.165,-7.015,-3.208,-3.148,-3.267,5.165,-7.015
H422K,0.241,-2.733,-2.803,-2.663,1.014,-0.871,-2.733,-2.803,-2.663,1.014,-0.871
H422L,0.241,-2.892,-3.012,-2.772,3.592,-3.847,-2.892,-3.012,-2.772,3.592,-3.847
H422M,0.241,-2.976,-3.076,-2.876,4.390,-4.705,-2.976,-3.076,-2.876,4.390,-4.705
H422N,0.241,-2.768,-2.878,-2.657,1.955,-1.983,-2.768,-2.878,-2.657,1.955,-1.983
H422P,0.241,-3.289,-3.161,-3.417,5.349,-7.744,-3.289,-3.161,-3.417,5.349,-7.744
H422Q,0.241,-2.776,-2.831,-2.721,1.452,0.185,-2.776,-2.831,-2.721,1.452,0.185
H422R,0.241,-2.785,-2.799,-2.771,0.958,0.691,-2.785,-2.799,-2.771,0.958,0.691
H422S,0.241,-2.772,-2.879,-2.664,1.922,-2.286,-2.772,-2.879,-2.664,1.922,-2.286
H422T,0.241,-3.044,-3.173,-2.914,5.466,-4.985,-3.044,-3.173,-2.914,5.466,-4.985
H422V,0.241,-3.186,-3.189,-3.184,5.652,-6.591,-3.186,-3.189,-3.184,5.652,-6.591
H422W,0.241,-3.052,-3.159,-2.946,5.325,-5.194,-3.052,-3.159,-2.946,5.325,-5.194
H422Y,0.241,-3.048,-3.149,-2.947,5.199,-5.189,-3.048,-3.149,-2.947,5.199,-5.189
V423A,0.241,-2.876,-3.079,-2.672,4.345,-2.469,-2.876,-3.079,-2.672,4.345,-2.469
V423C,0.241,-3.227,-3.289,-3.165,6.882,-6.493,-3.227,-3.289,-3.165,6.882,-6.493
V423D,0.241,-3.623,-3.402,-3.844,8.341,-9.625,-3.623,-3.402,-3.844,8.341,-9.625
V423E,0.241,-3.414,-3.378,-3.450,8.033,-7.902,-3.414,-3.378,-3.450,8.033,-7.902
V423F,0.241,-3.238,-3.378,-3.099,8.012,-6.129,-3.238,-3.378,-3.099,8.012,-6.129
V423G,0.241,-3.303,-3.384,-3.222,8.083,-6.790,-3.303,-3.384,-3.222,8.083,-6.790
V423H,0.241,-3.364,-3.368,-3.361,7.914,-7.479,-3.364,-3.368,-3.361,7.914,-7.479
V423I,0.241,-2.876,-3.100,-2.653,4.634,-1.796,-2.876,-3.100,-2.653,4.634,-1.796
V423K,0.241,-3.234,-3.378,-3.089,8.035,-6.071,-3.234,-3.378,-3.089,8.035,-6.071
V423L,0.241,-3.098,-3.369,-2.827,7.916,-4.319,-3.098,-3.369,-2.827,7.916,-4.319
V423M,0.241,-3.079,-3.385,-2.773,8.133,-3.833,-3.079,-3.385,-2.773,8.133,-3.833
V423N,0.241,-3.245,-3.390,-3.099,8.132,-6.128,-3.245,-3.390,-3.099,8.132,-6.128
V423P,0.241,-3.788,-3.394,-4.182,8.241,-11.033,-3.788,-3.394,-4.182,8.241,-11.033
V423Q,0.241,-3.266,-3.397,-3.135,8.263,-6.339,-3.266,-3.397,-3.135,8.263,-6.339
V423R,0.241,-3.224,-3.373,-3.074,7.920,-5.986,-3.224,-3.373,-3.074,7.920,-5.986
V423S,0.241,-3.012,-3.179,-2.844,5.542,-4.460,-3.012,-3.179,-2.844,5.542,-4.460
V423T,0.241,-2.835,-3.019,-2.651,3.589,-1.340,-2.835,-3.019,-2.651,3.589,-1.340
V423W,0.241,-3.442,-3.268,-3.615,6.777,-8.645,-3.442,-3.268,-3.615,6.777,-8.645
V423Y,0.241,-3.414,-3.380,-3.448,8.042,-7.895,-3.414,-3.380,-3.448,8.042,-7.895
P424A,0.241,-3.068,-3.144,-2.992,5.141,-5.504,-3.068,-3.144,-2.992,5.141,-5.504
P424C,0.241,-3.527,-3.451,-3.603,8.917,-8.581,-3.527,-3.451,-3.603,8.917,-8.581
P424D,0.241,-3.922,-3.404,-4.439,8.323,-12.104,-3.922,-3.404,-4.439,8.323,-12.104
P424E,0.241,-3.843,-3.453,-4.232,8.952,-11.246,-3.843,-3.453,-4.232,8.952,-11.246
P424F,0.241,-3.652,-3.441,-3.863,8.796,-9.703,-3.652,-3.441,-3.863,8.796,-9.703
P424G,0.241,-3.560,-3.442,-3.677,8.798,-8.912,-3.560,-3.442,-3.677,8.798,-8.912
P424H,0.241,-3.320,-3.451,-3.188,8.903,-6.610,-3.320,-3.451,-3.188,8.903,-6.610
P424I,0.241,-3.625,-3.432,-3.818,8.727,-9.524,-3.625,-3.432,-3.818,8.727,-9.524
P424K,0.241,-3.492,-3.227,-3.758,6.172,-9.261,-3.492,-3.227,-3.758,6.172,-9.261
P424L,0.241,-3.318,-3.417,-3.219,8.521,-6.774,-3.318,-3.417,-3.219,8.521,-6.774
P424M,0.241,-3.538,-3.314,-3.762,7.259,-9.277,-3.538,-3.314,-3.762,7.259,-9.277
P424N,0.241,-3.378,-3.177,-3.579,5.493,-8.482,-3.378,-3.177,-3.579,5.493,-8.482
P424Q,0.241,-3.259,-3.268,-3.250,6.623,-6.932,-3.259,-3.268,-3.250,6.623,-6.932
P424R,0.241,-3.320,-3.350,-3.290,7.645,-7.127,-3.320,-3.350,-3.290,7.645,-7.127
P424S,0.241,-3.161,-3.331,-2.991,7.410,-5.492,-3.161,-3.331,-2.991,7.410,-5.492
P424T,0.241,-3.317,-3.439,-3.195,8.788,-6.649,-3.317,-3.439,-3.195,8.788,-6.649
P424V,0.241,-3.516,-3.459,-3.574,9.033,-8.458,-3.516,-3.459,-3.574,9.033,-8.458
P424W,0.241,-3.924,-3.415,-4.433,8.428,-12.079,-3.924,-3.415,-4.433,8.428,-12.079
P424Y,0.241,-3.657,-3.439,-3.874,8.768,-9.749,-3.657,-3.439,-3.874,8.768,-9.749
V425A,0.241,-3.070,-3.302,-2.837,7.129,-4.406,-3.070,-3.302,-2.837,7.129,-4.406
V425C,0.241,-3.351,-3.441,-3.261,8.749,-6.991,-3.351,-3.441,-3.261,8.749,-6.991
V425D,0.241,-3.940,-3.416,-4.463,8.479,-12.199,-3.940,-3.416,-4.463,8.479,-12.199
V425E,0.241,-3.786,-3.456,-4.115,8.971,-10.762,-3.786,-3.456,-4.115,8.971,-10.762
V425F,0.241,-3.632,-3.471,-3.792,9.169,-9.400,-3.632,-3.471,-3.792,9.169,-9.400
V425G,0.241,-3.573,-3.453,-3.693,8.961,-8.978,-3.573,-3.453,-3.693,8.961,-8.978
V425H,0.241,-3.968,-3.435,-4.501,8.710,-12.359,-3.968,-3.435,-4.501,8.710,-12.359
V425I,0.241,-2.958,-3.192,-2.725,5.753,-3.328,-2.958,-3.192,-2.725,5.753,-3.328
V425K,0.241,-3.872,-3.465,-4.280,9.079,-11.440,-3.872,-3.465,-4.280,9.079,-11.440
V425L,0.241,-3.399,-3.432,-3.366,8.700,-7.514,-3.399,-3.432,-3.366,8.700,-7.514
V425M,0.241,-3.326,-3.434,-3.218,8.692,-6.777,-3.326,-3.434,-3.218,8.692,-6.777
V425N,0.241,-3.607,-3.442,-3.772,8.822,-9.320,-3.607,-3.442,-3.772,8.822,-9.320
V425P,0.241,-3.771,-3.464,-4.079,9.072,-10.602,-3.771,-3.464,-4.079,9.072,-10.602
V425Q,0.241,-3.801,-3.448,-4.154,8.858,-10.917,-3.801,-3.448,-4.154,8.858,-10.917
V425R,0.241,-3.816,-3.422,-4.209,8.553,-11.151,-3.816,-3.422,-4.209,8.553,-11.151
V425S,0.241,-3.337,-3.438,-3.236,8.770,-6.858,-3.337,-3.438,-3.236,8.770,-6.858
V425T,0.241,-2.834,-3.014,-2.654,3.524,-1.829,-2.834,-3.014,-2.654,3.524,-1.829
V425W,0.241,-4.201,-3.460,-4.942,9.045,-14.268,-4.201,-3.460,-4.942,9.045,-14.268
V425Y,0.241,-3.989,-3.443,-4.536,8.818,-12.505,-3.989,-3.443,-4.536,8.818,-12.505
E426A,0.241,-3.597,-3.456,-3.738,8.929,-9.175,-3.597,-3.456,-3.738,8.929,-9.175
E426C,0.241,-4.118,-3.513,-4.722,9.708,-13.288,-4.118,-3.513,-4.722,9.708,-13.288
E426D,0.241,-3.534,-3.510,-3.558,9.690,-8.390,-3.534,-3.510,-3.558,9.690,-8.390
E426F,0.241,-4.202,-3.517,-4.887,9.766,-14.016,-4.202,-3.517,-4.887,9.766,-14.016
E426G,0.241,-3.786,-3.511,-4.060,9.644,-10.533,-3.786,-3.511,-4.060,9.644,-10.533
E426H,0.241,-3.886,-3.512,-4.260,9.698,-11.357,-3.886,-3.512,-4.260,9.698,-11.357
E426I,0.241,-3.913,-3.535,-4.291,10.002,-11.480,-3.913,-3.535,-4.291,10.002,-11.480
E426K,0.241,-3.827,-3.516,-4.138,9.793,-10.854,-3.827,-3.516,-4.138,9.793,-10.854
E426L,0.241,-3.922,-3.519,-4.326,9.778,-11.628,-3.922,-3.519,-4.326,9.778,-11.628
E426M,0.241,-3.880,-3.513,-4.246,9.731,-11.301,-3.880,-3.513,-4.246,9.731,-11.301
E426N,0.241,-3.916,-3.456,-4.377,8.904,-11.845,-3.916,-3.456,-4.377,8.904,-11.845
E426P,0.241,-4.151,-3.525,-4.777,9.892,-13.535,-4.151,-3.525,-4.777,9.892,-13.535
E426Q,0.241,-3.123,-3.277,-2.969,6.688,-5.355,-3.123,-3.277,-2.969,6.688,-5.355
E426R,0.241,-4.012,-3.536,-4.489,9.985,-12.312,-4.012,-3.536,-4.489,9.985,-12.312
E426S,0.241,-3.762,-3.488,-4.035,9.356,-10.428,-3.762,-3.488,-4.035,9.356,-10.428
E426T,0.241,-3.824,-3.520,-4.127,9.823,-10.795,-3.824,-3.520,-4.127,9.823,-10.795
E426V,0.241,-3.546,-3.363,-3.730,7.916,-9.137,-3.546,-3.363,-3.730,7.916,-9.137
E426W,0.241,-4.341,-3.489,-5.193,9.438,-15.433,-4.341,-3.489,-5.193,9.438,-15.433
E426Y,0.241,-4.227,-3.519,-4.935,9.792,-14.228,-4.227,-3.519,-4.935,9.792,-14.228
K427A,0.241,-4.015,-3.491,-4.539,9.435,-12.520,-4.015,-3.491,-4.539,9.435,-12.520
K427C,0.241,-3.832,-3.487,-4.176,9.328,-11.010,-3.832,-3.487,-4.176,9.328,-11.010
K427D,0.241,-4.236,-3.483,-4.990,9.303,-14.465,-4.236,-3.483,-4.990,9.303,-14.465
K427E,0.241,-3.957,-3.469,-4.445,9.149,-12.126,-3.957,-3.469,-4.445,9.149,-12.126
K427F,0.241,-4.184,-3.487,-4.880,9.364,-13.981,-4.184,-3.487,-4.880,9.364,-13.981
K427G,0.241,-3.934,-3.447,-4.421,8.809,-12.023,-3.934,-3.447,-4.421,8.809,-12.023
K427H,0.241,-3.571,-3.498,-3.644,9.496,-8.766,-3.571,-3.498,-3.644,9.496,-8.766
K427I,0.241,-3.965,-3.500,-4.430,9.535,-12.061,-3.965,-3.500,-4.430,9.535,-12.061
K427L,0.241,-3.654,-3.471,-3.838,9.122,-9.598,-3.654,-3.471,-3.838,9.122,-9.598
K427M,0.241,-3.746,-3.476,-4.016,9.228,-10.350,-3.746,-3.476,-4.016,9.228,-10.350
K427N,0.241,-3.756,-3.483,-4.030,9.285,-10.405,-3.756,-3.483,-4.030,9.285,-10.405
K427P,0.241,-3.961,-3.477,-4.445,9.244,-12.126,-3.961,-3.477,-4.445,9.244,-12.126
K427Q,0.241,-3.558,-3.478,-3.637,9.236,-8.743,-3.558,-3.478,-3.637,9.236,-8.743
K427R,0.241,-2.816,-2.949,-2.684,2.707,-2.737,-2.816,-2.949,-2.684,2.707,-2.737
K427S,0.241,-3.841,-3.489,-4.193,9.372,-11.079,-3.841,-3.489,-4.193,9.372,-11.079
K427T,0.241,-3.867,-3.485,-4.250,9.330,-11.319,-3.867,-3.485,-4.250,9.330,-11.319
K427V,0.241,-4.024,-3.488,-4.560,9.368,-12.610,-4.024,-3.488,-4.560,9.368,-12.610
K427W,0.241,-3.923,-3.454,-4.391,8.926,-11.905,-3.923,-3.454,-4.391,8.926,-11.905
K427Y,0.241,-4.102,-3.491,-4.712,9.397,-13.255,-4.102,-3.491,-4.712,9.397,-13.255
N428A,0.243,-3.192,-3.073,-3.311,4.258,-7.236,-3.192,-3.073,-3.311,4.258,-7.236
N428C,0.243,-3.484,-3.307,-3.662,7.110,-8.844,-3.484,-3.307,-3.662,7.110,-8.844
N428D,0.243,-2.815,-2.942,-2.688,2.706,-2.780,-2.815,-2.942,-2.688,2.706,-2.780
N428E,0.243,-3.375,-3.370,-3.379,7.874,-7.565,-3.375,-3.370,-3.379,7.874,-7.565
N428F,0.243,-3.730,-3.361,-4.100,7.778,-10.691,-3.730,-3.361,-4.100,7.778,-10.691
N428G,0.243,-3.371,-3.347,-3.395,7.632,-7.638,-3.371,-3.347,-3.395,7.632,-7.638
N428H,0.243,-3.359,-3.168,-3.550,5.382,-8.350,-3.359,-3.168,-3.550,5.382,-8.350
N428I,0.243,-3.468,-3.340,-3.595,7.515,-8.550,-3.468,-3.340,-3.595,7.515,-8.550
N428K,0.243,-3.485,-3.314,-3.656,7.210,-8.826,-3.485,-3.314,-3.656,7.210,-8.826
N428L,0.243,-3.554,-3.330,-3.778,7.363,-9.346,-3.554,-3.330,-3.778,7.363,-9.346
N428M,0.243,-3.564,-3.339,-3.790,7.518,-9.401,-3.564,-3.339,-3.790,7.518,-9.401
N428P,0.243,-3.740,-3.242,-4.239,6.389,-11.273,-3.740,-3.242,-4.239,6.389,-11.273
N428Q,0.243,-3.465,-3.349,-3.581,7.651,-8.485,-3.465,-3.349,-3.581,7.651,-8.485
N428R,0.243,-3.587,-3.342,-3.832,7.542,-9.583,-3.587,-3.342,-3.832,7.542,-9.583
N428S,0.243,-2.878,-2.891,-2.864,2.087,-4.622,-2.878,-2.891,-2.864,2.087,-4.622
N428T,0.243,-3.222,-3.271,-3.173,6.682,-6.536,-3.222,-3.271,-3.173,6.682,-6.536
N428V,0.243,-3.504,-3.346,-3.663,7.647,-8.846,-3.504,-3.346,-3.663,7.647,-8.846
N428W,0.243,-3.934,-3.342,-4.527,7.541,-12.470,-3.934,-3.342,-4.527,7.541,-12.470
N428Y,0.243,-3.580,-3.341,-3.819,7.464,-9.517,-3.580,-3.341,-3.819,7.464,-9.517
G429A,0.247,-3.299,-3.365,-3.233,7.798,-6.848,-3.299,-3.365,-3.233,7.798,-6.848
G429C,0.247,-3.696,-3.484,-3.907,9.325,-9.886,-3.696,-3.484,-3.907,9.325,-9.886
G429D,0.247,-3.264,-3.266,-3.263,6.628,-7.002,-3.264,-3.266,-3.263,6.628,-7.002
G429E,0.247,-3.284,-3.350,-3.218,7.538,-6.764,-3.284,-3.350,-3.218,7.538,-6.764
G429F,0.247,-3.808,-3.467,-4.149,9.107,-10.892,-3.808,-3.467,-4.149,9.107,-10.892
G429H,0.247,-3.638,-3.498,-3.779,9.500,-9.348,-3.638,-3.498,-3.779,9.500,-9.348
G429I,0.247,-3.988,-3.505,-4.471,9.597,-12.235,-3.988,-3.505,-4.471,9.597,-12.235
G429K,0.247,-3.729,-3.486,-3.971,9.318,-10.163,-3.729,-3.486,-3.971,9.318,-10.163
G429L,0.247,-3.742,-3.499,-3.984,9.525,-10.209,-3.742,-3.499,-3.984,9.525,-10.209
G429M,0.247,-3.731,-3.492,-3.970,9.436,-10.151,-3.731,-3.492,-3.970,9.436,-10.151
G429N,0.247,-3.576,-3.516,-3.636,9.753,-8.733,-3.576,-3.516,-3.636,9.753,-8.733
G429P,0.247,-4.065,-3.511,-4.619,9.687,-12.867,-4.065,-3.511,-4.619,9.687,-12.867
G429Q,0.247,-3.538,-3.475,-3.600,9.135,-8.572,-3.538,-3.475,-3.600,9.135,-8.572
G429R,0.247,-3.564,-3.512,-3.616,9.668,-8.646,-3.564,-3.512,-3.616,9.668,-8.646
G429S,0.247,-3.331,-3.385,-3.277,8.055,-7.070,-3.331,-3.385,-3.277,8.055,-7.070
G429T,0.247,-3.726,-3.496,-3.956,9.458,-10.092,-3.726,-3.496,-3.956,9.458,-10.092
G429V,0.247,-3.761,-3.486,-4.035,9.332,-10.430,-3.761,-3.486,-4.035,9.332,-10.430
G429W,0.247,-3.798,-3.488,-4.109,9.375,-10.730,-3.798,-3.488,-4.109,9.375,-10.730
G429Y,0.247,-3.801,-3.488,-4.113,9.310,-10.743,-3.801,-3.488,-4.113,9.310,-10.743
G430A,0.268,-3.596,-3.493,-3.700,9.400,-9.013,-3.596,-3.493,-3.700,9.400,-9.013
G430C,0.268,-3.894,-3.541,-4.248,10.078,-11.309,-3.894,-3.541,-4.248,10.078,-11.309
G430D,0.268,-3.672,-3.527,-3.817,9.882,-9.510,-3.672,-3.527,-3.817,9.882,-9.510
G430E,0.268,-3.825,-3.517,-4.133,9.754,-10.833,-3.825,-3.517,-4.133,9.754,-10.833
G430F,0.268,-4.257,-3.513,-5.001,9.745,-14.534,-4.257,-3.513,-5.001,9.745,-14.534
G430H,0.268,-4.114,-3.526,-4.702,9.897,-13.210,-4.114,-3.526,-4.702,9.897,-13.210
G430I,0.268,-4.354,-3.555,-5.152,10.274,-15.231,-4.354,-3.555,-5.152,10.274,-15.231
G430K,0.268,-4.032,-3.441,-4.624,8.852,-12.878,-4.032,-3.441,-4.624,8.852,-12.878
G430L,0.268,-4.161,-3.513,-4.809,9.722,-13.681,-4.161,-3.513,-4.809,9.722,-13.681
G430M,0.268,-4.232,-3.544,-4.920,10.089,-14.162,-4.232,-3.544,-4.920,10.089,-14.162
G430N,0.268,-3.767,-3.430,-4.104,8.764,-10.707,-3.767,-3.430,-4.104,8.764,-10.707
G430P,0.268,-4.299,-3.524,-5.074,9.897,-14.867,-4.299,-3.524,-5.074,9.897,-14.867
G430Q,0.268,-4.168,-3.537,-4.799,10.053,-13.632,-4.168,-3.537,-4.799,10.053,-13.632
G430R,0.268,-3.715,-3.518,-3.913,9.787,-9.907,-3.715,-3.518,-3.913,9.787,-9.907
G430S,0.268,-3.650,-3.517,-3.783,9.805,-9.366,-3.650,-3.517,-3.783,9.805,-9.366
G430T,0.268,-4.068,-3.450,-4.685,8.997,-13.138,-4.068,-3.450,-4.685,8.997,-13.138
G430V,0.268,-3.986,-3.527,-4.446,9.913,-12.132,-3.986,-3.527,-4.446,9.913,-12.132
G430W,0.268,-4.080,-3.549,-4.610,10.203,-12.814,-4.080,-3.549,-4.610,10.203,-12.814
G430Y,0.268,-4.217,-3.510,-4.924,9.667,-14.182,-4.217,-3.510,-4.924,9.667,-14.182
C431A,0.282,-4.406,-3.547,-5.265,10.111,-15.791,-4.406,-3.547,-5.265,10.111,-15.791
C431D,0.282,-4.313,-3.559,-5.068,10.314,-14.840,-4.313,-3.559,-5.068,10.314,-14.840
C431E,0.282,-4.595,-3.561,-5.629,10.327,-17.768,-4.595,-3.561,-5.629,10.327,-17.768
C431F,0.282,-4.362,-3.567,-5.157,10.442,-15.256,-4.362,-3.567,-5.157,10.442,-15.256
C431G,0.282,-4.214,-3.563,-4.866,10.371,-13.924,-4.214,-3.563,-4.866,10.371,-13.924
C431H,0.282,-4.278,-3.548,-5.009,10.158,-14.567,-4.278,-3.548,-5.009,10.158,-14.567
C431I,0.282,-4.646,-3.565,-5.727,10.380,-18.388,-4.646,-3.565,-5.727,10.380,-18.388
C431K,0.282,-4.492,-3.568,-5.416,10.443,-16.553,-4.492,-3.568,-5.416,10.443,-16.553
C431L,0.282,-4.515,-3.560,-5.470,10.311,-16.847,-4.515,-3.560,-5.470,10.311,-16.847
C431M,0.282,-4.589,-3.550,-5.629,10.188,-17.769,-4.589,-3.550,-5.629,10.188,-17.769
C431N,0.282,-4.214,-3.557,-4.872,10.317,-13.954,-4.214,-3.557,-4.872,10.317,-13.954
C431P,0.282,-4.518,-3.547,-5.488,10.178,-16.949,-4.518,-3.547,-5.488,10.178,-16.949
C431Q,0.282,-4.474,-3.530,-5.419,9.933,-16.579,-4.474,-3.530,-5.419,9.933,-16.579
C431R,0.282,-4.100,-3.545,-4.654,10.143,-13.005,-4.100,-3.545,-4.654,10.143,-13.005
C431S,0.282,-4.088,-3.497,-4.678,9.618,-13.106,-4.088,-3.497,-4.678,9.618,-13.106
C431T,0.282,-4.451,-3.479,-5.423,9.329,-16.603,-4.451,-3.479,-5.423,9.329,-16.603
C431V,0.282,-4.482,-3.558,-5.407,10.280,-16.509,-4.482,-3.558,-5.407,10.280,-16.509
C431W,0.282,-4.280,-3.536,-5.025,10.030,-14.630,-4.280,-3.536,-5.025,10.030,-14.630
C431Y,0.282,-4.107,-3.530,-4.684,9.933,-13.126,-4.107,-3.530,-4.684,9.933,-13.126
M432A,0.288,-3.710,-3.415,-4.005,8.335,-10.295,-3.710,-3.415,-4.005,8.335,-10.295
M432C,0.288,-3.990,-3.481,-4.499,9.314,-12.348,-3.990,-3.481,-4.499,9.314,-12.348
M432D,0.288,-3.957,-3.502,-4.412,9.537,-11.986,-3.957,-3.502,-4.412,9.537,-11.986
M432E,0.288,-3.992,-3.479,-4.506,9.272,-12.384,-3.992,-3.479,-4.506,9.272,-12.384
M432F,0.288,-3.735,-3.489,-3.981,9.388,-10.202,-3.735,-3.489,-3.981,9.388,-10.202
M432G,0.288,-4.022,-3.494,-4.551,9.464,-12.570,-4.022,-3.494,-4.551,9.464,-12.570
M432H,0.288,-3.943,-3.502,-4.384,9.552,-11.874,-3.943,-3.502,-4.384,9.552,-11.874
M432I,0.288,-3.458,-3.513,-3.403,9.712,-7.672,-3.458,-3.513,-3.403,9.712,-7.672
M432K,0.288,-3.676,-3.490,-3.863,9.367,-9.708,-3.676,-3.490,-3.863,9.367,-9.708
M432L,0.288,-3.228,-3.514,-2.943,9.707,-5.196,-3.228,-3.514,-2.943,9.707,-5.196
M432N,0.288,-3.298,-3.148,-3.449,5.140,-7.889,-3.298,-3.148,-3.449,5.140,-7.889
M432P,0.288,-3.920,-3.515,-4.325,9.758,-11.621,-3.920,-3.515,-4.325,9.758,-11.621
M432Q,0.288,-3.528,-3.443,-3.614,8.757,-8.645,-3.528,-3.443,-3.614,8.757,-8.645
M432R,0.288,-3.792,-3.494,-4.089,9.430,-10.648,-3.792,-3.494,-4.089,9.430,-10.648
M432S,0.288,-3.657,-3.296,-4.018,6.912,-10.352,-3.657,-3.296,-4.018,6.912,-10.352
M432T,0.288,-3.602,-3.434,-3.770,8.629,-9.317,-3.602,-3.434,-3.770,8.629,-9.317
M432V,0.288,-3.556,-3.518,-3.593,9.742,-8.545,-3.556,-3.518,-3.593,9.742,-8.545
M432W,0.288,-4.052,-3.491,-4.614,9.379,-12.841,-4.052,-3.491,-4.614,9.379,-12.841
M432Y,0.288,-3.868,-3.487,-4.249,9.397,-11.313,-3.868,-3.487,-4.249,9.397,-11.313
H433A,0.290,-3.881,-3.505,-4.257,9.522,-11.348,-3.881,-3.505,-4.257,9.522,-11.348
H433C,0.290,-3.804,-3.575,-4.032,10.504,-10.415,-3.804,-3.575,-4.032,10.504,-10.415
H433D,0.290,-4.122,-3.592,-4.653,10.762,-13.004,-4.122,-3.592,-4.653,10.762,-13.004
H433E,0.290,-4.051,-3.577,-4.525,10.546,-12.457,-4.051,-3.577,-4.525,10.546,-12.457
H433F,0.290,-3.635,-3.555,-3.715,10.254,-9.074,-3.635,-3.555,-3.715,10.254,-9.074
H433G,0.290,-3.976,-3.552,-4.399,10.152,-11.938,-3.976,-3.552,-4.399,10.152,-11.938
H433I,0.290,-3.980,-3.572,-4.388,10.489,-11.887,-3.980,-3.572,-4.388,10.489,-11.887
H433K,0.290,-3.612,-3.572,-3.653,10.495,-8.811,-3.612,-3.572,-3.653,10.495,-8.811
H433L,0.290,-3.684,-3.597,-3.771,10.837,-9.315,-3.684,-3.597,-3.771,10.837,-9.315
H433M,0.290,-3.896,-3.582,-4.211,10.630,-11.150,-3.896,-3.582,-4.211,10.630,-11.150
H433N,0.290,-3.606,-3.517,-3.696,9.838,-8.998,-3.606,-3.517,-3.696,9.838,-8.998
H433P,0.290,-4.084,-3.561,-4.606,10.339,-12.800,-4.084,-3.561,-4.606,10.339,-12.800
H433Q,0.290,-3.477,-3.581,-3.373,10.618,-7.533,-3.477,-3.581,-3.373,10.618,-7.533
H433R,0.290,-3.452,-3.575,-3.330,10.517,-7.322,-3.452,-3.575,-3.330,10.517,-7.322
H433S,0.290,-3.745,-3.560,-3.930,10.291,-9.990,-3.745,-3.560,-3.930,10.291,-9.990
H433T,0.290,-3.963,-3.583,-4.343,10.650,-11.705,-3.963,-3.583,-4.343,10.650,-11.705
H433V,0.290,-3.904,-3.565,-4.244,10.389,-11.287,-3.904,-3.565,-4.244,10.389,-11.287
H433W,0.290,-3.633,-3.574,-3.693,10.510,-8.981,-3.633,-3.574,-3.693,10.510,-8.981
H433Y,0.290,-3.519,-3.581,-3.457,10.579,-7.931,-3.519,-3.581,-3.457,10.579,-7.931
M434A,0.294,-3.892,-3.552,-4.233,10.231,-11.240,-3.892,-3.552,-4.233,10.231,-11.240
M434C,0.294,-4.112,-3.563,-4.661,10.338,-13.047,-4.112,-3.563,-4.661,10.338,-13.047
M434D,0.294,-4.450,-3.538,-5.362,10.030,-16.270,-4.450,-3.538,-5.362,10.030,-16.270
M434E,0.294,-4.300,-3.547,-5.052,10.166,-14.762,-4.300,-3.547,-5.052,10.166,-14.762
M434F,0.294,-3.741,-3.563,-3.919,10.351,-9.937,-3.741,-3.563,-3.919,10.351,-9.937
M434G,0.294,-4.258,-3.539,-4.976,10.025,-14.416,-4.258,-3.539,-4.976,10.025,-14.416
M434H,0.294,-4.395,-3.557,-5.233,10.263,-15.626,-4.395,-3.557,-5.233,10.263,-15.626
M434I,0.294,-3.086,-3.320,-2.853,7.211,-4.540,-3.086,-3.320,-2.853,7.211,-4.540
M434K,0.294,-4.134,-3.544,-4.724,10.100,-13.315,-4.134,-3.544,-4.724,10.100,-13.315
M434L,0.294,-3.375,-3.508,-3.243,9.623,-6.901,-3.375,-3.508,-3.243,9.623,-6.901
M434N,0.294,-4.173,-3.547,-4.799,10.095,-13.628,-4.173,-3.547,-4.799,10.095,-13.628
M434P,0.294,-4.275,-3.554,-4.996,10.261,-14.507,-4.275,-3.554,-4.996,10.261,-14.507
M434Q,0.294,-4.049,-3.541,-4.557,10.071,-12.589,-4.049,-3.541,-4.557,10.071,-12.589
M434R,0.294,-4.152,-3.556,-4.747,10.258,-13.412,-4.152,-3.556,-4.747,10.258,-13.412
M434S,0.294,-4.079,-3.553,-4.605,10.237,-12.800,-4.079,-3.553,-4.605,10.237,-12.800
M434T,0.294,-3.749,-3.551,-3.947,10.222,-10.051,-3.749,-3.551,-3.947,10.222,-10.051
M434V,0.294,-3.348,-3.516,-3.180,9.678,-6.566,-3.348,-3.516,-3.180,9.678,-6.566
M434W,0.294,-4.271,-3.529,-5.013,9.901,-14.581,-4.271,-3.529,-5.013,9.901,-14.581
M434Y,0.294,-4.270,-3.559,-4.980,10.329,-14.440,-4.270,-3.559,-4.980,10.329,-14.440
K435A,0.294,-2.967,-3.008,-2.926,3.446,-5.054,-2.967,-3.008,-2.926,3.446,-5.054
K435C,0.294,-3.205,-3.197,-3.212,5.721,-6.741,-3.205,-3.197,-3.212,5.721,-6.741
K435D,0.294,-3.412,-3.135,-3.689,4.974,-8.958,-3.412,-3.135,-3.689,4.974,-8.958
K435E,0.294,-3.153,-3.124,-3.182,4.861,-6.575,-3.153,-3.124,-3.182,4.861,-6.575
K435F,0.294,-3.309,-3.156,-3.462,5.277,-7.956,-3.309,-3.156,-3.462,5.277,-7.956
K435G,0.294,-3.271,-3.194,-3.348,5.655,-7.411,-3.271,-3.194,-3.348,5.655,-7.411
K435H,0.294,-3.020,-2.962,-3.079,2.805,-6.004,-3.020,-2.962,-3.079,2.805,-6.004
K435I,0.294,-2.864,-2.977,-2.751,3.087,-3.618,-2.864,-2.977,-2.751,3.087,-3.618
K435L,0.294,-2.993,-3.072,-2.914,4.217,-4.988,-2.993,-3.072,-2.914,4.217,-4.988
K435M,0.294,-3.068,-3.225,-2.912,6.019,-4.979,-3.068,-3.225,-2.912,6.019,-4.979
K435N,0.294,-3.091,-3.183,-2.999,5.489,-5.545,-3.091,-3.183,-2.999,5.489,-5.545
K435P,0.294,-3.386,-3.187,-3.585,5.600,-8.512,-3.386,-3.187,-3.585,5.600,-8.512
K435Q,0.294,-2.846,-2.920,-2.772,2.391,-3.838,-2.846,-2.920,-2.772,2.391,-3.838
K435R,0.294,-2.821,-2.982,-2.660,3.064,-2.151,-2.821,-2.982,-2.660,3.064,-2.151
K435S,0.294,-2.954,-3.026,-2.882,3.615,-4.764,-2.954,-3.026,-2.882,3.615,-4.764
K435T,0.294,-2.770,-2.861,-2.679,1.690,-2.644,-2.770,-2.861,-2.679,1.690,-2.644
K435V,0.294,-2.726,-2.797,-2.655,0.932,-1.982,-2.726,-2.797,-2.655,0.932,-1.982
K435W,0.294,-3.455,-3.196,-3.713,5.728,-9.060,-3.455,-3.196,-3.713,5.728,-9.060
K435Y,0.294,-3.423,-3.142,-3.705,5.020,-9.028,-3.423,-3.142,-3.705,5.020,-9.028
C436A,0.296,-4.466,-3.600,-5.332,10.868,-16.125,-4.466,-3.600,-5.332,10.868,-16.125
C436D,0.296,-4.386,-3.571,-5.201,10.467,-15.474,-4.386,-3.571,-5.201,10.467,-15.474
C436E,0.296,-4.588,-3.594,-5.582,10.765,-17.483,-4.588,-3.594,-5.582,10.765,-17.483
C436F,0.296,-4.390,-3.570,-5.209,10.437,-15.510,-4.390,-3.570,-5.209,10.437,-15.510
C436G,0.296,-4.307,-3.586,-5.028,10.685,-14.655,-4.307,-3.586,-5.028,10.685,-14.655
C436H,0.296,-4.294,-3.589,-5.000,10.699,-14.525,-4.294,-3.589,-5.000,10.699,-14.525
C436I,0.296,-4.624,-3.593,-5.654,10.728,-17.924,-4.624,-3.593,-5.654,10.728,-17.924
C436K,0.296,-4.527,-3.601,-5.453,10.865,-16.753,-4.527,-3.601,-5.453,10.865,-16.753
C436L,0.296,-4.582,-3.596,-5.567,10.822,-17.391,-4.582,-3.596,-5.567,10.822,-17.391
C436M,0.296,-4.674,-3.585,-5.763,10.642,-18.635,-4.674,-3.585,-5.763,10.642,-18.635
C436N,0.296,-4.353,-3.598,-5.108,10.814,-15.025,-4.353,-3.598,-5.108,10.814,-15.025
C436P,0.296,-4.584,-3.605,-5.563,10.912,-17.377,-4.584,-3.605,-5.563,10.912,-17.377
C436Q,0.296,-4.511,-3.587,-5.435,10.674,-16.661,-4.511,-3.587,-5.435,10.674,-16.661
C436R,0.296,-4.152,-3.588,-4.716,10.668,-13.284,-4.152,-3.588,-4.716,10.668,-13.284
C436S,0.296,-4.194,-3.605,-4.783,10.909,-13.570,-4.194,-3.605,-4.783,10.909,-13.570
C436T,0.296,-4.449,-3.554,-5.344,10.248,-16.186,-4.449,-3.554,-5.344,10.248,-16.186
C436V,0.296,-4.454,-3.565,-5.343,10.428,-16.182,-4.454,-3.565,-5.343,10.428,-16.182
C436W,0.296,-4.244,-3.583,-4.906,10.611,-14.101,-4.244,-3.583,-4.906,10.611,-14.101
C436Y,0.296,-4.174,-3.606,-4.743,10.876,-13.391,-4.174,-3.606,-4.743,10.876,-13.391
P437A,0.296,-3.046,-3.298,-2.794,6.915,-4.021,-3.046,-3.298,-2.794,6.915,-4.021
P437C,0.296,-3.274,-3.337,-3.210,7.503,-6.732,-3.274,-3.337,-3.210,7.503,-6.732
P437D,0.296,-3.460,-3.424,-3.497,8.566,-8.107,-3.460,-3.424,-3.497,8.566,-8.107
P437E,0.296,-3.356,-3.413,-3.298,8.365,-7.179,-3.356,-3.413,-3.298,8.365,-7.179
P437F,0.296,-3.364,-3.419,-3.308,8.470,-7.220,-3.364,-3.419,-3.308,8.470,-7.220
P437G,0.296,-3.178,-3.285,-3.070,6.748,-5.960,-3.178,-3.285,-3.070,6.748,-5.960
P437H,0.296,-3.231,-3.404,-3.058,8.278,-5.894,-3.231,-3.404,-3.058,8.278,-5.894
P437I,0.296,-3.137,-3.320,-2.954,7.208,-5.264,-3.137,-3.320,-2.954,7.208,-5.264
P437K,0.296,-3.246,-3.332,-3.161,7.428,-6.479,-3.246,-3.332,-3.161,7.428,-6.479
P437L,0.296,-3.068,-3.385,-2.750,7.994,-3.610,-3.068,-3.385,-2.750,7.994,-3.610
P437M,0.296,-3.182,-3.341,-3.023,7.547,-5.690,-3.182,-3.341,-3.023,7.547,-5.690
P437N,0.296,-3.304,-3.446,-3.162,8.800,-6.489,-3.304,-3.446,-3.162,8.800,-6.489
P437Q,0.296,-3.128,-3.414,-2.843,8.410,-4.452,-3.128,-3.414,-2.843,8.410,-4.452
P437R,0.296,-3.107,-3.338,-2.876,7.416,-4.721,-3.107,-3.338,-2.876,7.416,-4.721
P437S,0.296,-2.874,-3.025,-2.723,3.637,-3.325,-2.874,-3.025,-2.723,3.637,-3.325
P437T,0.296,-2.878,-3.062,-2.693,4.083,-2.881,-2.878,-3.062,-2.693,4.083,-2.881
P437V,0.296,-3.102,-3.333,-2.872,7.346,-4.685,-3.102,-3.333,-2.872,7.346,-4.685
P437W,0.296,-3.518,-3.444,-3.591,8.808,-8.535,-3.518,-3.444,-3.591,8.808,-8.535
P437Y,0.296,-3.474,-3.431,-3.518,8.665,-8.213,-3.474,-3.431,-3.518,8.665,-8.213
Q438A,0.491,-2.948,-3.183,-2.714,6.210,-3.179,-2.948,-3.183,-2.714,6.210,-3.179
Q438C,0.491,-3.178,-3.213,-3.142,6.549,-6.362,-3.178,-3.213,-3.142,6.549,-6.362
Q438D,0.491,-3.248,-3.242,-3.254,6.836,-6.958,-3.248,-3.242,-3.254,6.836,-6.958
Q438E,0.491,-3.056,-3.218,-2.894,6.602,-4.848,-3.056,-3.218,-2.894,6.602,-4.848
Q438F,0.491,-3.071,-3.159,-2.983,5.968,-5.440,-3.071,-3.159,-2.983,5.968,-5.440
Q438G,0.491,-2.971,-3.095,-2.847,5.305,-4.490,-2.971,-3.095,-2.847,5.305,-4.490
Q438H,0.491,-2.920,-3.163,-2.677,6.001,-2.558,-2.920,-3.163,-2.677,6.001,-2.558
Q438I,0.491,-2.946,-2.974,-2.917,4.039,-4.983,-2.946,-2.974,-2.917,4.039,-4.983
Q438K,0.491,-2.849,-3.024,-2.674,4.538,-2.526,-2.849,-3.024,-2.674,4.538,-2.526
Q438L,0.491,-2.946,-3.169,-2.722,6.076,-3.284,-2.946,-3.169,-2.722,6.076,-3.284
Q438M,0.491,-3.003,-3.196,-2.810,6.358,-4.181,-3.003,-3.196,-2.810,6.358,-4.181
Q438N,0.491,-2.950,-3.155,-2.744,5.914,-3.535,-2.950,-3.155,-2.744,5.914,-3.535
Q438P,0.491,-3.314,-3.158,-3.471,5.952,-7.995,-3.314,-3.158,-3.471,5.952,-7.995
Q438R,0.491,-2.616,-2.559,-2.672,-0.275,-0.596,-2.616,-2.559,-2.672,-0.275,-0.596
Q438S,0.491,-2.944,-3.172,-2.716,6.102,-3.224,-2.944,-3.172,-2.716,6.102,-3.224
Q438T,0.491,-2.998,-3.214,-2.781,6.536,-3.931,-2.998,-3.214,-2.781,6.536,-3.931
Q438V,0.491,-2.854,-2.990,-2.717,4.182,-3.234,-2.854,-2.990,-2.717,4.182,-3.234
Q438W,0.491,-3.091,-3.072,-3.110,5.053,-6.201,-3.091,-3.072,-3.110,5.053,-6.201
Q438Y,0.491,-3.081,-3.212,-2.950,6.525,-5.224,-3.081,-3.212,-2.950,6.525,-5.224
P439A,0.491,-2.774,-2.867,-2.682,2.903,-2.688,-2.774,-2.867,-2.682,2.903,-2.688
P439C,0.491,-3.588,-3.293,-3.882,7.397,-9.787,-3.588,-3.293,-3.882,7.397,-9.787
P439D,0.491,-3.344,-3.280,-3.408,7.258,-7.695,-3.344,-3.280,-3.408,7.258,-7.695
P439E,0.491,-3.215,-3.308,-3.122,7.545,-6.256,-3.215,-3.308,-3.122,7.545,-6.256
P439F,0.491,-3.408,-3.259,-3.558,7.025,-8.382,-3.408,-3.259,-3.558,7.025,-8.382
P439G,0.491,-3.226,-3.235,-3.218,6.764,-6.768,-3.226,-3.235,-3.218,6.764,-6.768
P439H,0.491,-3.290,-3.298,-3.281,7.461,-7.088,-3.290,-3.298,-3.281,7.461,-7.088
P439I,0.491,-3.258,-3.296,-3.220,7.440,-6.783,-3.258,-3.296,-3.220,7.440,-6.783
P439K,0.491,-3.240,-3.217,-3.262,6.567,-7.000,-3.240,-3.217,-3.262,6.567,-7.000
P439L,0.491,-3.072,-3.269,-2.876,7.111,-4.717,-3.072,-3.269,-2.876,7.111,-4.717
P439M,0.491,-3.322,-3.312,-3.332,7.611,-7.340,-3.322,-3.312,-3.332,7.611,-7.340
P439N,0.491,-3.310,-3.250,-3.370,6.913,-7.514,-3.310,-3.250,-3.370,6.913,-7.514
P439Q,0.491,-3.005,-3.091,-2.919,5.257,-5.027,-3.005,-3.091,-2.919,5.257,-5.027
P439R,0.491,-3.191,-3.298,-3.084,7.457,-6.044,-3.191,-3.298,-3.084,7.457,-6.044
P439S,0.491,-2.838,-2.903,-2.772,3.308,-3.832,-2.838,-2.903,-2.772,3.308,-3.832
P439T,0.491,-2.955,-3.036,-2.874,4.675,-4.699,-2.955,-3.036,-2.874,4.675,-4.699
P439V,0.491,-3.104,-3.306,-2.903,7.540,-4.915,-3.104,-3.306,-2.903,7.540,-4.915
P439W,0.491,-3.572,-3.311,-3.834,7.588,-9.571,-3.572,-3.311,-3.834,7.588,-9.571
P439Y,0.491,-3.498,-3.284,-3.713,7.299,-9.060,-3.498,-3.284,-3.713,7.299,-9.060
Q440A,0.300,-3.102,-3.281,-2.923,6.802,-5.044,-3.102,-3.281,-2.923,6.802,-5.044
Q440C,0.300,-3.345,-3.326,-3.364,7.374,-7.480,-3.345,-3.326,-3.364,7.374,-7.480
Q440D,0.300,-3.250,-3.362,-3.137,7.766,-6.348,-3.250,-3.362,-3.137,7.766,-6.348
Q440E,0.300,-3.134,-3.326,-2.943,7.374,-5.189,-3.134,-3.326,-2.943,7.374,-5.189
Q440F,0.300,-3.414,-3.297,-3.531,6.954,-8.257,-3.414,-3.297,-3.531,6.954,-8.257
Q440G,0.300,-2.930,-3.121,-2.739,4.857,-3.484,-2.930,-3.121,-2.739,4.857,-3.484
Q440H,0.300,-3.016,-3.266,-2.765,6.520,-3.761,-3.016,-3.266,-2.765,6.520,-3.761
Q440I,0.300,-3.428,-3.269,-3.586,6.555,-8.516,-3.428,-3.269,-3.586,6.555,-8.516
Q440K,0.300,-3.000,-3.176,-2.823,5.495,-4.292,-3.000,-3.176,-2.823,5.495,-4.292
Q440L,0.300,-2.948,-3.033,-2.864,3.795,-4.619,-2.948,-3.033,-2.864,3.795,-4.619
Q440M,0.300,-3.194,-3.289,-3.099,6.955,-6.137,-3.194,-3.289,-3.099,6.955,-6.137
Q440N,0.300,-3.008,-3.142,-2.875,5.043,-4.698,-3.008,-3.142,-2.875,5.043,-4.698
Q440P,0.300,-3.250,-3.332,-3.168,7.409,-6.500,-3.250,-3.332,-3.168,7.409,-6.500
Q440R,0.300,-2.826,-2.950,-2.701,2.773,-2.993,-2.826,-2.950,-2.701,2.773,-2.993
Q440S,0.300,-2.906,-2.973,-2.838,3.113,-4.419,-2.906,-2.973,-2.838,3.113,-4.419
Q440T,0.300,-3.159,-3.270,-3.048,6.753,-5.833,-3.159,-3.270,-3.048,6.753,-5.833
Q440V,0.300,-3.190,-3.112,-3.268,4.721,-7.022,-3.190,-3.112,-3.268,4.721,-7.022
Q440W,0.300,-3.401,-3.319,-3.483,7.235,-8.048,-3.401,-3.319,-3.483,7.235,-8.048
Q440Y,0.300,-3.391,-3.339,-3.442,7.489,-7.867,-3.391,-3.339,-3.442,7.489,-7.867
C441A,0.296,-4.247,-3.602,-4.892,10.893,-14.045,-4.247,-3.602,-4.892,10.893,-14.045
C441D,0.296,-4.080,-3.593,-4.568,10.754,-12.636,-4.080,-3.593,-4.568,10.754,-12.636
C441E,0.296,-4.220,-3.583,-4.858,10.655,-13.880,-4.220,-3.583,-4.858,10.655,-13.880
C441F,0.296,-4.180,-3.577,-4.783,10.532,-13.551,-4.180,-3.577,-4.783,10.532,-13.551
C441G,0.296,-3.956,-3.606,-4.305,10.906,-11.539,-3.956,-3.606,-4.305,10.906,-11.539
C441H,0.296,-4.067,-3.600,-4.534,10.861,-12.498,-4.067,-3.600,-4.534,10.861,-12.498
C441I,0.296,-4.464,-3.593,-5.336,10.756,-16.134,-4.464,-3.593,-5.336,10.756,-16.134
C441K,0.296,-4.227,-3.590,-4.864,10.723,-13.912,-4.227,-3.590,-4.864,10.723,-13.912
C441L,0.296,-4.371,-3.599,-5.143,10.836,-15.185,-4.371,-3.599,-5.143,10.836,-15.185
C441M,0.296,-4.504,-3.593,-5.416,10.753,-16.556,-4.504,-3.593,-5.416,10.753,-16.556
C441N,0.296,-4.121,-3.585,-4.657,10.642,-13.025,-4.121,-3.585,-4.657,10.642,-13.025
C441P,0.296,-4.220,-3.565,-4.876,10.418,-13.969,-4.220,-3.565,-4.876,10.418,-13.969
C441Q,0.296,-4.245,-3.610,-4.880,10.958,-13.991,-4.245,-3.610,-4.880,10.958,-13.991
C441R,0.296,-3.920,-3.597,-4.242,10.788,-11.278,-3.920,-3.597,-4.242,10.788,-11.278
C441S,0.296,-3.962,-3.583,-4.340,10.617,-11.689,-3.962,-3.583,-4.340,10.617,-11.689
C441T,0.296,-4.234,-3.565,-4.903,10.374,-14.083,-4.234,-3.565,-4.903,10.374,-14.083
C441V,0.296,-4.298,-3.584,-5.011,10.658,-14.580,-4.298,-3.584,-5.011,10.658,-14.580
C441W,0.296,-4.128,-3.594,-4.663,10.771,-13.046,-4.128,-3.594,-4.663,10.771,-13.046
C441Y,0.296,-4.000,-3.606,-4.394,10.915,-11.915,-4.000,-3.606,-4.394,10.915,-11.915
R442A,0.296,-3.084,-3.105,-3.063,4.695,-5.917,-3.084,-3.105,-3.063,4.695,-5.917
R442C,0.296,-3.106,-3.190,-3.023,5.691,-5.689,-3.106,-3.190,-3.023,5.691,-5.689
R442D,0.296,-3.200,-3.058,-3.343,4.071,-7.388,-3.200,-3.058,-3.343,4.071,-7.388
R442E,0.296,-3.103,-3.072,-3.134,4.266,-6.327,-3.103,-3.072,-3.134,4.266,-6.327
R442F,0.296,-3.318,-3.215,-3.422,6.021,-7.761,-3.318,-3.215,-3.422,6.021,-7.761
R442G,0.296,-2.784,-2.875,-2.694,1.867,-2.918,-2.784,-2.875,-2.694,1.867,-2.918
R442H,0.296,-2.883,-3.100,-2.667,4.650,-2.336,-2.883,-3.100,-2.667,4.650,-2.336
R442I,0.296,-3.445,-3.238,-3.652,6.268,-8.801,-3.445,-3.238,-3.652,6.268,-8.801
R442K,0.296,-2.684,-2.715,-2.653,0.072,-1.208,-2.684,-2.715,-2.653,0.072,-1.208
R442L,0.296,-2.986,-3.078,-2.894,4.314,-4.851,-2.986,-3.078,-2.894,4.314,-4.851
R442M,0.296,-3.162,-3.258,-3.067,6.530,-5.944,-3.162,-3.258,-3.067,6.530,-5.944
R442N,0.296,-2.906,-3.002,-2.811,3.434,-4.186,-2.906,-3.002,-2.811,3.434,-4.186
R442P,0.296,-3.340,-3.221,-3.458,6.059,-7.944,-3.340,-3.221,-3.458,6.059,-7.944
R442Q,0.296,-2.767,-2.877,-2.657,1.998,-1.970,-2.767,-2.877,-2.657,1.998,-1.970
R442S,0.296,-2.926,-3.012,-2.841,3.531,-4.462,-2.926,-3.012,-2.841,3.531,-4.462
R442T,0.296,-3.126,-3.141,-3.112,5.082,-6.200,-3.126,-3.141,-3.112,5.082,-6.200
R442V,0.296,-3.376,-3.239,-3.514,6.273,-8.187,-3.376,-3.239,-3.514,6.273,-8.187
R442W,0.296,-3.244,-3.214,-3.274,5.973,-7.062,-3.244,-3.214,-3.274,5.973,-7.062
R442Y,0.296,-3.230,-3.170,-3.291,5.526,-7.146,-3.230,-3.170,-3.291,5.526,-7.146
L443A,0.296,-2.764,-2.776,-2.753,0.813,-3.646,-2.764,-2.776,-2.753,0.813,-3.646
L443C,0.296,-2.923,-2.972,-2.874,3.068,-4.699,-2.923,-2.972,-2.874,3.068,-4.699
L443D,0.296,-3.286,-3.072,-3.501,4.314,-8.127,-3.286,-3.072,-3.501,4.314,-8.127
L443E,0.296,-3.173,-3.004,-3.343,3.422,-7.389,-3.173,-3.004,-3.343,3.422,-7.389
L443F,0.296,-2.608,-2.461,-2.754,-2.923,0.537,-2.608,-2.461,-2.754,-2.923,0.537
L443G,0.296,-3.125,-3.076,-3.175,4.340,-6.553,-3.125,-3.076,-3.175,4.340,-6.553
L443H,0.296,-2.838,-2.981,-2.695,3.238,-2.890,-2.838,-2.981,-2.695,3.238,-2.890
L443I,0.296,-2.932,-3.057,-2.806,4.047,-4.144,-2.932,-3.057,-2.806,4.047,-4.144
L443K,0.296,-3.027,-3.016,-3.038,3.590,-5.777,-3.027,-3.016,-3.038,3.590,-5.777
L443M,0.296,-2.798,-2.907,-2.690,2.371,-2.823,-2.798,-2.907,-2.690,2.371,-2.823
L443N,0.296,-2.974,-3.054,-2.895,4.071,-4.847,-2.974,-3.054,-2.895,4.071,-4.847
L443P,0.296,-3.255,-3.046,-3.465,3.992,-7.969,-3.255,-3.046,-3.465,3.992,-7.969
L443Q,0.296,-2.927,-3.054,-2.800,4.097,-4.086,-2.927,-3.054,-2.800,4.097,-4.086
L443R,0.296,-3.004,-3.081,-2.926,4.430,-5.066,-3.004,-3.081,-2.926,4.430,-5.066
L443S,0.296,-2.854,-2.909,-2.800,2.329,-4.081,-2.854,-2.909,-2.800,2.329,-4.081
L443T,0.296,-2.814,-2.881,-2.746,1.993,-3.566,-2.814,-2.881,-2.746,1.993,-3.566
L443V,0.296,-2.852,-3.011,-2.692,3.574,-2.883,-2.852,-3.011,-2.692,3.574,-2.883
L443W,0.296,-3.056,-3.090,-3.023,4.548,-5.682,-3.056,-3.090,-3.023,4.548,-5.682
L443Y,0.296,-2.716,-2.782,-2.649,0.865,-1.455,-2.716,-2.782,-2.649,0.865,-1.455
E444A,0.296,-3.251,-3.367,-3.135,7.848,-6.335,-3.251,-3.367,-3.135,7.848,-6.335
E444C,0.296,-3.514,-3.405,-3.624,8.308,-8.681,-3.514,-3.405,-3.624,8.308,-8.681
E444D,0.296,-2.929,-3.107,-2.751,4.609,-3.625,-2.929,-3.107,-2.751,4.609,-3.625
E444F,0.296,-3.434,-3.410,-3.457,8.413,-7.936,-3.434,-3.410,-3.457,8.413,-7.936
E444G,0.296,-3.380,-3.415,-3.346,8.455,-7.411,-3.380,-3.415,-3.346,8.455,-7.411
E444H,0.296,-2.878,-3.062,-2.693,4.087,-2.891,-2.878,-3.062,-2.693,4.087,-2.891
E444I,0.296,-3.458,-3.428,-3.487,8.620,-8.068,-3.458,-3.428,-3.487,8.620,-8.068
E444K,0.296,-3.345,-3.366,-3.324,7.789,-7.300,-3.345,-3.366,-3.324,7.789,-7.300
E444L,0.296,-3.259,-3.421,-3.097,8.483,-6.122,-3.259,-3.421,-3.097,8.483,-6.122
E444M,0.296,-3.418,-3.402,-3.434,8.293,-7.827,-3.418,-3.402,-3.434,8.293,-7.827
E444N,0.296,-3.100,-3.158,-3.041,5.297,-5.796,-3.100,-3.158,-3.041,5.297,-5.796
E444P,0.296,-3.657,-3.349,-3.964,7.679,-10.131,-3.657,-3.349,-3.964,7.679,-10.131
E444Q,0.296,-2.823,-2.980,-2.666,3.224,-2.351,-2.823,-2.980,-2.666,3.224,-2.351
E444R,0.296,-3.406,-3.386,-3.426,8.074,-7.789,-3.406,-3.386,-3.426,8.074,-7.789
E444S,0.296,-3.220,-3.293,-3.146,6.952,-6.383,-3.220,-3.293,-3.146,6.952,-6.383
E444T,0.296,-3.321,-3.409,-3.233,8.358,-6.849,-3.321,-3.409,-3.233,8.358,-6.849
E444V,0.296,-3.264,-3.411,-3.118,8.399,-6.242,-3.264,-3.411,-3.118,8.399,-6.242
E444W,0.296,-3.618,-3.410,-3.825,8.370,-9.543,-3.618,-3.410,-3.825,8.370,-9.543
E444Y,0.296,-3.316,-3.417,-3.216,8.462,-6.769,-3.316,-3.417,-3.216,8.462,-6.769
W445A,0.296,-4.382,-3.580,-5.185,10.575,-15.392,-4.382,-3.580,-5.185,10.575,-15.392
W445C,0.296,-4.048,-3.589,-4.506,10.708,-12.383,-4.048,-3.589,-4.506,10.708,-12.383
W445D,0.296,-4.604,-3.543,-5.665,10.104,-17.987,-4.604,-3.543,-5.665,10.104,-17.987
W445E,0.296,-4.608,-3.564,-5.651,10.370,-17.904,-4.608,-3.564,-5.651,10.370,-17.904
W445F,0.296,-3.568,-3.479,-3.657,9.246,-8.824,-3.568,-3.479,-3.657,9.246,-8.824
W445G,0.296,-4.332,-3.568,-5.095,10.441,-14.968,-4.332,-3.568,-5.095,10.441,-14.968
W445H,0.296,-4.273,-3.581,-4.965,10.597,-14.367,-4.273,-3.581,-4.965,10.597,-14.367
W445I,0.296,-4.248,-3.580,-4.915,10.589,-14.133,-4.248,-3.580,-4.915,10.589,-14.133
W445K,0.296,-4.512,-3.581,-5.443,10.584,-16.708,-4.512,-3.581,-5.443,10.584,-16.708
W445L,0.296,-4.108,-3.588,-4.628,10.658,-12.898,-4.108,-3.588,-4.628,10.658,-12.898
W445M,0.296,-4.268,-3.562,-4.974,10.325,-14.400,-4.268,-3.562,-4.974,10.325,-14.400
W445N,0.296,-4.466,-3.593,-5.340,10.749,-16.167,-4.466,-3.593,-5.340,10.749,-16.167
W445P,0.296,-4.564,-3.576,-5.553,10.536,-17.309,-4.564,-3.576,-5.553,10.536,-17.309
W445Q,0.296,-4.341,-3.569,-5.112,10.450,-15.044,-4.341,-3.569,-5.112,10.450,-15.044
W445R,0.296,-4.118,-3.560,-4.676,10.316,-13.103,-4.118,-3.560,-4.676,10.316,-13.103
W445S,0.296,-4.130,-3.576,-4.685,10.578,-13.136,-4.130,-3.576,-4.685,10.578,-13.136
W445T,0.296,-4.309,-3.579,-5.039,10.562,-14.707,-4.309,-3.579,-5.039,10.562,-14.707
W445V,0.296,-4.269,-3.550,-4.988,10.186,-14.470,-4.269,-3.550,-4.988,10.186,-14.470
W445Y,0.296,-3.996,-3.557,-4.436,10.276,-12.092,-3.996,-3.557,-4.436,10.276,-12.092
C446A,0.296,-4.434,-3.600,-5.267,10.842,-15.800,-4.434,-3.600,-5.267,10.842,-15.800
C446D,0.296,-4.128,-3.604,-4.653,10.926,-13.001,-4.128,-3.604,-4.653,10.926,-13.001
C446E,0.296,-4.494,-3.593,-5.396,10.752,-16.454,-4.494,-3.593,-5.396,10.752,-16.454
C446F,0.296,-4.182,-3.610,-4.753,10.977,-13.438,-4.182,-3.610,-4.753,10.977,-13.438
C446G,0.296,-4.062,-3.590,-4.535,10.733,-12.503,-4.062,-3.590,-4.535,10.733,-12.503
C446H,0.296,-4.266,-3.587,-4.946,10.648,-14.277,-4.266,-3.587,-4.946,10.648,-14.277
C446I,0.296,-4.536,-3.587,-5.485,10.666,-16.936,-4.536,-3.587,-5.485,10.666,-16.936
C446K,0.296,-4.470,-3.591,-5.349,10.736,-16.206,-4.470,-3.591,-5.349,10.736,-16.206
C446L,0.296,-4.470,-3.567,-5.374,10.393,-16.341,-4.470,-3.567,-5.374,10.393,-16.341
C446M,0.296,-4.622,-3.587,-5.656,10.679,-17.928,-4.622,-3.587,-5.656,10.679,-17.928
C446N,0.296,-4.258,-3.596,-4.921,10.799,-14.173,-4.258,-3.596,-4.921,10.799,-14.173
C446P,0.296,-4.572,-3.595,-5.550,10.774,-17.292,-4.572,-3.595,-5.550,10.774,-17.292
C446Q,0.296,-4.497,-3.583,-5.411,10.585,-16.535,-4.497,-3.583,-5.411,10.585,-16.535
C446R,0.296,-4.105,-3.596,-4.614,10.768,-12.833,-4.105,-3.596,-4.614,10.768,-12.833
C446S,0.296,-4.082,-3.600,-4.564,10.805,-12.635,-4.082,-3.600,-4.564,10.805,-12.635
C446T,0.296,-4.348,-3.577,-5.119,10.557,-15.081,-4.348,-3.577,-5.119,10.557,-15.081
C446V,0.296,-4.382,-3.583,-5.180,10.626,-15.369,-4.382,-3.583,-5.180,10.626,-15.369
C446W,0.296,-4.248,-3.585,-4.910,10.645,-14.122,-4.248,-3.585,-4.910,10.645,-14.122
C446Y,0.296,-4.077,-3.591,-4.562,10.752,-12.618,-4.077,-3.591,-4.562,10.752,-12.618
W447A,0.296,-4.047,-3.537,-4.557,9.996,-12.589,-4.047,-3.537,-4.557,9.996,-12.589
W447C,0.296,-3.833,-3.558,-4.108,10.262,-10.728,-3.833,-3.558,-4.108,10.262,-10.728
W447D,0.296,-4.478,-3.559,-5.398,10.270,-16.471,-4.478,-3.559,-5.398,10.270,-16.471
W447E,0.296,-4.448,-3.565,-5.331,10.349,-16.112,-4.448,-3.565,-5.331,10.349,-16.112
W447F,0.296,-3.602,-3.451,-3.754,8.747,-9.245,-3.602,-3.451,-3.754,8.747,-9.245
W447G,0.296,-3.982,-3.565,-4.399,10.371,-11.928,-3.982,-3.565,-4.399,10.371,-11.928
W447H,0.296,-4.037,-3.557,-4.517,10.256,-12.430,-4.037,-3.557,-4.517,10.256,-12.430
W447I,0.296,-4.286,-3.566,-5.007,10.391,-14.561,-4.286,-3.566,-5.007,10.391,-14.561
W447K,0.296,-4.364,-3.572,-5.157,10.473,-15.259,-4.364,-3.572,-5.157,10.473,-15.259
W447L,0.296,-4.004,-3.569,-4.438,10.418,-12.096,-4.004,-3.569,-4.438,10.418,-12.096
W447M,0.296,-4.210,-3.569,-4.850,10.421,-13.857,-4.210,-3.569,-4.850,10.421,-13.857
W447N,0.296,-4.278,-3.557,-4.998,10.309,-14.517,-4.278,-3.557,-4.998,10.309,-14.517
W447P,0.296,-4.324,-3.575,-5.072,10.483,-14.865,-4.324,-3.575,-5.072,10.483,-14.865
W447Q,0.296,-4.204,-3.597,-4.810,10.781,-13.681,-4.204,-3.597,-4.810,10.781,-13.681
W447R,0.296,-3.781,-3.552,-4.010,10.177,-10.317,-3.781,-3.552,-4.010,10.177,-10.317
W447S,0.296,-3.925,-3.568,-4.282,10.396,-11.444,-3.925,-3.568,-4.282,10.396,-11.444
W447T,0.296,-4.156,-3.554,-4.758,10.217,-13.456,-4.156,-3.554,-4.758,10.217,-13.456
W447V,0.296,-4.177,-3.555,-4.799,10.256,-13.631,-4.177,-3.555,-4.799,10.256,-13.631
W447Y,0.296,-3.574,-3.470,-3.677,9.142,-8.902,-3.574,-3.470,-3.677,9.142,-8.902
N448A,0.296,-2.907,-3.122,-2.692,4.765,-2.849,-2.907,-3.122,-2.692,4.765,-2.849
N448C,0.296,-3.098,-3.117,-3.080,4.686,-6.033,-3.098,-3.117,-3.080,4.686,-6.033
N448D,0.296,-3.096,-3.123,-3.070,4.782,-5.973,-3.096,-3.123,-3.070,4.782,-5.973
N448E,0.296,-3.109,-3.144,-3.073,5.035,-5.988,-3.109,-3.144,-3.073,5.035,-5.988
N448F,0.296,-3.048,-3.037,-3.060,3.810,-5.913,-3.048,-3.037,-3.060,3.810,-5.913
N448G,0.296,-2.938,-3.144,-2.732,5.075,-3.400,-2.938,-3.144,-2.732,5.075,-3.400
N448H,0.296,-2.886,-2.999,-2.774,3.346,-3.851,-2.886,-2.999,-2.774,3.346,-3.851
N448I,0.296,-2.690,-2.703,-2.677,-0.238,-2.575,-2.690,-2.703,-2.677,-0.238,-2.575
N448K,0.296,-2.856,-2.977,-2.736,2.986,-3.434,-2.856,-2.977,-2.736,2.986,-3.434
N448L,0.296,-2.632,-2.601,-2.662,-1.407,-2.226,-2.632,-2.601,-2.662,-1.407,-2.226
N448M,0.296,-2.915,-2.977,-2.853,3.031,-4.536,-2.915,-2.977,-2.853,3.031,-4.536
N448P,0.296,-3.163,-3.113,-3.213,4.726,-6.749,-3.163,-3.113,-3.213,4.726,-6.749
N448Q,0.296,-2.957,-3.135,-2.779,4.947,-3.928,-2.957,-3.135,-2.779,4.947,-3.928
N448R,0.296,-2.940,-3.102,-2.778,4.524,-3.898,-2.940,-3.102,-2.778,4.524,-3.898
N448S,0.296,-2.845,-3.020,-2.670,3.547,-2.435,-2.845,-3.020,-2.670,3.547,-2.435
N448T,0.296,-2.888,-3.084,-2.693,4.329,-2.862,-2.888,-3.084,-2.693,4.329,-2.862
N448V,0.296,-2.738,-2.824,-2.653,1.196,-1.266,-2.738,-2.824,-2.653,1.196,-1.266
N448W,0.296,-3.360,-3.132,-3.588,4.850,-8.523,-3.360,-3.132,-3.588,4.850,-8.523
N448Y,0.296,-3.138,-3.121,-3.154,4.767,-6.428,-3.138,-3.121,-3.154,4.767,-6.428
C449A,0.298,-4.214,-3.588,-4.841,10.679,-13.814,-4.214,-3.588,-4.841,10.679,-13.814
C449D,0.298,-4.124,-3.586,-4.662,10.667,-13.039,-4.124,-3.586,-4.662,10.667,-13.039
C449E,0.298,-4.232,-3.612,-4.853,11.010,-13.867,-4.232,-3.612,-4.853,11.010,-13.867
C449F,0.298,-4.238,-3.584,-4.893,10.623,-14.037,-4.238,-3.584,-4.893,10.623,-14.037
C449G,0.298,-4.060,-3.596,-4.525,10.770,-12.462,-4.060,-3.596,-4.525,10.770,-12.462
C449H,0.298,-4.032,-3.584,-4.479,10.616,-12.275,-4.032,-3.584,-4.479,10.616,-12.275
C449I,0.298,-4.406,-3.565,-5.247,10.371,-15.689,-4.406,-3.565,-5.247,10.371,-15.689
C449K,0.298,-4.289,-3.586,-4.992,10.674,-14.488,-4.289,-3.586,-4.992,10.674,-14.488
C449L,0.298,-4.405,-3.579,-5.230,10.599,-15.618,-4.405,-3.579,-5.230,10.599,-15.618
C449M,0.298,-4.480,-3.596,-5.365,10.802,-16.290,-4.480,-3.596,-5.365,10.802,-16.290
C449N,0.298,-4.238,-3.606,-4.870,10.926,-13.947,-4.238,-3.606,-4.870,10.926,-13.947
C449P,0.298,-4.258,-3.591,-4.925,10.725,-14.181,-4.258,-3.591,-4.925,10.725,-14.181
C449Q,0.298,-4.288,-3.594,-4.983,10.797,-14.451,-4.288,-3.594,-4.983,10.797,-14.451
C449R,0.298,-4.016,-3.590,-4.442,10.718,-12.114,-4.016,-3.590,-4.442,10.718,-12.114
C449S,0.298,-3.972,-3.588,-4.356,10.664,-11.759,-3.972,-3.588,-4.356,10.664,-11.759
C449T,0.298,-4.258,-3.588,-4.927,10.698,-14.197,-4.258,-3.588,-4.927,10.698,-14.197
C449V,0.298,-4.248,-3.593,-4.904,10.747,-14.093,-4.248,-3.593,-4.904,10.747,-14.093
C449W,0.298,-4.278,-3.591,-4.964,10.708,-14.362,-4.278,-3.591,-4.964,10.708,-14.362
C449Y,0.298,-4.060,-3.582,-4.537,10.605,-12.517,-4.060,-3.582,-4.537,10.605,-12.517
G450A,0.298,-2.884,-3.062,-2.706,4.139,-3.072,-2.884,-3.062,-2.706,4.139,-3.072
G450C,0.298,-2.960,-3.021,-2.899,3.640,-4.872,-2.960,-3.021,-2.899,3.640,-4.872
G450D,0.298,-3.174,-3.177,-3.172,5.642,-6.527,-3.174,-3.177,-3.172,5.642,-6.527
G450E,0.298,-2.958,-2.956,-2.959,2.913,-5.294,-2.958,-2.956,-2.959,2.913,-5.294
G450F,0.298,-3.245,-3.194,-3.296,5.774,-7.170,-3.245,-3.194,-3.296,5.774,-7.170
G450H,0.298,-2.942,-2.994,-2.889,3.386,-4.805,-2.942,-2.994,-2.889,3.386,-4.805
G450I,0.298,-3.384,-3.208,-3.559,5.966,-8.393,-3.384,-3.208,-3.559,5.966,-8.393
G450K,0.298,-3.004,-3.186,-2.821,5.658,-4.285,-3.004,-3.186,-2.821,5.658,-4.285
G450L,0.298,-2.869,-3.009,-2.729,3.508,-3.371,-2.869,-3.009,-2.729,3.508,-3.371
G450M,0.298,-3.061,-3.191,-2.932,5.799,-5.114,-3.061,-3.191,-2.932,5.799,-5.114
G450N,0.298,-3.010,-3.197,-2.824,5.794,-4.294,-3.010,-3.197,-2.824,5.794,-4.294
G450P,0.298,-3.587,-3.220,-3.954,6.092,-10.095,-3.587,-3.220,-3.954,6.092,-10.095
G450Q,0.298,-2.796,-2.902,-2.690,2.214,-2.819,-2.796,-2.902,-2.690,2.214,-2.819
G450R,0.298,-2.781,-2.869,-2.693,1.904,-2.889,-2.781,-2.869,-2.693,1.904,-2.889
G450S,0.298,-2.724,-2.781,-2.668,1.002,-2.407,-2.724,-2.781,-2.668,1.002,-2.407
G450T,0.298,-3.100,-3.199,-3.000,5.846,-5.542,-3.100,-3.199,-3.000,5.846,-5.542
G450V,0.298,-3.118,-3.017,-3.219,3.544,-6.771,-3.118,-3.017,-3.219,3.544,-6.771
G450W,0.298,-3.280,-3.207,-3.354,5.979,-7.444,-3.280,-3.207,-3.354,5.979,-7.444
G450Y,0.298,-3.347,-3.199,-3.495,5.787,-8.096,-3.347,-3.199,-3.495,5.787,-8.096
C451A,0.298,-3.012,-2.749,-3.274,0.386,3.536,-3.012,-2.749,-3.274,0.386,3.536
C451D,0.298,-2.762,-2.862,-2.661,1.681,-2.187,-2.762,-2.862,-2.661,1.681,-2.187
C451E,0.298,-2.762,-2.788,-2.737,0.793,0.359,-2.762,-2.788,-2.737,0.793,0.359
C451F,0.298,-2.818,-2.984,-2.652,3.157,-1.402,-2.818,-2.984,-2.652,3.157,-1.402
C451G,0.298,-2.831,-2.916,-2.746,2.398,0.439,-2.831,-2.916,-2.746,2.398,0.439
C451H,0.298,-2.810,-2.966,-2.653,2.970,-1.180,-2.810,-2.966,-2.653,2.970,-1.180
C451I,0.298,-2.776,-2.628,-2.923,-1.030,1.810,-2.776,-2.628,-2.923,-1.030,1.810
C451K,0.298,-2.708,-2.694,-2.721,-0.265,0.176,-2.708,-2.694,-2.721,-0.265,0.176
C451L,0.298,-2.830,-2.643,-3.017,-0.753,2.346,-2.830,-2.643,-3.017,-0.753,2.346
C451M,0.298,-2.792,-2.743,-2.841,0.303,1.268,-2.792,-2.743,-2.841,0.303,1.268
C451N,0.298,-2.787,-2.896,-2.679,2.164,-0.451,-2.787,-2.896,-2.679,2.164,-0.451
C451P,0.298,-2.853,-2.979,-2.727,3.096,-3.383,-2.853,-2.979,-2.727,3.096,-3.383
C451Q,0.298,-2.848,-2.924,-2.772,2.542,0.706,-2.848,-2.924,-2.772,2.542,0.706
C451R,0.298,-2.744,-2.755,-2.734,0.538,0.346,-2.744,-2.755,-2.734,0.538,0.346
C451S,0.298,-2.821,-2.783,-2.859,0.735,1.399,-2.821,-2.783,-2.859,0.735,1.399
C451T,0.298,-2.818,-2.664,-2.971,-0.683,2.090,-2.818,-2.664,-2.971,-0.683,2.090
C451V,0.298,-3.004,-2.581,-3.427,-1.611,4.150,-3.004,-2.581,-3.427,-1.611,4.150
C451W,0.298,-2.855,-2.955,-2.755,2.793,-3.666,-2.855,-2.955,-2.755,2.793,-3.666
C451Y,0.298,-2.820,-2.957,-2.683,2.837,-2.728,-2.820,-2.957,-2.683,2.837,-2.728
E452A,0.298,-3.024,-3.153,-2.894,5.224,-4.849,-3.024,-3.153,-2.894,5.224,-4.849
E452C,0.298,-3.710,-3.419,-4.001,8.481,-10.284,-3.710,-3.419,-4.001,8.481,-10.284
E452D,0.298,-3.046,-3.327,-2.766,7.223,-3.775,-3.046,-3.327,-2.766,7.223,-3.775
E452F,0.298,-3.616,-3.312,-3.919,7.111,-9.935,-3.616,-3.312,-3.919,7.111,-9.935
E452G,0.298,-3.211,-3.262,-3.160,6.507,-6.464,-3.211,-3.262,-3.160,6.507,-6.464
E452H,0.298,-3.372,-3.346,-3.399,7.557,-7.654,-3.372,-3.346,-3.399,7.557,-7.654
E452I,0.298,-3.327,-3.315,-3.338,7.142,-7.363,-3.327,-3.315,-3.338,7.142,-7.363
E452K,0.298,-3.206,-3.266,-3.145,6.583,-6.389,-3.206,-3.266,-3.145,6.583,-6.389
E452L,0.298,-3.236,-3.282,-3.191,6.815,-6.636,-3.236,-3.282,-3.191,6.815,-6.636
E452M,0.298,-3.418,-3.406,-3.429,8.328,-7.794,-3.418,-3.406,-3.429,8.328,-7.794
E452N,0.298,-3.354,-3.433,-3.274,8.643,-7.046,-3.354,-3.433,-3.274,8.643,-7.046
E452P,0.298,-3.070,-3.047,-3.094,3.919,-6.104,-3.070,-3.047,-3.094,3.919,-6.104
E452Q,0.298,-3.048,-3.275,-2.822,6.725,-4.286,-3.048,-3.275,-2.822,6.725,-4.286
E452R,0.298,-3.311,-3.270,-3.352,6.628,-7.429,-3.311,-3.270,-3.352,6.628,-7.429
E452S,0.298,-3.160,-3.195,-3.125,5.652,-6.288,-3.160,-3.195,-3.125,5.652,-6.288
E452T,0.298,-3.194,-3.280,-3.108,6.759,-6.181,-3.194,-3.280,-3.108,6.759,-6.181
E452V,0.298,-3.184,-3.411,-2.957,8.371,-5.277,-3.184,-3.411,-2.957,8.371,-5.277
E452W,0.298,-3.860,-3.426,-4.294,8.570,-11.499,-3.860,-3.426,-4.294,8.570,-11.499
E452Y,0.298,-3.660,-3.415,-3.904,8.434,-9.864,-3.660,-3.415,-3.904,8.434,-9.864
W453A,0.298,-3.959,-3.576,-4.342,10.485,-11.695,-3.959,-3.576,-4.342,10.485,-11.695
W453C,0.298,-3.622,-3.582,-3.663,10.558,-8.852,-3.622,-3.582,-3.663,10.558,-8.852
W453D,0.298,-4.242,-3.575,-4.910,10.507,-14.123,-4.242,-3.575,-4.910,10.507,-14.123
W453E,0.298,-4.264,-3.576,-4.953,10.516,-14.314,-4.264,-3.576,-4.953,10.516,-14.314
W453F,0.298,-3.496,-3.541,-3.452,10.019,-7.901,-3.496,-3.541,-3.452,10.019,-7.901
W453G,0.298,-3.942,-3.568,-4.317,10.404,-11.589,-3.942,-3.568,-4.317,10.404,-11.589
W453H,0.298,-3.831,-3.580,-4.081,10.554,-10.619,-3.831,-3.580,-4.081,10.554,-10.619
W453I,0.298,-3.988,-3.564,-4.411,10.360,-11.979,-3.988,-3.564,-4.411,10.360,-11.979
W453K,0.298,-4.123,-3.580,-4.666,10.552,-13.057,-4.123,-3.580,-4.666,10.552,-13.057
W453L,0.298,-3.683,-3.597,-3.769,10.786,-9.307,-3.683,-3.597,-3.769,10.786,-9.307
W453M,0.298,-3.907,-3.587,-4.228,10.660,-11.228,-3.907,-3.587,-4.228,10.660,-11.228
W453N,0.298,-4.039,-3.580,-4.498,10.592,-12.344,-4.039,-3.580,-4.498,10.592,-12.344
W453P,0.298,-4.264,-3.576,-4.953,10.563,-14.310,-4.264,-3.576,-4.953,10.563,-14.310
W453Q,0.298,-4.052,-3.605,-4.499,10.912,-12.353,-4.052,-3.605,-4.499,10.912,-12.353
W453R,0.298,-3.745,-3.611,-3.878,10.986,-9.769,-3.745,-3.611,-3.878,10.986,-9.769
W453S,0.298,-3.762,-3.590,-3.935,10.696,-10.006,-3.762,-3.590,-3.935,10.696,-10.006
W453T,0.298,-4.012,-3.591,-4.434,10.721,-12.081,-4.012,-3.591,-4.434,10.721,-12.081
W453V,0.298,-3.945,-3.572,-4.318,10.488,-11.597,-3.945,-3.572,-4.318,10.488,-11.597
W453Y,0.298,-3.430,-3.588,-3.272,10.698,-7.046,-3.430,-3.588,-3.272,10.698,-7.046
N454A,0.300,-3.340,-3.433,-3.247,8.685,-6.915,-3.340,-3.433,-3.247,8.685,-6.915
N454C,0.300,-3.496,-3.450,-3.543,8.899,-8.324,-3.496,-3.450,-3.543,8.899,-8.324
N454D,0.300,-3.172,-3.378,-2.965,7.962,-5.336,-3.172,-3.378,-2.965,7.962,-5.336
N454E,0.300,-3.461,-3.408,-3.514,8.370,-8.193,-3.461,-3.408,-3.514,8.370,-8.193
N454F,0.300,-3.783,-3.442,-4.124,8.792,-10.790,-3.783,-3.442,-4.124,8.792,-10.790
N454G,0.300,-3.192,-3.292,-3.091,6.938,-6.095,-3.192,-3.292,-3.091,6.938,-6.095
N454H,0.300,-3.403,-3.461,-3.345,9.040,-7.396,-3.403,-3.461,-3.345,9.040,-7.396
N454I,0.300,-3.463,-3.385,-3.541,8.056,-8.300,-3.463,-3.385,-3.541,8.056,-8.300
N454K,0.300,-3.236,-3.362,-3.110,7.755,-6.191,-3.236,-3.362,-3.110,7.755,-6.191
N454L,0.300,-3.640,-3.449,-3.830,8.878,-9.564,-3.640,-3.449,-3.830,8.878,-9.564
N454M,0.300,-3.605,-3.459,-3.751,9.010,-9.241,-3.605,-3.459,-3.751,9.010,-9.241
N454P,0.300,-3.629,-3.454,-3.804,8.924,-9.455,-3.629,-3.454,-3.804,8.924,-9.455
N454Q,0.300,-3.412,-3.410,-3.415,8.380,-7.739,-3.412,-3.410,-3.415,8.380,-7.739
N454R,0.300,-3.431,-3.447,-3.414,8.817,-7.731,-3.431,-3.447,-3.414,8.817,-7.731
N454S,0.300,-2.886,-3.108,-2.665,4.691,-2.322,-2.886,-3.108,-2.665,4.691,-2.322
N454T,0.300,-2.865,-3.052,-2.678,3.976,-2.621,-2.865,-3.052,-2.678,3.976,-2.621
N454V,0.300,-3.550,-3.481,-3.619,9.282,-8.649,-3.550,-3.481,-3.619,9.282,-8.649
N454W,0.300,-3.959,-3.448,-4.470,8.860,-12.226,-3.959,-3.448,-4.470,8.860,-12.226
N454Y,0.300,-3.688,-3.437,-3.938,8.721,-10.022,-3.688,-3.437,-3.938,8.721,-10.022
R455A,0.300,-3.406,-3.408,-3.404,8.312,-7.677,-3.406,-3.408,-3.404,8.312,-7.677
R455C,0.300,-3.398,-3.390,-3.406,8.119,-7.690,-3.398,-3.390,-3.406,8.119,-7.690
R455D,0.300,-3.660,-3.366,-3.953,7.716,-10.083,-3.660,-3.366,-3.953,7.716,-10.083
R455E,0.300,-3.510,-3.344,-3.676,7.426,-8.910,-3.510,-3.344,-3.676,7.426,-8.910
R455F,0.300,-3.736,-3.435,-4.037,8.694,-10.435,-3.736,-3.435,-4.037,8.694,-10.435
R455G,0.300,-3.426,-3.362,-3.490,7.681,-8.073,-3.426,-3.362,-3.490,7.681,-8.073
R455H,0.300,-3.221,-3.309,-3.133,7.180,-6.319,-3.221,-3.309,-3.133,7.180,-6.319
R455I,0.300,-3.578,-3.365,-3.792,7.789,-9.414,-3.578,-3.365,-3.792,7.789,-9.414
R455K,0.300,-3.147,-3.399,-2.895,8.147,-4.845,-3.147,-3.399,-2.895,8.147,-4.845
R455L,0.300,-3.410,-3.359,-3.461,7.730,-7.962,-3.410,-3.359,-3.461,7.730,-7.962
R455M,0.300,-3.482,-3.313,-3.652,7.222,-8.797,-3.482,-3.313,-3.652,7.222,-8.797
R455N,0.300,-3.423,-3.367,-3.478,7.900,-8.029,-3.423,-3.367,-3.478,7.900,-8.029
R455P,0.300,-3.312,-3.177,-3.447,5.469,-7.886,-3.312,-3.177,-3.447,5.469,-7.886
R455Q,0.300,-3.118,-3.271,-2.966,6.635,-5.342,-3.118,-3.271,-2.966,6.635,-5.342
R455S,0.300,-3.253,-3.270,-3.236,6.546,-6.873,-3.253,-3.270,-3.236,6.546,-6.873
R455T,0.300,-3.256,-3.189,-3.323,5.610,-7.298,-3.256,-3.189,-3.323,5.610,-7.298
R455V,0.300,-3.515,-3.406,-3.624,8.314,-8.685,-3.515,-3.406,-3.624,8.314,-8.685
R455W,0.300,-3.544,-3.437,-3.650,8.716,-8.781,-3.544,-3.437,-3.650,8.716,-8.781
R455Y,0.300,-3.566,-3.366,-3.767,7.891,-9.302,-3.566,-3.366,-3.767,7.891,-9.302
V456A,0.302,-2.828,-2.802,-2.855,1.148,1.352,-2.828,-2.802,-2.855,1.148,1.352
V456C,0.302,-2.859,-2.913,-2.806,2.390,-4.146,-2.859,-2.913,-2.806,2.390,-4.146
V456D,0.302,-2.572,-2.413,-2.732,-3.569,0.302,-2.572,-2.413,-2.732,-3.569,0.302
V456E,0.302,-2.642,-2.513,-2.771,-2.385,0.681,-2.642,-2.513,-2.771,-2.385,0.681
V456F,0.302,-2.867,-2.916,-2.817,2.422,-4.250,-2.867,-2.916,-2.817,2.422,-4.250
V456G,0.302,-2.760,-2.846,-2.675,1.563,-0.510,-2.760,-2.846,-2.675,1.563,-0.510
V456H,0.302,-2.797,-2.927,-2.667,2.537,-2.364,-2.797,-2.927,-2.667,2.537,-2.364
V456I,0.302,-2.784,-2.915,-2.653,2.404,-1.980,-2.784,-2.915,-2.653,2.404,-1.980
V456K,0.302,-2.750,-2.845,-2.656,1.532,-1.054,-2.750,-2.845,-2.656,1.532,-1.054
V456L,0.302,-2.788,-2.910,-2.666,2.423,-2.273,-2.788,-2.910,-2.666,2.423,-2.273
V456M,0.302,-2.802,-2.938,-2.665,2.683,-2.325,-2.802,-2.938,-2.665,2.683,-2.325
V456N,0.302,-2.646,-2.594,-2.699,-1.446,-0.105,-2.646,-2.594,-2.699,-1.446,-0.105
V456P,0.302,-2.825,-2.934,-2.716,2.632,-3.233,-2.825,-2.934,-2.716,2.632,-3.233
V456Q,0.302,-2.687,-2.710,-2.664,-0.025,-0.777,-2.687,-2.710,-2.664,-0.025,-0.777
V456R,0.302,-2.751,-2.850,-2.652,1.651,-1.577,-2.751,-2.850,-2.652,1.651,-1.577
V456S,0.302,-2.742,-2.714,-2.771,0.024,0.689,-2.742,-2.714,-2.771,0.024,0.689
V456T,0.302,-2.706,-2.623,-2.789,-0.969,0.864,-2.706,-2.623,-2.789,-0.969,0.864
V456W,0.302,-2.980,-2.927,-3.034,2.584,-5.752,-2.980,-2.927,-3.034,2.584,-5.752
V456Y,0.302,-2.880,-2.927,-2.832,2.551,-4.361,-2.880,-2.927,-2.832,2.551,-4.361
C457A,0.302,-3.662,-3.576,-3.747,10.532,-9.208,-3.662,-3.576,-3.747,10.532,-9.208
C457D,0.302,-3.932,-3.582,-4.281,10.609,-11.442,-3.932,-3.582,-4.281,10.609,-11.442
C457E,0.302,-4.012,-3.605,-4.420,10.905,-12.018,-4.012,-3.605,-4.420,10.905,-12.018
C457F,0.302,-3.870,-3.582,-4.158,10.599,-10.935,-3.870,-3.582,-4.158,10.599,-10.935
C457G,0.302,-3.665,-3.581,-3.750,10.599,-9.218,-3.665,-3.581,-3.750,10.599,-9.218
C457H,0.302,-3.526,-3.592,-3.460,10.742,-7.937,-3.526,-3.592,-3.460,10.742,-7.937
C457I,0.302,-3.916,-3.597,-4.235,10.789,-11.259,-3.916,-3.597,-4.235,10.789,-11.259
C457K,0.302,-3.920,-3.588,-4.253,10.688,-11.324,-3.920,-3.588,-4.253,10.688,-11.324
C457L,0.302,-3.882,-3.605,-4.158,10.922,-10.933,-3.882,-3.605,-4.158,10.922,-10.933
C457M,0.302,-4.039,-3.580,-4.498,10.610,-12.349,-4.039,-3.580,-4.498,10.610,-12.349
C457N,0.302,-3.659,-3.563,-3.755,10.360,-9.248,-3.659,-3.563,-3.755,10.360,-9.248
C457P,0.302,-3.818,-3.582,-4.055,10.637,-10.506,-3.818,-3.582,-4.055,10.637,-10.506
C457Q,0.302,-3.828,-3.566,-4.091,10.385,-10.669,-3.828,-3.566,-4.091,10.385,-10.669
C457R,0.302,-3.504,-3.583,-3.424,10.623,-7.776,-3.504,-3.583,-3.424,10.623,-7.776
C457S,0.302,-3.499,-3.581,-3.417,10.635,-7.744,-3.499,-3.581,-3.417,10.635,-7.744
C457T,0.302,-3.654,-3.595,-3.713,10.775,-9.059,-3.654,-3.595,-3.713,10.775,-9.059
C457V,0.302,-3.832,-3.598,-4.065,10.809,-10.551,-3.832,-3.598,-4.065,10.809,-10.551
C457W,0.302,-3.933,-3.589,-4.277,10.708,-11.428,-3.933,-3.589,-4.277,10.708,-11.428
C457Y,0.302,-3.811,-3.587,-4.036,10.677,-10.429,-3.811,-3.587,-4.036,10.677,-10.429
M458A,0.302,-3.413,-3.439,-3.387,8.728,-7.597,-3.413,-3.439,-3.387,8.728,-7.597
M458C,0.302,-3.670,-3.425,-3.915,8.609,-9.922,-3.670,-3.425,-3.915,8.609,-9.922
M458D,0.302,-3.837,-3.409,-4.265,8.383,-11.376,-3.837,-3.409,-4.265,8.383,-11.376
M458E,0.302,-3.625,-3.383,-3.866,8.120,-9.716,-3.625,-3.383,-3.866,8.120,-9.716
M458F,0.302,-3.535,-3.420,-3.650,8.501,-8.795,-3.535,-3.420,-3.650,8.501,-8.795
M458G,0.302,-3.620,-3.429,-3.810,8.646,-9.486,-3.620,-3.429,-3.810,8.646,-9.486
M458H,0.302,-3.562,-3.435,-3.688,8.731,-8.966,-3.562,-3.435,-3.688,8.731,-8.966
M458I,0.302,-3.292,-3.418,-3.166,8.486,-6.499,-3.292,-3.418,-3.166,8.486,-6.499
M458K,0.302,-3.399,-3.406,-3.391,8.312,-7.622,-3.399,-3.406,-3.391,8.312,-7.622
M458L,0.302,-3.157,-3.308,-3.007,7.096,-5.580,-3.157,-3.308,-3.007,7.096,-5.580
M458N,0.302,-3.488,-3.435,-3.540,8.714,-8.301,-3.488,-3.435,-3.540,8.714,-8.301
M458P,0.302,-3.680,-3.419,-3.940,8.487,-10.029,-3.680,-3.419,-3.940,8.487,-10.029
M458Q,0.302,-3.014,-2.996,-3.033,3.294,-5.750,-3.014,-2.996,-3.033,3.294,-5.750
M458R,0.302,-3.249,-3.157,-3.341,5.227,-7.376,-3.249,-3.157,-3.341,5.227,-7.376
M458S,0.302,-3.444,-3.390,-3.499,8.092,-8.116,-3.444,-3.390,-3.499,8.092,-8.116
M458T,0.302,-3.203,-3.339,-3.067,7.475,-5.949,-3.203,-3.339,-3.067,7.475,-5.949
M458V,0.302,-3.305,-3.415,-3.195,8.424,-6.665,-3.305,-3.415,-3.195,8.424,-6.665
M458W,0.302,-3.789,-3.428,-4.150,8.622,-10.898,-3.789,-3.428,-4.150,8.622,-10.898
M458Y,0.302,-3.756,-3.423,-4.089,8.524,-10.653,-3.756,-3.423,-4.089,8.524,-10.653
G459A,0.302,-2.994,-3.055,-2.933,4.063,-5.122,-2.994,-3.055,-2.933,4.063,-5.122
G459C,0.302,-3.462,-3.437,-3.488,8.739,-8.062,-3.462,-3.437,-3.488,8.739,-8.062
G459D,0.302,-3.216,-3.248,-3.183,6.347,-6.587,-3.216,-3.248,-3.183,6.347,-6.587
G459E,0.302,-3.186,-3.238,-3.133,6.234,-6.326,-3.186,-3.238,-3.133,6.234,-6.326
G459F,0.302,-3.704,-3.407,-4.001,8.311,-10.288,-3.704,-3.407,-4.001,8.311,-10.288
G459H,0.302,-3.442,-3.457,-3.427,8.960,-7.789,-3.442,-3.457,-3.427,8.960,-7.789
G459I,0.302,-3.818,-3.431,-4.204,8.649,-11.126,-3.818,-3.431,-4.204,8.649,-11.126
G459K,0.302,-3.382,-3.427,-3.336,8.600,-7.357,-3.382,-3.427,-3.336,8.600,-7.357
G459L,0.302,-3.616,-3.437,-3.795,8.722,-9.413,-3.616,-3.437,-3.795,8.722,-9.413
G459M,0.302,-3.632,-3.452,-3.812,8.912,-9.491,-3.632,-3.452,-3.812,8.912,-9.491
G459N,0.302,-3.253,-3.424,-3.082,8.548,-6.038,-3.253,-3.424,-3.082,8.548,-6.038
G459P,0.302,-3.540,-3.440,-3.639,8.766,-8.745,-3.540,-3.440,-3.639,8.766,-8.745
G459Q,0.302,-3.366,-3.455,-3.277,8.992,-7.075,-3.366,-3.455,-3.277,8.992,-7.075
G459R,0.302,-3.131,-3.319,-2.943,7.280,-5.177,-3.131,-3.319,-2.943,7.280,-5.177
G459S,0.302,-3.064,-3.215,-2.914,5.987,-4.982,-3.064,-3.215,-2.914,5.987,-4.982
G459T,0.302,-3.416,-3.424,-3.408,8.544,-7.695,-3.416,-3.424,-3.408,8.544,-7.695
G459V,0.302,-3.532,-3.428,-3.637,8.581,-8.742,-3.532,-3.428,-3.637,8.581,-8.742
G459W,0.302,-3.594,-3.335,-3.853,7.288,-9.662,-3.594,-3.335,-3.853,7.288,-9.662
G459Y,0.302,-3.602,-3.425,-3.779,8.578,-9.356,-3.602,-3.425,-3.779,8.578,-9.356
D460A,0.304,-2.920,-3.038,-2.801,3.761,-4.111,-2.920,-3.038,-2.801,3.761,-4.111
D460C,0.304,-3.419,-3.357,-3.481,7.714,-8.047,-3.419,-3.357,-3.481,7.714,-8.047
D460E,0.304,-3.026,-3.332,-2.719,7.394,-3.271,-3.026,-3.332,-2.719,7.394,-3.271
D460F,0.304,-3.457,-3.337,-3.577,7.444,-8.470,-3.457,-3.337,-3.577,7.444,-8.470
D460G,0.304,-3.104,-3.351,-2.857,7.587,-4.578,-3.104,-3.351,-2.857,7.587,-4.578
D460H,0.304,-3.195,-3.335,-3.055,7.398,-5.875,-3.195,-3.335,-3.055,7.398,-5.875
D460I,0.304,-3.354,-3.217,-3.490,5.996,-8.084,-3.354,-3.217,-3.490,5.996,-8.084
D460K,0.304,-3.263,-3.346,-3.180,7.555,-6.580,-3.263,-3.346,-3.180,7.555,-6.580
D460L,0.304,-3.302,-3.249,-3.354,6.354,-7.450,-3.302,-3.249,-3.354,6.354,-7.450
D460M,0.304,-3.366,-3.330,-3.402,7.350,-7.677,-3.366,-3.330,-3.402,7.350,-7.677
D460N,0.304,-2.751,-2.851,-2.651,1.608,-1.596,-2.751,-2.851,-2.651,1.608,-1.596
D460P,0.304,-3.192,-3.325,-3.059,7.308,-5.910,-3.192,-3.325,-3.059,7.308,-5.910
D460Q,0.304,-3.066,-3.184,-2.949,5.553,-5.221,-3.066,-3.184,-2.949,5.553,-5.221
D460R,0.304,-3.171,-3.219,-3.123,6.069,-6.269,-3.171,-3.219,-3.123,6.069,-6.269
D460S,0.304,-2.850,-2.986,-2.713,3.132,-3.161,-2.850,-2.986,-2.713,3.132,-3.161
D460T,0.304,-2.985,-3.173,-2.797,5.438,-4.050,-2.985,-3.173,-2.797,5.438,-4.050
D460V,0.304,-3.303,-3.335,-3.271,7.392,-7.045,-3.303,-3.335,-3.271,7.392,-7.045
D460W,0.304,-3.565,-3.334,-3.796,7.397,-9.418,-3.565,-3.334,-3.796,7.397,-9.418
D460Y,0.304,-3.319,-3.318,-3.320,7.217,-7.287,-3.319,-3.318,-3.320,7.217,-7.287
H461A,0.304,-4.179,-3.611,-4.747,10.981,-13.409,-4.179,-3.611,-4.747,10.981,-13.409
H461C,0.304,-3.951,-3.580,-4.322,10.609,-11.613,-3.951,-3.580,-4.322,10.609,-11.613
H461D,0.304,-4.104,-3.604,-4.605,10.887,-12.793,-4.104,-3.604,-4.605,10.887,-12.793
H461E,0.304,-4.238,-3.589,-4.888,10.691,-14.021,-4.238,-3.589,-4.888,10.691,-14.021
H461F,0.304,-4.114,-3.597,-4.632,10.841,-12.904,-4.114,-3.597,-4.632,10.841,-12.904
H461G,0.304,-4.158,-3.590,-4.727,10.717,-13.319,-4.158,-3.590,-4.727,10.717,-13.319
H461I,0.304,-4.267,-3.594,-4.940,10.777,-14.252,-4.267,-3.594,-4.940,10.777,-14.252
H461K,0.304,-4.088,-3.594,-4.582,10.761,-12.696,-4.088,-3.594,-4.582,10.761,-12.696
H461L,0.304,-4.040,-3.600,-4.481,10.829,-12.278,-4.040,-3.600,-4.481,10.829,-12.278
H461M,0.304,-4.298,-3.603,-4.992,10.910,-14.489,-4.298,-3.603,-4.992,10.910,-14.489
H461N,0.304,-3.804,-3.583,-4.024,10.634,-10.375,-3.804,-3.583,-4.024,10.634,-10.375
H461P,0.304,-4.060,-3.587,-4.534,10.702,-12.496,-4.060,-3.587,-4.534,10.702,-12.496
H461Q,0.304,-3.816,-3.621,-4.010,11.120,-10.326,-3.816,-3.621,-4.010,11.120,-10.326
H461R,0.304,-3.742,-3.586,-3.897,10.644,-9.848,-3.742,-3.586,-3.897,10.644,-9.848
H461S,0.304,-3.979,-3.596,-4.362,10.793,-11.776,-3.979,-3.596,-4.362,10.793,-11.776
H461T,0.304,-4.128,-3.591,-4.665,10.761,-13.052,-4.128,-3.591,-4.665,10.761,-13.052
H461V,0.304,-4.268,-3.592,-4.944,10.722,-14.273,-4.268,-3.592,-4.944,10.722,-14.273
H461W,0.304,-4.204,-3.609,-4.798,10.949,-13.627,-4.204,-3.609,-4.798,10.949,-13.627
H461Y,0.304,-3.833,-3.597,-4.069,10.778,-10.565,-3.833,-3.597,-4.069,10.778,-10.565
W462A,0.306,-3.928,-3.596,-4.260,10.796,-11.356,-3.928,-3.596,-4.260,10.796,-11.356
W462C,0.306,-3.664,-3.578,-3.750,10.534,-9.223,-3.664,-3.578,-3.750,10.534,-9.223
W462D,0.306,-4.098,-3.578,-4.618,10.577,-12.859,-4.098,-3.578,-4.618,10.577,-12.859
W462E,0.306,-4.096,-3.577,-4.615,10.541,-12.847,-4.096,-3.577,-4.615,10.541,-12.847
W462F,0.306,-3.477,-3.579,-3.375,10.566,-7.542,-3.477,-3.579,-3.375,10.566,-7.542
W462G,0.306,-3.892,-3.603,-4.181,10.856,-11.028,-3.892,-3.603,-4.181,10.856,-11.028
W462H,0.306,-3.807,-3.600,-4.014,10.857,-10.333,-3.807,-3.600,-4.014,10.857,-10.333
W462I,0.306,-3.942,-3.596,-4.287,10.791,-11.466,-3.942,-3.596,-4.287,10.791,-11.466
W462K,0.306,-3.994,-3.590,-4.399,10.753,-11.931,-3.994,-3.590,-4.399,10.753,-11.931
W462L,0.306,-3.642,-3.575,-3.710,10.514,-9.056,-3.642,-3.575,-3.710,10.514,-9.056
W462M,0.306,-3.762,-3.595,-3.928,10.788,-9.980,-3.762,-3.595,-3.928,10.788,-9.980
W462N,0.306,-3.948,-3.597,-4.300,10.818,-11.523,-3.948,-3.597,-4.300,10.818,-11.523
W462P,0.306,-4.026,-3.609,-4.442,10.949,-12.118,-4.026,-3.609,-4.442,10.949,-12.118
W462Q,0.306,-3.823,-3.583,-4.063,10.638,-10.545,-3.823,-3.583,-4.063,10.638,-10.545
W462R,0.306,-3.694,-3.584,-3.805,10.646,-9.458,-3.694,-3.584,-3.805,10.646,-9.458
W462S,0.306,-3.791,-3.598,-3.984,10.816,-10.212,-3.791,-3.598,-3.984,10.816,-10.212
W462T,0.306,-3.949,-3.557,-4.341,10.295,-11.689,-3.949,-3.557,-4.341,10.295,-11.689
W462V,0.306,-3.904,-3.587,-4.220,10.696,-11.188,-3.904,-3.587,-4.220,10.696,-11.188
W462Y,0.306,-3.606,-3.596,-3.617,10.809,-8.647,-3.606,-3.596,-3.617,10.809,-8.647
F463A,0.308,-3.686,-3.560,-3.811,10.307,-9.486,-3.686,-3.560,-3.811,10.307,-9.486
F463C,0.308,-3.503,-3.558,-3.448,10.305,-7.891,-3.503,-3.558,-3.448,10.305,-7.891
F463D,0.308,-3.852,-3.547,-4.158,10.173,-10.929,-3.852,-3.547,-4.158,10.173,-10.929
F463E,0.308,-3.916,-3.558,-4.275,10.291,-11.413,-3.916,-3.558,-4.275,10.291,-11.413
F463G,0.308,-3.762,-3.561,-3.964,10.341,-10.134,-3.762,-3.561,-3.964,10.341,-10.134
F463H,0.308,-3.628,-3.577,-3.679,10.545,-8.917,-3.628,-3.577,-3.679,10.545,-8.917
F463I,0.308,-3.610,-3.573,-3.648,10.468,-8.781,-3.610,-3.573,-3.648,10.468,-8.781
F463K,0.308,-3.826,-3.492,-4.159,9.540,-10.929,-3.826,-3.492,-4.159,9.540,-10.929
F463L,0.308,-3.282,-3.421,-3.144,8.482,-6.381,-3.282,-3.421,-3.144,8.482,-6.381
F463M,0.308,-3.596,-3.562,-3.629,10.361,-8.700,-3.596,-3.562,-3.629,10.361,-8.700
F463N,0.308,-3.640,-3.562,-3.717,10.362,-9.079,-3.640,-3.562,-3.717,10.362,-9.079
F463P,0.308,-3.836,-3.548,-4.124,10.163,-10.791,-3.836,-3.548,-4.124,10.163,-10.791
F463Q,0.308,-3.780,-3.569,-3.991,10.441,-10.247,-3.780,-3.569,-3.991,10.441,-10.247
F463R,0.308,-3.704,-3.568,-3.839,10.427,-9.606,-3.704,-3.568,-3.839,10.427,-9.606
F463S,0.308,-3.524,-3.558,-3.491,10.300,-8.082,-3.524,-3.558,-3.491,10.300,-8.082
F463T,0.308,-3.754,-3.550,-3.959,10.235,-10.109,-3.754,-3.550,-3.959,10.235,-10.109
F463V,0.308,-3.612,-3.563,-3.661,10.409,-8.840,-3.612,-3.563,-3.661,10.409,-8.840
F463W,0.308,-3.569,-3.589,-3.550,10.711,-8.346,-3.569,-3.589,-3.550,10.711,-8.346
F463Y,0.308,-3.284,-3.563,-3.006,10.351,-5.588,-3.284,-3.563,-3.006,10.351,-5.588
D464A,0.805,,,,,,-3.310,-3.526,-3.095,10.010,-6.105
D464C,0.805,,,,,,-3.503,-3.462,-3.544,9.261,-8.325
D464E,0.805,,,,,,-3.043,-3.394,-2.692,8.500,-2.848
D464F,0.805,,,,,,-3.496,-3.453,-3.538,9.142,-8.289
D464G,0.805,,,,,,-3.188,-3.509,-2.867,9.798,-4.651
D464H,0.805,,,,,,-3.280,-3.482,-3.079,9.503,-6.018
D464I,0.805,,,,,,-3.552,-3.483,-3.620,9.493,-8.665
D464K,0.805,,,,,,-3.388,-3.508,-3.267,9.786,-7.026
D464L,0.805,,,,,,-3.518,-3.463,-3.574,9.290,-8.464
D464M,0.805,,,,,,-3.602,-3.501,-3.703,9.723,-9.019
D464N,0.805,,,,,,-3.008,-3.345,-2.672,7.965,-2.457
D464P,0.805,,,,,,-3.491,-3.480,-3.502,9.484,-8.133
D464Q,0.805,,,,,,-3.262,-3.484,-3.040,9.501,-5.795
D464R,0.805,,,,,,-3.327,-3.365,-3.289,8.192,-7.131
D464S,0.805,,,,,,-3.206,-3.461,-2.952,9.274,-5.253
D464T,0.805,,,,,,-3.324,-3.458,-3.191,9.262,-6.622
D464V,0.805,,,,,,-3.402,-3.457,-3.348,9.223,-7.415
D464W,0.805,,,,,,-3.790,-3.449,-4.130,9.134,-10.814
D464Y,0.805,,,,,,-3.463,-3.481,-3.445,9.464,-7.879
V465A,0.874,,,,,,-3.072,-3.485,-2.660,9.545,-2.226
V465C,0.874,,,,,,-3.182,-3.483,-2.881,9.521,-4.752
V465D,0.874,,,,,,-3.090,-3.476,-2.703,9.440,-3.037
V465E,0.874,,,,,,-3.078,-3.479,-2.676,9.450,-2.546
V465F,0.874,,,,,,-3.207,-3.502,-2.913,9.739,-4.971
V465G,0.874,,,,,,-3.098,-3.470,-2.727,9.387,-3.341
V465H,0.874,,,,,,-3.190,-3.543,-2.838,10.213,-4.422
V465I,0.874,,,,,,-3.070,-3.470,-2.670,9.371,-2.433
V465K,0.874,,,,,,-3.209,-3.524,-2.894,9.984,-4.832
V465L,0.874,,,,,,-3.106,-3.503,-2.709,9.730,-3.134
V465M,0.874,,,,,,-3.124,-3.490,-2.758,9.582,-3.670
V465N,0.874,,,,,,-3.116,-3.478,-2.754,9.456,-3.658
V465P,0.874,,,,,,-3.144,-3.491,-2.797,9.609,-4.067
V465Q,0.874,,,,,,-3.129,-3.528,-2.730,10.047,-3.382
V465R,0.874,,,,,,-3.110,-3.484,-2.737,9.506,-3.477
V465S,0.874,,,,,,-3.136,-3.509,-2.763,9.795,-3.758
V465T,0.874,,,,,,-3.106,-3.506,-2.707,9.785,-3.065
V465W,0.874,,,,,,-3.456,-3.529,-3.383,10.036,-7.579
V465Y,0.874,,,,,,-3.323,-3.523,-3.123,9.968,-6.265
