var,barcodes,vamp_score,vamp_std,cat
WT,27072,1,0.0226803676917395,WTL
M1I,2,0.865926530992498,0.101946148769336,Intermediate
M1L,1,0.906823593354938,0.232696743610464,possibleWTL
I2*,42,-0.0072688131291101,0.0202765443480597,LOA
I2A,20,0.949125682816142,0.0677567988632038,possibleWTL
I2C,34,1.02793523174,0.0417690630517771,WTL
I2D,26,0.997024305781162,0.0466223074354572,WTL
I2E,32,1.18458811247486,0.0313799632381173,WTL
I2F,29,0.922167156984781,0.0459535272267278,possibleWTL
I2G,32,0.814432150516365,0.0649784806138921,Intermediate
I2H,27,1.02802598467648,0.0443980128422718,WTL
I2K,23,1.029755096483,0.0718093179280955,WTL
I2L,23,0.990490751356621,0.0439837021996997,WTL
I2M,30,1.00266584841294,0.0563041406833967,WTL
I2N,31,1.08744524276987,0.0706701859113663,WTL
I2P,22,0.999045892863584,0.0984487185161666,WTL
I2Q,23,1.01659595081992,0.0578024420947813,WTL
I2R,35,1.00896473060461,0.065352289409576,WTL
I2S,22,1.00997407303329,0.0610447681458936,WTL
I2T,23,1.05381746557942,0.0619511062048819,WTL
I2V,23,1.05166077080884,0.0387949144871525,WTL
I2W,24,0.855693354879585,0.0652279477457884,Intermediate
I2Y,29,0.968743650792814,0.0670685900636508,WTL
V3*,41,0.00284644065066029,0.0425020370987614,LOA
V3A,17,0.146090386469144,0.0594943830641765,LOA
V3C,35,0.61183979756743,0.0401243112053002,Intermediate
V3D,32,0.331687423456243,0.103992895042654,Intermediate
V3E,33,0.250834198872022,0.100238213140412,possibleLOA
V3F,27,0.719552898435629,0.0694437109948323,Intermediate
V3G,30,-0.0085555352774035,0.027487517260998,LOA
V3H,33,0.256370753484135,0.0889651283210076,possibleLOA
V3I,46,1.08105096758945,0.0526430166262622,WTL
V3K,45,0.278589236657278,0.0925800979115959,Intermediate
V3L,30,1.06580256117965,0.0667118336241963,WTL
V3M,30,0.854965189362002,0.0505553225037068,Intermediate
V3N,23,0.405843067010274,0.0936638710131658,Intermediate
V3P,32,0.576661768295308,0.0531092595463005,Intermediate
V3Q,33,0.292668659970593,0.0961075620818148,Intermediate
V3R,36,0.190676155236914,0.0960159474839355,possibleLOA
V3S,29,0.0404952625269901,0.0424144634258337,LOA
V3T,36,0.342633384258009,0.0599800274792293,Intermediate
V3W,35,0.0644026059049337,0.0504983256842934,LOA
V3Y,28,0.184794564096782,0.0942993992993036,possibleLOA
F4*,38,0.0271436252733933,0.087380685545815,LOA
F4A,23,0.548585468395476,0.0658128456112011,Intermediate
F4C,18,0.811640483902504,0.0457511203757758,Intermediate
F4D,31,0.704651650268622,0.0586072047773639,Intermediate
F4E,23,0.943564352882239,0.0784890478162249,possibleWTL
F4G,32,0.843860292788703,0.0629126645295499,Intermediate
F4H,29,0.952742512456307,0.0525387017666309,WTL
F4I,33,0.858245021648097,0.0669358080916381,Intermediate
F4K,35,1.024378739263,0.0528062206490684,WTL
F4L,27,0.947088999796987,0.0553387940921568,WTL
F4M,24,0.923955625009037,0.036321329974162,possibleWTL
F4N,33,0.958750799591435,0.064648898333696,WTL
F4P,24,0.747666586312301,0.0707067612611731,Intermediate
F4Q,28,0.997652861178341,0.0610308489582072,WTL
F4R,37,1.1173018750236,0.0391203158469894,WTL
F4S,21,0.831643637374293,0.0481359708136971,Intermediate
F4T,23,0.891334560060592,0.0573927653419071,possibleWTL
F4V,26,0.676811767277496,0.0696332996405884,Intermediate
F4W,40,1.01126144063491,0.0488417299168458,WTL
F4Y,37,0.998853697640988,0.0452572767867952,WTL
V5*,35,-0.00866878165032622,0.0186782445813952,LOA
V5A,24,0.837466167900804,0.0775864304732501,Intermediate
V5C,31,1.0224100423967,0.0570595998485258,WTL
V5D,31,0.484434259196513,0.0853833186083446,Intermediate
V5E,44,0.302791120883237,0.0907662915845998,Intermediate
V5F,30,0.032348850622223,0.044952746589478,LOA
V5G,25,0.0867326905906492,0.0501943657712789,LOA
V5H,31,0.223845882792076,0.11145968912357,possibleLOA
V5I,26,0.926409125137427,0.045506657287783,possibleWTL
V5K,42,0.0414187496865834,0.0509648700097053,LOA
V5L,51,0.473420490634669,0.0550426700001785,Intermediate
V5M,28,0.276698366972131,0.0857630151970478,Intermediate
V5N,26,0.185969509948808,0.0930104970069072,possibleLOA
V5P,42,0.217436007533668,0.0993038997030833,possibleLOA
V5Q,39,0.0514709372605086,0.0656256886403141,LOA
V5R,43,-0.0160170486251998,0.024807880058035,LOA
V5S,37,0.167010554106326,0.0820399638499687,LOA
V5T,32,0.399319489798354,0.0726926624621961,Intermediate
V5W,38,-0.00642300501133132,0.0302658088615434,LOA
V5Y,28,0.828767564745954,0.0647028716238127,Intermediate
R6*,24,0.0164942683641822,0.0884087545737687,LOA
R6A,22,0.399990343009208,0.0750720389025212,Intermediate
R6C,30,0.689761224452416,0.0503853952620153,Intermediate
R6D,27,0.538285303082855,0.0830774847743199,Intermediate
R6E,26,0.534504472348466,0.071139879000566,Intermediate
R6F,21,0.738604223757701,0.0504256310355537,Intermediate
R6G,37,0.357944193903617,0.0983793639550045,Intermediate
R6H,32,0.763559515805278,0.0526420861953996,Intermediate
R6I,18,0.397810312671119,0.104899419853456,Intermediate
R6K,18,1.20054108007445,0.0757871459174952,WTL
R6L,19,0.801097356673921,0.0661417346389921,Intermediate
R6M,40,0.814103962537998,0.0602605476890003,Intermediate
R6N,28,0.416803637178424,0.0713408412301654,Intermediate
R6P,23,0.677791447612887,0.0451582025346706,Intermediate
R6Q,39,0.623965700810814,0.0696305538662519,Intermediate
R6S,28,0.490598609208334,0.0725036426898914,Intermediate
R6T,37,0.363156485618228,0.0962527633094912,Intermediate
R6V,29,0.538942289543807,0.0859814634195637,Intermediate
R6W,41,0.340770346734525,0.085504836302402,Intermediate
R6Y,14,0.592266149848156,0.0885881425185884,Intermediate
F7*,27,0.0336565664364213,0.0890721287083734,LOA
F7A,18,0.175675377248194,0.0952484468676578,possibleLOA
F7C,19,0.391268023930964,0.0690862948359111,Intermediate
F7D,34,0.383750084745424,0.0933914386277362,Intermediate
F7E,32,0.367385595212583,0.0824372821364183,Intermediate
F7G,16,0.311760656282445,0.10721815422797,Intermediate
F7H,36,0.680217400138917,0.0608996552929609,Intermediate
F7I,32,0.275687206991766,0.0970978848073779,Intermediate
F7K,37,0.0201974753720649,0.0415769550738301,LOA
F7L,35,0.369137122689398,0.0865840263543884,Intermediate
F7M,28,0.806794722903134,0.0416133524603541,Intermediate
F7N,27,0.19783683278671,0.0947823294361038,possibleLOA
F7P,27,0.110955552653155,0.0784185108498306,LOA
F7Q,35,0.154596788072289,0.0953691626955849,LOA
F7R,36,-0.00852511829826279,0.0195662055522089,LOA
F7S,14,0.14971455036423,0.0956583155199915,LOA
F7T,22,0.100078399572319,0.0739002287753445,LOA
F7V,22,0.213468982637847,0.0991020733519647,possibleLOA
F7W,33,0.669381714728391,0.0538712091990928,Intermediate
F7Y,24,0.868517653997519,0.0560632322423202,Intermediate
N8*,44,-0.00209293098638799,0.0380747229898841,LOA
N8A,22,0.100587024624693,0.079018158361454,LOA
N8C,33,0.150781973152415,0.088394075204765,LOA
N8D,21,0.840463539380548,0.0610471209215449,Intermediate
N8E,40,0.611149282704826,0.0725402321254143,Intermediate
N8F,37,-0.0269517214158918,0.0130817054403902,LOA
N8G,31,0.473997378279471,0.0805768516212422,Intermediate
N8H,22,0.0859837215188047,0.0805015784683283,LOA
N8I,34,-0.0199433185608949,0.0169160780222958,LOA
N8K,24,0.0510021068281518,0.0556577105710063,LOA
N8L,44,0.000827159678079891,0.04053132434369,LOA
N8P,42,-0.0192460179695195,0.0148105059166569,LOA
N8Q,43,0.310440674752593,0.0868447764707491,Intermediate
N8R,21,-0.0185205160691546,0.0235979217472481,LOA
N8S,25,0.22976442950358,0.101003712056244,possibleLOA
N8T,23,-0.0169763826356212,0.0215743978061896,LOA
N8V,31,-0.0249492417549964,0.0169450912033586,LOA
N8Y,25,0.0529766247171699,0.0653005324038032,LOA
S9*,37,0.0148272343548977,0.0689304045260404,LOA
S9A,30,0.575864416077835,0.0777001619326745,Intermediate
S9C,26,0.490771811453569,0.0770623175031712,Intermediate
S9D,33,0.765493490598078,0.0622858280829179,Intermediate
S9E,40,0.737073726875673,0.0516022735476607,Intermediate
S9F,27,0.475893924778317,0.084404109996278,Intermediate
S9G,31,0.555424369310654,0.087966754837539,Intermediate
S9H,40,0.611756206154365,0.0706029396759153,Intermediate
S9I,36,0.0150664242670109,0.0355678024049787,LOA
S9K,23,0.367265923622796,0.0828270233073246,Intermediate
S9L,21,0.436663582943811,0.0605029223123875,Intermediate
S9M,41,0.590936291051966,0.0664828774720632,Intermediate
S9N,23,0.890917329956875,0.0586742943758696,possibleWTL
S9P,27,-0.0252836615335538,0.0167876666726314,LOA
S9Q,30,0.58462306818833,0.0696435386753984,Intermediate
S9R,31,0.306765007709692,0.0978570379076273,Intermediate
S9T,32,0.654550432111698,0.0467384470264614,Intermediate
S9V,26,0.0224031730875485,0.0445935736700821,LOA
S9W,33,0.243370436843698,0.111479596364587,possibleLOA
S9Y,22,0.543310623233976,0.0800969651321118,Intermediate
S10*,33,0.0142172746440998,0.0927474532577887,LOA
S10A,3,0.820074457825587,0.194303691203486,Intermediate
S10C,22,0.94557764074708,0.0497061138739682,WTL
S10D,27,0.77827880165875,0.036374135465977,Intermediate
S10E,30,0.685959626300603,0.0509269070927676,Intermediate
S10F,36,0.907568207338038,0.0594228054730903,possibleWTL
S10G,23,0.601374114886899,0.0607746602251514,Intermediate
S10H,28,1.05593196130579,0.0379780056452536,WTL
S10I,38,0.438552065004103,0.0604477770060884,Intermediate
S10K,29,0.490723893187786,0.0954490341249704,Intermediate
S10L,43,0.385248206005652,0.0694483617444893,Intermediate
S10M,37,0.973899560619885,0.0445702761830626,WTL
S10N,28,1.01438191722216,0.0470075383461995,WTL
S10P,26,0.845546549196157,0.0760041371358098,Intermediate
S10Q,29,0.75994016447105,0.0573142078979868,Intermediate
S10R,28,0.438241219294944,0.0840787112370115,Intermediate
S10T,17,0.892827603164976,0.0545823411827781,possibleWTL
S10V,27,0.545703860795634,0.0589295416229987,Intermediate
S10W,34,0.922559933975298,0.062061221465891,possibleWTL
S10Y,24,1.05407184185928,0.060738002613198,WTL
H11*,26,0.0117728176989763,0.0517232123740646,LOA
H11A,20,0.672934417939488,0.0703185710928509,Intermediate
H11C,29,0.649622024615217,0.0587502326146795,Intermediate
H11D,22,0.658082903439839,0.0651737267994001,Intermediate
H11E,34,0.7173941608775,0.0698233054550722,Intermediate
H11F,23,0.566022665527116,0.0676374329111157,Intermediate
H11G,31,0.384975858041932,0.101520838324788,Intermediate
H11I,27,0.726909190059092,0.0749795185378905,Intermediate
H11K,26,0.550092515114115,0.0767370851722405,Intermediate
H11L,35,0.498296366142757,0.0749207143246958,Intermediate
H11M,17,0.539190319851223,0.0904641606766604,Intermediate
H11N,25,0.688872064340668,0.0659543634569444,Intermediate
H11P,32,0.495368546325994,0.0817239129485094,Intermediate
H11Q,35,0.70892790973311,0.0498905151228456,Intermediate
H11R,35,0.631804327738966,0.0683746909752121,Intermediate
H11S,27,0.734546792644044,0.0721143057937893,Intermediate
H11T,19,0.87266502090391,0.0629981206085346,Intermediate
H11V,22,0.778686921387075,0.0582344367431699,Intermediate
H11W,29,0.654741950272082,0.0671659085523481,Intermediate
H11Y,28,0.826433688497849,0.0635506050076212,Intermediate
G12*,21,0.00926650636932164,0.0852549525340149,LOA
G12A,44,1.07695091413825,0.0444054186327223,WTL
G12C,25,0.808929410845866,0.0663068692255472,Intermediate
G12D,28,0.688363656307027,0.0722352005518786,Intermediate
G12E,43,0.885221494922789,0.0575634342906906,Intermediate
G12F,37,0.588104614930428,0.0789257259577753,Intermediate
G12H,48,0.877808369095783,0.0548188602595849,Intermediate
G12I,53,0.529474700312337,0.0892620272298503,Intermediate
G12K,43,0.828836796655485,0.0649604469319864,Intermediate
G12L,40,0.545767441906035,0.0646045790001065,Intermediate
G12M,44,0.653121499492987,0.0806673137744522,Intermediate
G12N,37,0.651922566570595,0.0683414986135539,Intermediate
G12P,33,0.890653029126722,0.0767992430216742,possibleWTL
G12Q,41,0.940283365935325,0.0421687943845364,WTL
G12R,36,0.605888297357188,0.0567284932869991,Intermediate
G12S,30,0.948069418099717,0.0420257017527007,WTL
G12T,35,0.855301700398597,0.0611261467041461,Intermediate
G12V,44,0.688364850672105,0.0760371397939276,Intermediate
G12W,10,0.400622628008604,0.0595052553589991,Intermediate
G12Y,50,0.702254852256637,0.0414190073097985,Intermediate
F13*,18,0.0546372762165153,0.127501561673581,LOA
F13A,10,0.378096923014518,0.0650520981656121,Intermediate
F13C,15,0.42233463526553,0.048398695574216,Intermediate
F13D,18,0.249000281870431,0.073095071437537,possibleLOA
F13E,15,0.553272462456635,0.0642008382744015,Intermediate
F13G,19,-0.0234488276442343,0.0179865233898917,LOA
F13H,18,0.320895049487297,0.0947478622136651,Intermediate
F13I,22,0.847386725999758,0.0666299143596282,Intermediate
F13K,18,0.00541951941798257,0.0405382066759096,LOA
F13L,20,0.422469224229029,0.0735666032646802,Intermediate
F13M,20,0.859580364918814,0.0740024397186386,Intermediate
F13N,20,0.0386078968908985,0.0313474834550092,LOA
F13P,7,-0.0278565131446332,0.0223996416331075,LOA
F13Q,20,0.69204439465017,0.0811193161110869,Intermediate
F13R,17,0.120599840569367,0.0572136452734884,LOA
F13S,18,0.522399880858124,0.0405619807320569,Intermediate
F13T,15,0.674075391432271,0.0752269488966189,Intermediate
F13V,20,0.679818330310055,0.06011797298962,Intermediate
F13W,14,0.724354354262404,0.0689163890992909,Intermediate
F13Y,28,0.925274078980038,0.043752537655628,possibleWTL
P14*,45,-0.00107724501343866,0.0380775168510173,LOA
P14A,1,0.571541562931264,0.192666554722556,Intermediate
P14C,19,0.250677270052343,0.0817411836442192,possibleLOA
P14D,17,0.0225460289106971,0.0435025695795622,LOA
P14E,54,0.364760833945221,0.0974157631863177,Intermediate
P14F,29,0.228617508338355,0.0970590817318464,possibleLOA
P14G,14,0.504048941739424,0.0912819680337556,Intermediate
P14H,26,0.430353060610435,0.0781472492506496,Intermediate
P14I,32,0.0540167439507339,0.0527136305612186,LOA
P14K,29,0.638129139682779,0.0639358249825148,Intermediate
P14L,40,0.0762749648559137,0.0589066803854061,LOA
P14M,47,0.318230607379168,0.0873856112713325,Intermediate
P14N,29,0.242130087458277,0.0961454999667688,possibleLOA
P14Q,31,0.433248764556498,0.0668218264298195,Intermediate
P14R,25,0.625832483092242,0.0718191397338047,Intermediate
P14S,28,0.468762068356443,0.0664304152234215,Intermediate
P14T,4,0.344215327853524,0.0626051606358113,Intermediate
P14V,30,0.156519622493428,0.0798820064948074,LOA
P14W,31,0.271818057468854,0.0837747199209122,Intermediate
P14Y,25,0.324946653886628,0.0838727072056964,Intermediate
V15*,34,0.0212906559222817,0.0781176075764556,LOA
V15A,5,-0.00605704155043355,0.0410911363227019,LOA
V15C,21,0.661366343114795,0.0377125534117823,Intermediate
V15D,26,-0.0264202628652768,0.015041665767778,LOA
V15E,26,-0.0280916714742535,0.0126741776692424,LOA
V15F,38,0.114237927067982,0.0715779564342938,LOA
V15G,34,-0.0275474576482754,0.0132843958004234,LOA
V15H,23,-0.0124619694961035,0.0221780116938947,LOA
V15I,31,0.987093233560086,0.0735663162763194,WTL
V15K,39,-0.0246087217390694,0.0154906278043142,LOA
V15L,37,0.958546182696346,0.0506158834635343,WTL
V15M,47,0.746738202962638,0.0562098636470096,Intermediate
V15N,27,-0.0296408395470762,0.0107351952585745,LOA
V15P,23,-0.0230314650015273,0.011504385322319,LOA
V15Q,31,0.148354627180708,0.0811187578702764,LOA
V15R,40,-0.0195810730001924,0.01562806117098,LOA
V15S,30,-0.0274834526473065,0.018451446556956,LOA
V15T,25,0.0336414081411268,0.0388184615635584,LOA
V15W,13,-0.0239718494870051,0.0202244234835693,LOA
V15Y,36,0.227719204704105,0.0890439744943889,possibleLOA
E16*,38,0.0368064316262332,0.10187844776894,LOA
E16A,3,0.799853577788822,0.100561056001717,Intermediate
E16C,25,0.866889495395634,0.0801416623120622,Intermediate
E16D,26,0.526342145286445,0.0683740018491343,Intermediate
E16F,32,0.793663620220783,0.0807941817188548,Intermediate
E16G,31,0.769516858707099,0.0326965100959364,Intermediate
E16H,22,0.994111711031658,0.0795599563507345,WTL
E16I,29,0.671722852482706,0.0636744677367857,Intermediate
E16K,33,0.959572477092517,0.0595580705921487,WTL
E16L,23,0.62563111401646,0.0648661631638818,Intermediate
E16M,23,0.864449397064167,0.0599719183696809,Intermediate
E16N,39,0.834898223844706,0.0643559533558095,Intermediate
E16P,9,0.99825331637341,0.0767229021569684,WTL
E16Q,53,0.965761199326931,0.0621189097490314,WTL
E16R,33,0.913154306834976,0.0525625295721435,possibleWTL
E16S,25,0.935813038556685,0.0376901683429914,WTL
E16T,17,0.863150797990547,0.0612384126751039,Intermediate
E16V,40,0.752956825163212,0.0559764971670957,Intermediate
E16W,40,0.762680543789802,0.0735658776564046,Intermediate
E16Y,33,0.940074981797041,0.0605861449899572,possibleWTL
V17*,15,0.108640378534437,0.249548192606723,possibleLOA
V17A,15,0.0804350611944668,0.059605770501149,LOA
V17C,18,0.870182061548736,0.0668879188644867,Intermediate
V17D,27,-0.0280044451517508,0.0111708835396254,LOA
V17E,21,0.00219135501829424,0.0318638773126627,LOA
V17F,28,0.0807503915379579,0.0623028685834984,LOA
V17G,32,-0.024951258891442,0.0169432088123735,LOA
V17H,17,-0.0326871790755193,0.0150942766311436,LOA
V17I,26,0.939476883419139,0.056532851219801,possibleWTL
V17K,19,-0.0277285718701298,0.0209724634315572,LOA
V17L,24,0.924269170881674,0.0595500017683498,possibleWTL
V17M,19,0.566426110544308,0.0833055583598512,Intermediate
V17N,21,-0.0299376160877058,0.0140299519021398,LOA
V17P,19,-0.0218130615675634,0.0193746854946027,LOA
V17Q,23,-0.0176453233025402,0.0237650073316629,LOA
V17R,25,-0.0234959751507075,0.0356543119572063,LOA
V17S,26,-0.0181289242836118,0.0139639345396846,LOA
V17T,20,0.197209068782924,0.0940342261678002,possibleLOA
V17W,17,-0.0258988392810296,0.0178903851880417,LOA
V17Y,20,0.179534198541625,0.0955043581661039,possibleLOA
D18*,30,0.0714988751467713,0.167659411410821,LOA
D18A,22,0.988550244919184,0.0682578176471254,WTL
D18C,37,0.941871219927907,0.0411598130197089,WTL
D18E,54,0.960854530782193,0.0366561002065196,WTL
D18F,30,0.958144667197583,0.0340272352813189,WTL
D18G,37,0.930740601907671,0.0554282913793687,possibleWTL
D18H,21,0.970052648916206,0.0822489460277645,possibleWTL
D18I,28,0.507392026188654,0.0822307165911297,Intermediate
D18K,31,0.953670108650956,0.0763266153626865,possibleWTL
D18L,20,0.889453817980173,0.0761165788443831,Intermediate
D18M,30,0.94989967367492,0.0638368558816639,possibleWTL
D18N,24,0.990967792026357,0.071209174425636,WTL
D18P,24,0.909704086364258,0.0638042855224406,possibleWTL
D18Q,38,0.971480211420149,0.0648906367702765,WTL
D18R,28,0.852636423311578,0.0441639464066328,Intermediate
D18S,27,1.02287498189717,0.0563204020089189,WTL
D18T,24,1.02128031698578,0.0426233296871669,WTL
D18V,37,0.740578629183232,0.0588773107430533,Intermediate
D18W,31,0.992855818909711,0.0348260403810978,WTL
D18Y,23,1.01961782437071,0.0652266056393806,WTL
S19*,29,0.0259890749662917,0.11682510331282,LOA
S19A,15,1.02455186999108,0.0620797440096307,WTL
S19C,34,0.941183108112865,0.0438181237857952,WTL
S19D,28,0.848453118602972,0.0515563425246569,Intermediate
S19E,36,0.960154965272751,0.0504169758668927,WTL
S19F,27,0.79602895469464,0.060006313081482,Intermediate
S19G,33,1.0115910612855,0.0494537290457337,WTL
S19H,31,0.959694026290741,0.0348754861838282,WTL
S19I,24,0.726113372785492,0.0508844999401431,Intermediate
S19K,35,0.960906051537095,0.0500272640112242,WTL
S19L,27,0.905522664922121,0.0530303112569339,possibleWTL
S19M,25,0.945740341003445,0.0435462163647762,WTL
S19N,26,0.968247920787095,0.054945993601474,WTL
S19P,20,1.00532116225706,0.045516094502675,WTL
S19Q,23,1.02201203476445,0.0736712608786063,WTL
S19R,28,0.98090412107319,0.046469485593412,WTL
S19T,24,0.95785909963423,0.0442567820340442,WTL
S19V,29,0.830327686350354,0.0710917773835866,Intermediate
S19W,27,0.816000613163016,0.046067197550224,Intermediate
S19Y,30,0.855072041279079,0.0465271926882537,Intermediate
D20*,17,0.0494259069562233,0.136810976561404,LOA
D20A,15,0.896263610719957,0.0570901102359012,possibleWTL
D20C,25,0.857302819648577,0.056849271719444,Intermediate
D20E,20,0.96873287813608,0.0641043651297494,WTL
D20F,22,0.731146958344816,0.054195526577336,Intermediate
D20G,32,0.910013087757024,0.0566774321603028,possibleWTL
D20H,24,0.921117525763272,0.029749657275216,WTL
D20I,22,0.27515062005108,0.0843644123535879,Intermediate
D20K,17,0.908468967213992,0.086942009977075,possibleWTL
D20L,28,0.760750397349364,0.0649029443830483,Intermediate
D20M,24,0.89346698603834,0.0458150440128421,possibleWTL
D20N,28,0.955481238962029,0.0458262996732355,WTL
D20P,17,-0.00265099411425291,0.0319356573720265,LOA
D20Q,17,0.96542867347893,0.0479469814562292,WTL
D20R,29,0.846420307813925,0.0563188128935042,Intermediate
D20S,19,0.94884495353944,0.0664823304277783,possibleWTL
D20T,19,0.938285834700587,0.0484503215196031,possibleWTL
D20V,29,0.490936139203265,0.0954176676141955,Intermediate
D20W,23,0.54945698451005,0.0827483270196328,Intermediate
D20Y,11,0.722975431873368,0.0970443559768365,Intermediate
T21*,27,-0.0134069538657205,0.0439459808042783,LOA
T21A,30,0.970450610836257,0.0459194602840678,WTL
T21C,28,0.905104926375399,0.0502364070160472,possibleWTL
T21D,22,0.907853353766073,0.0729619679230848,possibleWTL
T21E,40,0.520720139018574,0.0442420962272081,Intermediate
T21F,21,0.811285539686183,0.0470432024628821,Intermediate
T21G,32,0.784727914176233,0.0391198201082618,Intermediate
T21H,41,0.633213687435396,0.0580853496160687,Intermediate
T21I,31,0.556747387513218,0.0590864381536951,Intermediate
T21K,34,0.528127459938664,0.0577064867999934,Intermediate
T21L,23,0.715574618330314,0.0710395493598085,Intermediate
T21M,32,1.10023929032816,0.0516124853547253,WTL
T21N,36,0.674833060763459,0.0451277514123154,Intermediate
T21P,26,-0.0240136606673284,0.0184323048351948,LOA
T21Q,32,0.935776793132329,0.0445160489665532,WTL
T21R,33,0.273579391259951,0.105330276486244,Intermediate
T21S,18,0.974562816753344,0.0430773871157375,WTL
T21V,38,0.594731801266643,0.053182505023048,Intermediate
T21W,28,1.06135830180619,0.0662107522454315,WTL
T21Y,40,0.801801962902061,0.0496080837492057,Intermediate
S22*,42,0.0489390630441831,0.120006032094695,LOA
S22A,23,0.787247575062179,0.0797906398953551,Intermediate
S22C,22,0.925948971790381,0.0709946849381449,possibleWTL
S22D,23,0.545814938712872,0.0780597603568923,Intermediate
S22E,35,0.789818681826411,0.0411538982084986,Intermediate
S22F,25,0.555391216855588,0.0744831835616341,Intermediate
S22G,35,0.288296385724535,0.0904467518346505,Intermediate
S22H,28,0.927587748419732,0.0644533702684064,possibleWTL
S22I,21,0.179803132622727,0.0831800021653103,possibleLOA
S22K,34,1.04467982019654,0.0284727551400324,WTL
S22L,35,0.678334239060488,0.0701792861908341,Intermediate
S22M,31,0.783647080173063,0.0670414925965983,Intermediate
S22N,30,0.866010541394195,0.0647000572778249,Intermediate
S22P,27,1.01811244607751,0.042813130924985,WTL
S22Q,27,0.984889299761834,0.0469412282561467,WTL
S22R,28,0.978101683878962,0.0431602692112875,WTL
S22T,12,1.05864084411157,0.100032939439693,WTL
S22V,28,0.289110139872754,0.068149588164416,Intermediate
S22W,21,-0.0216231183577603,0.0200390983262017,LOA
S22Y,25,0.930757298298975,0.0702918897748714,possibleWTL
I23*,26,0.012959101782706,0.0732800838786606,LOA
I23A,6,0.0280889830775099,0.0549877338616377,LOA
I23C,13,0.0256847095567227,0.0603737622210671,LOA
I23D,30,-0.0255907416122923,0.00979335656266866,LOA
I23E,42,-0.0220123758249115,0.020352111334903,LOA
I23F,7,-0.0109841825124722,0.0196760524267088,LOA
I23G,22,-0.0316652346382787,0.0158002635904186,LOA
I23H,31,-0.0228418719631717,0.0231511877065285,LOA
I23K,45,-0.0248913497210327,0.0162350897078683,LOA
I23L,20,-0.0214612038820333,0.0274231527591272,LOA
I23M,44,0.823085838223513,0.0523384572715758,Intermediate
I23N,39,-0.0270408195224677,0.0139094175034555,LOA
I23P,22,-0.0289576707531146,0.0176141724655079,LOA
I23Q,56,-0.0213691799641021,0.0156337692755179,LOA
I23R,53,-0.0269485139520266,0.00949969840767641,LOA
I23S,23,-0.0226501429928552,0.0198726341203338,LOA
I23T,23,-0.0172796006571816,0.0188448684224857,LOA
I23V,51,0.879036938074772,0.0483301527885916,Intermediate
I23W,19,-0.0290307922419194,0.0134569710385156,LOA
I23Y,4,-0.0134837397760661,0.0418906546191871,LOA
F24*,21,0.000607082104730076,0.035124366156563,LOA
F24A,29,1.03334375232777,0.0472519472052627,WTL
F24C,42,0.901412590233626,0.0401347240730198,possibleWTL
F24D,37,0.78772299919727,0.0448120391754291,Intermediate
F24E,39,0.950838319946806,0.0482715031889703,WTL
F24G,26,0.975532525307064,0.076857582400996,WTL
F24H,9,0.95194548413436,0.0764399962681272,possibleWTL
F24I,24,0.95533157459179,0.0364676961630977,WTL
F24K,31,0.932681892481098,0.0694335873207709,possibleWTL
F24L,28,1.01610444153806,0.0627475474454017,WTL
F24M,27,1.00969950904174,0.0614755267915072,WTL
F24N,18,0.842117347750708,0.0569459940982974,Intermediate
F24P,36,-0.0107370830913981,0.0189303180813042,LOA
F24Q,22,0.983074189133568,0.0531269815287618,WTL
F24R,40,0.945610299297368,0.054312341774028,WTL
F24S,14,0.972809913150644,0.0791091557839413,WTL
F24T,21,0.835022959656622,0.0576635829074885,Intermediate
F24V,34,0.848922920446934,0.0432290971490385,Intermediate
F24W,26,1.00904045814536,0.0784789324106383,WTL
F24Y,23,1.00734375352406,0.0560581576139123,WTL
Q25*,27,-0.0147569664061369,0.0275143883021698,LOA
Q25A,22,0.908150604735525,0.0625653454425699,possibleWTL
Q25C,26,0.739142268869836,0.0588452698415796,Intermediate
Q25D,21,0.955133710519212,0.0881693119390802,possibleWTL
Q25E,21,1.1146367469041,0.0426920290691656,WTL
Q25F,31,0.569087018730631,0.0599283717332269,Intermediate
Q25G,29,0.840460256322184,0.0337978521124602,Intermediate
Q25H,12,0.861404597713435,0.11491876254417,Intermediate
Q25I,21,0.109197614566088,0.0777909922858665,LOA
Q25K,23,0.863574039276127,0.0768720165899978,Intermediate
Q25L,21,0.26253751155384,0.0967922498883171,Intermediate
Q25M,16,0.822868629386027,0.054644116983729,Intermediate
Q25N,19,0.886271031512474,0.0743454134349261,Intermediate
Q25P,19,-0.0220822384376646,0.0201509311207942,LOA
Q25R,32,0.801492885525159,0.039881701629495,Intermediate
Q25S,17,0.845746639747317,0.0567491648715335,Intermediate
Q25T,22,0.873687515743132,0.0738197542920944,Intermediate
Q25V,19,0.453165243794239,0.0708820320629459,Intermediate
Q25W,21,0.704281751845167,0.0869960069773448,Intermediate
Q25Y,24,0.828951133958785,0.0611069638943678,Intermediate
L26*,28,0.0148958364171322,0.0755730557600815,LOA
L26A,32,-0.028679782789612,0.011461464189356,LOA
L26C,34,-0.0224097488469271,0.0159087833725467,LOA
L26D,42,-0.0232343525981022,0.0126236201296984,LOA
L26E,21,-0.0297087724051569,0.0156939068135884,LOA
L26F,31,0.863315969734316,0.0768134276952233,Intermediate
L26G,34,-0.0297201572586986,0.0138916372670346,LOA
L26H,32,-0.0278916189002703,0.0165463673335742,LOA
L26I,35,0.909580609450498,0.0628985915655165,possibleWTL
L26K,27,-0.020579042661749,0.0208430223350489,LOA
L26M,29,0.685497284087612,0.0796525400149722,Intermediate
L26N,33,-0.0166734891647893,0.0204442600719512,LOA
L26P,47,-0.0168092022207411,0.0193706329775131,LOA
L26Q,43,-0.0241536316664198,0.0147433346279188,LOA
L26R,33,-0.0295101645241743,0.015579308983677,LOA
L26S,28,-0.0339210763328439,0.0107174256754704,LOA
L26T,37,-0.0159702763137981,0.016788553614363,LOA
L26V,34,0.575671045435131,0.0188932274181333,Intermediate
L26W,25,-0.025980619180559,0.0176817873004609,LOA
L26Y,26,-0.0263158135976565,0.0157012801481292,LOA
K27*,27,0.0137247275515477,0.0700911647129065,LOA
K27A,23,0.319312122448486,0.0720764862106378,Intermediate
K27C,20,0.556219013072473,0.0763945376109818,Intermediate
K27D,27,-0.0204770644932093,0.0210158355332021,LOA
K27E,26,-0.0268407114936089,0.0196052752201765,LOA
K27F,38,-0.0229573510288762,0.0193132993100867,LOA
K27G,25,-0.0183505888610074,0.0189648676612188,LOA
K27H,23,-0.0117880492536953,0.0249607439885365,LOA
K27I,28,0.421947413501276,0.0815484079965802,Intermediate
K27L,13,0.361765429374909,0.0720646710810669,Intermediate
K27M,20,0.0238264162402042,0.0400031483560449,LOA
K27N,20,-0.0154241628184456,0.0387545669005033,LOA
K27P,14,-0.0180979761037593,0.0187553382570138,LOA
K27Q,22,-0.0295787199798295,0.0157666984748925,LOA
K27R,25,0.509726274293441,0.0579593400092699,Intermediate
K27S,27,-0.00665325137246238,0.0292818001041088,LOA
K27T,17,0.292487341723413,0.0797147986257024,Intermediate
K27V,22,0.345130524631922,0.0678726871152665,Intermediate
K27W,34,-0.0201231833689435,0.0179580318458305,LOA
K27Y,21,-0.0201426832936271,0.0214462148118856,LOA
E28*,26,0.00437525338107602,0.0667297262777762,LOA
E28A,22,0.829762254235409,0.0965773710924013,Intermediate
E28C,29,0.840914919619478,0.0805026726098546,Intermediate
E28D,30,0.924975793487269,0.0630736398650594,possibleWTL
E28F,22,0.0262236564937074,0.0395898589431188,LOA
E28G,21,0.68910398321895,0.0496858749343534,Intermediate
E28H,22,0.789102280771772,0.0527756989722995,Intermediate
E28I,22,0.0727470391610861,0.0771268072448069,LOA
E28K,17,0.853928285028487,0.0739699880447213,Intermediate
E28L,30,0.623354892766715,0.0678451590254198,Intermediate
E28M,17,0.781766545211537,0.10062501282285,Intermediate
E28N,22,0.909392276285803,0.0636820616393844,possibleWTL
E28P,20,-0.0330692656956511,0.0120967830163141,LOA
E28Q,27,0.969359411446714,0.0522287323818021,WTL
E28R,26,0.746283741536609,0.0557581944452408,Intermediate
E28S,25,0.904244620658571,0.0804267083211653,possibleWTL
E28T,22,0.911791883189454,0.0565388272091577,possibleWTL
E28V,31,0.389666317737388,0.0919792999352594,Intermediate
E28W,25,0.378935649986634,0.0839579599827562,Intermediate
E28Y,19,0.367473436433777,0.127391318430473,Intermediate
V29*,16,0.0312271423521971,0.0983905879339321,LOA
V29A,18,0.999799228703512,0.0376025148674908,WTL
V29C,28,0.944219006699148,0.0572068746693948,possibleWTL
V29D,25,0.732006285742025,0.0545996419886529,Intermediate
V29E,38,0.976862755499161,0.0485918245884182,WTL
V29F,22,1.04236796571342,0.0557769381072482,WTL
V29G,25,0.573905039577119,0.040757613556968,Intermediate
V29H,16,1.05817533381913,0.0809964595259081,WTL
V29I,27,1.01208232657939,0.0278789568427962,WTL
V29K,25,0.970856185642774,0.0538150553456649,WTL
V29L,14,1.11488063848406,0.0810351808309538,WTL
V29M,36,1.07455985855312,0.0443822532758142,WTL
V29N,36,0.822308586439429,0.0490337869504978,Intermediate
V29P,23,-0.027808047152931,0.0202629280604591,LOA
V29Q,20,0.964067770604349,0.0718265574724994,WTL
V29R,27,0.918301282654957,0.0588647019517678,possibleWTL
V29S,23,0.885359918977858,0.0496927941934999,Intermediate
V29T,33,0.972860843355515,0.0393618357497703,WTL
V29W,34,0.988167076296974,0.0498176046605983,WTL
V29Y,34,1.06110907987864,0.048451440086836,WTL
V30*,27,0.0746698970991826,0.157579224573872,LOA
V30A,33,0.548134179677398,0.0644875914849671,Intermediate
V30C,30,0.821360308011263,0.0479399390777705,Intermediate
V30D,31,-0.0251343834128792,0.0122177803802628,LOA
V30E,27,-0.0177244070338684,0.0201143571814905,LOA
V30F,21,0.586765992322736,0.0709727151807298,Intermediate
V30G,30,-0.0256250774810468,0.0143274944125667,LOA
V30H,29,-0.0229458139783661,0.01323731624684,LOA
V30I,37,0.835377293718655,0.057143935267042,Intermediate
V30K,25,-0.024002443082821,0.0103738022812423,LOA
V30L,40,0.43365802898317,0.067688836053366,Intermediate
V30M,32,0.367107684352906,0.0841911086211361,Intermediate
V30N,24,-0.026209908622952,0.013698318684422,LOA
V30P,22,-0.0294347706428171,0.0112729457184566,LOA
V30Q,28,-0.0199335688308513,0.0180712982692163,LOA
V30R,30,-0.020068268558686,0.0258907741870373,LOA
V30S,29,-0.0264933285886892,0.0113428565373702,LOA
V30T,34,0.24245770981944,0.0907854831278818,possibleLOA
V30W,29,0.521760067659915,0.0598202216578072,Intermediate
V30Y,22,-0.0256969547994766,0.0127225894505321,LOA
A31*,23,0.00872911757630211,0.0837121789194988,LOA
A31C,18,0.264059703449024,0.100379470695211,Intermediate
A31D,26,-0.025189634059148,0.0155181353323948,LOA
A31E,25,0.70949235982027,0.069782169272766,Intermediate
A31F,25,-0.00489411143132787,0.0181775268438491,LOA
A31G,23,0.943532065962491,0.0341895164512019,WTL
A31H,23,0.0685470594264294,0.0622182207377282,LOA
A31I,20,-0.0284550490770857,0.0154623429588585,LOA
A31K,22,-0.0237821261176695,0.0184650153732914,LOA
A31L,14,-0.0251562587331415,0.0292912448434544,LOA
A31M,18,0.134446952242292,0.0560968802077467,LOA
A31N,15,-0.0170993470704041,0.0200880094775212,LOA
A31P,8,-0.0370320924258752,0.0132423168985048,LOA
A31Q,36,0.459375881966431,0.0647971437519995,Intermediate
A31R,21,-0.0152359459794761,0.024091318735539,LOA
A31S,26,0.983436802283299,0.0472999831624924,WTL
A31T,20,0.284081689275546,0.116434093489909,Intermediate
A31V,21,-0.0224526339091186,0.0179211214531834,LOA
A31W,22,-0.0206978701900421,0.0202463222749065,LOA
A31Y,22,-0.017950985458046,0.0177807699937625,LOA
K32*,39,0.012158305056439,0.0364986389199805,LOA
K32A,26,1.08933117315563,0.0492651627320625,WTL
K32C,21,0.983105301025239,0.070181270857753,WTL
K32D,36,0.848107208029821,0.0315258854291543,Intermediate
K32E,42,0.967782917312733,0.0488874680557862,WTL
K32F,30,0.966031879874069,0.0442922176936083,WTL
K32G,17,0.860136818194633,0.0952636686642406,Intermediate
K32H,31,1.04267431893856,0.0771647850096194,WTL
K32I,34,0.921051082059791,0.048730116321101,possibleWTL
K32L,5,1.15567830372896,0.122010251926404,WTL
K32M,24,1.01006265623389,0.0743677692886894,WTL
K32N,36,0.969950445551067,0.0379962615818857,WTL
K32P,9,-0.0335092065946458,0.0268758702001699,LOA
K32Q,27,1.03004743534427,0.0481729128148837,WTL
K32R,38,1.01620945660175,0.0509263596671983,WTL
K32S,20,0.979009275312963,0.0482768957103282,WTL
K32T,18,0.965429837278175,0.0619378067592639,WTL
K32V,48,1.02094183719418,0.0551965487337072,WTL
K32W,47,0.947479137400788,0.049957584735768,WTL
K32Y,48,1.01401597975691,0.0461813922499048,WTL
R33*,42,0.00540472406200538,0.0655411136675095,LOA
R33A,23,0.743627449351349,0.0649224307480231,Intermediate
R33C,27,0.59184385793401,0.0838377691842973,Intermediate
R33D,29,0.455929414581177,0.0550721727133475,Intermediate
R33E,34,0.614484482271585,0.0561382041903749,Intermediate
R33F,31,0.487637068328296,0.0711436619371913,Intermediate
R33G,34,0.569828249444149,0.0592045634862473,Intermediate
R33H,27,0.670611648999938,0.0691668630701136,Intermediate
R33I,24,0.742782518136003,0.0555991048796501,Intermediate
R33K,37,0.947051178712275,0.0714906137995315,possibleWTL
R33L,32,0.808364386885895,0.0366616438398636,Intermediate
R33M,25,0.951691847017234,0.0566809860007591,WTL
R33N,38,0.666058556371711,0.0531078932844935,Intermediate
R33P,16,-0.0202372112596655,0.0143717900563586,LOA
R33Q,34,0.838149053345901,0.063095096220605,Intermediate
R33S,29,0.831154655530637,0.0611905390583182,Intermediate
R33T,34,0.726158388852084,0.035555494192439,Intermediate
R33V,45,0.569995435739071,0.0634685256032813,Intermediate
R33W,23,0.519891069051682,0.0620769195843723,Intermediate
R33Y,29,0.69069142940078,0.0634602070113148,Intermediate
Q34*,29,0.101929033338899,0.198697829914619,possibleLOA
Q34A,29,0.908422597750561,0.0282032031016076,possibleWTL
Q34C,23,0.990551776644524,0.0707005932788814,WTL
Q34D,25,0.576026031660208,0.0600166497465695,Intermediate
Q34E,23,1.0634888058151,0.0507019665066235,WTL
Q34F,33,1.00922591395912,0.060573716112933,WTL
Q34G,27,0.698509834691368,0.0594582772703181,Intermediate
Q34H,17,1.04790242417146,0.0957514540467634,WTL
Q34I,24,1.07773926508381,0.0429486695788342,WTL
Q34K,24,0.760398075678092,0.0542619495721173,Intermediate
Q34L,23,0.905110036952754,0.0828998330255168,possibleWTL
Q34M,27,0.86244280785078,0.0479205401157579,Intermediate
Q34N,37,1.02923375915058,0.0576004885458026,WTL
Q34P,45,-0.0255098292029841,0.0124802369145263,LOA
Q34R,30,0.897075899261479,0.0559946603917123,possibleWTL
Q34S,21,0.975990623319654,0.0503770374544098,WTL
Q34T,32,1.01973210244069,0.0498489130043887,WTL
Q34V,31,1.06977549752167,0.0499111531081436,WTL
Q34W,28,1.00319193935765,0.0461912891610172,WTL
Q34Y,28,1.01819163948002,0.0648396783459672,WTL
G35*,34,-0.0123601332405026,0.0319567437551159,LOA
G35A,25,0.868007940271117,0.038749580065571,Intermediate
G35C,27,0.877413565545657,0.0817751083149406,Intermediate
G35D,26,0.831462566633564,0.0906807704859572,Intermediate
G35E,40,0.713777401243506,0.0584866551872875,Intermediate
G35F,31,0.42832176789792,0.057937514090186,Intermediate
G35H,24,0.821377262948482,0.0655734515032721,Intermediate
G35I,35,0.0583175004339716,0.0501635685912302,LOA
G35K,32,0.853298956670433,0.0554820067518936,Intermediate
G35L,18,0.658217150338074,0.0668307959289526,Intermediate
G35M,31,0.770000337122363,0.0631762211818463,Intermediate
G35N,38,0.990171578582735,0.0456149382254784,WTL
G35P,36,-0.0216092084083999,0.0110970684246069,LOA
G35Q,33,0.869327596905551,0.0530760465184589,Intermediate
G35R,43,0.797616771264531,0.0448741585303954,Intermediate
G35S,33,0.883902864939396,0.0429013011869553,Intermediate
G35T,31,0.418514973194149,0.0634673726795531,Intermediate
G35V,35,0.258098120087633,0.0944832164760416,possibleLOA
G35W,25,0.0127163259546554,0.0280562847287803,LOA
G35Y,36,0.292769819082379,0.0997620230108857,Intermediate
V36*,33,-0.00859982566192332,0.0223451858135566,LOA
V36A,15,0.528198083885603,0.0857977756615861,Intermediate
V36C,13,0.797206039348617,0.0733105933434661,Intermediate
V36D,27,-0.015530711563737,0.014783290749908,LOA
V36E,32,0.0595466973170118,0.0490515732198828,LOA
V36F,22,0.423648567333789,0.0629362152523994,Intermediate
V36G,18,-0.0191185733167238,0.0234385454134607,LOA
V36H,20,0.0947154146873082,0.064549474319316,LOA
V36I,28,0.981382819404365,0.0436203974001785,WTL
V36K,24,0.381132300222297,0.0755296503560356,Intermediate
V36L,12,0.904191556371609,0.0663423329426027,possibleWTL
V36M,29,0.731255010119784,0.0573364385067075,Intermediate
V36N,34,-0.0254877665916246,0.0176482090498929,LOA
V36P,22,-0.0178261432579475,0.030449405739483,LOA
V36Q,25,0.334890372056086,0.0827759680477946,Intermediate
V36R,34,0.160393648613165,0.0857598544903826,LOA
V36S,20,0.0393968977135043,0.054048287806321,LOA
V36T,30,0.623378209218648,0.0595796127600795,Intermediate
V36W,26,0.14767569879271,0.0782334983604493,LOA
V36Y,22,0.53264718762212,0.0834417187726073,Intermediate
P37*,41,0.00519128028385711,0.0571136042681869,LOA
P37A,29,0.944811534408066,0.0610919078546297,possibleWTL
P37C,20,0.910008290051407,0.057401101897778,possibleWTL
P37D,32,1.00633527763956,0.0452783795048375,WTL
P37E,49,1.02285004118264,0.0376287666887452,WTL
P37F,28,0.741667522838693,0.0515083427529898,Intermediate
P37G,36,0.769504093475362,0.0610208544503874,Intermediate
P37H,26,0.923879155902217,0.0477527489111949,possibleWTL
P37I,29,0.755707167090304,0.0545670934963585,Intermediate
P37K,56,0.875270635441615,0.0580709411404294,Intermediate
P37L,33,0.804933092281774,0.0427342043005545,Intermediate
P37M,32,0.865034127425268,0.0470103267908903,Intermediate
P37N,29,0.94636652212444,0.058306731466771,possibleWTL
P37Q,46,0.947059937348262,0.0427378565446751,WTL
P37R,33,0.949696238165648,0.0430310523190085,WTL
P37S,46,0.962641700476365,0.0345221343203015,WTL
P37T,36,0.899727801980691,0.0561729901249569,possibleWTL
P37V,44,0.835603446367885,0.052435385908411,Intermediate
P37W,47,0.56883925282509,0.0624890278742794,Intermediate
P37Y,37,0.743398630332544,0.0598372805438184,Intermediate
A38*,34,0.018421942232787,0.0853405794652105,LOA
A38C,27,0.849067437128101,0.0607024419328039,Intermediate
A38D,25,0.188154154247261,0.0777105880293675,possibleLOA
A38E,50,0.760119923569872,0.0417770709568773,Intermediate
A38F,21,0.416838302527196,0.103790524816656,Intermediate
A38G,45,0.672964931921029,0.0474988691222287,Intermediate
A38H,32,0.761486470743981,0.0663198437973012,Intermediate
A38I,27,0.890902406277306,0.040342340007638,possibleWTL
A38K,28,0.466938130875521,0.0500764098654128,Intermediate
A38L,32,0.822401408468383,0.0595501457661258,Intermediate
A38M,47,0.777530860122625,0.050393536780424,Intermediate
A38N,19,0.541802700625113,0.0585855853333596,Intermediate
A38P,24,0.959491646944515,0.0551889974404845,WTL
A38Q,39,0.70035102877503,0.0388670032875253,Intermediate
A38R,42,0.655778391705771,0.0419946087937879,Intermediate
A38S,31,0.938834375428295,0.0571004950296911,possibleWTL
A38T,27,0.951566742093717,0.0590392625832822,WTL
A38V,36,1.01970124675426,0.0536882717100364,WTL
A38W,53,0.598559154873614,0.0477627604263092,Intermediate
A38Y,25,0.329268838635024,0.0864045696377416,Intermediate
D39*,22,0.0149515449986732,0.0771338014280011,LOA
D39A,16,0.852069552688231,0.0614525943548537,Intermediate
D39C,12,0.738106497763183,0.113921061505223,Intermediate
D39E,29,1.00859610316197,0.0634959005629009,WTL
D39F,18,0.162998151146965,0.0962360401563736,LOA
D39G,33,0.799331065913256,0.0493146530962096,Intermediate
D39H,29,0.835620058158796,0.0489816651272701,Intermediate
D39I,22,0.211790779214886,0.11443349367449,possibleLOA
D39K,27,0.736502041062668,0.073783834261723,Intermediate
D39L,23,0.201607223590692,0.11502753706071,possibleLOA
D39M,30,0.397513130552242,0.0871244006202498,Intermediate
D39N,22,0.932499375395235,0.0895295093663849,possibleWTL
D39P,19,0.444100506766123,0.0802964385596827,Intermediate
D39Q,30,0.892683588445001,0.0348603027389848,possibleWTL
D39R,33,0.629905210986907,0.0629677473948727,Intermediate
D39S,21,0.881004835786062,0.0688444060497757,Intermediate
D39T,13,0.818862186903901,0.0561646086651107,Intermediate
D39V,24,0.334011282507626,0.0893390053975826,Intermediate
D39W,28,0.643610109510217,0.0946651001242229,Intermediate
D39Y,30,0.502075959408698,0.0725084686058053,Intermediate
Q40*,41,-0.00797143783158616,0.0316808212170975,LOA
Q40A,28,0.892062449598971,0.0394530333004983,possibleWTL
Q40C,28,0.856593203264208,0.0527804495290824,Intermediate
Q40D,34,1.06548468322371,0.0505354097425513,WTL
Q40E,21,1.07793484760672,0.0682131798317852,WTL
Q40F,43,0.705383616886697,0.0547308991200165,Intermediate
Q40G,37,0.960822400229133,0.0480017317831,WTL
Q40H,33,0.904543768932259,0.0477646548561273,possibleWTL
Q40I,32,0.640804480309809,0.0606324141264456,Intermediate
Q40K,39,0.6635419366122,0.0883496743474669,Intermediate
Q40L,29,0.813243061603506,0.0678140394415448,Intermediate
Q40M,37,0.924280073139277,0.0517472043882862,possibleWTL
Q40N,34,0.928240911473107,0.0440183092646503,possibleWTL
Q40P,28,0.233491945841727,0.103995356727572,possibleLOA
Q40R,37,0.795644320187883,0.0342545371031561,Intermediate
Q40S,34,0.98695667425828,0.0531132688946296,WTL
Q40T,38,0.999541846562351,0.0603961597379674,WTL
Q40V,42,0.667880267866984,0.0675602847443577,Intermediate
Q40W,21,0.681259563333334,0.0686392365381988,Intermediate
Q40Y,32,0.772286915120499,0.0574491007872871,Intermediate
L41*,27,0.00927775074136047,0.0544116741948591,LOA
L41A,25,-0.0276652725224454,0.0102330859336907,LOA
L41C,26,0.406796490978699,0.0573333681046806,Intermediate
L41D,20,-0.0292456284346424,0.0178729558219499,LOA
L41E,25,-0.0228180951772284,0.0223721109451697,LOA
L41F,24,0.462386452931576,0.0649893059142447,Intermediate
L41G,35,-0.0204013743290032,0.0199120156941624,LOA
L41H,12,-0.0213614010221456,0.0221842791123935,LOA
L41I,28,0.307044471066201,0.0930532294741283,Intermediate
L41K,27,-0.0231270889944556,0.0157755716985111,LOA
L41M,32,0.772267560088871,0.0385838717745514,Intermediate
L41N,24,-0.0227326914869447,0.035763439611087,LOA
L41P,31,-0.0219349341631243,0.0125094022951429,LOA
L41Q,30,0.408840670926493,0.0784438654158323,Intermediate
L41R,20,-0.0260514099274489,0.0203122592519612,LOA
L41S,36,-0.0165241459579137,0.0244406050452576,LOA
L41T,23,-0.0263213393751862,0.0141079561057653,LOA
L41V,28,-0.0175557379039395,0.0132492435374533,LOA
L41W,46,-0.0174212845314028,0.0216501071881135,LOA
L41Y,34,0.0166663271343819,0.0353257625297549,LOA
R42*,31,0.00456297065363289,0.0582954674913774,LOA
R42A,10,1.056053936209,0.0576393403449463,WTL
R42C,24,1.02017505639924,0.0679658538416234,WTL
R42D,19,0.849525384093367,0.0596749217086112,Intermediate
R42E,18,0.792436708311446,0.0784406596853523,Intermediate
R42F,35,0.314919365343019,0.112601909382842,Intermediate
R42G,17,0.637561159681396,0.0860642130104355,Intermediate
R42H,26,0.919175814922868,0.0533568477163286,possibleWTL
R42I,41,0.97005756926372,0.0518656265237455,WTL
R42K,41,0.901809800102029,0.0496094903949205,possibleWTL
R42L,16,0.790880531314842,0.115976463160853,Intermediate
R42M,36,0.948393895203446,0.0617844035148644,possibleWTL
R42N,46,0.568716578380767,0.0713293328036751,Intermediate
R42P,41,-0.0208111864129388,0.0118516658312768,LOA
R42Q,36,0.93440026457769,0.0646250734553832,possibleWTL
R42S,41,1.03172988680261,0.042709368244974,WTL
R42T,29,1.00541717949685,0.0440152025069721,WTL
R42V,25,1.01362159987816,0.0396015923833353,WTL
R42W,37,0.0889349242909206,0.0653477961658791,LOA
R42Y,44,0.498841840901298,0.0846127047676295,Intermediate
V43*,33,0.0415575549501049,0.128491773069314,LOA
V43A,16,0.992978256004432,0.0749283768249513,WTL
V43C,21,1.04588283723259,0.0665476281088254,WTL
V43D,31,-0.0258221734199999,0.016895393313413,LOA
V43E,25,-0.015812208934011,0.027787843983573,LOA
V43F,15,0.420494443502389,0.0771907734354629,Intermediate
V43G,31,-0.019857368112659,0.0207344292260156,LOA
V43H,21,-0.0212357445881501,0.0241931051222576,LOA
V43I,20,0.672229626748222,0.0652350056668029,Intermediate
V43K,27,-0.0301662335024087,0.0148342575286745,LOA
V43L,22,0.794220198827309,0.043756209957392,Intermediate
V43M,27,0.590233744339187,0.0545506882859643,Intermediate
V43N,21,-0.0140356220188644,0.0299946317920543,LOA
V43P,16,-0.0258202947733884,0.0199203626873206,LOA
V43Q,38,-0.0179765594612969,0.0291951911710615,LOA
V43R,28,-0.0191197583095786,0.0326736380880158,LOA
V43S,21,-0.02544125430797,0.0151280264964826,LOA
V43T,29,0.290034294689786,0.0782801870381191,Intermediate
V43W,22,-0.0296862857240709,0.00981863587277184,LOA
V43Y,29,-0.0238008419224295,0.0184476779748405,LOA
I44*,26,0.0277629912960549,0.0996042811861947,LOA
I44A,26,0.352995238448513,0.0718955565821131,Intermediate
I44C,26,0.793428095606855,0.04037893249789,Intermediate
I44D,21,-0.0230308397988679,0.0134588154456863,LOA
I44E,29,0.332004565682678,0.105742047096969,Intermediate
I44F,28,0.732985539289165,0.0657522931858857,Intermediate
I44G,12,-0.015663644631127,0.0249153223184806,LOA
I44H,24,0.291373532814921,0.103256591349341,Intermediate
I44K,20,-0.0208410098249907,0.0173320604869225,LOA
I44L,15,0.859608608805759,0.0890434856270176,Intermediate
I44M,17,0.857460067175808,0.0590088148117456,Intermediate
I44N,29,0.0160129677689459,0.0338017118417893,LOA
I44P,29,-0.0233676427985925,0.0149728432391751,LOA
I44Q,23,0.110707493385125,0.0745383715162494,LOA
I44R,32,-0.0153932341417764,0.0207881139340906,LOA
I44S,19,0.358784277129751,0.0967719627553629,Intermediate
I44T,23,0.470228208809644,0.0813164220580313,Intermediate
I44V,30,1.03088381491163,0.0623009200411486,WTL
I44W,33,0.751064587015511,0.05633630391496,Intermediate
I44Y,21,0.709701056745709,0.0847414989755502,Intermediate
F45*,24,0.0117630415073906,0.0610997261431395,LOA
F45A,24,1.01332822389478,0.0394652180470648,WTL
F45C,24,0.975473920657936,0.0521037583486114,WTL
F45D,21,-0.014068373261323,0.0195968651569152,LOA
F45E,20,0.0319230907965812,0.0485530048155236,LOA
F45G,6,0.861157330790526,0.101647504915668,Intermediate
F45H,14,1.02303565311369,0.0624614513315909,WTL
F45I,25,0.648553734392494,0.0563151267840055,Intermediate
F45K,14,0.881141159495569,0.0832212490072412,Intermediate
F45L,8,0.892011451325369,0.0854880328086333,possibleWTL
F45M,15,0.72937538554714,0.0848565942550381,Intermediate
F45N,16,0.808603493598777,0.0467713673206761,Intermediate
F45P,20,-0.0267424827840661,0.0159163024104369,LOA
F45Q,17,0.840719149197695,0.0510689453647831,Intermediate
F45R,21,0.754015210571469,0.0620830796136757,Intermediate
F45T,18,0.676237646131807,0.0767995332534657,Intermediate
F45V,5,1.02711914864768,0.0979897892874753,WTL
F45W,18,0.733510118932049,0.0496902228194613,Intermediate
F45Y,15,1.0110578233443,0.116108920114898,WTL
A46*,18,-0.0148457024690095,0.0224925197015186,LOA
A46C,21,0.979798294160168,0.0854923742635733,WTL
A46D,14,0.955952864032293,0.0891647495214933,possibleWTL
A46E,28,1.01754981872848,0.0360300512097314,WTL
A46F,15,0.41967823758833,0.0940083963168458,Intermediate
A46G,20,0.971894846816399,0.0417997474900293,WTL
A46H,17,1.03205689801828,0.0678501914496987,WTL
A46I,12,0.00732770994304765,0.0559866598209618,LOA
A46K,21,1.0268940687456,0.0422952822548839,WTL
A46L,16,0.892751337160787,0.0637790942427649,possibleWTL
A46M,15,1.03218614771127,0.0646978181753425,WTL
A46N,15,1.04480425278801,0.099163849169206,WTL
A46P,15,-0.0290161274623125,0.0156294344408127,LOA
A46Q,7,1.12693736564156,0.12849551356829,WTL
A46R,16,1.06845547524861,0.0620557161330979,WTL
A46S,18,0.936471302038697,0.0513135503972524,possibleWTL
A46T,12,0.646604139791328,0.0432862577584076,Intermediate
A46V,27,0.188128557680015,0.0829038698278068,possibleLOA
A46W,11,0.624536633701331,0.106713750411899,Intermediate
A46Y,15,0.619144664874643,0.0985338598266172,Intermediate
G47*,17,-0.0102271198911246,0.02487404345931,LOA
G47A,6,-0.0121868286258951,0.0317357869022193,LOA
G47C,9,0.262935856874624,0.108131505019013,Intermediate
G47D,7,0.588754604221513,0.0983604770006941,Intermediate
G47E,7,0.0363505549428523,0.0532157214342239,LOA
G47F,14,0.196382488339221,0.0961475951533032,possibleLOA
G47H,9,0.191374106916311,0.0716966706942915,possibleLOA
G47I,12,-0.0268358528833183,0.0254376295384516,LOA
G47K,11,-0.0332842409413474,0.0153501705723552,LOA
G47L,13,0.735949132628539,0.0537360599334194,Intermediate
G47M,8,0.973644856340796,0.101835703799113,possibleWTL
G47N,15,0.671861332244903,0.0603318529594079,Intermediate
G47P,10,-0.0306363311879807,0.0172904515068186,LOA
G47Q,3,0.188811360002077,0.121581072471296,possibleLOA
G47R,9,-0.0217781928687486,0.0218961283054652,LOA
G47S,12,0.0712148258177156,0.0668255229121701,LOA
G47T,8,-0.0217391477802531,0.0203140935679102,LOA
G47V,22,-0.0289003723783204,0.0127518779761915,LOA
G47W,17,-0.0198386917479233,0.0372655138095102,LOA
G47Y,11,0.391058919673381,0.0934775269905033,Intermediate
K48*,27,0.0316711928690744,0.0756640040044959,LOA
K48A,28,0.433104751668881,0.074667879809335,Intermediate
K48C,22,0.435823816609053,0.0689657936150655,Intermediate
K48D,23,-0.00515559831895712,0.0323951607128625,LOA
K48E,27,0.38680411664716,0.0783396572562051,Intermediate
K48F,22,0.0379409284367034,0.0516070298668149,LOA
K48G,13,0.135231286521894,0.0855588189084328,LOA
K48H,20,0.814424506663177,0.0624719038481262,Intermediate
K48I,25,0.337363965321545,0.0903351888766126,Intermediate
K48L,25,0.320031956753436,0.09004781171628,Intermediate
K48M,26,0.557449564583533,0.092216444996752,Intermediate
K48N,23,0.536225117430819,0.0494840850480946,Intermediate
K48P,21,-0.026722116198322,0.0101740324035917,LOA
K48Q,17,0.829476781695805,0.0755681102896816,Intermediate
K48R,28,1.01376244520907,0.0624084014791384,WTL
K48S,24,0.420218924302504,0.0743780555603274,Intermediate
K48T,18,0.618055427393527,0.0466761327479251,Intermediate
K48V,22,0.542468235056944,0.0759181129125696,Intermediate
K48W,23,-0.0302504112071427,0.0140421881710728,LOA
K48Y,28,0.2105205031407,0.0935493357009237,possibleLOA
E49*,16,-0.0150819329082774,0.0217203099533972,LOA
E49A,12,-0.00415832398053447,0.0243182671522897,LOA
E49C,18,0.0245428520138294,0.0420923725004597,LOA
E49D,18,0.361145123914256,0.0881558307349368,Intermediate
E49F,16,-0.024014394581739,0.0239924112611688,LOA
E49G,16,-0.0245482304395863,0.0154806589603228,LOA
E49H,18,0.0012251272144819,0.0243822520053327,LOA
E49I,13,0.492424654310621,0.0759798059890279,Intermediate
E49K,14,-0.00592521914350479,0.0241811843300557,LOA
E49L,15,0.209066291325764,0.0748981575160758,possibleLOA
E49M,10,-0.00862268640219236,0.0293145080514005,LOA
E49N,21,-0.0122682507317484,0.0268025710118296,LOA
E49P,12,0.14523791167274,0.106699339577862,LOA
E49Q,14,0.333434509297138,0.0986197691853444,Intermediate
E49R,13,-0.0287945125022204,0.017353763588791,LOA
E49S,15,-0.0171499012090259,0.0268628556431795,LOA
E49T,13,0.0847775539430783,0.0794605405548062,LOA
E49V,20,0.324541820905684,0.108621407533876,Intermediate
E49W,16,-0.0207008521480247,0.0276235285081312,LOA
E49Y,13,-0.0176286316738453,0.0249866001554943,LOA
L50*,29,0.0202641837133236,0.0674347137280621,LOA
L50A,27,0.224610722704754,0.0913819412406168,possibleLOA
L50C,22,0.533436433840017,0.0642233632532311,Intermediate
L50D,30,-0.0215879557132472,0.0172947492177332,LOA
L50E,28,-0.0194827246193722,0.0187818275307127,LOA
L50F,25,-0.0148668732735557,0.0203168402083977,LOA
L50G,25,-0.0194536776874522,0.038624586841091,LOA
L50H,31,-0.023186698258786,0.0131063829675522,LOA
L50I,22,0.0532949118536439,0.0517271043725414,LOA
L50K,19,-0.0234645805030414,0.0178136099258506,LOA
L50M,32,0.732333059487182,0.0435055432590452,Intermediate
L50N,24,-0.0241738655789331,0.0214330086204575,LOA
L50P,27,-0.0246798678181929,0.0146303245902554,LOA
L50Q,26,0.202662236086227,0.0876257558391786,possibleLOA
L50R,27,-0.0171951429054589,0.0126919422417041,LOA
L50S,29,-0.0217065687154936,0.01114718710139,LOA
L50T,26,-0.0284864611067951,0.0141490597311581,LOA
L50V,26,0.0727374881462549,0.0481433810669948,LOA
L50W,29,-0.0060012684718062,0.0178395933396222,LOA
L50Y,23,-0.015396494258089,0.0291044129710891,LOA
R51*,36,-0.0114362343498475,0.0233006769105089,LOA
R51A,14,0.979697267928947,0.0625611516944571,WTL
R51C,22,0.925014234541264,0.0669387639580475,possibleWTL
R51D,27,0.947155982767587,0.0863683219400764,possibleWTL
R51E,24,0.974634985917076,0.0390680945806446,WTL
R51F,30,0.926254624112558,0.0476344034909773,possibleWTL
R51G,22,0.660720362350512,0.0630568167536237,Intermediate
R51H,21,1.06190534092217,0.0730273534153614,WTL
R51I,20,0.719026733048246,0.0527562570354006,Intermediate
R51K,22,1.03904868148587,0.0589868674515042,WTL
R51L,19,1.00943376059922,0.0660734951926414,WTL
R51M,34,1.04228271999844,0.0618793220971966,WTL
R51N,22,0.967825626429234,0.0441650391346301,WTL
R51P,11,0.971717656827431,0.111203115170847,possibleWTL
R51Q,18,1.06822591707118,0.0571084033706606,WTL
R51S,23,0.898570289524081,0.0814136050200436,possibleWTL
R51T,18,0.591878968890768,0.0527706691713069,Intermediate
R51V,25,0.679705207292096,0.0458314429236577,Intermediate
R51W,21,0.6039749575118,0.0839632637814863,Intermediate
R51Y,23,0.885146734597779,0.0568415730792001,Intermediate
N52*,27,0.0548114852846626,0.145403415042969,LOA
N52A,32,0.637727783662268,0.0499409955190453,Intermediate
N52C,27,0.309112807962439,0.0817330215866372,Intermediate
N52D,25,1.04545813953189,0.0466428202592012,WTL
N52E,31,0.982654866563613,0.0381995881623245,WTL
N52F,38,-0.0291383468344559,0.011744426809663,LOA
N52G,27,0.775732354668804,0.0653754765091423,Intermediate
N52H,21,0.35424939293664,0.0757981692303981,Intermediate
N52I,25,-0.0282019479832223,0.024270078149772,LOA
N52K,23,-0.00949086891009635,0.0278756033474869,LOA
N52L,39,-0.0233967140470919,0.0118801430532267,LOA
N52M,32,0.0110142711221277,0.0399581161925559,LOA
N52P,26,0.786082606701732,0.0594188074625832,Intermediate
N52Q,26,0.577711141975171,0.0762270070309285,Intermediate
N52R,36,-0.0215269607588385,0.0163632532817806,LOA
N52S,26,0.835766693501426,0.0567429158141586,Intermediate
N52T,16,0.163003191788123,0.085699551299392,LOA
N52V,20,-0.0285698640569709,0.0163376885767369,LOA
N52W,33,-0.0124053679241864,0.0225505400319844,LOA
N52Y,24,-0.0183448502534595,0.0170595936248213,LOA
D53*,29,-0.0118091011268459,0.0421492506151481,LOA
D53A,24,0.728035677351144,0.0646990948383984,Intermediate
D53C,24,0.745535970598946,0.0389230005836197,Intermediate
D53E,28,1.04803925307263,0.0667644499318148,WTL
D53F,24,0.286727117584913,0.0848660499890417,Intermediate
D53G,27,0.628947273543874,0.0494040457585987,Intermediate
D53H,32,0.967183452024764,0.0479442906824425,WTL
D53I,31,0.126568580492029,0.0745158014346871,LOA
D53K,33,0.44235792859307,0.0740341787020686,Intermediate
D53L,28,0.14852461108932,0.0793323901207841,LOA
D53M,32,0.380131336712544,0.0806336958579694,Intermediate
D53N,31,0.962578785724245,0.0584156646644508,WTL
D53P,26,0.449691540151341,0.085140438015745,Intermediate
D53Q,37,0.855149227515981,0.0485195994159902,Intermediate
D53R,29,0.407961871530262,0.072410582733452,Intermediate
D53S,23,0.930471541606105,0.0575648549005498,possibleWTL
D53T,37,0.805123638266765,0.050519714191886,Intermediate
D53V,35,0.22742925597364,0.0763751452167313,possibleLOA
D53W,33,0.562282877675434,0.0697980501544386,Intermediate
D53Y,27,0.534932024327318,0.0734416471523644,Intermediate
W54*,33,-0.0107063099107509,0.0268266798544507,LOA
W54A,28,1.01727011634115,0.0363545549328138,WTL
W54C,33,0.916667613152728,0.0470660568156117,possibleWTL
W54D,29,1.00475046278815,0.0385425920383305,WTL
W54E,34,0.985189990346746,0.0594311953142814,WTL
W54F,24,0.809265261451885,0.0667142741299367,Intermediate
W54G,42,0.577934377174774,0.0419151093297978,Intermediate
W54H,28,0.835715917853717,0.0634247956088836,Intermediate
W54I,32,0.742495135934762,0.0575051502599607,Intermediate
W54K,38,0.834409937219449,0.0490636832752654,Intermediate
W54L,40,0.986537382409034,0.0442936045441177,WTL
W54M,30,1.02198530983104,0.0405433025788301,WTL
W54N,19,0.733574595825273,0.0574470104264629,Intermediate
W54P,31,-0.0259473203991816,0.00914761750936938,LOA
W54Q,36,1.03143563659791,0.0494537196562866,WTL
W54R,37,0.8480788580387,0.0492407539360145,Intermediate
W54S,28,0.917465406481935,0.0613531368989505,possibleWTL
W54T,43,0.82107958927073,0.0468027950088465,Intermediate
W54V,52,0.854822369304255,0.0293389581487886,Intermediate
W54Y,28,0.814658416630682,0.0349712238043873,Intermediate
T55*,32,-0.00167443277789413,0.0414028885035795,LOA
T55A,19,0.625903157489201,0.0726362051723155,Intermediate
T55C,35,0.7561890797047,0.0526693520506706,Intermediate
T55D,25,0.252616842163772,0.107260169795497,possibleLOA
T55E,21,0.548893137803268,0.0674045618072607,Intermediate
T55F,32,0.601063051601834,0.0654926786362986,Intermediate
T55G,33,0.195881188835388,0.0894297179046281,possibleLOA
T55H,28,0.626269000225656,0.0706837970751287,Intermediate
T55I,25,0.94480602775466,0.062242827219262,possibleWTL
T55K,17,0.890576306897383,0.0652779452775517,possibleWTL
T55L,29,1.00885120962508,0.0460149138439819,WTL
T55M,17,0.856710229948988,0.0812277591678023,Intermediate
T55N,23,0.770954599645246,0.051231128835781,Intermediate
T55P,27,0.508400337843755,0.0593143028879716,Intermediate
T55Q,19,0.799343984304457,0.049995820469719,Intermediate
T55R,24,0.854176896535033,0.0652151712903687,Intermediate
T55S,23,0.916675148667912,0.0382709699914589,possibleWTL
T55V,27,0.818438054963831,0.0625210544598992,Intermediate
T55W,16,0.086643974815937,0.0699816690357034,LOA
T55Y,24,0.559545514759349,0.0504417503150591,Intermediate
V56*,38,0.0372204993318932,0.106731985433308,LOA
V56A,26,0.57913908344648,0.0484572283232677,Intermediate
V56C,25,0.862496250837931,0.066974106444181,Intermediate
V56D,22,-0.0237539601189242,0.0195107536712679,LOA
V56E,27,-0.0284002429410579,0.0136987895612176,LOA
V56F,22,0.659967553597664,0.0409956745404521,Intermediate
V56G,29,-0.0202466820096581,0.0151209302461007,LOA
V56H,19,-0.0181463644635295,0.0305603238408743,LOA
V56I,19,1.05530867546557,0.0521591127615261,WTL
V56K,27,-0.0199563226945928,0.013941795464801,LOA
V56L,26,1.00097279683725,0.0701092706475867,WTL
V56M,20,1.01404700042,0.0637327666489217,WTL
V56N,29,-0.0247619621002663,0.0129783857410241,LOA
V56P,37,0.0827903249674248,0.0659311017445999,LOA
V56Q,20,-0.0214613547833683,0.0140476924027852,LOA
V56R,21,-0.0229187564550347,0.0190901059163584,LOA
V56S,21,-0.0224537039623486,0.0273131149416655,LOA
V56T,25,0.288322622913056,0.0961913458094798,Intermediate
V56W,22,0.570109681738266,0.0456778454309245,Intermediate
V56Y,17,-0.00876719255028473,0.0365338132930637,LOA
Q57*,37,-0.00164672521625792,0.0295076697721463,LOA
Q57A,30,1.02396789850238,0.0454158680486095,WTL
Q57C,33,0.855159309411184,0.0448925519756594,Intermediate
Q57D,28,0.944546847952752,0.0660325295077739,possibleWTL
Q57E,34,0.957510883434003,0.0395902708058737,WTL
Q57F,23,0.765076177508396,0.0555617614898018,Intermediate
Q57G,30,1.02631891732277,0.0650041657423574,WTL
Q57H,14,0.855339478645319,0.0576053871326501,Intermediate
Q57I,45,0.768235557704887,0.0433797114990325,Intermediate
Q57K,22,1.00331173981208,0.0423284398140108,WTL
Q57L,32,0.830222304669691,0.0653660565072952,Intermediate
Q57M,26,0.909196593022792,0.0671921936619042,possibleWTL
Q57N,24,0.927493191645468,0.0542259072681214,possibleWTL
Q57P,23,0.450868946150204,0.0662639543226244,Intermediate
Q57R,26,1.01176433657254,0.087876931951847,WTL
Q57S,28,1.00419372593646,0.0505132262407115,WTL
Q57T,30,0.959433212383399,0.0457850479108499,WTL
Q57V,36,0.769628608266606,0.0467233906230949,Intermediate
Q57W,31,0.647138947208745,0.0801070046475371,Intermediate
Q57Y,31,0.744201372034122,0.0665333071393278,Intermediate
N58*,29,-0.0226090397338612,0.0236969594157989,LOA
N58A,26,1.04025984983504,0.0490146878767919,WTL
N58C,30,0.871450585254606,0.0492607690832014,Intermediate
N58D,16,1.06279698076765,0.0531131539007433,WTL
N58E,29,1.07673361872866,0.0466994585053214,WTL
N58F,22,0.977681255021237,0.062823046091561,WTL
N58G,23,1.00114695537541,0.0639853268720828,WTL
N58H,24,0.990922732963954,0.0556512205367228,WTL
N58I,27,0.640378505162175,0.065810898022985,Intermediate
N58K,28,1.01061115657086,0.041412375167758,WTL
N58L,21,0.773641928502289,0.0583115317625981,Intermediate
N58M,28,1.08797692025198,0.0451705411489013,WTL
N58P,22,-0.0218898979708618,0.0219067691332596,LOA
N58Q,22,1.05810345162175,0.0671739942190867,WTL
N58R,31,0.98671229537702,0.02875835344498,WTL
N58S,24,1.01612343291769,0.0618738737378295,WTL
N58T,19,0.943775788968606,0.0706068718730039,possibleWTL
N58V,34,0.692835024649903,0.0469434232225929,Intermediate
N58W,31,0.607595151261289,0.0733523960781369,Intermediate
N58Y,30,0.960475634304071,0.0539020856527554,WTL
C59*,27,-0.0150674340352422,0.0195075269073598,LOA
C59A,27,0.826082305446716,0.0423093725104197,Intermediate
C59D,30,-0.0215262668475176,0.0236518392973162,LOA
C59E,36,-0.0239540779520885,0.0155782095632041,LOA
C59F,29,0.249002634048246,0.0883347939165836,possibleLOA
C59G,29,0.034205669985144,0.0456391059744783,LOA
C59H,26,0.0224028789196973,0.0384141583448383,LOA
C59I,31,0.595770658651528,0.0469510011023252,Intermediate
C59K,32,-0.00979144300680999,0.0256144284686491,LOA
C59L,44,0.733562715193895,0.0710561132875868,Intermediate
C59M,41,0.617391166862354,0.0715080810400425,Intermediate
C59N,39,-0.0175470374518843,0.0234188414108075,LOA
C59P,20,-0.0133562428159034,0.0342128235754009,LOA
C59Q,32,0.0127420830017741,0.0261016158007362,LOA
C59R,32,-0.0287443139793466,0.0143322246075429,LOA
C59S,35,0.863897764852289,0.058877806506157,Intermediate
C59T,32,0.861045170478148,0.0335150456819775,Intermediate
C59V,24,0.591147020283549,0.0643727810879633,Intermediate
C59W,28,-0.00349804113398515,0.026820090301302,LOA
C59Y,32,0.559784118383235,0.0773546736860162,Intermediate
D60*,18,-0.0308655679753391,0.0161979364823747,LOA
D60A,29,0.953569530697212,0.0415007613213703,WTL
D60C,26,0.94104275200615,0.0455095200881481,WTL
D60E,24,1.02850517289051,0.0523529648358782,WTL
D60F,26,0.760544002671934,0.063525309118478,Intermediate
D60G,34,1.06393433782765,0.0467475471536841,WTL
D60H,17,1.02080660092305,0.0558034426872105,WTL
D60I,23,0.806293339564802,0.0582105644587734,Intermediate
D60K,31,1.06390385677104,0.0481711800154513,WTL
D60L,23,0.889645589464995,0.0452315611124839,Intermediate
D60M,32,0.895659888867072,0.0545518480682679,possibleWTL
D60N,18,1.07047482138839,0.0700828778247402,WTL
D60P,28,0.647953240656589,0.0402789762072958,Intermediate
D60Q,34,1.12823191804953,0.0404784251414775,WTL
D60R,25,1.03414212328952,0.0638178707164948,WTL
D60S,21,0.966208091775004,0.0569743811309747,WTL
D60T,20,0.702000864566596,0.0403482776016714,Intermediate
D60V,40,0.764444062688638,0.0529680759647969,Intermediate
D60W,27,0.357553221596205,0.0570167792004146,Intermediate
D60Y,27,0.5916683249427,0.0403754791485243,Intermediate
L61*,35,-0.0178691497617567,0.0243054729640236,LOA
L61A,25,-0.00728020355571124,0.025529255807912,LOA
L61C,5,0.154820455239661,0.0906905306245456,LOA
L61D,27,-0.012871681567105,0.0163623236552997,LOA
L61E,31,-0.0242293550282095,0.0138204233017342,LOA
L61F,41,0.900800728926024,0.0490249574092883,possibleWTL
L61G,17,0.00245255360354191,0.0339570884239531,LOA
L61H,34,-0.0148494380339006,0.0215142208274571,LOA
L61I,22,1.00860402037914,0.0718779979233321,WTL
L61K,33,-0.0237309476807188,0.0143468276333438,LOA
L61M,40,0.969368239342701,0.0510115603934719,WTL
L61N,32,-0.0255849219909235,0.013671232848087,LOA
L61P,45,-0.014418974791164,0.0182249630599408,LOA
L61Q,24,-0.0123527724600622,0.0161422879742226,LOA
L61R,30,-0.0216381370147001,0.0201599450054885,LOA
L61S,11,-0.020219816528044,0.0178523164176605,LOA
L61T,27,0.000674060811451042,0.035389895089159,LOA
L61V,35,0.746267855539294,0.0397278356646136,Intermediate
L61W,24,0.29550131337764,0.0916654229609816,Intermediate
L61Y,42,-0.00736501881286474,0.0178734936746064,LOA
D62*,28,-0.0279275432242598,0.0118418372156545,LOA
D62A,22,1.04312796813456,0.0564805158213173,WTL
D62C,38,0.970270328546874,0.052362401768528,WTL
D62E,36,1.06304521586337,0.051356108396407,WTL
D62F,20,0.888130269635894,0.072073925665197,Intermediate
D62G,30,1.00328410294216,0.0363123527008683,WTL
D62H,23,1.07420138517458,0.0690569860183909,WTL
D62I,23,0.930753470065976,0.0615061454845267,possibleWTL
D62K,31,1.04993170913175,0.0541977532970104,WTL
D62L,29,0.900549899536283,0.0735831114762284,possibleWTL
D62M,33,1.01958244268295,0.0524481235424475,WTL
D62N,24,1.03479781298654,0.0615678435995301,WTL
D62P,16,1.04164190691506,0.0921123781749947,WTL
D62Q,18,1.08709003593893,0.058907626024257,WTL
D62R,25,1.03091692513439,0.0543751788853074,WTL
D62S,29,1.024063316399,0.0398496551951767,WTL
D62T,25,1.04441818218346,0.0559365319095627,WTL
D62V,28,1.0160419250768,0.0530300060924518,WTL
D62W,34,0.708275134356415,0.069612789994157,Intermediate
D62Y,31,0.941900257465642,0.0415903396183515,WTL
Q63*,15,-0.0136074483923902,0.0388525988216677,LOA
Q63A,29,1.00246372390277,0.0333813330935321,WTL
Q63C,20,0.962248793695511,0.0592886099085765,WTL
Q63D,26,1.11915268188876,0.0413315857139038,WTL
Q63E,32,1.04130440930063,0.0218931339237869,WTL
Q63F,30,0.832284389097847,0.0573785537252517,Intermediate
Q63G,27,0.905263151122122,0.0403352459394947,possibleWTL
Q63H,26,1.07443971817433,0.0402867710185871,WTL
Q63I,28,0.565585673734702,0.0466800674702539,Intermediate
Q63K,33,0.938725694399721,0.0627177438042395,possibleWTL
Q63L,34,0.603488301216045,0.0557145484802994,Intermediate
Q63M,26,0.954543275652253,0.0444274317997747,WTL
Q63N,26,1.07637357766836,0.0640232413800814,WTL
Q63P,25,1.07613706028665,0.0615172774051405,WTL
Q63R,27,0.909563491749452,0.0838625727960082,possibleWTL
Q63S,30,1.01563060818926,0.0529250684643487,WTL
Q63T,15,0.983299683520505,0.0528743681029989,WTL
Q63V,2,0.788039794878914,0.135083270335671,Intermediate
Q63W,16,0.853700247728786,0.0599589154680378,Intermediate
Q63Y,29,0.92716840445449,0.0487411456794804,possibleWTL
Q64*,18,-0.0207453720869991,0.0248808771144367,LOA
Q64A,24,1.026937041888,0.0373266231556706,WTL
Q64C,35,1.02666996197031,0.0950136440278036,WTL
Q64D,29,1.02387979715708,0.0609492723473686,WTL
Q64E,25,1.01703526484403,0.0720165652929197,WTL
Q64F,36,1.05151873644107,0.0683470568402691,WTL
Q64G,27,1.01940119384204,0.0705310368487466,WTL
Q64H,36,1.06671729519173,0.0582852464211806,WTL
Q64I,23,0.355162162828962,0.0782222473078805,Intermediate
Q64K,29,1.054772106193,0.0396901888392584,WTL
Q64L,39,0.94242328276403,0.0465327218835739,WTL
Q64M,24,0.997244499176518,0.0605202262399704,WTL
Q64N,30,1.05402882415393,0.0371366419142478,WTL
Q64P,30,0.810657287200893,0.0680915029337619,Intermediate
Q64R,18,1.09233346199431,0.0720789951883751,WTL
Q64S,33,1.05850118369595,0.0558102687057161,WTL
Q64T,25,0.925588422976158,0.0478876634927759,possibleWTL
Q64V,29,0.556085798228751,0.0816587561213916,Intermediate
Q64W,26,0.912389947068821,0.062657375204023,possibleWTL
Q64Y,23,1.01957367325393,0.0544573122070769,WTL
S65*,41,-0.0247969506206711,0.0144508261113551,LOA
S65A,35,0.990677575400833,0.0425125494843916,WTL
S65C,19,0.904651990147536,0.0406974539050319,possibleWTL
S65D,20,0.882619332808288,0.0819500005019859,Intermediate
S65E,32,0.469972319671631,0.0562765792437734,Intermediate
S65F,22,0.231498638067169,0.106721339424064,possibleLOA
S65G,16,0.764006567348463,0.0712742320166242,Intermediate
S65H,24,0.58178964807308,0.0563979662999992,Intermediate
S65I,22,0.197558279037018,0.103395822805751,possibleLOA
S65K,23,0.656257141866922,0.0787146725085139,Intermediate
S65L,22,0.267779285413622,0.110001855559008,Intermediate
S65M,24,0.49756293034342,0.0788701050572087,Intermediate
S65N,30,0.77083849569727,0.065542632195947,Intermediate
S65P,30,0.958217510855929,0.0550255560866938,WTL
S65Q,30,0.720021342086832,0.0561006978219561,Intermediate
S65R,40,0.69156241226531,0.0539713040222964,Intermediate
S65T,32,0.649410527178722,0.0592389344040081,Intermediate
S65V,32,0.355091829353158,0.0707311041448398,Intermediate
S65W,24,-0.00212080471236277,0.0374310463733895,LOA
S65Y,39,0.235047379022716,0.078975083349596,possibleLOA
I66*,29,-0.0251196920542185,0.0140809125986459,LOA
I66A,27,0.714191643437641,0.045606986196132,Intermediate
I66C,36,0.966921016981204,0.0700041893610364,WTL
I66D,32,0.189988766183457,0.0899467113976221,possibleLOA
I66E,37,0.719867062407326,0.0356959070293567,Intermediate
I66F,29,0.585208584399452,0.0621366567576171,Intermediate
I66G,23,0.235225697989997,0.0838103291922134,possibleLOA
I66H,19,0.875291264812027,0.0489944659641254,Intermediate
I66K,33,0.146903969360574,0.0682067984050732,LOA
I66L,24,0.821923318515097,0.0796992695695428,Intermediate
I66M,30,0.81164584233463,0.0495724787243797,Intermediate
I66N,22,0.385638501156425,0.0639567673411405,Intermediate
I66P,19,0.581136363631247,0.0677620159449252,Intermediate
I66Q,24,0.560608799415318,0.0481176636090318,Intermediate
I66R,25,0.590035530897547,0.0581261227167047,Intermediate
I66S,24,0.754194593041348,0.0533029190559828,Intermediate
I66T,15,1.022192913806,0.0534388795549814,WTL
I66V,21,1.07507002430321,0.0611342155672132,WTL
I66W,40,0.808123895131234,0.0712167339523381,Intermediate
I66Y,31,0.945780727794119,0.0638200835305524,possibleWTL
V67*,39,-0.0177934938613424,0.0158918187919641,LOA
V67A,25,-0.0239374089973372,0.0153096745522162,LOA
V67C,36,0.433487836590366,0.031438781834696,Intermediate
V67D,29,-0.0224421574885374,0.0133345145866419,LOA
V67E,27,-0.0247379409715076,0.0156691584659093,LOA
V67F,36,0.827335070134511,0.0644429769581168,Intermediate
V67G,26,-0.0225786336442645,0.0166201003499469,LOA
V67H,25,0.0059955899482089,0.018944228501217,LOA
V67I,27,0.952898202316155,0.0433622074014363,WTL
V67K,36,-0.027366862527686,0.0149492620215472,LOA
V67L,21,0.949805658276325,0.0666433460305257,possibleWTL
V67M,35,0.517303623145662,0.0560095190627648,Intermediate
V67N,35,-0.0266229607805192,0.019986780173873,LOA
V67P,34,-0.0233206546487912,0.0186403094659803,LOA
V67Q,26,-0.0171547384650546,0.0280942685796469,LOA
V67R,42,-0.0270458325581502,0.011919162358853,LOA
V67S,30,-0.0234161916611759,0.0144294331435691,LOA
V67T,26,-0.0155044391812112,0.0282999251842585,LOA
V67W,41,-0.012181668306234,0.0283407681117674,LOA
V67Y,35,0.154065291026912,0.0742635542897278,LOA
H68*,36,-0.0178248065230229,0.0289013528451714,LOA
H68A,41,0.192141304303562,0.0891848090161106,possibleLOA
H68C,34,0.412423980030826,0.0842813190046974,Intermediate
H68D,32,1.03847724014521,0.0551919458239612,WTL
H68E,22,0.748239618830131,0.0569970200656026,Intermediate
H68F,47,0.0173839029789993,0.036564391105358,LOA
H68G,27,-0.0237736868677009,0.0136460545000123,LOA
H68I,29,0.0942779524300834,0.0743844047551781,LOA
H68K,34,-0.0170107990786935,0.0175725818449214,LOA
H68L,25,-0.0239203427837973,0.0172642150432442,LOA
H68M,27,0.230956705636282,0.112984429367622,possibleLOA
H68N,31,0.893612931751102,0.0525877425969882,possibleWTL
H68P,28,-0.0219939091624057,0.0159822267519663,LOA
H68Q,31,0.466552450190175,0.0728767447674468,Intermediate
H68R,34,-0.0184772605527942,0.0234946294019959,LOA
H68S,29,0.570713558934577,0.0754092572432028,Intermediate
H68T,31,0.473572005393787,0.0629981904262424,Intermediate
H68V,32,0.361328102692136,0.127469922649276,Intermediate
H68W,32,0.0368658102407015,0.0593234649819575,LOA
H68Y,20,0.171989052645119,0.108931466224036,possibleLOA
I69*,34,-0.0102626034192104,0.0174320923903422,LOA
I69A,18,0.896501598400044,0.06603559482945,possibleWTL
I69C,21,0.983148234384311,0.0750726304702637,WTL
I69D,23,-0.017871503729196,0.0342879540615718,LOA
I69E,23,-0.028824241449304,0.0144739607499701,LOA
I69F,17,0.606995208601059,0.0751306305133693,Intermediate
I69G,23,-0.0236920561440604,0.0146461979074791,LOA
I69H,22,-0.0201292028918355,0.0232370368033814,LOA
I69K,31,-0.0298143169512406,0.0124966081802475,LOA
I69L,33,0.521613092781973,0.0696308308204765,Intermediate
I69M,22,0.897856905881627,0.0832011727651539,possibleWTL
I69N,24,-0.0311792917033953,0.00939158672986958,LOA
I69P,19,-0.0273817412604359,0.0134822073359827,LOA
I69Q,23,-0.0253041436578839,0.018821112306734,LOA
I69R,23,-0.021158457705778,0.0202556865977086,LOA
I69S,14,-0.0258387697779159,0.0217961668622559,LOA
I69T,35,-0.0214506809909055,0.0132531156766416,LOA
I69V,35,1.0485537116095,0.0415198470940535,WTL
I69W,33,-0.0249004247604024,0.0164986668583902,LOA
I69Y,31,-0.0277013583598966,0.0152961227054368,LOA
V70*,33,-0.0234688740297196,0.0137018192636901,LOA
V70A,21,0.145344227536832,0.0909131327289228,LOA
V70C,22,0.483207336543707,0.104454678203653,Intermediate
V70D,33,0.362559564488965,0.0785774045982513,Intermediate
V70E,27,0.562473322499859,0.0488846619486549,Intermediate
V70F,43,0.459868268855708,0.0641789598344935,Intermediate
V70G,13,-0.0232748234232052,0.0234031722448571,LOA
V70H,32,0.189428102378453,0.0954803124752139,possibleLOA
V70I,23,0.992405140154589,0.0659405936778686,WTL
V70K,22,0.0264375614416361,0.0442345723732742,LOA
V70L,23,0.644163126356666,0.0626821169189384,Intermediate
V70M,23,0.5065116258974,0.048587377574439,Intermediate
V70N,25,0.0358626547952425,0.0412208498915473,LOA
V70P,26,-0.0255610117237737,0.0141757534485158,LOA
V70Q,23,0.298435443137094,0.104307728066232,Intermediate
V70R,38,-0.00454750123844024,0.0296562718433014,LOA
V70S,22,0.136257335828249,0.0865328666976951,LOA
V70T,27,0.367186338798128,0.103082540851223,Intermediate
V70W,29,0.098337300502243,0.0694815187461215,LOA
V70Y,36,0.483445060994917,0.0633498125370346,Intermediate
Q71*,25,-0.00403557972702274,0.033273794792594,LOA
Q71A,23,0.805801489608498,0.0553146930823961,Intermediate
Q71C,36,0.754074933551445,0.0537947015154661,Intermediate
Q71D,23,0.831991948000597,0.0700756403177163,Intermediate
Q71E,36,1.00818894711041,0.037131390168651,WTL
Q71F,31,0.505906475059531,0.056801696449667,Intermediate
Q71G,28,0.491849163468151,0.0720229620260885,Intermediate
Q71H,12,0.828158415019272,0.0737269598799926,Intermediate
Q71I,30,0.535263167291984,0.0821060842573759,Intermediate
Q71K,20,0.843417734950402,0.053395929971111,Intermediate
Q71L,17,0.699997602426043,0.0925461570024845,Intermediate
Q71M,37,0.854940158354456,0.0389843833470976,Intermediate
Q71N,45,0.797905499036867,0.0453156064138339,Intermediate
Q71P,19,0.711527134913732,0.0978938493637444,Intermediate
Q71R,44,0.901940743286309,0.0505033007765981,possibleWTL
Q71S,32,0.837100052871055,0.0482717593653318,Intermediate
Q71T,23,0.921505964388356,0.0480437916929224,possibleWTL
Q71V,17,0.718942063376279,0.075946032427745,Intermediate
Q71W,35,0.636336939015842,0.0603280167436519,Intermediate
Q71Y,30,0.657527472886577,0.0496721607909133,Intermediate
R72*,19,0.0366641729076128,0.041699669441989,LOA
R72A,13,1.00659517632395,0.0699597387229195,WTL
R72C,24,1.04143608284433,0.0620529821409085,WTL
R72D,22,1.07085666857896,0.0469421270299956,WTL
R72E,20,1.00637320336976,0.0826327362476863,WTL
R72F,22,1.01786748850447,0.0545353680705836,WTL
R72G,18,0.979145701532214,0.0567739277250018,WTL
R72H,25,1.06254913718849,0.0545700563111874,WTL
R72I,20,1.02839009254675,0.059823251012533,WTL
R72K,32,1.04460718311308,0.0459317589187569,WTL
R72L,15,1.12433770434966,0.0897007473001754,WTL
R72M,12,1.12714029954852,0.0793674911042933,WTL
R72N,30,1.07193095837869,0.0500448427133047,WTL
R72P,18,0.736815208165461,0.0538715108788538,Intermediate
R72Q,22,1.0715599421177,0.0538601876649372,WTL
R72S,20,1.05868579713047,0.0834183829205888,WTL
R72T,24,1.04210526829697,0.0627049788026084,WTL
R72V,16,1.0108726798408,0.0665510277084053,WTL
R72W,16,1.04132350722922,0.0595765920028279,WTL
R72Y,24,1.05451310792432,0.0365021357473702,WTL
P73*,8,0.278405286219134,0.180323708252084,Intermediate
P73A,12,0.898533563879381,0.0777840774306781,possibleWTL
P73C,8,0.818718010999087,0.0970386079575878,Intermediate
P73D,15,0.984192884938787,0.0909747070212013,WTL
P73E,13,0.945975824700026,0.0940170006895004,possibleWTL
P73F,11,0.665405241710265,0.0776162466987891,Intermediate
P73G,12,0.863910984210746,0.0837650136031794,Intermediate
P73H,9,0.864109570767007,0.120435035833324,Intermediate
P73I,8,0.752001608703036,0.117934628099641,Intermediate
P73K,6,0.79787913282768,0.0927940059052684,Intermediate
P73L,11,0.838156642645177,0.062113579422039,Intermediate
P73M,4,0.77417153382997,0.0825832964782723,Intermediate
P73N,8,0.91661327499765,0.101957347173538,possibleWTL
P73Q,6,0.972561006804122,0.140697040479105,possibleWTL
P73R,7,0.746681197090806,0.0837462225222574,Intermediate
P73S,5,0.813097833870944,0.146223502163039,Intermediate
P73T,5,0.931853652493902,0.0867411949125871,possibleWTL
P73V,10,0.881877690881614,0.0982493992618684,Intermediate
P73W,6,0.520285510749311,0.0877731080029626,Intermediate
P73Y,14,0.822061584140126,0.0554801467044256,Intermediate
W74*,38,0.859460838230352,0.170963795056431,Intermediate
W74A,20,1.04549695225536,0.0726300157571509,WTL
W74C,26,1.00862035417695,0.0582691622403078,WTL
W74D,21,0.984210816490711,0.0484819935232489,WTL
W74E,29,1.04208217097126,0.0491477856528001,WTL
W74F,32,1.02311787273636,0.0647123584537068,WTL
W74G,20,0.991858755454128,0.0572536063767847,WTL
W74H,26,0.99183221961001,0.0637093426889268,WTL
W74I,34,0.95989281409538,0.048633813317473,WTL
W74K,43,0.955093821726297,0.063220404151554,WTL
W74L,33,1.02778548463789,0.0662499360741822,WTL
W74M,29,0.987252946122445,0.0599047025169596,WTL
W74N,42,1.01112557143997,0.0408476683732555,WTL
W74P,48,1.03178014745135,0.061523277455264,WTL
W74Q,46,1.01598988756099,0.0452456089556044,WTL
W74R,30,0.988681718001485,0.0452380612982545,WTL
W74S,21,1.01336848677494,0.0497618474026553,WTL
W74T,34,1.01564306929069,0.0604555637306982,WTL
W74V,22,1.02853366743178,0.0437747324344424,WTL
W74Y,19,0.946444873859554,0.0410339328271858,WTL
R75*,27,0.26618179988816,0.0613162980380851,Intermediate
R75A,23,0.96512680487807,0.059524140635056,WTL
R75C,27,0.938531448789258,0.0534755009601895,possibleWTL
R75D,27,1.0113264375758,0.0498726588517299,WTL
R75E,31,1.03347965761056,0.0460116023047967,WTL
R75F,29,1.02668124643484,0.0760360123416867,WTL
R75G,22,1.00614608074726,0.0376531388639148,WTL
R75H,17,0.9872487475297,0.0676563696293184,WTL
R75I,28,1.02122778191444,0.0534755366261611,WTL
R75K,30,1.01358329388063,0.0551075789593048,WTL
R75L,13,0.964296853132347,0.0955777271406483,possibleWTL
R75M,18,1.01267723230993,0.0582055255055465,WTL
R75N,21,1.0396857756005,0.0389832100023895,WTL
R75P,11,1.01941163447718,0.0624217206935029,WTL
R75Q,17,1.04421700484141,0.0725409112354996,WTL
R75S,24,1.01660628850696,0.0602710995528421,WTL
R75T,31,1.02217468048504,0.0660269241568668,WTL
R75V,30,0.996159764657264,0.0611237927850495,WTL
R75W,27,1.00700633921847,0.0339388272642809,WTL
R75Y,25,0.99052778109947,0.0697343139734171,WTL
K76*,26,0.062818857816796,0.125418214126152,LOA
K76A,18,1.03611706759345,0.0700039743019978,WTL
K76C,20,1.03055662241291,0.0599954728215871,WTL
K76D,29,1.04459207897123,0.0251283871733719,WTL
K76E,37,1.09600678783073,0.0619849316556925,WTL
K76F,32,1.05361552363765,0.0635828418881186,WTL
K76G,29,1.06161257290013,0.0474058624614936,WTL
K76H,30,1.05892475589213,0.0590184636565029,WTL
K76I,31,1.10733792705907,0.0397688082099775,WTL
K76L,22,1.11255553796927,0.0398169626039644,WTL
K76M,29,1.07008807530599,0.0730716579651458,WTL
K76N,26,1.03418586111418,0.0511621710718959,WTL
K76P,24,1.09277750220939,0.047432238842193,WTL
K76Q,22,1.02782313006,0.0672399892189928,WTL
K76R,35,1.03817950059343,0.0560590096120736,WTL
K76S,30,1.05678270238685,0.069666724298022,WTL
K76T,27,1.05038444932073,0.0459886168250558,WTL
K76V,20,1.0658456444539,0.057351558040744,WTL
K76W,26,1.03867639579051,0.0410882284599945,WTL
K76Y,25,1.01971668796429,0.061880358987395,WTL
G77*,30,0.134263238031139,0.0747069317689839,LOA
G77A,15,0.969269869240021,0.0678398434759297,WTL
G77C,28,1.02717786267656,0.0555276491207471,WTL
G77D,19,1.05974363863409,0.0558187080170223,WTL
G77E,24,0.983036426404703,0.0599559868580762,WTL
G77F,22,1.02392568710257,0.0639294688643124,WTL
G77H,31,0.994170595030696,0.0717269076237179,WTL
G77I,38,1.03969326982352,0.0484067707921344,WTL
G77K,35,0.905250895886052,0.0490990703877073,possibleWTL
G77L,27,1.03757828446104,0.0420062571223148,WTL
G77M,39,1.01709568418558,0.0554835317496369,WTL
G77N,30,0.983347628750045,0.0762420184638071,WTL
G77P,16,1.02526319945605,0.093905979834654,WTL
G77Q,40,0.988633980931619,0.0451998544378677,WTL
G77R,19,0.8827539396645,0.0732201071442615,Intermediate
G77S,20,0.998982716351311,0.0438666957629819,WTL
G77T,24,0.985690159766877,0.069717448907711,WTL
G77V,26,1.00505870135547,0.0457570709640868,WTL
G77W,32,1.01012398897499,0.0652001392655319,WTL
G77Y,27,0.99682610741937,0.0720166100104206,WTL
Q78*,29,0.00535043121185114,0.0546215712305119,LOA
Q78A,27,1.06574425312963,0.0474138566808723,WTL
Q78C,19,1.03399139459943,0.06138931311914,WTL
Q78D,14,1.08463865355606,0.0688710269619452,WTL
Q78E,32,1.08274151339958,0.0709720582941949,WTL
Q78F,21,1.03821741200495,0.0394862245606574,WTL
Q78G,21,1.01234776803702,0.0497589187452966,WTL
Q78H,39,0.980866166862124,0.0476117902169572,WTL
Q78I,18,1.05358825589882,0.0571311225939823,WTL
Q78K,40,0.965369915758641,0.0646238281027285,WTL
Q78L,28,1.04471833156375,0.0545426892592855,WTL
Q78M,22,1.00987576948981,0.0510946961733304,WTL
Q78N,25,0.998313384847047,0.04936060487015,WTL
Q78P,23,1.05980105228078,0.0850610932280093,WTL
Q78R,26,0.967326694914368,0.0416106582292139,WTL
Q78S,22,1.02209432606125,0.0508378552424424,WTL
Q78T,25,1.00129633368391,0.062028397928748,WTL
Q78V,30,1.03207643622866,0.0507722533141107,WTL
Q78W,26,1.05515915817852,0.0339901359373325,WTL
Q78Y,25,1.04478233378716,0.0442593352082782,WTL
E79*,29,0.0806120697433394,0.0334877362728088,LOA
E79A,24,0.941297905125488,0.0623397878250581,possibleWTL
E79C,26,0.924550788390551,0.0647710849280414,possibleWTL
E79D,30,1.01840239240205,0.0415201714272831,WTL
E79F,23,0.970401429475241,0.0457915261150091,WTL
E79G,26,1.00249229912845,0.0615365979211447,WTL
E79H,17,1.00030361313711,0.0673733572776103,WTL
E79I,36,0.97161695256751,0.0551236105821625,WTL
E79K,32,0.924847582499631,0.0687925845439992,possibleWTL
E79L,37,1.01810993164677,0.0373249583927205,WTL
E79M,36,0.968839295216251,0.0369556549333416,WTL
E79N,23,0.953897533225114,0.0728967049997702,possibleWTL
E79P,29,0.995163283792994,0.0331174364092863,WTL
E79Q,36,0.965340601599175,0.0503950329577765,WTL
E79R,29,0.920055245560535,0.0405374189707499,possibleWTL
E79S,21,1.0060173281691,0.103159814743985,WTL
E79T,19,1.00909408047704,0.09994507779005,WTL
E79V,28,0.949763097479887,0.0527937613306306,WTL
E79W,31,0.953277029892737,0.0394255724982079,WTL
E79Y,28,0.92264768741624,0.0587684703087342,possibleWTL
M80*,31,0.330175138038233,0.080595620685294,Intermediate
M80A,27,1.00997099328857,0.0483888680420963,WTL
M80C,34,0.955094362587644,0.0558970967546697,WTL
M80D,34,1.04091875740795,0.0390840809440044,WTL
M80E,22,1.03524191488347,0.0590422882336568,WTL
M80F,36,1.02537745651962,0.0444286756157232,WTL
M80G,26,1.03305246144669,0.0411411990164946,WTL
M80H,35,0.988585500648322,0.0374300319099644,WTL
M80I,26,1.00773637037082,0.061230579947697,WTL
M80K,34,0.964782332342427,0.0437678853498855,WTL
M80L,24,1.03625887733876,0.0666124642489519,WTL
M80N,23,0.966394360977627,0.058285306089806,WTL
M80P,32,1.02140100520282,0.0891626888005132,WTL
M80Q,36,1.00200568220531,0.0459693075018563,WTL
M80R,25,0.934068127759151,0.0535600226517988,possibleWTL
M80S,23,0.969789471706187,0.04401027467106,WTL
M80T,32,0.968652042967518,0.0415550483947559,WTL
M80V,27,1.00539173575097,0.0577093811257244,WTL
M80W,21,0.979097850313123,0.0654816769023592,WTL
M80Y,25,0.987767382978117,0.0608179521031209,WTL
N81*,35,0.239994170802775,0.071431362215492,possibleLOA
N81A,24,1.05523155848157,0.0369909361459191,WTL
N81C,25,1.08572882256062,0.0539177007685918,WTL
N81D,23,1.06549570464071,0.0769593484896001,WTL
N81E,35,1.07819422033705,0.0411812806430549,WTL
N81F,37,1.07581761931212,0.0361081042046394,WTL
N81G,26,1.06581427201071,0.0600300549546548,WTL
N81H,24,1.05159173505606,0.051378703384386,WTL
N81I,30,1.04736459504491,0.055697149154261,WTL
N81K,40,0.992850667773502,0.0528772687269844,WTL
N81L,33,1.07177284059992,0.041875781930687,WTL
N81M,35,1.02874176175963,0.0577750423713886,WTL
N81P,20,1.04783806895113,0.0759087857943944,WTL
N81Q,38,1.01588298904692,0.0472092182020581,WTL
N81R,45,0.97521889934192,0.0588914415242523,WTL
N81S,40,1.05739951572919,0.0324063494179938,WTL
N81T,21,1.04429722796028,0.0339590156012648,WTL
N81V,30,1.04095033895558,0.0666368168272242,WTL
N81W,41,1.05246905630208,0.03498088654296,WTL
N81Y,21,1.07782766013748,0.0659643394215517,WTL
A82*,27,0.398068821852734,0.0915739556701389,Intermediate
A82C,29,0.943034535809147,0.0440405241145819,WTL
A82D,25,0.922810867289414,0.0579869436957366,possibleWTL
A82E,34,1.02799069704756,0.0537147528658073,WTL
A82F,31,0.984713375926607,0.0547423822211981,WTL
A82G,24,0.827769643540183,0.105289614755012,Intermediate
A82H,17,0.835253956150328,0.0743082510595209,Intermediate
A82I,21,0.995238127538093,0.0515287954002017,WTL
A82K,22,1.01284321579318,0.0800441446024961,WTL
A82L,32,1.05147748882705,0.0339290720476655,WTL
A82M,25,1.01322472554244,0.0875343732392519,WTL
A82N,29,0.936466807512723,0.0800072977135932,possibleWTL
A82P,31,1.0513053049617,0.0550185752325471,WTL
A82Q,42,1.01786799529828,0.0394177843899845,WTL
A82R,29,0.990956499296964,0.0479824021546451,WTL
A82S,22,0.971632548944591,0.0576393229605003,WTL
A82T,25,1.00126169536383,0.043548732851799,WTL
A82V,39,1.03621723848035,0.0552683022288556,WTL
A82W,35,1.02746174874164,0.0609519110254489,WTL
A82Y,32,0.999191227176099,0.0306236349822123,WTL
T83*,23,0.206761373964931,0.0783699198384708,possibleLOA
T83A,14,0.992434580739328,0.0723928362644974,WTL
T83C,30,0.972579370296536,0.0547148981748449,WTL
T83D,31,1.00145350659606,0.0593927044828417,WTL
T83E,32,1.04749144303743,0.0418736059779733,WTL
T83F,19,1.04392461930753,0.0508790250730496,WTL
T83G,30,0.9920919227407,0.0508136648900187,WTL
T83H,19,0.950074062133255,0.0669536144327906,possibleWTL
T83I,30,1.0411119298474,0.0558264725957282,WTL
T83K,34,0.972022942003491,0.0304009407193783,WTL
T83L,24,1.03993718612143,0.08329484136024,WTL
T83M,33,1.03410417054398,0.0455820613111529,WTL
T83N,34,0.966447724427065,0.0631704358600196,WTL
T83P,22,1.02712478723736,0.0727161885056506,WTL
T83Q,20,1.03754838155472,0.0497009885031437,WTL
T83R,26,0.967001849830597,0.0874766890068792,possibleWTL
T83S,26,1.01341247469981,0.0525960368888481,WTL
T83V,19,1.03262042528377,0.0453475279972138,WTL
T83W,40,1.01731786545921,0.0347907663400238,WTL
T83Y,34,1.03519494895644,0.0535975054262334,WTL
G84*,22,0.0360783265259038,0.0492264162525883,LOA
G84A,18,1.02541078384387,0.0705194119543358,WTL
G84C,26,1.0011974568233,0.0452867993579609,WTL
G84D,29,0.992904088117385,0.0517884288109373,WTL
G84E,26,0.987034388389758,0.0685849554536336,WTL
G84F,20,1.02513035601298,0.0672463930544676,WTL
G84H,26,0.928757217758231,0.0458370132634559,possibleWTL
G84I,21,1.00031306495961,0.0587640011085605,WTL
G84K,21,0.985195062944449,0.0510631625532851,WTL
G84L,19,0.992453322263522,0.0656644750567551,WTL
G84M,38,0.997470848424929,0.0346016590749619,WTL
G84N,26,0.949635103507596,0.0583994903017178,WTL
G84P,34,1.01813960805773,0.0456696927456317,WTL
G84Q,25,0.957067101086802,0.0366205683603801,WTL
G84R,30,0.966281257139129,0.0439766127890718,WTL
G84S,19,0.981084431786961,0.0534514832189566,WTL
G84T,29,0.997163057975939,0.0584278961914296,WTL
G84V,35,1.02068820384454,0.0589730373486045,WTL
G84W,38,0.987946698678013,0.0411672985235542,WTL
G84Y,20,0.986662301989857,0.0920291542739168,WTL
G85*,16,0.0558216631013797,0.046814771436956,LOA
G85A,14,1.00389150632744,0.0731618285093853,WTL
G85C,28,0.989714863160346,0.0455817647914541,WTL
G85D,15,1.0533312515585,0.0690922535349686,WTL
G85E,20,1.00323817403175,0.0645799036096627,WTL
G85F,34,1.00926184292608,0.0414039345613954,WTL
G85H,32,1.01356153052988,0.0443095185345048,WTL
G85I,28,0.987394307208216,0.0578635481981039,WTL
G85K,17,0.975400840963123,0.0565323836627018,WTL
G85L,19,1.0203980595514,0.0774530103011397,WTL
G85M,25,1.00231630575244,0.0533521267415028,WTL
G85N,24,1.00076129001641,0.0755104527668525,WTL
G85P,26,0.978597942946937,0.0721611438488658,WTL
G85Q,28,0.973261736712749,0.0370913943088369,WTL
G85R,21,0.934770575918958,0.0701438920094904,possibleWTL
G85S,22,0.987939337675822,0.0482892669134485,WTL
G85T,26,1.00660394350587,0.0601156796419058,WTL
G85V,27,0.97515407045248,0.0599696168297413,WTL
G85W,34,0.962701554198897,0.051009625053681,WTL
G85Y,19,1.01755734699128,0.0489646776803455,WTL
D86*,31,0.0214081455391613,0.0727955700994358,LOA
D86A,17,0.972393795150262,0.102718820263895,possibleWTL
D86C,14,0.917915328782631,0.0958047676603057,possibleWTL
D86E,36,1.00673878034184,0.0552659513691208,WTL
D86F,24,0.983447435670262,0.0669180239597314,WTL
D86G,27,0.989025639055854,0.0479585525721525,WTL
D86H,36,0.935064856541685,0.0593313515277309,possibleWTL
D86I,22,0.996211343553533,0.0471070719050665,WTL
D86K,40,0.947505123141687,0.0543958802050143,WTL
D86L,33,0.984991666868924,0.0437460887065113,WTL
D86M,29,0.980186509945453,0.0578601197520401,WTL
D86N,23,1.00545898011606,0.0518893345212169,WTL
D86P,17,0.94042893952816,0.126961000190037,possibleWTL
D86Q,35,0.931205931165347,0.060536373515478,possibleWTL
D86R,31,0.948817857272463,0.0592306637806821,possibleWTL
D86S,24,0.983567390197009,0.106136697865561,possibleWTL
D86T,22,0.996779575734227,0.0666089123133496,WTL
D86V,23,0.98497173635182,0.0578526992001909,WTL
D86W,27,1.01292412565342,0.062868427621622,WTL
D86Y,29,0.994811633322067,0.0627070580351599,WTL
D87*,23,0.616461112489149,0.166318952618678,Intermediate
D87A,20,0.949098080149696,0.0542299937101044,WTL
D87C,10,0.986915190181172,0.0785710243423102,WTL
D87E,26,1.03868523112373,0.0707193232315127,WTL
D87F,22,1.00422263406065,0.0467670045060115,WTL
D87G,18,0.959522540888348,0.0466144559974886,WTL
D87H,27,0.955210448257772,0.0536871697372379,WTL
D87I,25,1.00396818962429,0.0522628329732946,WTL
D87K,23,0.981124489681439,0.0667521038234893,WTL
D87L,28,0.993869424935024,0.0672571421032263,WTL
D87M,22,0.961933408578695,0.0489459888111582,WTL
D87N,20,0.908682014427345,0.0521727399652527,possibleWTL
D87P,24,0.96638292412349,0.0785380081448578,possibleWTL
D87Q,26,1.00299375788197,0.0305665659662774,WTL
D87R,26,0.93287368727452,0.0638878064546893,possibleWTL
D87S,20,1.01681225688458,0.0470627518929716,WTL
D87T,19,0.976225684947818,0.0579149808441546,WTL
D87V,26,0.990995373872257,0.0656679851248542,WTL
D87W,17,1.01069670320176,0.0751681989415566,WTL
D87Y,30,0.947809171633502,0.0538768474055154,WTL
P88*,33,0.829958116935085,0.162921414304199,Intermediate
P88A,19,0.928496075991503,0.0659646315659121,possibleWTL
P88C,30,0.919813753624093,0.0487483871201882,possibleWTL
P88D,17,1.02083236973001,0.058460173690315,WTL
P88E,24,0.994988113875749,0.0882380555734928,WTL
P88F,23,0.708558460505117,0.0553083054096817,Intermediate
P88G,32,0.983512681693041,0.0716052876636793,WTL
P88H,25,0.815543625851121,0.0779331934038218,Intermediate
P88I,29,0.99829906415288,0.0560183095210399,WTL
P88K,29,0.932634957981256,0.0762559369621776,possibleWTL
P88L,29,1.00857404257811,0.065767346104007,WTL
P88M,25,0.957459455772428,0.0530909075603232,WTL
P88N,14,0.949054778009107,0.0755944774687219,possibleWTL
P88Q,19,0.964426380583726,0.0808592402027963,possibleWTL
P88R,31,0.929394081315562,0.0604452006352955,possibleWTL
P88S,28,0.953903853472215,0.0402680942382884,WTL
P88T,23,1.01512713045563,0.0570922729951264,WTL
P88V,19,0.979309684460511,0.0884238188903136,WTL
P88W,26,0.874558159558015,0.0512776757250869,Intermediate
P88Y,23,0.743490385178049,0.102291852167476,Intermediate
R89*,22,0.598436479249858,0.149055525955092,Intermediate
R89A,24,1.04277913623781,0.0643727710916286,WTL
R89C,36,1.0060645743053,0.0507764992037213,WTL
R89D,34,1.05688296909391,0.0316106842171152,WTL
R89E,32,1.06303288214672,0.066228286608181,WTL
R89F,40,1.01379539395222,0.057561024997346,WTL
R89G,24,1.03535424867165,0.0612626928688994,WTL
R89H,27,1.0032166823166,0.05291707454745,WTL
R89I,35,1.0161325700299,0.0607673857397497,WTL
R89K,30,1.00613763923661,0.0501395614081067,WTL
R89L,34,1.02100308499628,0.0351387865627591,WTL
R89M,25,1.03812397114024,0.054728562227222,WTL
R89N,25,1.0439043246846,0.0438585497827337,WTL
R89P,21,1.01520304686947,0.0540636126585334,WTL
R89Q,37,1.03893132891213,0.0565784781869137,WTL
R89S,26,1.00702439333983,0.0523609883843203,WTL
R89T,32,1.04341995477777,0.0597482977530165,WTL
R89V,23,1.01911812089382,0.0510361337254977,WTL
R89W,33,1.02202848622585,0.0378367483764946,WTL
R89Y,27,1.02672943516282,0.0415730919511637,WTL
N90*,27,0.431236234139473,0.117404555802572,Intermediate
N90A,12,0.89553769631511,0.0870401677244032,possibleWTL
N90C,30,0.978944969033959,0.0593705025031286,WTL
N90D,22,1.01870193578898,0.0433807710526967,WTL
N90E,26,1.01459202721895,0.0425312608018813,WTL
N90F,18,1.02957136115547,0.048879603456871,WTL
N90G,22,1.06079124802547,0.0452946430063454,WTL
N90H,20,0.988144520088636,0.062891285522819,WTL
N90I,9,1.0032878946029,0.112034820793582,WTL
N90K,24,0.990492044970354,0.0587837520879725,WTL
N90L,21,1.02031085286456,0.0727539451519446,WTL
N90M,26,1.02858671060438,0.0445822208552305,WTL
N90P,19,1.00725984448617,0.0640747866293352,WTL
N90Q,23,0.989289971871642,0.0729722693211715,WTL
N90R,29,0.986380736571735,0.0425501517855692,WTL
N90S,26,1.02335519237888,0.0670036959278759,WTL
N90T,23,0.992478394190607,0.0698550090564031,WTL
N90V,18,1.02781953957942,0.0546310787217342,WTL
N90W,24,0.918073197507914,0.0882100052304765,possibleWTL
N90Y,22,1.01611454924351,0.0793463584497301,WTL
A91*,30,0.996220455020636,0.19173055265259,possibleWTL
A91C,18,0.829346512290996,0.0910518999722475,Intermediate
A91D,20,0.979998376107933,0.0516065295071705,WTL
A91E,27,0.996614315515788,0.0570853339801684,WTL
A91F,29,0.971776346332678,0.0523418771103419,WTL
A91G,20,0.989014543844163,0.0486616159035868,WTL
A91H,30,0.956544973895907,0.0530934060217056,WTL
A91I,18,0.999487908971694,0.0563747991867061,WTL
A91K,26,0.939417783579934,0.0642240338255585,possibleWTL
A91L,36,1.00467161361898,0.0583585661456567,WTL
A91M,29,0.964247685898361,0.0409902310153739,WTL
A91N,24,1.00705129113497,0.0490434742112065,WTL
A91P,32,1.00888012948183,0.0568686097510978,WTL
A91Q,23,0.985650381351173,0.0688159853193147,WTL
A91R,26,0.941148855701554,0.0455879751948694,WTL
A91S,16,0.925109609025288,0.0981534106504976,possibleWTL
A91T,24,0.950132671625897,0.0446245105970106,WTL
A91V,30,0.990167049980733,0.050817780395996,WTL
A91W,33,0.920673584696034,0.054065003153295,possibleWTL
A91Y,24,0.979134874897863,0.0577781688287666,WTL
A92*,27,0.446088522084062,0.0994513265995755,Intermediate
A92C,35,0.97537359265544,0.0353213158823952,WTL
A92D,24,1.00435830988212,0.039933476989504,WTL
A92E,36,1.06410597592657,0.0456867972729571,WTL
A92F,28,0.997850646215842,0.0393192750973304,WTL
A92G,28,0.680913013055828,0.0427657785352625,Intermediate
A92H,19,1.01544943565979,0.051853899108634,WTL
A92I,25,1.01660330942345,0.0535027350583509,WTL
A92K,41,1.01321317639077,0.0609409386180761,WTL
A92L,36,1.03224636211204,0.0378678203838921,WTL
A92M,39,1.01889563486259,0.0397229466745873,WTL
A92N,37,1.00691400663678,0.0417760950534371,WTL
A92P,12,0.993513172343012,0.073926696856438,WTL
A92Q,26,1.01184056410569,0.0540143451838679,WTL
A92R,37,1.02214991600635,0.0416365935926181,WTL
A92S,34,1.01238907968623,0.0518721828498338,WTL
A92T,24,1.02665819714055,0.0351656103339933,WTL
A92V,33,0.974460019947263,0.0562130840429674,WTL
A92W,26,1.03269171850184,0.0569478923181265,WTL
A92Y,17,0.975782762229554,0.0619462612283539,WTL
G93*,24,-0.00832991179630393,0.0238282310900594,LOA
G93A,19,1.03149078892312,0.0743081429379591,WTL
G93C,20,0.924803157783449,0.0704942663227293,possibleWTL
G93D,24,0.980937869899016,0.0372877213348294,WTL
G93E,25,1.03132407210686,0.0610378091942834,WTL
G93F,20,0.99750240286946,0.0701406813929496,WTL
G93H,12,1.02588633632785,0.0863522801014931,WTL
G93I,28,1.03246484193632,0.0688398120935698,WTL
G93K,21,0.955199923226947,0.111156086986728,possibleWTL
G93L,23,0.971988598690743,0.0562557988989779,WTL
G93M,28,0.994019651096536,0.0364911992688467,WTL
G93N,34,0.992106211025603,0.0606833581466316,WTL
G93P,33,0.997426245084675,0.0873295284990438,WTL
G93Q,25,0.995521778094711,0.0509723759570229,WTL
G93R,27,0.997328733088983,0.039050355417692,WTL
G93S,22,1.02312871885816,0.0444204093252873,WTL
G93T,18,1.04970172533525,0.0602316999800438,WTL
G93V,27,1.00924992994944,0.0747570773916092,WTL
G93W,25,0.986297600695003,0.0467623057217996,WTL
G93Y,20,0.983436158386067,0.0457039304752297,WTL
G94*,20,0.0261464261501781,0.0826111917514061,LOA
G94A,13,1.02245992961147,0.0592356873232414,WTL
G94C,16,1.00125113992275,0.0792340391882507,WTL
G94D,9,0.987961942338791,0.0737994148950653,WTL
G94E,21,1.03968105212801,0.043305625846302,WTL
G94F,23,1.01188192443902,0.0826792179221298,WTL
G94H,19,1.01825374944329,0.0438655023160762,WTL
G94I,16,1.00451458020141,0.0601228906488456,WTL
G94K,23,0.974843942322723,0.042737076868706,WTL
G94L,16,1.03532890957503,0.053248225617441,WTL
G94M,15,1.00617213208778,0.0751205544245453,WTL
G94N,14,0.981954221675599,0.0768266647088114,WTL
G94P,14,0.862720046040955,0.0933989327210008,Intermediate
G94Q,11,0.963139315415757,0.0776541392348767,possibleWTL
G94R,23,0.98982457928751,0.0547502933825276,WTL
G94S,24,0.988428406316209,0.0641999293502094,WTL
G94T,8,1.02438815417752,0.0975504562605465,WTL
G94V,22,1.00164230989513,0.0691752744740556,WTL
G94W,20,0.982492289342543,0.0837930048452377,WTL
G94Y,8,1.03363203786165,0.128770366504024,WTL
C95*,13,0.0343907676563664,0.109400855354612,LOA
C95A,10,1.01950709483562,0.068285253130924,WTL
C95D,10,1.05253244567243,0.100934686167563,WTL
C95E,16,1.10285950527611,0.0630412444488666,WTL
C95F,17,1.05899445236831,0.0597603613982653,WTL
C95G,14,1.02198660815579,0.0711992352706149,WTL
C95H,7,0.984300750077574,0.124672483474007,possibleWTL
C95I,14,1.02100218958803,0.106307754306708,WTL
C95K,20,1.00909436352012,0.058726042015708,WTL
C95L,7,1.06959237109788,0.0882183936966138,WTL
C95M,17,1.03903315297966,0.0576084431691997,WTL
C95N,8,0.993680289899851,0.086418264047023,WTL
C95P,10,1.06409891467048,0.0725915275074355,WTL
C95Q,17,1.05051459186113,0.0465878059939444,WTL
C95R,24,1.00754925522129,0.0456259028869162,WTL
C95S,13,1.02556361139771,0.0635671785907672,WTL
C95T,15,0.964469308100571,0.0607626904682285,WTL
C95V,20,1.0525000557353,0.0683907405386757,WTL
C95W,21,1.01888769240679,0.0390535143070942,WTL
C95Y,20,1.00187997108613,0.0779915815197115,WTL
E96*,31,0.178294422898197,0.0868714318766407,possibleLOA
E96A,37,0.960225991810697,0.0556641168748998,WTL
E96C,22,0.932323359971582,0.0834157750667068,possibleWTL
E96D,31,0.972183652181309,0.0547739031978219,WTL
E96F,23,0.924754130198138,0.0419201888675526,possibleWTL
E96G,35,0.973213375794778,0.0339013042292623,WTL
E96H,20,0.952677567407829,0.0482652786352693,WTL
E96I,30,0.934611901793228,0.0477107077128017,possibleWTL
E96K,25,0.912117381892524,0.0370170176785632,possibleWTL
E96L,21,0.973308220140456,0.0467037833912129,WTL
E96M,26,0.986967828264034,0.0466921848668991,WTL
E96N,26,0.937245016794263,0.0556812933943122,possibleWTL
E96P,21,0.985664864364964,0.06925093482717,WTL
E96Q,16,0.989395908538355,0.0462984190503323,WTL
E96R,24,0.895420104043261,0.0726055219037157,possibleWTL
E96S,24,0.978720508714625,0.0855693994839423,WTL
E96T,23,0.958015340917671,0.0557036959995351,WTL
E96V,26,0.96276440873432,0.053733435051575,WTL
E96W,27,0.916929345415754,0.0638741521039315,possibleWTL
E96Y,31,1.17936551281919,0.117356425948541,WTL
R97*,21,0.856174275506063,0.1680316479293,Intermediate
R97A,18,1.03348545420154,0.065337282722038,WTL
R97C,20,0.929932415453899,0.0559821371501933,possibleWTL
R97D,24,1.00378244686861,0.0434089669802514,WTL
R97E,19,0.967058266990353,0.0875462274695364,possibleWTL
R97F,18,0.973021974306885,0.0587221842901252,WTL
R97G,11,1.0621560928485,0.0563868665216145,WTL
R97H,20,0.993184393033788,0.0606300963051044,WTL
R97I,16,1.0196533103955,0.0606645532705357,WTL
R97K,26,1.03505524258718,0.0408028257529758,WTL
R97L,26,1.00156264879438,0.0448074800212889,WTL
R97M,25,1.01492517171321,0.0353356870361802,WTL
R97N,28,1.00448548492732,0.0477514693249335,WTL
R97P,24,0.989087548066882,0.0637369707996001,WTL
R97Q,28,1.01843039556053,0.0673496559634467,WTL
R97S,24,1.00498984077806,0.0547243738244369,WTL
R97T,19,1.0062287802202,0.052560451934872,WTL
R97V,22,1.00175771341095,0.0395702837358254,WTL
R97W,28,0.942786182935055,0.0477003299208552,WTL
R97Y,25,0.966379452273612,0.05610712411869,WTL
E98*,18,0.114618610652206,0.106273818835686,LOA
E98A,23,0.948652131106055,0.0651790282183292,possibleWTL
E98C,21,0.851262897934311,0.0646049492852176,Intermediate
E98D,19,0.982093580932996,0.0702984556633709,WTL
E98F,18,0.939973013353808,0.0820530581999051,possibleWTL
E98G,28,0.994851911628367,0.0580429970876159,WTL
E98H,20,0.93592441429447,0.0632351784052543,possibleWTL
E98I,19,0.898033586787867,0.0850342526140378,possibleWTL
E98K,16,0.951964705652221,0.0551607873659379,WTL
E98L,15,0.931571222845212,0.0514145686216812,possibleWTL
E98M,14,0.94096838863075,0.0825246774428886,possibleWTL
E98N,17,0.985093154976096,0.0535416042411802,WTL
E98P,11,0.970995452029688,0.08584345849953,possibleWTL
E98Q,19,0.97315435126032,0.0705880359319402,WTL
E98R,15,0.930474492387962,0.0912797404214599,possibleWTL
E98S,15,0.979709157297016,0.0861391432963696,WTL
E98T,15,0.935686985601396,0.0877756154472013,possibleWTL
E98V,17,0.95070279537126,0.0744848677816329,possibleWTL
E98W,29,0.88766804594817,0.0516496520213287,Intermediate
E98Y,16,0.906033581138309,0.0976345334733899,possibleWTL
P99*,33,0.913500891033418,0.156115500291293,possibleWTL
P99A,27,1.02180239421836,0.032394676192311,WTL
P99C,28,0.948475239377629,0.0944732857896618,possibleWTL
P99D,17,1.07973554417771,0.0785415041322752,WTL
P99E,41,1.08017889795743,0.040997097489217,WTL
P99F,35,0.959211942809946,0.0369826168480918,WTL
P99G,29,1.03973922287145,0.0615601590621804,WTL
P99H,40,1.01834377942646,0.025698034535756,WTL
P99I,19,0.983453592482189,0.0706445104956241,WTL
P99K,31,1.04509178829314,0.0477342412842821,WTL
P99L,28,0.99165828437089,0.0558672558180529,WTL
P99M,34,1.05064652961183,0.0635500135667259,WTL
P99N,43,1.04249060136802,0.0403651093169315,WTL
P99Q,22,1.05019213717955,0.0478123423323663,WTL
P99R,20,1.04673480043741,0.0534878735871563,WTL
P99S,33,1.0442598074117,0.0542647563209335,WTL
P99T,20,0.990675327154103,0.0414336900301052,WTL
P99V,4,0.984492137040586,0.143577054525388,possibleWTL
P99W,31,0.965899959038665,0.0267496862367319,WTL
P99Y,24,0.934440052441885,0.0347871693551589,WTL
Q100*,30,-0.0107204393841203,0.022924147380029,LOA
Q100A,25,1.00332477803438,0.0544284244751553,WTL
Q100C,24,0.938242565029709,0.0556974607942618,possibleWTL
Q100D,23,1.02465200811173,0.0625377468550539,WTL
Q100E,36,0.987886907461258,0.0476293296909465,WTL
Q100F,28,0.919801051834409,0.0551061293058008,possibleWTL
Q100G,20,1.01690470046911,0.0630161875212315,WTL
Q100H,24,0.984069865383888,0.0588092449340837,WTL
Q100I,27,0.913063191739505,0.0618863863292094,possibleWTL
Q100K,26,0.991051294480549,0.0392284809119946,WTL
Q100L,33,0.980563313224927,0.0370096608560892,WTL
Q100M,32,0.970511596100515,0.0406773957265423,WTL
Q100N,26,1.01044135132518,0.0663122481598076,WTL
Q100P,23,0.971594575142379,0.0822001463908655,possibleWTL
Q100R,29,0.982696333359686,0.0393304649089772,WTL
Q100S,19,1.00713547584482,0.0603649974626385,WTL
Q100T,32,0.98344798671863,0.0741201530150718,WTL
Q100V,29,0.951205850818609,0.0569359093066032,WTL
Q100W,25,0.938926945312782,0.0558223833887546,possibleWTL
Q100Y,22,0.921392137889827,0.0595736763201945,possibleWTL
S101*,29,1.05967737929065,0.197014221580582,possibleWTL
S101A,20,0.978221954851676,0.0575452535648708,WTL
S101C,21,0.918336732785058,0.067702628531372,possibleWTL
S101D,26,1.04562560066401,0.0701052097809086,WTL
S101E,31,1.04818810199603,0.0430118040831457,WTL
S101F,30,0.894796121725404,0.0670248037790607,possibleWTL
S101G,25,0.978055483453841,0.0669729896223453,WTL
S101H,23,0.936879750840053,0.0437985419024092,WTL
S101I,22,0.902145875073896,0.0931824172646797,possibleWTL
S101K,29,0.926805183988829,0.0530266037639682,possibleWTL
S101L,29,0.947423233425282,0.0569461350344801,WTL
S101M,30,0.958366267416438,0.0579615904761178,WTL
S101N,31,1.00145255930642,0.0597133542657026,WTL
S101P,22,0.999380481646291,0.0688458266343046,WTL
S101Q,33,0.977299098626114,0.0466405541734918,WTL
S101R,25,0.933971028604042,0.0528195604323072,possibleWTL
S101T,28,0.957754293711003,0.0733539659161714,possibleWTL
S101V,25,0.939280618924089,0.0507411877143343,possibleWTL
S101W,32,0.842177690806918,0.0553442837508261,Intermediate
S101Y,19,0.900214291607124,0.0451482426106613,possibleWTL
L102*,23,1.0656506777676,0.163406518128015,WTL
L102A,19,0.994608929466482,0.0825950365162783,WTL
L102C,21,0.96210478362262,0.0448977456688048,WTL
L102D,30,0.980746110161069,0.0577674675111902,WTL
L102E,25,1.02944706717923,0.0539314111876985,WTL
L102F,26,0.960722930874728,0.0544631343040139,WTL
L102G,17,0.976861104658371,0.0612058676268594,WTL
L102H,19,0.986525844796706,0.0696274040381088,WTL
L102I,26,0.987418043172726,0.0557092314707867,WTL
L102K,24,0.987821429011335,0.0555758322176141,WTL
L102M,19,0.983062806250779,0.0535179892351051,WTL
L102N,35,0.997638849848327,0.0539917601700872,WTL
L102P,21,0.990999908564192,0.0468824274371085,WTL
L102Q,26,1.03263079176127,0.0472837357454235,WTL
L102R,35,0.963680177292484,0.0481489276587484,WTL
L102S,36,0.956114955318773,0.0532383130318281,WTL
L102T,19,0.954867902505626,0.0476621062399566,WTL
L102V,23,0.982619473487619,0.0934600343429822,possibleWTL
L102W,29,0.875743930891529,0.0526196918585152,Intermediate
L102Y,23,0.900019611679347,0.057400619405183,possibleWTL
T103*,40,1.04811460565118,0.182222564636989,possibleWTL
T103A,27,1.00737993383896,0.072051371713779,WTL
T103C,26,0.968772738368348,0.0594044388803134,WTL
T103D,20,1.02714173386473,0.0642574832487478,WTL
T103E,37,1.06175096581481,0.0707789823699439,WTL
T103F,21,0.864310076219997,0.0754711593316914,Intermediate
T103G,21,0.994386148040437,0.0789875401745995,WTL
T103H,22,0.996390135883415,0.0672402400644236,WTL
T103I,29,0.792022649403696,0.0694835502540288,Intermediate
T103K,43,0.988367904470191,0.0527449275037684,WTL
T103L,25,0.866072904667427,0.0534729563919994,Intermediate
T103M,44,0.931883136649437,0.0411819006496886,WTL
T103N,23,1.01698920526832,0.0918846370570057,WTL
T103P,34,1.00632751885015,0.0656552683481921,WTL
T103Q,37,1.05229270633614,0.0411994924292443,WTL
T103R,35,0.970157855501865,0.060459775965295,WTL
T103S,29,0.985474002842437,0.0524419153014815,WTL
T103V,31,0.901213272998647,0.0544340693875156,possibleWTL
T103W,43,0.810276202058094,0.0563105541327366,Intermediate
T103Y,16,0.917085464034289,0.0685711896384489,possibleWTL
R104*,18,0.52893298354625,0.110666948675498,Intermediate
R104A,32,0.999021972377242,0.0417149011585277,WTL
R104C,30,1.01560547096958,0.0605964848052669,WTL
R104D,17,1.02001559122146,0.0602052441059062,WTL
R104E,19,0.984901232430965,0.0481220678044575,WTL
R104F,26,0.854194441503538,0.0516847192595061,Intermediate
R104G,28,1.0799222643215,0.0367174519963228,WTL
R104H,23,1.01286334335112,0.0728570571632717,WTL
R104I,27,0.747088129009796,0.0537544015661612,Intermediate
R104K,30,1.02110164613203,0.0651308116878111,WTL
R104L,32,0.889640741627342,0.0510339540055231,Intermediate
R104M,17,0.927796336073916,0.0410425654818042,possibleWTL
R104N,35,1.01880743859871,0.0385390927122446,WTL
R104P,24,1.01374836444659,0.0607611937338959,WTL
R104Q,18,1.03109225549397,0.0640130885945856,WTL
R104S,36,1.03225750205963,0.0578740465598873,WTL
R104T,23,1.00870273188897,0.044808534514509,WTL
R104V,13,0.888753473126595,0.0710456503299251,Intermediate
R104W,25,0.855572361103162,0.0729739276081109,Intermediate
R104Y,22,0.924407689615367,0.0486018006729126,possibleWTL
V105*,20,0.662739997430764,0.145406365404369,Intermediate
V105A,24,1.10039661588201,0.0512587622380751,WTL
V105C,23,1.07087247113878,0.0432006097123615,WTL
V105D,31,1.05892008946618,0.0561104993287723,WTL
V105E,28,1.01069676152928,0.0645982394798463,WTL
V105F,19,0.971859131290193,0.0564042135089652,WTL
V105G,16,0.978065709890344,0.0747647474210856,WTL
V105H,32,0.991015524046073,0.0626303267128187,WTL
V105I,33,0.965376358882493,0.0389458957397907,WTL
V105K,36,1.04371426827041,0.0420274792182697,WTL
V105L,23,1.01641167519839,0.0493081742626746,WTL
V105M,25,1.03752640911051,0.0661964481208872,WTL
V105N,35,1.02774262369316,0.0316376840477985,WTL
V105P,25,1.05191776409363,0.0820908333176431,WTL
V105Q,29,1.04746337680603,0.0471503072622842,WTL
V105R,31,1.01134457535272,0.0325743312263079,WTL
V105S,16,1.05132289524332,0.0692593128649902,WTL
V105T,27,1.04370234328613,0.077445089037298,WTL
V105W,33,0.956510671945561,0.0566678836233042,WTL
V105Y,33,1.00842344990616,0.0723266999867965,WTL
D106*,36,0.448884942698877,0.121284398369821,Intermediate
D106A,34,0.969419562669033,0.0532130496379451,WTL
D106C,22,0.821055094091844,0.0777036501292022,Intermediate
D106E,26,0.95746198900289,0.0442396020520949,WTL
D106F,38,0.561158022915655,0.0523446832115427,Intermediate
D106G,37,0.989905142094137,0.0512141833675613,WTL
D106H,28,0.940758474504193,0.0390798065240882,WTL
D106I,29,0.577497531893694,0.0800574103403007,Intermediate
D106K,31,0.932345622166314,0.0625688624225402,possibleWTL
D106L,35,0.712296794810238,0.0818852254007301,Intermediate
D106M,31,0.810090231704897,0.0467156259493987,Intermediate
D106N,27,0.999839755923671,0.0581884603670707,WTL
D106P,37,0.96696654700671,0.0626748648766876,WTL
D106Q,23,0.928895404832176,0.0278022397184584,WTL
D106R,14,0.829157857291807,0.0719137463677865,Intermediate
D106S,24,0.967659051150863,0.0617239654159023,WTL
D106T,27,0.882845645760868,0.0683093362863974,Intermediate
D106V,30,0.707364014964857,0.0627495949586712,Intermediate
D106W,33,0.47004890814115,0.0858479994717477,Intermediate
D106Y,30,0.573473100069686,0.0775076828015276,Intermediate
L107*,18,0.235674158954808,0.0848448503417209,possibleLOA
L107A,26,1.0568544823619,0.0539742680793005,WTL
L107C,22,1.07867934206144,0.0667589567866116,WTL
L107D,24,1.08099254177897,0.0370261269389584,WTL
L107E,25,1.06980240260716,0.0445942108029746,WTL
L107F,15,0.993637771557163,0.0831441860554271,WTL
L107G,22,1.0478741968958,0.0608861048365098,WTL
L107H,19,1.05686271570869,0.0540658816741204,WTL
L107I,28,0.951053426262807,0.0702051448437002,possibleWTL
L107K,27,1.0385079858612,0.0467560820416574,WTL
L107M,31,1.01770113678503,0.0465455626659657,WTL
L107N,30,1.07815078469193,0.0608608345027746,WTL
L107P,26,1.0510472817313,0.0760038146573337,WTL
L107Q,30,1.05603270732899,0.0450151098747552,WTL
L107R,36,1.05223605406688,0.0596432656581698,WTL
L107S,24,1.06600078761652,0.0547345143614527,WTL
L107T,22,1.07147638657753,0.0790090021504699,WTL
L107V,19,0.991066289077611,0.0604958739323881,WTL
L107W,25,0.954805532506567,0.0812992057278739,possibleWTL
L107Y,18,1.03154363038942,0.0581147371632644,WTL
S108*,39,0.525931293717658,0.13909117053971,Intermediate
S108A,19,0.962410741408022,0.0872552095271924,possibleWTL
S108C,19,0.955358810329372,0.0807583334415233,possibleWTL
S108D,25,1.04485713021852,0.0390546450161853,WTL
S108E,36,1.04053466051704,0.0602484742476093,WTL
S108F,36,0.770985410403866,0.0402321939929887,Intermediate
S108G,16,0.986327228243372,0.0707580189466901,WTL
S108H,29,0.951885822112559,0.0623559287739288,possibleWTL
S108I,29,0.777655209344123,0.0723849217450756,Intermediate
S108K,37,0.974309347816936,0.0412529799186655,WTL
S108L,36,0.86030091391177,0.0602905054435448,Intermediate
S108N,29,1.00932003520164,0.0365177199428101,WTL
S108P,20,1.02309639873336,0.0783262747165246,WTL
S108Q,39,0.999522485948532,0.0499632177452695,WTL
S108R,30,0.954498967441754,0.0441857926359386,WTL
S108T,30,0.962831989332471,0.0653657241272098,WTL
S108V,4,0.918827328247183,0.127433637707238,possibleWTL
S108Y,28,0.757494122799379,0.0529379680767479,Intermediate
S109*,45,0.289944171184955,0.0621438157152391,Intermediate
S109A,35,0.915657516225264,0.0551723863060131,possibleWTL
S109C,34,0.74998921202463,0.0470422690424062,Intermediate
S109D,22,1.04699548837886,0.0520195215211329,WTL
S109E,36,0.984199279268281,0.0456002518211721,WTL
S109F,34,0.142262514115724,0.0838545751279225,LOA
S109G,24,1.03142934350961,0.0698661809397604,WTL
S109H,23,0.991030909135655,0.0803892708414842,WTL
S109I,31,0.0557067697193707,0.0568700279070162,LOA
S109K,31,1.02551362148596,0.048493114740467,WTL
S109L,26,0.351719199174176,0.0774833130088406,Intermediate
S109M,43,0.613743571981315,0.0501290362048306,Intermediate
S109N,33,0.990174373699563,0.0635091522552894,WTL
S109P,38,1.02330917570736,0.0638857107988041,WTL
S109Q,45,1.02099432991071,0.0547952914890491,WTL
S109R,22,0.98809526835197,0.0413294094222998,WTL
S109T,35,0.962900729483476,0.0586934289994729,WTL
S109V,31,0.368051914220029,0.0809282312033797,Intermediate
S109W,29,0.382572984766391,0.0712446573618756,Intermediate
S109Y,34,0.658405804437512,0.0699372678524633,Intermediate
S110*,27,0.19703421347017,0.0687109298875028,possibleLOA
S110A,32,1.00325440112638,0.0276929183845729,WTL
S110C,37,0.940225183406501,0.0571508175020527,possibleWTL
S110D,25,1.04527076187935,0.045550623544264,WTL
S110E,22,1.01168976847684,0.0621343628659539,WTL
S110F,25,0.655800912125628,0.0399217800491997,Intermediate
S110G,33,0.965879883734813,0.0531899681729948,WTL
S110H,22,0.94109290671214,0.0649176059308714,possibleWTL
S110I,12,0.813141394795125,0.0810505205061037,Intermediate
S110K,26,0.996183591082556,0.0718526151252083,WTL
S110L,33,0.847332478226857,0.0568939842994863,Intermediate
S110M,24,0.882372200315909,0.0707402471934128,Intermediate
S110N,35,0.984855409668481,0.0500532105293583,WTL
S110P,34,1.02371219558079,0.0500224395853116,WTL
S110Q,8,0.98713761451648,0.103442189653052,possibleWTL
S110R,35,0.922798219515842,0.0531639417924956,possibleWTL
S110T,28,0.970437337186632,0.0570994794776496,WTL
S110V,27,0.872982262798629,0.0746557975896151,Intermediate
S110W,40,0.570013679977522,0.0588236156327769,Intermediate
S110Y,36,0.790197139535607,0.0620886917435735,Intermediate
V111*,29,0.299046446029536,0.0988132664027055,Intermediate
V111A,13,1.00451804236998,0.0787579998781342,WTL
V111C,33,0.991012090016732,0.0624727724090622,WTL
V111D,28,1.01098952786081,0.0690758873086787,WTL
V111E,21,1.05376904530986,0.0742235372132204,WTL
V111F,26,0.974263240928934,0.0518063088764376,WTL
V111G,13,0.984247993644905,0.0974700020388558,possibleWTL
V111H,31,1.01669368507715,0.0535794583942688,WTL
V111I,19,0.999987644429297,0.0548696340174048,WTL
V111K,21,1.01649675731051,0.0558973216268192,WTL
V111L,29,0.942114364836235,0.0643650558716116,possibleWTL
V111M,18,1.02553160762701,0.092168665511763,WTL
V111N,23,1.04252448084835,0.074144760233212,WTL
V111P,30,1.03622624331771,0.0565947239577476,WTL
V111Q,29,1.01264598682534,0.0609700050705322,WTL
V111R,27,0.985491141697189,0.0575932058723697,WTL
V111S,18,0.994494487140852,0.0889892816352282,WTL
V111T,13,1.06218664317846,0.0852470328992573,WTL
V111W,30,0.905722911340191,0.0718730385951386,possibleWTL
V111Y,24,0.990948427519721,0.0567591630635724,WTL
L112*,23,-0.0142898807626967,0.0204326292316737,LOA
L112A,17,1.07062752126887,0.0774340379237567,WTL
L112C,14,1.02133589355938,0.0847032872191864,WTL
L112D,17,1.05912390332964,0.0443514401801818,WTL
L112E,25,1.05226336825786,0.072615529627366,WTL
L112F,32,0.971080111326,0.0414107119849908,WTL
L112G,18,1.00308456127168,0.0604292281338406,WTL
L112H,32,1.00261237778047,0.0536223765797655,WTL
L112I,21,1.0108051387029,0.0381799165320148,WTL
L112K,20,1.01186015368583,0.0525099682458199,WTL
L112M,27,1.03347145655721,0.0458822849887008,WTL
L112N,28,1.0224241983573,0.0592634526221895,WTL
L112P,29,1.01961229016759,0.0701468169116496,WTL
L112Q,24,1.03155473050229,0.0603917426381577,WTL
L112R,20,1.00749398303459,0.0353113693288239,WTL
L112S,13,1.03722182758017,0.0896269498430319,WTL
L112T,24,1.03667173832166,0.0412254219380574,WTL
L112V,19,1.04091002567791,0.0609403227719122,WTL
L112W,28,0.926703123802763,0.0519360977097445,possibleWTL
L112Y,32,0.969767936808919,0.0539312461618933,WTL
P113*,29,-0.0017116245642252,0.0251251791288495,LOA
P113A,17,0.97089445794634,0.0506713870146442,WTL
P113C,22,0.968340620549588,0.0527656562622675,WTL
P113D,17,1.04769662240689,0.0708051240771258,WTL
P113E,33,1.01023866040933,0.0447975273724242,WTL
P113F,33,0.857142231717237,0.061785613216608,Intermediate
P113G,30,1.00298491120979,0.0437107348000816,WTL
P113H,20,0.938657114228836,0.0935302103510361,possibleWTL
P113I,29,0.876950541955864,0.04211035369744,Intermediate
P113K,28,1.0116241157088,0.0483265944363579,WTL
P113L,39,0.902512088325793,0.0605003714098638,possibleWTL
P113M,30,0.950475098955586,0.0666044321662056,possibleWTL
P113N,30,0.940039822006558,0.0697661472335721,possibleWTL
P113Q,38,1.02357895202231,0.0426862775439244,WTL
P113R,37,0.934756448605575,0.0457471515099572,possibleWTL
P113S,25,0.974822607684531,0.0626708908319216,WTL
P113T,30,1.01626347328257,0.0350073417293312,WTL
P113V,23,0.903915934808663,0.0422083948565123,possibleWTL
P113W,39,0.779346025031027,0.0519750780474706,Intermediate
P113Y,30,0.9153212716141,0.0559440893833981,possibleWTL
G114*,45,0.0283245213515787,0.0181029151078924,LOA
G114A,14,1.00621686400453,0.0841398284425723,WTL
G114C,44,0.987816400335517,0.039176389352424,WTL
G114D,43,1.05489916297557,0.0304231429906334,WTL
G114E,39,1.05535558865026,0.0597882656503472,WTL
G114F,63,0.88487098065973,0.0491752915757826,Intermediate
G114H,29,1.01170277666535,0.061008463387618,WTL
G114I,61,0.911418782541713,0.0456156283361147,possibleWTL
G114K,51,1.03504383638513,0.0380066144661563,WTL
G114L,46,0.924325387820749,0.0568025730281879,possibleWTL
G114M,46,0.911120904036024,0.0260956466324761,possibleWTL
G114N,46,0.994325233007161,0.0485150989399833,WTL
G114P,36,1.03285911153652,0.0359686266799498,WTL
G114Q,56,1.01549075355891,0.0474908143905338,WTL
G114R,54,1.00812846410579,0.0386180699148684,WTL
G114S,21,1.02075364607749,0.0568432177199416,WTL
G114T,32,1.02511601614315,0.0464867660062285,WTL
G114V,49,0.97225046844363,0.0684715980390963,WTL
G114W,57,0.815834733446806,0.0682331034526536,Intermediate
G114Y,60,0.957545673977473,0.0408795744881555,WTL
D115*,11,0.0407953449196389,0.140535572848749,LOA
D115C,3,0.741451476511521,0.130941408227065,Intermediate
D115E,3,1.03555888852319,0.0865449711843056,WTL
D115F,7,0.531612523471129,0.117622125148175,Intermediate
D115G,2,0.832312069249122,0.284815686333301,Intermediate
D115I,6,0.625350797612684,0.133292533287928,Intermediate
D115K,7,0.904120799956681,0.114363382872926,possibleWTL
D115L,4,0.632617029791451,0.075188319368196,Intermediate
D115M,6,0.704890805438629,0.117832665286499,Intermediate
D115N,11,0.952415021226087,0.101331990160879,possibleWTL
D115Q,1,1.01539981195645,0.207439776789796,possibleWTL
D115R,4,0.834931870893738,0.129167214074577,Intermediate
D115S,1,0.781716505717148,0.196264792732291,Intermediate
D115T,2,0.950216589944671,0.181334936403776,possibleWTL
D115V,1,0.725420962414549,0.10255282731367,Intermediate
D115W,1,0.44367895265985,0.110744717915107,Intermediate
D115Y,8,0.663445979695009,0.0993847292786902,Intermediate
S116*,10,0.0454480905558846,0.181905448119028,LOA
S116A,2,1.04389081737975,0.152658882817587,WTL
S116C,12,0.808253904358652,0.0645360368632376,Intermediate
S116D,6,1.10302140583339,0.0953871371501567,WTL
S116E,5,1.05045652018173,0.0875380668008481,WTL
S116F,8,0.661180907814013,0.146685229845238,Intermediate
S116G,11,1.01001209669063,0.0426226974057083,WTL
S116H,4,0.978070568502401,0.150593732972471,possibleWTL
S116I,11,0.57144297068572,0.0762949381833002,Intermediate
S116K,11,0.987456157616632,0.066811528649477,WTL
S116L,5,0.584115196227072,0.127944377901523,Intermediate
S116M,5,0.878483175741034,0.101839881622694,Intermediate
S116N,3,1.04345695856451,0.15125260038302,WTL
S116P,7,0.987275825044619,0.127501290469075,possibleWTL
S116Q,4,0.933503811122855,0.159097179186302,possibleWTL
S116R,13,0.965612365463248,0.0672161067494706,WTL
S116T,9,0.974415747884237,0.0766683269346317,WTL
S116V,7,0.691276065669523,0.0747578861056982,Intermediate
S116W,8,0.493645355535972,0.0987223710604064,Intermediate
S116Y,9,0.779854601693859,0.130395953654994,Intermediate
V117*,17,0.110771703480376,0.0658865567186126,LOA
V117A,5,1.01149589788498,0.135314327444808,possibleWTL
V117C,17,1.0484431878309,0.0735617802221115,WTL
V117D,13,1.14810932959873,0.0892330906462994,WTL
V117E,9,1.11889106454342,0.0964157682405155,WTL
V117F,7,0.98774507364324,0.0763814862246193,WTL
V117G,6,1.08735682268123,0.0881930532597828,WTL
V117H,2,1.11415621024844,0.185256265382089,WTL
V117I,9,0.948543273097513,0.108043556563188,possibleWTL
V117K,10,1.06458973608494,0.0739820099219473,WTL
V117L,11,0.999590824428472,0.0874758423335994,WTL
V117M,8,1.00122727518965,0.0810209118558962,WTL
V117N,9,1.14378562746996,0.0659827232158719,WTL
V117P,5,1.02126058579264,0.166563175975035,possibleWTL
V117Q,3,1.11552533180118,0.127108953312492,WTL
V117R,3,1.02676726273252,0.256882664653513,possibleWTL
V117S,11,1.12254379692101,0.0583051456973496,WTL
V117T,8,0.996516555552287,0.140247321293984,possibleWTL
V117W,6,0.816821455084672,0.121803061834859,Intermediate
V117Y,6,0.990370420192672,0.104392783738819,possibleWTL
G118*,11,0.147947835860892,0.0851189301424143,LOA
G118A,25,0.888687907896829,0.0460733310739347,Intermediate
G118C,9,0.684429580544271,0.131352174631744,Intermediate
G118D,21,1.0366105255782,0.0490585624078178,WTL
G118E,27,0.995498559475003,0.0852482178486992,WTL
G118F,12,0.174466717190975,0.103563286290152,possibleLOA
G118H,6,0.878930095050694,0.0715044463052883,Intermediate
G118I,9,0.11209214886724,0.0744827478408089,LOA
G118K,11,0.974601789196598,0.127501642034344,possibleWTL
G118L,9,0.29959979348714,0.105146932643162,Intermediate
G118M,16,0.511961770538677,0.0614648581051237,Intermediate
G118N,9,1.03765803323137,0.0653859492942748,WTL
G118P,15,1.03162759357028,0.0676817513608517,WTL
G118Q,5,0.955727987698753,0.087529317798134,possibleWTL
G118R,14,0.903713213101151,0.0890449285962737,possibleWTL
G118S,12,0.943607782650168,0.09247432680955,possibleWTL
G118T,15,0.791894735105563,0.0902902785581532,Intermediate
G118V,13,0.341725594348353,0.0827131492102514,Intermediate
G118W,13,0.167435541740906,0.0966642121106053,possibleLOA
G118Y,10,0.385026117742668,0.110962203257788,Intermediate
L119*,27,0.0312634205010894,0.124078981263075,LOA
L119A,18,1.06983516622917,0.0814286210529717,WTL
L119C,22,1.0349359469488,0.0579612668158178,WTL
L119D,37,1.1075425288291,0.0539772028789322,WTL
L119E,30,1.11149951547845,0.0680093070894629,WTL
L119F,11,0.838747052638686,0.109251057587753,Intermediate
L119G,45,1.09983401068685,0.0485009488091355,WTL
L119H,28,1.08720999487066,0.0656823592419121,WTL
L119I,10,0.978242360304042,0.0734206898463045,WTL
L119K,50,1.14017640684364,0.0491714641348896,WTL
L119M,41,1.05401852348131,0.0353647826885973,WTL
L119N,29,1.11692142629016,0.0487451902889896,WTL
L119P,24,1.1160752143021,0.0567438025626286,WTL
L119Q,20,1.12417097810992,0.0621330806947157,WTL
L119R,40,1.09258655608226,0.0645817036326603,WTL
L119S,40,1.10353875368142,0.0393497531720129,WTL
L119T,29,1.09024561064593,0.056021355387378,WTL
L119V,38,0.971965613841568,0.0481401101156502,WTL
L119W,34,0.94888796243512,0.0486857204897111,WTL
L119Y,24,1.01649000378677,0.0433132565470226,WTL
A120*,32,0.146395897233623,0.0597077536883633,LOA
A120C,31,0.856235305442346,0.0396516999414788,Intermediate
A120D,40,1.13556581522286,0.0354498489607907,WTL
A120E,38,1.07093437898884,0.0502175312860649,WTL
A120F,32,0.54535732464919,0.0780897288449239,Intermediate
A120G,45,1.07059433453951,0.0343680263874053,WTL
A120H,25,0.997082344520461,0.0706587233696579,WTL
A120I,35,0.266652155911612,0.103571434533785,Intermediate
A120K,29,1.06929239685113,0.0563797639288033,WTL
A120L,22,0.452527915700787,0.0702169719747158,Intermediate
A120M,24,0.755091486373128,0.0483149637666199,Intermediate
A120N,31,1.05507683553483,0.0628235216333755,WTL
A120P,25,1.13546588192432,0.062130037370827,WTL
A120Q,15,1.0214251208207,0.0721350679287888,WTL
A120R,30,0.979309258224176,0.0630903464129422,WTL
A120S,30,1.05556421573973,0.0789950648328597,WTL
A120T,27,0.959219113852636,0.0478031307192642,WTL
A120V,37,0.549167349978966,0.06357458894586,Intermediate
A120W,30,0.534271041913901,0.0654054604221513,Intermediate
A120Y,22,0.702160052653333,0.0770974289869241,Intermediate
V121*,22,-0.000200422356144526,0.038487499978404,LOA
V121A,19,1.05550068313257,0.0737931338735727,WTL
V121C,7,1.05293217614131,0.0601511637644689,WTL
V121D,12,1.09752439578024,0.0922147597158404,WTL
V121E,20,1.11024961942193,0.0572743776572283,WTL
V121F,17,0.990866193702483,0.0573810965489009,WTL
V121G,21,1.10762221066092,0.0694241973682245,WTL
V121H,2,1.12500788674174,0.143492805412101,WTL
V121I,21,0.912403756419322,0.0448155496856357,possibleWTL
V121K,17,1.09087854962582,0.0714558470896959,WTL
V121L,13,0.973462566859958,0.0812314929803116,WTL
V121M,17,1.08741814311946,0.0580265121137728,WTL
V121N,15,1.12887506894333,0.0769142671009253,WTL
V121P,11,1.11498063107937,0.0723435023492312,WTL
V121Q,11,1.1334730357016,0.0911110985762238,WTL
V121R,26,1.0717474044171,0.0688338454487362,WTL
V121S,17,1.09162919896781,0.038856111858688,WTL
V121T,18,1.11635569138225,0.0527747085978819,WTL
V121W,21,1.02966327472935,0.0504029614996032,WTL
V121Y,18,0.997428263194582,0.0640427821830189,WTL
I122*,33,-0.0122532386326471,0.0289052612432016,LOA
I122A,7,1.12477977054839,0.0673601628758695,WTL
I122C,7,1.01638077822055,0.0736182621262412,WTL
I122D,32,1.13693993996496,0.0604805204421924,WTL
I122E,22,1.12220020772214,0.0647409155492652,WTL
I122F,36,1.02650451118845,0.0491677127216471,WTL
I122G,2,1.11772161683378,0.0937080668408953,WTL
I122H,15,1.08395355407973,0.0839117253079934,WTL
I122K,45,1.10638475500067,0.0388773282990091,WTL
I122L,7,1.03450164249564,0.151494221785124,possibleWTL
I122M,34,1.08608031693618,0.0441409095998417,WTL
I122N,47,1.10682112259245,0.0442370396022692,WTL
I122P,15,1.10661520619389,0.0740052483117997,WTL
I122Q,21,1.14002541397433,0.0498026642769386,WTL
I122R,30,1.05628055193475,0.0572578002252583,WTL
I122S,15,1.07749325831113,0.0593112326644494,WTL
I122T,32,1.110438720743,0.0454190515452011,WTL
I122V,8,1.04851886474698,0.104916876663262,WTL
I122W,19,0.986073012444725,0.0848925987922836,WTL
I122Y,28,1.0481676975139,0.0385978935155875,WTL
L123*,23,-0.0206305205550464,0.0219801009069558,LOA
L123A,10,1.17983358007363,0.0524250438798649,WTL
L123C,22,1.01993773096983,0.0600357385656362,WTL
L123D,29,1.13685609829819,0.0509228027899924,WTL
L123E,33,1.12206434549634,0.0563796079215627,WTL
L123F,25,0.937256701466079,0.0573500976693889,possibleWTL
L123G,4,1.12304412983495,0.113688776680733,WTL
L123H,22,1.07542350630564,0.0746134890634744,WTL
L123I,35,0.908026128106441,0.0560218725505257,possibleWTL
L123K,40,1.09458892221817,0.0518645016558321,WTL
L123M,30,1.01260754284904,0.0426072243094287,WTL
L123N,24,1.01433720486245,0.0480982736649646,WTL
L123P,28,1.13064364671587,0.0717420150270445,WTL
L123Q,27,1.11035065401118,0.0531157632949742,WTL
L123R,34,1.05459989820221,0.0497328492711277,WTL
L123S,28,1.10286457663831,0.0435451694804973,WTL
L123T,29,1.08171700171514,0.0485401721640101,WTL
L123V,37,0.968769546684879,0.0501710714105064,WTL
L123W,34,0.971569187345643,0.078374231719251,WTL
L123Y,27,1.030912942124,0.053870401935084,WTL
H124*,31,-0.0161342517162566,0.0167046104334363,LOA
H124A,14,1.05578972973319,0.099037609621827,WTL
H124C,25,0.913113922743314,0.0497080208160601,possibleWTL
H124D,26,1.06850499403046,0.074639547509294,WTL
H124E,26,1.03015673423923,0.0389853780532027,WTL
H124F,19,0.547936665797821,0.0765529710193383,Intermediate
H124G,25,1.04579384261409,0.0266858174544512,WTL
H124I,23,0.421430409901791,0.073619192691348,Intermediate
H124K,24,1.03808322206696,0.0640645109375944,WTL
H124L,33,0.694814343765307,0.0604566709011461,Intermediate
H124M,19,0.854612770802407,0.0855015600359485,Intermediate
H124N,33,1.05225882510703,0.0512058867648579,WTL
H124P,27,1.11178518896175,0.0493436929885114,WTL
H124Q,20,1.00604150183408,0.0561606304529516,WTL
H124R,29,0.961234302920254,0.0467040868958135,WTL
H124S,29,1.05140617889987,0.045455893314505,WTL
H124T,21,0.970303500315432,0.0463882216107371,WTL
H124V,36,0.64248639705937,0.0567922321003164,Intermediate
H124W,25,0.525196989494119,0.0644580897509366,Intermediate
H124Y,18,0.72072262710988,0.104169240421926,Intermediate
T125*,43,-0.0128689263694969,0.0210575854433143,LOA
T125A,15,1.02707933686632,0.037666034491126,WTL
T125C,25,0.916922119077235,0.0713866735027336,possibleWTL
T125D,36,1.0597135727247,0.0330850813081166,WTL
T125E,35,1.039838003514,0.0388746767196709,WTL
T125F,36,0.593401946495248,0.0868403544570447,Intermediate
T125G,3,1.05634246776738,0.0837335489740928,WTL
T125H,31,0.996665169459417,0.0639300083849027,WTL
T125I,36,0.654361085435216,0.0688237111703106,Intermediate
T125K,30,1.01119203863,0.0701792215861105,WTL
T125L,29,0.698743196977522,0.0688740563622575,Intermediate
T125M,27,0.838285046031518,0.0598421658094682,Intermediate
T125N,23,1.01106583518726,0.0498473916639026,WTL
T125P,18,1.03610601242874,0.0800200103967879,WTL
T125Q,22,1.01850051747111,0.0821794322797144,WTL
T125R,38,0.946361515796841,0.0422297135920225,WTL
T125S,19,0.994209706472348,0.0440967812055065,WTL
T125V,18,0.807829842792238,0.0540528876564097,Intermediate
T125W,36,0.628838154692498,0.0641425021871954,Intermediate
T125Y,25,0.826802233272376,0.0504412826680027,Intermediate
D126*,28,0.0116343864073586,0.0781073257171443,LOA
D126A,34,0.919726477551434,0.0721153603559569,possibleWTL
D126C,30,0.75679274607764,0.0699408316990182,Intermediate
D126E,33,0.9610485232513,0.0548062263322349,WTL
D126F,22,0.719760667055329,0.0736818325498445,Intermediate
D126G,27,0.920227578580484,0.0331603218812312,possibleWTL
D126H,36,0.890542115388096,0.056841052871996,possibleWTL
D126I,21,0.727801473590971,0.0519096361576084,Intermediate
D126K,34,0.946874458511466,0.0422786584732306,WTL
D126L,30,0.872108956469223,0.0631454515108722,Intermediate
D126M,27,0.863023181212683,0.0610190335501941,Intermediate
D126N,25,0.96601506568309,0.0556500992084499,WTL
D126P,25,0.948650677711225,0.0655576604557417,possibleWTL
D126Q,25,0.924393436974453,0.0459446727177882,possibleWTL
D126R,32,0.826321097382022,0.0468654844282037,Intermediate
D126S,26,0.869916569622486,0.0786487698143376,Intermediate
D126T,29,0.888953729473761,0.0523937268684276,Intermediate
D126V,33,0.78265409112492,0.0517798693125396,Intermediate
D126W,24,0.685359741739023,0.0689851141613656,Intermediate
D126Y,38,0.737944882210661,0.0612009721578762,Intermediate
S127*,22,-0.0207204168856761,0.0208874874140364,LOA
S127A,25,1.0317651339528,0.0523652210898881,WTL
S127C,5,0.877631135536514,0.0858238437387548,Intermediate
S127D,21,1.03324349834465,0.0511616523859584,WTL
S127E,30,1.06177101153823,0.0423077579294353,WTL
S127F,19,0.952284559640632,0.0512370431159457,WTL
S127G,22,1.00346009947436,0.0480767831959338,WTL
S127H,23,0.98435983484208,0.0537719212880682,WTL
S127I,14,0.955332458331111,0.0709304874659588,possibleWTL
S127K,31,1.00419941162358,0.0622252202512234,WTL
S127L,19,0.987808089631997,0.0546634205131971,WTL
S127M,20,0.981110641628,0.0603222418208741,WTL
S127N,24,1.0149029950638,0.0489259821801556,WTL
S127P,19,0.990480020218437,0.065537615655649,WTL
S127Q,30,1.00619240123757,0.0510918285387135,WTL
S127R,24,0.960034911476042,0.0593310886804865,WTL
S127T,25,0.996114779600827,0.0826941571853753,WTL
S127V,29,0.977730079495101,0.0410336463835381,WTL
S127W,23,0.882696946170115,0.0648873208837999,Intermediate
S127Y,17,0.948245914687516,0.061160352436628,possibleWTL
R128*,24,-0.0306318219479799,0.00981439351564758,LOA
R128A,27,1.01692164500077,0.0567106745429436,WTL
R128C,27,0.942868488997825,0.065490399983477,possibleWTL
R128D,28,1.08681765021012,0.0419686373527762,WTL
R128E,33,1.04009780404438,0.0507516923612501,WTL
R128F,28,0.991946214612292,0.0711266179748214,WTL
R128G,30,1.02949694940741,0.0492100843362933,WTL
R128H,30,0.985034809052296,0.0593789762827276,WTL
R128I,29,0.972152289369542,0.0561672609584802,WTL
R128K,35,1.04768988850343,0.0466290815766479,WTL
R128L,24,0.999439600592547,0.0472266479622108,WTL
R128M,29,1.01707639468906,0.0453135635103525,WTL
R128N,28,1.02506952880477,0.0722487166463849,WTL
R128P,27,1.00694511625205,0.0628634818306747,WTL
R128Q,26,1.03198676448899,0.0605572903346659,WTL
R128S,31,0.978427073255569,0.0521283405949882,WTL
R128T,31,1.02279656762085,0.0689663186347424,WTL
R128V,19,1.03965422636943,0.0552295816745106,WTL
R128W,29,0.961688881520721,0.0433215407353109,WTL
R128Y,32,1.01439834292812,0.035448580093286,WTL
K129*,13,-0.00969117348606139,0.0194000994413185,LOA
K129A,35,0.976331550096406,0.0416401948074021,WTL
K129C,11,0.962928791200809,0.0910756671931334,possibleWTL
K129D,21,0.965533127974376,0.054679375475988,WTL
K129E,22,1.01173008691787,0.0615404680385837,WTL
K129F,27,0.927499994326615,0.0953795257393481,possibleWTL
K129G,37,0.97553354924841,0.0441362233434878,WTL
K129H,24,1.00362740536236,0.0608181183191665,WTL
K129I,15,0.983644251321412,0.0619120334457377,WTL
K129L,20,1.00349555696137,0.0787470524522508,WTL
K129M,20,0.994966032547409,0.0533519988393508,WTL
K129N,34,0.99871710149597,0.0419685346570511,WTL
K129P,23,0.989053252794134,0.0863541435204591,WTL
K129Q,20,0.992148852947393,0.0470877385459558,WTL
K129R,35,0.960466081755853,0.0675257764858671,WTL
K129S,20,1.01202103436746,0.062049416202554,WTL
K129T,27,0.924057987117855,0.0612736230539153,possibleWTL
K129V,25,0.973996065713412,0.0442928596746966,WTL
K129W,9,0.878864350625758,0.0986432351382243,Intermediate
K129Y,22,0.849884306061048,0.0525058111314121,Intermediate
D130*,21,-0.00805851530469113,0.0274589919226645,LOA
D130A,27,1.01294845567057,0.0449431596301547,WTL
D130C,34,0.943325831734941,0.0453557485798106,WTL
D130E,9,0.982083281220212,0.126943070349253,possibleWTL
D130F,27,0.930139276838826,0.0432544209905781,possibleWTL
D130G,13,0.95844723884757,0.0715842245191761,possibleWTL
D130H,31,0.932546835716763,0.047232447670231,possibleWTL
D130I,33,0.940978462679092,0.0485348142841204,WTL
D130K,24,0.972529611761264,0.072142184594674,WTL
D130L,25,0.943809628060426,0.0823919757097487,possibleWTL
D130M,23,0.956991096629688,0.0667222530795116,WTL
D130N,35,0.957908472297607,0.0369745705804899,WTL
D130P,26,0.971163703374253,0.0715885390576271,WTL
D130Q,27,0.980303298764614,0.0340844763546733,WTL
D130R,29,0.92538819263699,0.0506370989566892,possibleWTL
D130S,26,0.98063263697676,0.0562281705694625,WTL
D130T,27,0.976782583337049,0.0635622283261513,WTL
D130V,19,0.950039382436147,0.0682107513702828,possibleWTL
D130W,42,0.900123829813359,0.065796523481632,possibleWTL
D130Y,21,0.910803017512727,0.0512481501264545,possibleWTL
S131*,24,-0.0193748720889826,0.0243161039315837,LOA
S131A,33,1.00398072131603,0.0702941842163815,WTL
S131C,28,0.978570882509434,0.0877719108433377,WTL
S131D,21,1.01997938623211,0.0828311264382342,WTL
S131E,40,1.045145822952,0.0668315616299417,WTL
S131F,17,0.962817850681822,0.0556453812896405,WTL
S131G,22,1.0091031325461,0.0616884249330772,WTL
S131H,25,0.940812521996158,0.0428500724947105,WTL
S131I,25,0.983943344249074,0.063359112460743,WTL
S131K,24,0.966304825729993,0.0462409972253423,WTL
S131L,18,0.98586937874388,0.0803767991857959,WTL
S131M,29,0.971973730205114,0.0584446452617731,WTL
S131N,38,0.996447110984646,0.0702470025458435,WTL
S131P,22,0.986101939015666,0.0644952935182568,WTL
S131Q,26,0.984538735635402,0.0507916165219557,WTL
S131R,32,0.930510101556421,0.0590929839735787,possibleWTL
S131T,18,0.988963686374657,0.061685257239416,WTL
S131V,22,0.99642679889313,0.0683923332456363,WTL
S131W,32,0.950040891904114,0.0645366759556621,possibleWTL
S131Y,19,0.945081310328487,0.092663049662038,possibleWTL
P132*,37,0.000482441946561736,0.0262734263533161,LOA
P132A,25,1.00432843287483,0.0507897578179321,WTL
P132C,30,0.965130109032129,0.0623824830942076,WTL
P132D,36,1.00750870471219,0.0453173673838256,WTL
P132E,27,1.02819235492342,0.0662829164862824,WTL
P132F,38,0.952695164761457,0.0493375848340275,WTL
P132G,27,1.00044562802815,0.0450192187578475,WTL
P132H,38,0.967215204123804,0.0348405059812937,WTL
P132I,35,0.959244872700426,0.0470600879886098,WTL
P132K,34,0.966223044746004,0.057069317947386,WTL
P132L,25,0.958104998375886,0.0470690706320558,WTL
P132M,23,0.975777355242606,0.0541291209318772,WTL
P132N,30,0.984139102807911,0.0384753608222589,WTL
P132Q,37,0.989125094263819,0.0592038348804882,WTL
P132R,13,0.992064389502853,0.0992461577645444,WTL
P132S,22,1.02283877782517,0.0575728051086129,WTL
P132T,28,0.966714857152472,0.0616258585086905,WTL
P132V,27,0.993437169184628,0.0562586053491883,WTL
P132W,16,0.921658993378137,0.0759602751536684,possibleWTL
P132Y,38,0.954154366629683,0.0425204834373409,WTL
P133*,22,0.0374644948373003,0.0595134394777006,LOA
P133A,25,0.986541243035423,0.0447404093820171,WTL
P133C,29,0.956225908045915,0.0544514753745355,WTL
P133D,24,0.985093554955282,0.0571445186137127,WTL
P133E,35,1.0058552007794,0.0381278759456826,WTL
P133F,29,0.978174806884319,0.0823650191420486,WTL
P133G,29,0.977746217465484,0.0431769013051435,WTL
P133H,29,0.973749721686816,0.0719728048400788,WTL
P133I,36,0.965418094667127,0.0284016515515615,WTL
P133K,27,0.93907779624087,0.0733547520683992,possibleWTL
P133L,25,0.980190429607574,0.049915316887649,WTL
P133M,27,0.984250446365986,0.0575800831931014,WTL
P133N,26,0.964035063723451,0.0418355572375019,WTL
P133Q,17,1.01360818598413,0.0961425008190488,WTL
P133R,24,0.972493192556074,0.0557568495880625,WTL
P133S,25,0.974341401749059,0.0435713836456863,WTL
P133T,17,0.96551334188038,0.0653794645652161,WTL
P133V,27,0.97611076008294,0.0483014240791528,WTL
P133W,18,0.960602008716405,0.0635249028193789,WTL
P133Y,33,0.963434672184883,0.0591497019935871,WTL
A134*,28,0.0552193375737303,0.0799051154130153,LOA
A134C,22,0.920675421230726,0.0840980714633109,possibleWTL
A134D,32,0.96525688522976,0.0398055314043108,WTL
A134E,31,1.00161024309598,0.0585453219569921,WTL
A134F,24,0.947194584584767,0.0596386589148296,possibleWTL
A134G,17,0.974424795253376,0.0834256563238159,WTL
A134H,25,0.953252280657244,0.0440642344271412,WTL
A134I,25,0.967155994574694,0.0358794630916094,WTL
A134K,32,0.977314870843155,0.0376322744864849,WTL
A134L,30,0.963752844079482,0.0691415225294347,WTL
A134M,20,0.971889323159765,0.0590138539968592,WTL
A134N,23,0.915993748464835,0.0626465877394831,possibleWTL
A134P,35,0.969441855640422,0.0667837181762904,WTL
A134Q,46,0.978772728311071,0.0406692735447814,WTL
A134R,36,0.973979872249201,0.0533927448887209,WTL
A134S,31,0.971070433843282,0.0653477093370015,WTL
A134T,30,0.960234853816324,0.0600705489954075,WTL
A134V,39,0.983442168710162,0.0341723613617288,WTL
A134W,30,0.859736806656318,0.0458570095360999,Intermediate
A134Y,32,0.935002215061949,0.034563441083093,WTL
G135*,22,0.0550849934620858,0.0792097943694462,LOA
G135A,25,1.01212019429562,0.0498288666809365,WTL
G135C,16,0.986166624974485,0.0796778031871184,WTL
G135D,19,1.01471939884969,0.0689806293790788,WTL
G135E,17,1.02838334585224,0.0737822764105172,WTL
G135F,11,0.96529905421357,0.0920997140823888,possibleWTL
G135H,21,0.987256689899654,0.0485792745338367,WTL
G135I,24,1.00608284535482,0.061752226331144,WTL
G135K,19,1.00879850715964,0.0508810752307256,WTL
G135L,23,1.00442353877813,0.0409290642261438,WTL
G135M,25,0.994681542631198,0.0523272558036903,WTL
G135N,26,0.994119249112724,0.0565204785861788,WTL
G135P,26,0.991672455013378,0.0528742097681937,WTL
G135Q,20,0.982683170430192,0.077636519918303,WTL
G135R,23,0.998677786401152,0.0613050613417245,WTL
G135S,12,0.984422835011879,0.110513662145305,possibleWTL
G135T,18,1.01520443891567,0.0569346548970734,WTL
G135V,19,0.99447127045401,0.0422281403568178,WTL
G135W,16,0.936022124318442,0.0603372231874345,possibleWTL
G135Y,23,0.974613825965887,0.0764029332809328,WTL
S136*,20,0.0410001956394329,0.161556302063816,LOA
S136A,20,1.01608197958463,0.0578079714000226,WTL
S136C,15,0.964166910002451,0.0686297709738205,WTL
S136D,19,1.01899617837192,0.0676739472640244,WTL
S136E,4,1.05794684997473,0.107730543591437,WTL
S136F,19,0.999849480892481,0.0585442570261806,WTL
S136G,17,1.06149119445704,0.0528076456482676,WTL
S136H,17,0.986904559302465,0.0653478790721277,WTL
S136I,14,1.00142161801199,0.106354455627892,WTL
S136K,3,0.995662639356767,0.180367081955361,possibleWTL
S136L,6,1.00058122110298,0.0906019858031047,WTL
S136M,3,1.0028419520261,0.165456516218824,possibleWTL
S136N,21,0.998301741612437,0.0601252940362516,WTL
S136P,17,0.982632717186903,0.0652908381905472,WTL
S136Q,6,0.994151580511129,0.11244091850509,possibleWTL
S136R,21,1.01247794657048,0.0742663437290124,WTL
S136T,13,1.00237605004998,0.0959581410340652,WTL
S136V,4,0.988799916265433,0.122681394048491,possibleWTL
S136W,5,0.949604591819802,0.0867990506892956,possibleWTL
S136Y,15,0.960445762258552,0.0593660841896297,WTL
P137*,22,0.0274375867293537,0.122993815628301,LOA
P137A,3,0.997861165743449,0.121380921223894,possibleWTL
P137C,22,1.0026878670271,0.057992202703985,WTL
P137D,22,1.03256910040245,0.0508221789672099,WTL
P137E,28,1.01651723916342,0.043137746793357,WTL
P137F,23,0.972975176459448,0.0776639369805608,WTL
P137G,22,1.00805757223811,0.0601098135754774,WTL
P137H,20,0.991718775139506,0.0860697692926117,WTL
P137I,37,1.01133865710187,0.0350281462064849,WTL
P137K,33,1.00493932236606,0.0605689610826255,WTL
P137L,15,0.981620300302353,0.0713752666930836,WTL
P137M,29,0.995676874985107,0.0426798749517693,WTL
P137N,29,1.02301690554904,0.0365079125147389,WTL
P137Q,32,1.0012300100749,0.05855022931353,WTL
P137R,28,1.0042646714663,0.0350686820117402,WTL
P137S,14,1.00813414606151,0.0645774171309549,WTL
P137T,17,1.01012749551228,0.0464234777701434,WTL
P137V,26,1.01756620480762,0.0500625200149999,WTL
P137W,42,0.957986916485803,0.0653806485077488,WTL
P137Y,27,0.96399180454759,0.039671613936505,WTL
A138*,36,0.119699983498027,0.0711771061666839,LOA
A138C,20,0.965702041115873,0.0842663715625241,possibleWTL
A138D,37,1.02266179908261,0.0551728338609263,WTL
A138E,33,1.00809966699372,0.0455332972295477,WTL
A138F,22,0.99221157003706,0.0479634983760266,WTL
A138G,15,0.978219705089276,0.0517715503853527,WTL
A138H,23,0.934322450752963,0.0433283452854748,WTL
A138I,44,0.999881563034532,0.051240704890911,WTL
A138K,22,0.985416675003316,0.0466250085991026,WTL
A138L,32,1.00272244762134,0.0404506506115662,WTL
A138M,27,1.01257929096336,0.0669504482119574,WTL
A138N,31,0.982168429828008,0.0660292299610663,WTL
A138P,25,0.995208131353904,0.058741078077411,WTL
A138Q,23,1.01836344324002,0.0637882368440689,WTL
A138R,32,0.988727588675263,0.0299338834226467,WTL
A138S,24,0.993924468225935,0.0535425062141867,WTL
A138T,40,1.01471086269333,0.0475468856458383,WTL
A138V,25,0.988738249199567,0.0791893196392772,WTL
A138W,33,0.964359776394151,0.0499769386314274,WTL
A138Y,37,0.973421466588127,0.0731027007264832,WTL
G139*,20,0.00389238834983479,0.035528676662443,LOA
G139A,8,0.946748944513369,0.121562962447667,possibleWTL
G139C,6,1.0242270418321,0.0915557036425317,WTL
G139D,21,1.04162634878737,0.0797841723675864,WTL
G139E,27,1.00725763989613,0.0427387472978551,WTL
G139F,16,0.978008043812881,0.0920383905701453,possibleWTL
G139H,23,0.98124801558056,0.0593912925340131,WTL
G139I,26,1.01249476554203,0.041850151383465,WTL
G139K,18,0.97161564578162,0.0822386667596699,possibleWTL
G139L,14,0.991145619259572,0.0644862386986316,WTL
G139M,17,1.02217221721871,0.0603902239671366,WTL
G139N,22,1.01723232866668,0.0586691520754394,WTL
G139P,15,0.994070405901748,0.0592976042330903,WTL
G139Q,16,1.00086388628437,0.061507921789448,WTL
G139R,18,0.979889666511564,0.098406257080776,possibleWTL
G139S,12,1.02043576468703,0.0623326263986075,WTL
G139T,18,1.01596684900417,0.0561527374615101,WTL
G139V,12,0.976922113990465,0.0812497480475988,WTL
G139W,19,0.953886164027528,0.0781058387908032,possibleWTL
G139Y,26,0.983278073527169,0.057984353778797,WTL
R140*,19,0.0143353521194719,0.0671449491214683,LOA
R140A,11,0.985295079602241,0.120572935503327,possibleWTL
R140D,29,0.996808821926104,0.0398903328414207,WTL
R140E,27,1.00067682269153,0.0573237485612076,WTL
R140F,15,0.965393512746262,0.0837889216654041,possibleWTL
R140G,15,0.998077615042063,0.0784111498618821,WTL
R140H,37,0.964846926879235,0.0488183399024918,WTL
R140I,25,0.928058936663307,0.0626101633080276,possibleWTL
R140K,36,0.987737593944948,0.0757912765990122,WTL
R140L,15,0.942389715942739,0.076549747793666,possibleWTL
R140M,28,0.969127526161902,0.0492292692643749,WTL
R140N,38,0.973478762200952,0.055556330552809,WTL
R140P,23,0.973104518353303,0.0659928889406565,WTL
R140Q,26,0.960027029246488,0.0732379379458946,possibleWTL
R140S,26,1.0158585298051,0.0528942492454069,WTL
R140T,43,1.00619169759902,0.0594460840794304,WTL
R140V,34,0.968586637300276,0.0484466017052025,WTL
R140W,17,0.967552260207371,0.0581926909135397,WTL
R140Y,24,0.96741186898057,0.0524383581609517,WTL
S141*,4,0.0537371790005028,0.102977306402672,LOA
S141A,2,0.889714605473683,0.206590018206415,Intermediate
S141C,4,0.930924890986018,0.189396610758429,possibleWTL
S141D,6,0.942004490245084,0.133597764260231,possibleWTL
S141E,9,1.03561653016194,0.0985743706803987,WTL
S141F,12,0.956466137068127,0.0710934987032559,possibleWTL
S141G,2,0.993499731879684,0.217228804375737,possibleWTL
S141H,5,1.02626228877111,0.1362844416605,possibleWTL
S141I,6,0.916648937530704,0.104027078084954,possibleWTL
S141K,11,1.03376892625613,0.0534470478887726,WTL
S141L,5,0.983131224483039,0.142130432530778,possibleWTL
S141M,7,0.96321858432328,0.0747014953706046,possibleWTL
S141N,6,0.974357896927827,0.0965912331233147,possibleWTL
S141P,2,0.829678716865157,0.258297054857246,Intermediate
S141Q,6,0.97346229389126,0.1373161906502,possibleWTL
S141R,4,0.99978180093482,0.0780656190228145,WTL
S141T,7,0.981491727795176,0.141235070000732,possibleWTL
S141V,3,0.920994813001332,0.169896016602373,possibleWTL
S141W,3,0.805630762968102,0.208740200617791,Intermediate
S141Y,3,0.868820135775745,0.133151015134556,Intermediate
I142*,7,0.0605538399136621,0.0584619757758077,LOA
I142A,6,0.998092591283162,0.0778232475445314,WTL
I142C,10,0.979057113566881,0.0742517974868473,WTL
I142D,9,1.00551719530044,0.0974542355315808,WTL
I142E,9,1.01945676777668,0.0846130289693125,WTL
I142F,10,1.05485939295677,0.060203200015501,WTL
I142G,10,0.987326426222635,0.0475572526978236,WTL
I142H,9,1.0351511535513,0.140799634099563,WTL
I142K,10,0.987005330663922,0.0945309523929868,WTL
I142L,2,0.976981642770067,0.0793228923870479,WTL
I142M,8,0.989023246666226,0.129959710388099,possibleWTL
I142N,2,1.03030654970876,0.115428881190999,WTL
I142P,10,0.989501627400743,0.0573865927007114,WTL
I142Q,6,1.04232011853506,0.138938629578641,WTL
I142R,7,0.962354445780512,0.124726834074926,possibleWTL
I142S,14,1.00571270109246,0.0742933720874114,WTL
I142T,11,0.972001264169997,0.0829698813634444,possibleWTL
I142V,6,0.954767732839435,0.102005138175141,possibleWTL
I142W,9,0.957050458753912,0.0799252372331653,possibleWTL
I142Y,7,0.936186380626564,0.104124687109909,possibleWTL
Y143*,5,-0.0114952718176431,0.0264814712402133,LOA
Y143A,10,0.884772333254537,0.089172272707388,Intermediate
Y143C,2,0.942110332283272,0.159451291808463,possibleWTL
Y143D,9,0.693056686351563,0.115905968076576,Intermediate
Y143E,7,0.640863254006771,0.0662960146958492,Intermediate
Y143F,9,1.09472007067181,0.0832919636917578,WTL
Y143G,4,0.791634244744192,0.185177437674812,Intermediate
Y143H,10,0.90061726115229,0.102363365222826,possibleWTL
Y143I,10,0.890815733583474,0.0900581941052985,possibleWTL
Y143K,4,0.927715889864918,0.231534670685429,possibleWTL
Y143L,12,1.03684676372114,0.0694909113457107,WTL
Y143M,11,1.01194183878782,0.0715101020669568,WTL
Y143N,11,0.890496278362423,0.10508452607535,possibleWTL
Y143P,6,0.823683204309358,0.160342817416365,Intermediate
Y143Q,6,0.943655989077013,0.151397761781878,possibleWTL
Y143R,7,0.98278129269225,0.117766086140585,possibleWTL
Y143S,9,0.957779455637843,0.0972729446953811,possibleWTL
Y143T,15,0.904090771757554,0.0620407200650847,possibleWTL
Y143V,16,0.922431581590001,0.0486671827244791,possibleWTL
Y143W,11,0.882755119560151,0.0805884753579027,Intermediate
N144*,25,-0.0263272737686122,0.0158656269247788,LOA
N144A,20,0.72741114700434,0.0590715544565851,Intermediate
N144C,19,0.673997850090508,0.0732808134719063,Intermediate
N144D,30,0.561674020822736,0.1038329948301,Intermediate
N144E,16,0.821201364470822,0.080764781075843,Intermediate
N144F,18,0.806266043750069,0.0611899221334764,Intermediate
N144G,16,0.776275799607825,0.0535121819085471,Intermediate
N144H,20,0.981938992634551,0.0654051374632812,WTL
N144I,30,0.430376411242526,0.0537553713875104,Intermediate
N144K,24,0.92895146179153,0.0319860930017327,WTL
N144L,28,0.352774371815377,0.0444004802298534,Intermediate
N144M,27,0.558939191598363,0.0772098437344518,Intermediate
N144P,22,0.951489644380169,0.0714652237020234,possibleWTL
N144Q,23,0.958629258818171,0.069126479178907,possibleWTL
N144R,14,0.91044311480076,0.0843417390629605,possibleWTL
N144S,16,0.900723676476385,0.101430170405843,possibleWTL
N144T,25,0.941270537832061,0.0476190109860694,WTL
N144V,22,0.488548534759553,0.0606708911129004,Intermediate
N144W,27,0.790730974338701,0.0623667066107403,Intermediate
N144Y,13,0.845954593529687,0.0910056280104319,Intermediate
S145*,21,-0.019683832655046,0.0239146869803647,LOA
S145A,36,1.00744822731497,0.0382045092138742,WTL
S145C,22,0.921428535536769,0.0618684545667008,possibleWTL
S145D,18,-0.0311330372772984,0.0135858293219328,LOA
S145E,26,0.291950134649136,0.0767339891453213,Intermediate
S145F,23,0.388466502649291,0.0526642848195902,Intermediate
S145G,18,0.70804810533685,0.069553322770172,Intermediate
S145H,17,0.837031200322227,0.0811438377994069,Intermediate
S145I,15,0.415013817491734,0.0526770360454895,Intermediate
S145K,16,0.77847434362437,0.0833317246315191,Intermediate
S145L,19,0.440604937571745,0.055472408125011,Intermediate
S145M,11,0.785119040548657,0.0656624560992207,Intermediate
S145N,24,0.862211732958338,0.0639885476105939,Intermediate
S145P,25,0.65441997925413,0.0666886934221477,Intermediate
S145Q,18,0.929409636032317,0.0682448862235898,possibleWTL
S145R,15,0.851120572868304,0.0678106795860325,Intermediate
S145T,28,0.973905566381354,0.0594578764350864,WTL
S145V,21,0.781999434135558,0.0569820549861208,Intermediate
S145W,18,0.0209821348034265,0.0394143661616067,LOA
S145Y,19,0.444567793030447,0.0693442197495276,Intermediate
F146*,28,-0.021389695205539,0.0160548031364925,LOA
F146A,15,0.180863051080328,0.12321398818019,possibleLOA
F146C,21,0.571036607846905,0.0566423518647593,Intermediate
F146D,15,-0.022283977802873,0.0267091640096782,LOA
F146E,29,-0.0289808176913115,0.0155473218611213,LOA
F146G,2,0.0101939544606527,0.0829015218607934,LOA
F146H,35,0.34764712393774,0.0825230716837296,Intermediate
F146I,31,0.772533434047084,0.0489440568041539,Intermediate
F146K,35,-0.0266689412700972,0.0215574387950829,LOA
F146L,35,0.548459239303415,0.0744555178407858,Intermediate
F146M,26,0.761596522627068,0.0542465429555563,Intermediate
F146N,41,-0.0135674631963738,0.0283717018333224,LOA
F146P,23,-0.0268900652998958,0.0214916506343699,LOA
F146Q,29,-0.00920324470953662,0.0217054328775443,LOA
F146R,26,-0.0164463632545846,0.024037946972757,LOA
F146S,29,-0.0197131412514101,0.0191030936229195,LOA
F146T,29,0.372101199032243,0.112085480290638,Intermediate
F146V,27,0.506834874062162,0.0815030799474764,Intermediate
F146W,27,0.719485009909757,0.0555985071504025,Intermediate
F146Y,25,0.988856147346209,0.0522824672677761,WTL
Y147*,29,-0.0209538259022257,0.0172900831876652,LOA
Y147A,24,0.0718326040861003,0.0322328464983949,LOA
Y147C,21,-0.0132145111743587,0.0366235531185284,LOA
Y147D,31,-0.0201547443655095,0.0189526134250292,LOA
Y147E,26,-0.0277089111672121,0.0185815438750537,LOA
Y147F,23,0.997219669502377,0.0641166026295481,WTL
Y147G,37,-0.0189041475182779,0.0314751656175722,LOA
Y147H,29,0.856578670003947,0.0759899398624387,Intermediate
Y147I,42,-0.0169110860662273,0.016222883860133,LOA
Y147K,33,-0.0107193948254616,0.018484266618489,LOA
Y147L,31,0.233562964436422,0.082692144956541,possibleLOA
Y147M,29,0.3677805507226,0.0671646263932717,Intermediate
Y147N,23,-0.00786175708195155,0.020241938527298,LOA
Y147P,22,-0.0193902801812775,0.0237208218890551,LOA
Y147Q,30,0.00633131082132749,0.029880359729309,LOA
Y147R,30,0.0924967773645176,0.0542141372030625,LOA
Y147S,30,0.0235761947874405,0.0304760386514006,LOA
Y147T,16,0.0788209531893271,0.0552034560537776,LOA
Y147V,38,-0.00357684822550039,0.0157573435626599,LOA
Y147W,34,1.01246648960619,0.039472056731593,WTL
V148*,32,-0.0266962246091315,0.00948296235150381,LOA
V148A,31,0.115924482684688,0.0638612798408438,LOA
V148C,29,0.627756547189218,0.0710848360122129,Intermediate
V148D,35,-0.00629648482192749,0.0247935436068545,LOA
V148E,36,-0.0184339103401352,0.0179326172764529,LOA
V148F,29,-0.0285678972304499,0.0180490735954688,LOA
V148G,44,-0.0125817646746503,0.0293883256310653,LOA
V148H,31,-0.0146416900543173,0.0199651568363981,LOA
V148I,28,0.910255864729784,0.0554753763242895,possibleWTL
V148K,34,-0.0254698357583483,0.025417088201532,LOA
V148L,32,0.432685690402436,0.0834590436654271,Intermediate
V148M,38,0.0992885782736689,0.0770055137051505,LOA
V148N,26,-0.0123136014407014,0.0403136330787593,LOA
V148P,28,-0.0110931175921949,0.0202232648038111,LOA
V148Q,33,-0.0104528621195926,0.0280419441304624,LOA
V148R,35,-0.0154506034689743,0.0262767633510536,LOA
V148S,28,-0.025486444540915,0.0136140164552199,LOA
V148T,24,0.492204100217283,0.0689659531739973,Intermediate
V148W,36,-0.0171390835010201,0.0242574884113264,LOA
V148Y,38,-0.0288712410745039,0.0160602000934712,LOA
Y149*,25,-0.00916165241065793,0.038470872702291,LOA
Y149A,19,0.308684042679984,0.0788996612256364,Intermediate
Y149C,23,0.221795671606811,0.0686836289327988,possibleLOA
Y149D,22,0.281277855340553,0.0880450700678772,Intermediate
Y149E,20,-0.00453833758338068,0.0227447033480445,LOA
Y149F,21,1.01475043451766,0.0684267290993016,WTL
Y149G,36,-0.0194041423330715,0.0153266364225708,LOA
Y149H,18,0.693745053388298,0.0481388874707038,Intermediate
Y149I,20,0.53012749452287,0.0905294012478169,Intermediate
Y149K,19,-0.00660852063321006,0.0283883646205921,LOA
Y149L,31,0.830650759027161,0.0521096013403593,Intermediate
Y149M,22,0.826448656949381,0.0651655134489592,Intermediate
Y149N,20,-0.00720948248118725,0.0308537676819044,LOA
Y149P,29,-0.00896978443461652,0.0351012397076852,LOA
Y149Q,17,-0.00723834920375883,0.028866240788536,LOA
Y149R,27,-0.0128386245839866,0.0326246579210627,LOA
Y149S,19,0.0290707625440502,0.0352679568811876,LOA
Y149T,25,-0.0253221460623417,0.0170507254238372,LOA
Y149V,34,0.276886050010574,0.0745290344641993,Intermediate
Y149W,39,1.01753556989886,0.0439675525301848,WTL
C150*,33,-0.0240308431015054,0.0136349784816298,LOA
C150A,21,-0.0231341365418804,0.0109252568512731,LOA
C150D,21,-0.0246988658105167,0.0293951049891614,LOA
C150E,25,-0.0302277157835924,0.0154730780965843,LOA
C150F,29,-0.0226161558835253,0.0168080560329421,LOA
C150G,23,-0.0172209636969854,0.036503511090327,LOA
C150H,22,-0.023641887017952,0.020122072056152,LOA
C150I,36,-0.0132127772900448,0.0258944639521544,LOA
C150K,31,-0.010235547259789,0.0310043014934437,LOA
C150L,35,-0.0275649362588191,0.0148543933250309,LOA
C150M,23,-0.0244691320697952,0.0183176241748124,LOA
C150N,29,-0.00696689139116634,0.0205236248813554,LOA
C150P,16,-0.0291390234474963,0.0290052897132219,LOA
C150Q,22,-0.026978254105863,0.0192157386540428,LOA
C150R,33,-0.0267288239287825,0.0174791909719721,LOA
C150S,16,-0.0146854075374884,0.0386909698454541,LOA
C150T,14,-0.0290158161697736,0.0260306640176769,LOA
C150V,21,-0.00978879133084217,0.0463871269053015,LOA
C150W,24,-0.0200297722715883,0.0348380350717041,LOA
C150Y,29,-0.0276834957670348,0.0129502047632454,LOA
K151*,26,-0.0114445250579551,0.0312409133572749,LOA
K151A,31,1.05896821694631,0.0535718443032817,WTL
K151C,18,0.973794570960953,0.088316010947399,possibleWTL
K151D,34,1.11650356588608,0.0400936818017838,WTL
K151E,32,1.06972876624433,0.0578670494124954,WTL
K151F,34,1.05647620103717,0.0413045107626122,WTL
K151G,20,1.06975979706115,0.0764871437927011,WTL
K151H,26,1.03917239779019,0.0493957483053492,WTL
K151I,30,0.926757044139354,0.0434146159240724,possibleWTL
K151L,22,0.974818170260184,0.0663562108950282,WTL
K151M,35,1.0241292276056,0.0481888850300745,WTL
K151N,33,1.07496034660518,0.0581287741640397,WTL
K151P,41,1.03905450740838,0.0458745389620375,WTL
K151Q,30,1.00734587609315,0.0556565404847469,WTL
K151R,53,1.03774000954551,0.0361946072373231,WTL
K151S,19,1.05047225384108,0.0514499611703966,WTL
K151T,19,1.05797270601762,0.0549968113526073,WTL
K151V,31,0.932378447573501,0.0564736893149282,possibleWTL
K151W,34,1.0740245945978,0.0424843353698548,WTL
K151Y,36,0.99526902522816,0.042560654377539,WTL
G152*,33,-0.0116848766176236,0.0214786437225038,LOA
G152A,21,1.02571601936706,0.071711487614667,WTL
G152C,29,0.755868435989741,0.0579664221509381,Intermediate
G152D,17,1.06064249079332,0.0605689270982523,WTL
G152E,21,1.01850401546901,0.0601244064997309,WTL
G152F,29,1.02330217772165,0.0500172281799894,WTL
G152H,10,1.06124058937392,0.0629941479702486,WTL
G152I,15,0.78294830042581,0.0598016551217373,Intermediate
G152K,10,1.00266526930088,0.109622942640492,WTL
G152L,27,0.794551991262499,0.0656534583437334,Intermediate
G152M,15,0.965700024857516,0.0682763927332798,WTL
G152N,21,1.04384679261292,0.0714789544729647,WTL
G152P,22,-0.0220220101996574,0.0262736491970512,LOA
G152Q,29,1.03250120278898,0.0570895818524772,WTL
G152R,29,0.985828599041738,0.0378499694198142,WTL
G152S,19,1.06079022798688,0.0693221544816476,WTL
G152T,30,0.982144077734756,0.0451713584104132,WTL
G152V,28,0.804836602450195,0.0664378018737553,Intermediate
G152W,25,1.05873937904776,0.0637671556752445,WTL
G152Y,27,1.1109554333847,0.0502575316958811,WTL
P153*,28,0.0715837047436071,0.169146035862001,LOA
P153A,13,0.95534852903087,0.0903187320276161,possibleWTL
P153C,20,0.793475530106516,0.0718905577815353,Intermediate
P153D,23,0.959691571486302,0.0515922749358677,WTL
P153E,27,0.999727469867751,0.0488089860622777,WTL
P153F,34,0.88780849001326,0.044222372414763,Intermediate
P153G,14,0.909225253683002,0.0777482086467639,possibleWTL
P153H,12,0.969971698623218,0.0971069740562297,possibleWTL
P153I,30,0.971895398867723,0.0503600048254395,WTL
P153K,29,0.951071202369492,0.0569730393969901,WTL
P153L,20,0.844034860659181,0.0719573948163943,Intermediate
P153M,19,0.937296557702477,0.0550948800452447,possibleWTL
P153N,31,0.960980001393339,0.0343143812127814,WTL
P153Q,26,0.965479995038882,0.0563378259779429,WTL
P153R,24,0.982313196365696,0.0500041426236766,WTL
P153S,16,0.989016085475444,0.099153612824508,possibleWTL
P153T,21,0.967946935884827,0.0465338454898267,WTL
P153V,19,0.995486048103036,0.0664236800317175,WTL
P153W,32,0.741276022560179,0.0418885599384173,Intermediate
P153Y,22,0.891751974737737,0.053603896642858,possibleWTL
C154*,53,0.0117065299362767,0.0743894956111588,LOA
C154A,21,-0.0208350532719802,0.028299783894025,LOA
C154D,20,-0.023410522346763,0.0183403374785481,LOA
C154E,24,-0.0200224260799321,0.0172514716706467,LOA
C154F,36,-0.0297760690986365,0.0105822268972177,LOA
C154G,9,-0.0322705950726295,0.0229950739301005,LOA
C154H,29,-0.0314650515565049,0.0129709481637103,LOA
C154I,24,-0.0223649208308062,0.0224740722734011,LOA
C154K,19,-0.00671310265653426,0.0280933213999129,LOA
C154L,30,-0.0224977714099388,0.0127149347173179,LOA
C154M,27,-0.0229364886024995,0.0161606923027901,LOA
C154N,31,-0.0228855080623855,0.0122675256125338,LOA
C154P,22,-0.0260833341306948,0.0156541475476112,LOA
C154Q,30,-0.0130312290379698,0.0209654364138141,LOA
C154R,33,-0.017237716764341,0.0277753396754083,LOA
C154S,23,-0.0158854789656854,0.0184956487771381,LOA
C154T,35,-0.0226045125940612,0.0166671531521356,LOA
C154V,26,-0.0270038983622205,0.0168894736790819,LOA
C154W,13,-0.024884653467031,0.0164939632577614,LOA
C154Y,23,-0.0164767842704655,0.0165179182647412,LOA
Q155*,33,0.059057694065556,0.139014014839285,LOA
Q155C,6,0.93552022591594,0.0785004844097288,possibleWTL
Q155D,38,0.917234984409574,0.0446905389935154,possibleWTL
Q155E,25,0.932104182533978,0.0668615805140847,possibleWTL
Q155F,35,0.838106155588548,0.0548984641952286,Intermediate
Q155G,29,1.04456207363925,0.0593497862423286,WTL
Q155H,36,1.01001489506532,0.0432906471901627,WTL
Q155I,39,0.594582806983166,0.0439072008468658,Intermediate
Q155K,35,1.05047500514219,0.0490091093308554,WTL
Q155L,26,0.860892164121611,0.0580554604939729,Intermediate
Q155M,27,0.995478861835876,0.0458010589057645,WTL
Q155N,27,1.00669605747539,0.0508012538780708,WTL
Q155R,26,1.12541284690809,0.0224278514210177,WTL
Q155S,33,0.968279845155102,0.0658541783307594,WTL
Q155V,32,0.696035678527161,0.0502139325605389,Intermediate
Q155W,32,0.788009405486693,0.0529084513884459,Intermediate
Q155Y,33,0.870405915641776,0.0466480833975229,Intermediate
R156*,24,0.0206216371490682,0.104078277496075,LOA
R156A,21,1.09280041384027,0.0412242348489461,WTL
R156C,25,1.04156393501308,0.0378189129213837,WTL
R156D,13,1.00373866260739,0.0682004137979196,WTL
R156E,23,0.961519144226683,0.0551515145633917,WTL
R156F,26,0.785109525461844,0.0672805721136471,Intermediate
R156G,18,1.04346916486799,0.044617168089666,WTL
R156H,22,0.892453425946088,0.0566089686411521,possibleWTL
R156I,22,0.800829865599589,0.0864641926777554,Intermediate
R156K,14,0.988162841442979,0.0394361533966559,WTL
R156L,36,0.805598021444372,0.0427602886359544,Intermediate
R156M,19,0.95936858919352,0.0445784513774371,WTL
R156N,29,1.03109507880566,0.0486683283494804,WTL
R156P,24,0.533148010221919,0.0860059058206329,Intermediate
R156Q,23,1.04388412836469,0.053718498833822,WTL
R156S,14,1.10892078389591,0.0511904816428649,WTL
R156T,23,1.0628766328727,0.0450010462656301,WTL
R156V,23,0.797005892384618,0.0762305514031564,Intermediate
R156W,28,0.83047833894768,0.0509954528217267,Intermediate
R156Y,33,0.832002569045546,0.0399357174900633,Intermediate
V157*,25,0.00739428024266211,0.0455233682162841,LOA
V157A,11,0.837420045790348,0.061492094120969,Intermediate
V157C,21,0.76357913116782,0.0662977414356134,Intermediate
V157D,24,0.0487860580185547,0.0508499278326135,LOA
V157E,25,0.591256572787379,0.0906231740937928,Intermediate
V157F,26,0.839388362405378,0.0629064638513926,Intermediate
V157G,31,0.102162192923191,0.0706809961685223,LOA
V157H,37,0.538938451548915,0.0630149054889884,Intermediate
V157I,31,0.930523284429408,0.0617966842714345,possibleWTL
V157K,34,0.142381421257257,0.0808354384274084,LOA
V157L,20,1.06648338512541,0.0457645902141467,WTL
V157M,38,0.995095958952698,0.0481608421433285,WTL
V157N,48,0.0411342139807965,0.0462586484298648,LOA
V157P,14,0.767791256887632,0.08123191092922,Intermediate
V157Q,26,0.422404628879125,0.0658682114588767,Intermediate
V157R,27,0.188130956107398,0.075628900790132,possibleLOA
V157S,24,0.331507299958368,0.0543305357453135,Intermediate
V157T,31,0.727920326565027,0.0601409862881445,Intermediate
V157W,34,0.99402217842716,0.0599773521737801,WTL
V157Y,28,0.852335730861396,0.0515184375515586,Intermediate
Q158*,22,0.0133932436375188,0.0795144701457779,LOA
Q158A,15,0.947344275576353,0.0902180532025222,possibleWTL
Q158C,21,0.985416901398646,0.0548486429462672,WTL
Q158D,16,-0.028473067886008,0.0169447406574842,LOA
Q158E,31,0.849847583658184,0.0627035228423809,Intermediate
Q158F,21,0.218687220935388,0.0604024362691278,possibleLOA
Q158G,24,0.812469147466226,0.0485257096462565,Intermediate
Q158H,32,0.724029477585041,0.0664901473262563,Intermediate
Q158I,30,0.699099140732043,0.0595825117951152,Intermediate
Q158K,28,0.919227293029584,0.0749974718724163,possibleWTL
Q158L,19,0.834283604224088,0.0801161949653939,Intermediate
Q158M,38,1.0378647487178,0.0493376223183252,WTL
Q158N,23,0.914420125640139,0.0660115494695466,possibleWTL
Q158P,21,-0.0328311386212427,0.0140962966423922,LOA
Q158R,26,0.965679037339054,0.0773683536884016,possibleWTL
Q158S,38,0.909124976143097,0.0446296418739054,possibleWTL
Q158T,27,1.04664325969189,0.0376291526406936,WTL
Q158V,22,0.910321452258261,0.0696524223336487,possibleWTL
Q158W,9,0.332463995524742,0.0718784861197274,Intermediate
Q158Y,29,0.346324833820844,0.0729887125271396,Intermediate
P159*,37,0.00515845606276804,0.0546594408573834,LOA
P159A,28,0.909485342500822,0.0485942978731067,possibleWTL
P159C,30,0.793489236857381,0.0259649473377358,Intermediate
P159D,31,0.174680837735091,0.0706732593354334,LOA
P159E,24,0.751100046424319,0.081155176496774,Intermediate
P159F,33,0.88256223419471,0.0594833531955149,Intermediate
P159G,34,0.662988034507635,0.0530717020263925,Intermediate
P159H,10,0.891074834623908,0.114472433571371,possibleWTL
P159I,28,0.951870688527569,0.0406308522540758,WTL
P159K,29,0.922206027138408,0.0587324284457635,possibleWTL
P159L,22,0.812038893856681,0.0582656495480377,Intermediate
P159M,32,0.847105888290003,0.0412343037951223,Intermediate
P159N,24,0.804964915751845,0.0807938894827668,Intermediate
P159Q,25,0.886891431568518,0.0748743523559088,Intermediate
P159R,32,0.935892533838818,0.0780170980517686,possibleWTL
P159S,26,0.788165119047567,0.0652100386450103,Intermediate
P159T,21,0.932205689362618,0.0820193805396582,possibleWTL
P159V,22,0.890161187669647,0.0364197926671117,possibleWTL
P159W,24,0.709324382931665,0.0276968631461279,Intermediate
P159Y,24,0.861749707358764,0.0635004130757262,Intermediate
G160*,48,0.006028986746623,0.0622910755681993,LOA
G160A,9,1.13530834093105,0.0944707151898283,WTL
G160C,44,0.0365066479401475,0.0475276626460281,LOA
G160D,40,-0.0276713395930054,0.0139904343012616,LOA
G160E,56,-0.0247792269393971,0.0141073124221637,LOA
G160F,39,-0.0158923671984311,0.0246489253930475,LOA
G160H,28,-0.0242990694968139,0.0197286439751185,LOA
G160I,32,-0.0295705582099751,0.01484197896801,LOA
G160K,42,-0.0301724308998939,0.0106823645962302,LOA
G160L,46,-0.0237563897108239,0.0131174633970934,LOA
G160M,44,-0.0270578654905079,0.0121465418293803,LOA
G160N,44,-0.020024730606675,0.012565305344877,LOA
G160P,36,-0.0145646615079489,0.0193188451124032,LOA
G160Q,28,-0.0210042025890686,0.0215956937517223,LOA
G160R,45,-0.0137105661372297,0.023756124683546,LOA
G160S,23,0.480855954437877,0.085567662836524,Intermediate
G160T,30,-0.0265249871762057,0.0122954616452662,LOA
G160V,30,-0.0250874219960299,0.0168586762294858,LOA
G160W,50,-0.0260261065136419,0.0156800122287178,LOA
G160Y,44,-0.011431479476463,0.0278546907973289,LOA
K161*,10,0.0519110980022136,0.159981620787445,LOA
K161A,3,0.931660353655475,0.109594961542976,possibleWTL
K161C,4,0.967887910738408,0.128310011182562,possibleWTL
K161D,4,0.534866040433512,0.153917050453696,Intermediate
K161E,16,1.03240201237757,0.083333856834245,WTL
K161F,13,0.918218756164324,0.0857340063299446,possibleWTL
K161G,20,0.604878000375623,0.0777003487144494,Intermediate
K161H,4,0.937704235714791,0.14140726105717,possibleWTL
K161I,6,1.14563947137597,0.0845894158846369,WTL
K161L,2,0.973502977665571,0.346743423549882,possibleWTL
K161M,11,0.899589097181941,0.114020818536271,possibleWTL
K161N,2,0.93757989559216,0.249359247042849,possibleWTL
K161P,5,-0.0323452589734407,0.0216802698151851,LOA
K161Q,5,0.969696431805179,0.122716472511649,possibleWTL
K161R,14,1.0833024229416,0.0567063707138367,WTL
K161S,3,0.929740827013499,0.118491227050562,possibleWTL
K161T,2,0.984202900820179,0.125915134391778,possibleWTL
K161V,13,1.04311138834108,0.103122172866766,WTL
K161W,11,0.801866734023744,0.0967211464002148,Intermediate
K161Y,8,0.966190135971164,0.0895545968862617,possibleWTL
L162*,37,-0.00164339832677098,0.0480570242376783,LOA
L162A,12,0.46616579132997,0.0710066724318381,Intermediate
L162C,37,0.82400406966748,0.0521069446103442,Intermediate
L162D,30,-0.0224822962432677,0.019449540469406,LOA
L162E,48,-0.0276366384727851,0.012098167439277,LOA
L162F,30,0.0961447583938966,0.0799521516732482,LOA
L162G,24,-0.0103983541685085,0.0217600906857678,LOA
L162H,28,-0.0194570250338811,0.018450740865101,LOA
L162I,51,0.998811881027432,0.0588507289308657,WTL
L162K,37,-0.0157736608220947,0.0195583100131618,LOA
L162M,39,0.965386559809512,0.0346054235310264,WTL
L162N,37,-0.0144108861550302,0.0209266460873615,LOA
L162P,26,-0.0247541859172986,0.0147496334487775,LOA
L162Q,39,-0.0222672183777608,0.01597088505395,LOA
L162R,48,-0.0274168980053999,0.0125699305048508,LOA
L162S,28,-0.011947791720179,0.0204430715906083,LOA
L162T,33,-0.0212508774224107,0.0203749105107228,LOA
L162V,39,0.906309055693726,0.0667338112854411,possibleWTL
L162W,47,-0.0266763279849563,0.0120918993830571,LOA
L162Y,41,-0.0272746519465423,0.0140340226954021,LOA
R163*,8,0.0178392886712052,0.0743160813495854,LOA
R163A,7,1.09498872303414,0.139448844641805,WTL
R163C,5,1.10416833634038,0.118883191260509,WTL
R163D,16,1.06317757641441,0.0470192171800721,WTL
R163E,15,1.09574186173,0.0630907977648258,WTL
R163F,13,1.15035114857176,0.077478792308094,WTL
R163G,6,1.07855148929361,0.0780664994445995,WTL
R163I,21,1.11142633120632,0.080213127030992,WTL
R163K,15,0.97426568098823,0.0710943167599428,WTL
R163L,6,0.983617633196708,0.118343826170425,possibleWTL
R163M,16,1.01852755290537,0.0533426616061661,WTL
R163N,11,1.00820155454079,0.0814477148790164,WTL
R163P,10,-0.0110945221961903,0.0340925618848141,LOA
R163S,4,1.07168119088125,0.0881434941172734,WTL
R163T,9,1.02655257780068,0.0650266111918292,WTL
R163V,13,1.10828298090629,0.0547709128308476,WTL
R163W,18,0.999596056109956,0.0891106796755672,WTL
R163Y,10,1.12745738251627,0.0746863559784639,WTL
V164*,25,-0.00253616409432505,0.0457419715940968,LOA
V164A,23,0.962826397984592,0.062445621184849,WTL
V164C,10,0.692664830379462,0.0967062745664902,Intermediate
V164D,32,0.24057237989779,0.0672316047204989,possibleLOA
V164E,33,0.45936757010522,0.0880383882957121,Intermediate
V164F,33,0.957732683035744,0.0515325248391065,WTL
V164G,13,0.399617320821959,0.0937287593309612,Intermediate
V164H,27,0.935925921538267,0.0786915363380732,possibleWTL
V164I,30,1.0283648957722,0.0647846915082254,WTL
V164K,19,0.0516016447746994,0.0562437341694542,LOA
V164L,23,0.96000574839298,0.0417108077022689,WTL
V164M,22,1.02468075479284,0.0506868810938865,WTL
V164N,28,0.46589314041213,0.073033129651985,Intermediate
V164P,25,0.254718197927057,0.0787284235955193,possibleLOA
V164Q,29,0.783609937584145,0.0586963532885853,Intermediate
V164R,27,-0.0272001472767204,0.0147033644367416,LOA
V164S,13,0.872844596916144,0.0548598618613834,Intermediate
V164T,26,0.83870412321641,0.0489462153510745,Intermediate
V164W,28,1.04929489460798,0.0425755927084713,WTL
V164Y,25,1.00241659714661,0.0625896127937404,WTL
Q165*,30,0.0183783851218751,0.0952871309802076,LOA
Q165A,9,1.00389478121778,0.0826298881838192,WTL
Q165C,26,0.919131159369902,0.0801893771342034,possibleWTL
Q165D,27,0.606843470535977,0.0678745273812199,Intermediate
Q165E,48,0.940127487991642,0.0496104502800959,WTL
Q165F,35,0.943777977288826,0.0512230279090477,WTL
Q165G,23,0.884168143117319,0.054553912762539,Intermediate
Q165H,32,0.918420495109226,0.0582734949387281,possibleWTL
Q165I,31,1.11909725533916,0.0568212926204075,WTL
Q165K,47,1.04218081429609,0.0301983634368757,WTL
Q165L,30,0.908498501403113,0.0547765597406706,possibleWTL
Q165M,27,1.02667744094589,0.0462205355353461,WTL
Q165N,42,0.95908016863173,0.0407275963454626,WTL
Q165P,25,-0.019999582896209,0.0221208081918969,LOA
Q165R,33,1.11710602901451,0.0526449858667947,WTL
Q165S,23,0.90181703610407,0.0692417352184295,possibleWTL
Q165T,25,1.01757331470196,0.0374388708561544,WTL
Q165V,40,1.07895355684817,0.0564061115956755,WTL
Q165W,32,0.873878939322065,0.0667509354958399,Intermediate
Q165Y,26,0.926781225169276,0.0645901363757093,possibleWTL
C166*,31,-0.0083819526588286,0.0388680272019967,LOA
C166A,19,-0.0156150263358559,0.0172998232949375,LOA
C166D,31,-0.0236258840275009,0.0122346785360762,LOA
C166E,33,-0.0172456508221644,0.022249338470834,LOA
C166F,19,-0.0256332498301324,0.0122507799432489,LOA
C166G,24,-0.0120872111957796,0.0293884915065964,LOA
C166H,21,-0.0282305544227501,0.0164550230827011,LOA
C166I,24,-0.0179109304274188,0.0273755358723763,LOA
C166K,39,-0.0324889799431525,0.0108397691781312,LOA
C166L,27,-0.027006204401962,0.014037139327638,LOA
C166M,35,-0.0261093302328988,0.0149376867806954,LOA
C166N,27,-0.0157691287748917,0.0337499760166048,LOA
C166P,16,-0.0238450720979192,0.0218283925135404,LOA
C166Q,25,-0.0275496342382085,0.0192187930208808,LOA
C166R,44,-0.0287844732907276,0.0155134941187376,LOA
C166S,22,-0.0116952220614146,0.0252996536631139,LOA
C166T,23,-0.0279127409738085,0.0143789903852587,LOA
C166V,30,-0.0239850612922093,0.0174040800684299,LOA
C166W,31,-0.0142277690016548,0.0314225642099453,LOA
C166Y,20,-0.0269661284752167,0.0165094926538071,LOA
S167*,31,0.0206386314687385,0.0732702099788467,LOA
S167A,17,1.0262135595808,0.0709309803291539,WTL
S167C,16,0.808576662043173,0.052036676135264,Intermediate
S167D,30,0.82347614274903,0.0475543021605564,Intermediate
S167E,27,0.733295699891464,0.0715672735967998,Intermediate
S167F,29,0.809290034387447,0.051915011486774,Intermediate
S167G,26,0.977467130535296,0.0564905967955434,WTL
S167H,23,0.850846419454016,0.0581357028615177,Intermediate
S167I,27,0.784492460572006,0.0413239791698558,Intermediate
S167K,33,1.01514843074807,0.0621306786877362,WTL
S167L,17,0.780181615992625,0.0606039432928766,Intermediate
S167M,25,0.895042966080113,0.0692258992265651,possibleWTL
S167N,20,0.951965890644437,0.0488396891257255,WTL
S167P,20,0.334914631803948,0.0871376175784274,Intermediate
S167Q,30,0.936314387831703,0.0482945692036066,possibleWTL
S167R,35,0.993290627031477,0.0509054706412557,WTL
S167T,15,1.00232452638215,0.0755750293434539,WTL
S167V,24,0.873216371405189,0.0490126238928687,Intermediate
S167W,22,0.525387409542369,0.0512648412013657,Intermediate
S167Y,23,0.761213841148964,0.0573317415248175,Intermediate
T168*,36,-0.00145782705734877,0.044803861246711,LOA
T168A,22,0.895837584703723,0.0390666959719386,possibleWTL
T168C,20,0.858786777561266,0.0715583926035221,Intermediate
T168D,33,0.957685596634604,0.0364860656044559,WTL
T168E,39,0.980169373084721,0.0656456101701876,WTL
T168F,29,0.834611734031657,0.0719902140559559,Intermediate
T168G,33,0.785565291096525,0.0618768735918141,Intermediate
T168H,28,0.895674948291789,0.0557505999238369,possibleWTL
T168I,38,0.937673926790004,0.0544844352438295,possibleWTL
T168K,42,0.914326602032535,0.0448224501538059,possibleWTL
T168L,7,0.993703551757803,0.0876325564878051,WTL
T168M,36,0.927616429531166,0.0460942510359819,possibleWTL
T168N,39,0.940350029667288,0.0460185299470076,WTL
T168P,19,-0.0119733269179549,0.046939472478429,LOA
T168Q,21,0.900650562334095,0.0456492761251834,possibleWTL
T168R,43,0.902524705451534,0.0486356869560898,possibleWTL
T168S,35,0.946219437621021,0.0513567955529191,WTL
T168V,42,0.927396552631587,0.0500574176332737,possibleWTL
T168W,39,0.720622133135019,0.0442151933915719,Intermediate
T168Y,37,0.90332607197641,0.0417013563031792,possibleWTL
C169*,12,0.136223054633735,0.293355877584391,possibleLOA
C169A,10,-0.0188430203605642,0.0251183719700682,LOA
C169D,15,-0.0307952228026476,0.0134984737319878,LOA
C169E,22,-0.0154035035956072,0.0238691967453623,LOA
C169F,15,-0.0266644261185136,0.0188055829910975,LOA
C169G,14,-0.0155097833211217,0.0344058461549031,LOA
C169H,15,-0.0271499682015981,0.0207892152365139,LOA
C169I,17,-0.0310558312539272,0.0146789995831071,LOA
C169K,18,-0.030258693546291,0.0175868152781308,LOA
C169L,6,-0.0286142368476532,0.0442705577807436,LOA
C169M,16,-0.0265232255368289,0.0239076404593204,LOA
C169N,17,-0.0195605630281067,0.0226395606968053,LOA
C169P,10,-0.0153681452295705,0.0535524901980606,LOA
C169Q,21,-0.0230551344801726,0.0161781337710441,LOA
C169R,15,-0.0180990030450409,0.023210368619235,LOA
C169S,9,-0.0299124144170893,0.0175380692212322,LOA
C169T,17,-0.0289754911622339,0.0173663133542316,LOA
C169V,13,-0.0257429605609457,0.0219399332827228,LOA
C169W,14,-0.0309606863589208,0.0147138052042163,LOA
C169Y,16,-0.0128810778744837,0.0226392826549895,LOA
R170*,28,-0.000988202453241926,0.0506757599169332,LOA
R170A,19,0.943757192509444,0.0472593622797582,WTL
R170C,19,0.901693605814461,0.0574054827618724,possibleWTL
R170D,28,0.709301127382769,0.0725010791381009,Intermediate
R170E,25,0.905382839518983,0.039802618205278,possibleWTL
R170F,31,0.798411884060795,0.0356980499511271,Intermediate
R170G,10,1.03625171758689,0.113259340955451,WTL
R170H,19,1.14592182136026,0.0473245685166961,WTL
R170I,17,0.323678242192539,0.074674751747358,Intermediate
R170K,36,1.0929510669496,0.0387932831464983,WTL
R170L,22,0.883582017241922,0.0677306916424757,Intermediate
R170M,30,0.89210168030868,0.0475807362059536,possibleWTL
R170N,18,1.00969338565648,0.0584926363129439,WTL
R170P,28,-0.0273890608004017,0.0105216515467185,LOA
R170Q,24,0.949685722628499,0.0423146697114134,WTL
R170S,23,0.956087090738221,0.0788382790487889,possibleWTL
R170T,20,0.8036178415185,0.0896334038777857,Intermediate
R170V,29,0.47681843496135,0.0641537755120563,Intermediate
R170W,39,0.61770458944554,0.0435409450884117,Intermediate
R170Y,23,0.792354475933881,0.0745720357433063,Intermediate
Q171*,24,0.056121861216175,0.134502866756751,LOA
Q171A,18,0.959372585696239,0.0628352119621151,WTL
Q171C,4,0.983428225326801,0.126901954873904,possibleWTL
Q171D,18,0.94897884547514,0.0557142387911608,WTL
Q171E,23,1.01392370948418,0.0618121554109999,WTL
Q171F,25,0.71102475802764,0.0422010272254284,Intermediate
Q171G,1,0.9621410091953,0.148848378490298,possibleWTL
Q171H,16,0.873346689374114,0.0664293625091884,Intermediate
Q171I,23,0.762774865053949,0.0698280032373251,Intermediate
Q171K,23,1.07297610102021,0.0528529804574814,WTL
Q171L,23,0.804274765432604,0.0512518046506939,Intermediate
Q171M,26,0.988519631831393,0.0432820073541729,WTL
Q171N,28,1.04760456925989,0.0566997156860041,WTL
Q171P,17,-0.0205181490620143,0.0408405790547123,LOA
Q171R,26,1.00346976096713,0.0747364571503499,WTL
Q171S,16,0.975013319313285,0.0686858655657101,WTL
Q171T,20,0.886523545931868,0.053389773534803,Intermediate
Q171V,16,0.828657703430317,0.109540204575884,Intermediate
Q171W,14,0.489008160280644,0.0667195012796272,Intermediate
Q171Y,24,0.695685304400138,0.0528055800706232,Intermediate
A172*,22,-0.0139805900105073,0.0280012632359944,LOA
A172C,17,0.956042640111227,0.0606038343186952,WTL
A172D,20,1.11090144526531,0.0591562036326058,WTL
A172E,16,1.15373443353711,0.0521826842634081,WTL
A172F,20,0.833873715538763,0.0506216301472658,Intermediate
A172G,19,0.987620971003334,0.057382717697684,WTL
A172H,16,1.00137118364318,0.077498030580284,WTL
A172I,15,0.640356234935871,0.0820084374737657,Intermediate
A172K,27,0.989382322141233,0.0524372864014297,WTL
A172L,10,0.834786960265707,0.112571774838453,Intermediate
A172M,28,0.979975756432643,0.0487835809720874,WTL
A172N,22,1.05334591870563,0.0410077288478228,WTL
A172P,19,1.06259582359927,0.0500331916086428,WTL
A172Q,22,1.0563727198334,0.0681683606644143,WTL
A172R,19,0.928610542203714,0.0540607135469456,possibleWTL
A172S,19,0.9908396520993,0.0775703790103529,WTL
A172T,31,0.994788832323028,0.0587708470806058,WTL
A172V,12,0.807855418392897,0.1053697598193,Intermediate
A172W,15,0.639972223919271,0.0718826800385534,Intermediate
A172Y,21,0.901063428263408,0.0606503065199151,possibleWTL
T173*,21,-0.0255593118822931,0.0141869551610869,LOA
T173A,14,0.979145606988704,0.0600389049592291,WTL
T173C,21,0.910937104873898,0.0480628143862856,possibleWTL
T173D,18,1.00781571496794,0.0479873378042206,WTL
T173E,20,0.99152062415663,0.0631683073386982,WTL
T173F,29,0.774605576951502,0.049087170145702,Intermediate
T173G,23,0.898537899169336,0.0494123542305632,possibleWTL
T173H,12,0.91645278729101,0.0896744421124406,possibleWTL
T173I,20,0.701695504797091,0.0559832792980378,Intermediate
T173K,23,0.897222398388579,0.0806112214417207,possibleWTL
T173M,14,0.818771156390647,0.0893576766231671,Intermediate
T173N,17,0.978473270561372,0.0729667524608871,WTL
T173P,17,0.98430729343781,0.0591411373725963,WTL
T173Q,17,0.920830422055375,0.0756626732170755,possibleWTL
T173R,19,0.777253463387354,0.0457297651905833,Intermediate
T173S,19,0.877235926221352,0.0857993055503196,Intermediate
T173V,13,0.778003133331698,0.0753415669178757,Intermediate
T173W,14,0.650641811495921,0.07154939098418,Intermediate
T173Y,22,0.796780335196724,0.0567800137221384,Intermediate
L174*,18,0.0645111314827541,0.188921104480172,LOA
L174A,15,0.530942137713577,0.0882327889038397,Intermediate
L174C,15,0.725362069561709,0.0518241639251425,Intermediate
L174D,24,-0.0329570589400347,0.0140848332863171,LOA
L174E,18,-0.00359211668626725,0.0182284881688902,LOA
L174F,27,1.14668059761193,0.0605853137598459,WTL
L174G,9,-0.0258268850811593,0.0252437468937428,LOA
L174H,16,0.260314092838211,0.073798878830251,Intermediate
L174I,36,1.03083154630876,0.040098604410292,WTL
L174K,26,-0.012728020399998,0.0153105296441179,LOA
L174M,20,1.10266398430278,0.0586730090392218,WTL
L174N,26,0.129242183495507,0.0743361542589927,LOA
L174P,30,0.701939286930999,0.0476308391477443,Intermediate
L174Q,26,0.300403608134029,0.0794296006584099,Intermediate
L174R,20,-0.0116914179104641,0.030437037849275,LOA
L174S,25,0.515004436411568,0.0770873072023957,Intermediate
L174T,19,0.743902145240482,0.0610993685834192,Intermediate
L174V,22,0.999496573410532,0.067827741229978,WTL
L174W,13,0.567425998736312,0.0936983053573698,Intermediate
L174Y,28,0.909022666407502,0.0560827353166717,possibleWTL
T175*,13,-0.00900647577475793,0.0328411353472176,LOA
T175A,8,1.02776885268415,0.109009233458896,WTL
T175C,7,1.00819888321061,0.10455573249781,WTL
T175D,11,0.974190927584535,0.085075378816864,possibleWTL
T175E,12,1.00671880318255,0.0764571075761196,WTL
T175F,25,0.88051437518137,0.0673716180990408,Intermediate
T175G,5,0.843306101532307,0.0961679562230864,Intermediate
T175H,11,0.864753213289193,0.134595794504938,Intermediate
T175I,10,1.06862668819335,0.0789632869969811,WTL
T175K,17,1.07643309161087,0.0446011207515306,WTL
T175L,14,0.89338390461346,0.0736417503746676,possibleWTL
T175M,19,0.984092550141676,0.0743515695978924,WTL
T175N,21,1.00128609984345,0.0558468698105758,WTL
T175P,9,0.65325543994511,0.0998437793823548,Intermediate
T175Q,22,0.978212615126931,0.0561417403672401,WTL
T175R,21,1.01910849293538,0.0323164474105087,WTL
T175S,11,1.03219904188918,0.103359405570856,WTL
T175V,21,1.01890059037821,0.0674245528812302,WTL
T175W,6,0.862594387926443,0.0620824263190161,Intermediate
T175Y,13,0.888645026803424,0.0725014019765521,Intermediate
L176*,22,0.0780699914684384,0.173774986775391,LOA
L176A,30,0.386092629550466,0.071723494141504,Intermediate
L176C,13,0.859534558549646,0.0693244278643025,Intermediate
L176D,27,-0.00159587224754858,0.0189444086830723,LOA
L176E,33,0.0175287265699586,0.0249336405925253,LOA
L176F,28,0.871129542504494,0.0469016152809687,Intermediate
L176G,25,0.0943118843671379,0.0506555810513233,LOA
L176H,27,0.0944509499431558,0.0748917664061304,LOA
L176I,32,0.905257275440874,0.0609568576413941,possibleWTL
L176K,35,0.0862846190077908,0.0484834976219549,LOA
L176M,39,0.938138102282962,0.0533971027397785,possibleWTL
L176N,30,0.313602447528486,0.082616281638075,Intermediate
L176P,30,0.871008977140802,0.0470711431515099,Intermediate
L176Q,25,0.172311325167428,0.0617940584253798,LOA
L176R,27,-0.00378718912228984,0.0252646745338554,LOA
L176S,32,0.313301243535561,0.0644808586313509,Intermediate
L176T,34,0.802473718662039,0.0558754547916679,Intermediate
L176V,29,0.920968728793431,0.0618883929931038,possibleWTL
L176W,32,0.13646026853025,0.0733633898279149,LOA
L176Y,25,0.0968187912517201,0.0612705741211584,LOA
T177*,33,-0.0126201237815765,0.0315118886113845,LOA
T177A,22,1.03637503983858,0.0470458494600072,WTL
T177C,32,0.92987064423506,0.0626095406021542,possibleWTL
T177D,35,1.07259552835677,0.0248779861469851,WTL
T177E,24,1.03395646014187,0.0549991399417371,WTL
T177F,33,1.01607547503803,0.0331800829743595,WTL
T177G,33,0.998806565502411,0.0460468199169894,WTL
T177H,25,1.02454955592743,0.0789398533019123,WTL
T177I,33,0.952405598413929,0.0487368459290666,WTL
T177K,18,1.06524119037857,0.0600299341037389,WTL
T177L,24,0.838666627367252,0.0611280236620461,Intermediate
T177M,30,0.979337081334216,0.0477094841020473,WTL
T177N,21,1.02086885440615,0.0597437291586172,WTL
T177P,14,0.992177701580807,0.0674975806482387,WTL
T177Q,7,1.01197893300857,0.0883191161736958,WTL
T177R,33,0.952716905929474,0.0544574226171031,WTL
T177S,35,1.03354929774034,0.0520798347990613,WTL
T177V,32,0.949109438246376,0.0527881350613897,WTL
T177W,21,0.909195928097298,0.0939966016421052,possibleWTL
T177Y,22,1.02033410134398,0.0433009038102398,WTL
Q178*,22,0.0713943998989759,0.167955872855992,LOA
Q178A,18,1.00174260927331,0.0648455097376955,WTL
Q178C,34,0.86466335067706,0.0791165502342714,Intermediate
Q178D,26,1.03312946573671,0.0455666282605232,WTL
Q178E,27,1.02205014849754,0.06223998899246,WTL
Q178F,31,0.790051129729429,0.0619478019644371,Intermediate
Q178G,18,0.958423982819507,0.0683932166383635,WTL
Q178H,30,0.982443815760934,0.05454573190966,WTL
Q178I,43,0.88406703700313,0.0615051849237653,Intermediate
Q178K,28,1.03822948935466,0.0477875274210405,WTL
Q178L,25,0.774148248626044,0.040823026298032,Intermediate
Q178M,28,0.874293197798824,0.0572080786155559,Intermediate
Q178N,32,1.01799485806836,0.0809790636967151,WTL
Q178P,36,0.88072887761082,0.0482037657370685,Intermediate
Q178R,29,1.01830387695019,0.0345727100059338,WTL
Q178S,25,1.01825021494167,0.0511840719215228,WTL
Q178T,25,1.03229175589475,0.0511770378650742,WTL
Q178V,10,0.857086963297102,0.098951688315527,Intermediate
Q178W,31,0.667497617731916,0.0532884228519437,Intermediate
Q178Y,27,0.900160366974076,0.0685054034384104,possibleWTL
G179*,30,0.0556294277800984,0.153406020182629,LOA
G179A,17,0.994971199948605,0.0822514671927091,WTL
G179C,19,0.50186586826358,0.0799609835359032,Intermediate
G179D,30,1.01672350524383,0.0632516215059609,WTL
G179E,32,1.11148139122849,0.0612492984039556,WTL
G179F,31,0.679027355846268,0.0724471943397333,Intermediate
G179H,24,0.958064883208777,0.0819666636883758,possibleWTL
G179I,27,0.267014677534155,0.0981233536609437,Intermediate
G179K,33,0.819203118418718,0.0702718419259826,Intermediate
G179L,25,0.464253738089058,0.107092514277477,Intermediate
G179M,24,0.86167628159862,0.0786796582558309,Intermediate
G179N,28,0.93304357252819,0.0748318684824494,possibleWTL
G179P,22,1.05789600541021,0.0690601195375386,WTL
G179Q,22,1.05600463507086,0.0909064696448453,WTL
G179R,32,0.781629455008125,0.0573711471484089,Intermediate
G179S,20,1.00048410146195,0.0639845431512384,WTL
G179T,25,0.721178839513422,0.0766889083282667,Intermediate
G179V,28,0.570230352462911,0.0909328133469173,Intermediate
G179W,22,0.490869437125376,0.0775294950100419,Intermediate
G179Y,28,0.758106819362535,0.085516813253373,Intermediate
P180*,43,0.0127020631169434,0.0757104450737577,LOA
P180A,27,0.366613744737024,0.0710980981586332,Intermediate
P180C,32,-0.0237256134857353,0.0141273660670361,LOA
P180D,39,-0.000530567809926805,0.0187568378240534,LOA
P180E,24,-0.0206149467364268,0.0252395720698485,LOA
P180F,45,-0.0280799798308537,0.0122899448256891,LOA
P180G,33,-0.0228751367158806,0.0171889637835937,LOA
P180H,24,-0.0190687170322472,0.0301930986526843,LOA
P180I,29,0.0436768425637671,0.0457441221541649,LOA
P180K,30,-0.0238849872524622,0.015171490053736,LOA
P180L,16,0.0653265897858138,0.071694631786096,LOA
P180M,34,-0.0109570057673074,0.0277843991118545,LOA
P180N,32,-0.0286459233942958,0.020284511666194,LOA
P180Q,4,-0.0131069374988348,0.0558537052418691,LOA
P180R,30,-0.0215549505188769,0.0287220077256205,LOA
P180S,35,-0.0237781861591939,0.0194060312359753,LOA
P180T,20,-0.0252128299441622,0.0159756110562065,LOA
P180V,35,0.399999681414728,0.0758481609636159,Intermediate
P180W,46,-0.0209131987706031,0.0130124785864647,LOA
P180Y,37,-0.0201527562362546,0.0162386865488539,LOA
S181*,26,0.027198436627318,0.0926865547840856,LOA
S181A,16,1.01913983075599,0.07824651122309,WTL
S181C,27,0.853835630741721,0.0616312392805258,Intermediate
S181D,18,0.966264822289213,0.0891003030736988,possibleWTL
S181E,29,0.996929688961775,0.0434096398842358,WTL
S181F,16,0.508100291065817,0.0832003681203444,Intermediate
S181G,21,0.946407407001884,0.0680064260428251,possibleWTL
S181H,15,0.916890854066662,0.068871341942002,possibleWTL
S181I,21,0.789306132522288,0.0840507019904087,Intermediate
S181K,17,0.98241996513048,0.0722646358667305,WTL
S181L,15,0.757356540643422,0.0628441848986302,Intermediate
S181M,30,0.952428045749334,0.0495768746618669,WTL
S181N,26,0.993022422868896,0.0524599901382872,WTL
S181P,22,-0.0182035405852716,0.0244214806586897,LOA
S181Q,27,1.01288066067714,0.0472231142126642,WTL
S181R,22,0.988813610987627,0.0497207444819257,WTL
S181T,21,1.00034956544847,0.0501765096005846,WTL
S181V,15,0.893861012978914,0.0822170615042194,possibleWTL
S181W,29,0.365357594706728,0.0631078823934806,Intermediate
S181Y,20,0.585309724476668,0.0791705113764779,Intermediate
C182*,34,0.0732731727636776,0.152808807863949,LOA
C182A,27,0.882910557413473,0.0493857730324205,Intermediate
C182D,41,0.979342360762104,0.0495714560166004,WTL
C182E,32,0.938290638742944,0.0521170792956771,possibleWTL
C182F,22,0.436741902515942,0.0861979919443911,Intermediate
C182G,33,0.961216511591706,0.0352585631763264,WTL
C182H,27,0.816590334411361,0.0525457485128008,Intermediate
C182I,38,0.671553236142454,0.0348109544440945,Intermediate
C182K,29,0.893295263620229,0.0514940373445344,possibleWTL
C182L,5,0.535002284353407,0.10358614316814,Intermediate
C182M,34,0.79917944371242,0.038351476471863,Intermediate
C182N,38,1.00021407968899,0.0444559967209126,WTL
C182P,23,-0.0271841406990554,0.0183101713400196,LOA
C182Q,30,0.878324549244379,0.0596616818242538,Intermediate
C182R,37,0.816993326119068,0.0532733819769971,Intermediate
C182S,33,1.00503672425742,0.0580608470448067,WTL
C182T,30,0.963272790079171,0.0380999466565371,WTL
C182V,35,0.846299952314526,0.0506025083215257,Intermediate
C182W,36,0.0714638969228031,0.0529832494532738,LOA
C182Y,40,0.511675438746336,0.0724201446551822,Intermediate
W183*,18,-0.00567926914131929,0.0475571835856979,LOA
W183A,10,-0.0203770076744574,0.0387442480166384,LOA
W183C,9,-0.0202717048437923,0.0366157529714216,LOA
W183D,13,-0.0325278838877306,0.0190234905149255,LOA
W183E,20,-0.0283639217502537,0.0138802742835955,LOA
W183F,8,0.768078497098999,0.12743914316386,Intermediate
W183G,13,-0.0183678859298264,0.0236556550969863,LOA
W183H,18,-0.0112627473791903,0.0275264893408465,LOA
W183I,11,-0.0239708643884999,0.0245579497810225,LOA
W183K,12,-0.0159986767317553,0.026562954052426,LOA
W183L,13,-0.00165496003681985,0.0372391277417666,LOA
W183M,16,0.275017285355122,0.0926572846469663,Intermediate
W183N,10,-0.0155579983690867,0.0300914587485967,LOA
W183P,12,-0.020928970907964,0.0418140321147487,LOA
W183Q,8,-0.0288558602980789,0.0121038585163768,LOA
W183R,16,-0.0272564330764501,0.0200798129532256,LOA
W183S,17,-0.0222636569073687,0.0310249714746043,LOA
W183T,19,-0.0235575300788481,0.0217613775415861,LOA
W183V,15,-0.0106463977952428,0.0383567434389247,LOA
W183Y,18,0.805173599751893,0.0954995619694335,Intermediate
D184*,20,0.0337358974606501,0.145066791424113,LOA
D184A,4,0.915271951825426,0.0879297207171297,possibleWTL
D184C,16,0.249792013208343,0.070725815918743,possibleLOA
D184E,22,1.00618420795604,0.0717874595805765,WTL
D184F,18,0.47515403181945,0.0836550559874552,Intermediate
D184G,25,0.819425956428391,0.041735900020515,Intermediate
D184H,16,0.677980250565642,0.0701527355952414,Intermediate
D184I,15,0.382814561761359,0.0663839321523879,Intermediate
D184K,6,0.890901128743035,0.111181035256829,possibleWTL
D184L,25,0.76815847080737,0.0552767205225878,Intermediate
D184M,16,0.825987459116611,0.0666832779379961,Intermediate
D184N,25,0.931593881249834,0.0763452395379957,possibleWTL
D184P,8,0.781029099907726,0.103883205981849,Intermediate
D184Q,23,0.891441238889524,0.0835348725733393,possibleWTL
D184R,16,0.742884335149853,0.0447600837572178,Intermediate
D184S,15,0.931450164680464,0.0788767433192033,possibleWTL
D184T,25,0.808698815240778,0.0496438801243645,Intermediate
D184V,16,0.393863679736029,0.0736872120139758,Intermediate
D184W,20,0.447833719146702,0.0352871082831522,Intermediate
D184Y,28,0.537204046232684,0.0716340726959161,Intermediate
D185*,30,-0.0069988744820536,0.0342014534812249,LOA
D185A,16,-0.026529947706734,0.0105122637054895,LOA
D185C,12,0.010697998034675,0.035726908267826,LOA
D185E,10,0.746322315102864,0.0878639950737488,Intermediate
D185F,18,-0.0320953574635033,0.0137066331153077,LOA
D185G,13,-0.0282984014480115,0.0205425689353711,LOA
D185H,20,0.388893377749702,0.0825400090156545,Intermediate
D185I,20,-0.022088288048129,0.0248454830387037,LOA
D185K,27,-0.00385328764412671,0.0236713332403853,LOA
D185L,13,-0.0245017207435938,0.0315410772157641,LOA
D185M,13,-0.0114351059181916,0.030299917568013,LOA
D185N,13,0.0463996675080282,0.0502220324618817,LOA
D185P,10,-0.0133324485483614,0.0285607272006239,LOA
D185Q,15,0.389660313784299,0.0854211652377565,Intermediate
D185R,15,-0.0161342728813714,0.0334826232239753,LOA
D185S,12,0.0361258393501821,0.0519954302966203,LOA
D185T,31,-0.0194622326139595,0.0316261420970906,LOA
D185V,17,-0.0192382614891445,0.0232622366677991,LOA
D185W,21,-0.0321977348489567,0.0118987791863174,LOA
D185Y,24,-0.020527303528098,0.012396261907264,LOA
V186*,31,-0.00301087480085868,0.0238089975398974,LOA
V186A,23,0.582355305473136,0.0967013990014601,Intermediate
V186C,19,0.747592070911658,0.0692803539657335,Intermediate
V186D,29,-0.0206983502385083,0.0200588033962222,LOA
V186E,23,-0.020167117044886,0.017642262111911,LOA
V186F,17,-0.0230346135095457,0.0318463197969658,LOA
V186G,36,-0.0226926547595974,0.0227752584678379,LOA
V186H,19,-0.0169370837702572,0.0229983982828376,LOA
V186I,24,1.03115494691692,0.0482761557826058,WTL
V186K,23,-0.016831134524932,0.0309405783877625,LOA
V186L,24,0.843800408196494,0.0624928945845512,Intermediate
V186M,23,0.0484895728750331,0.0452865612907654,LOA
V186N,18,-0.0144100188917545,0.0195867560449269,LOA
V186P,18,-0.0281264874679742,0.0192155168669073,LOA
V186Q,25,-0.0203377115817035,0.0166940454823288,LOA
V186R,26,-0.0231267676504053,0.0165435063265923,LOA
V186S,41,-0.0183574387770023,0.0179752152415284,LOA
V186T,28,0.379656983767361,0.064580316281754,Intermediate
V186W,30,-0.0193934554832235,0.0228995773678071,LOA
V186Y,22,-0.0225199541272594,0.0227484546608059,LOA
L187*,27,0.0366087394012251,0.124443530752463,LOA
L187A,15,0.679490635854473,0.0786586884076156,Intermediate
L187C,18,0.75183316050247,0.0541345587161507,Intermediate
L187D,26,0.366198582721783,0.114381360882608,Intermediate
L187E,10,0.740708388890407,0.089394669223843,Intermediate
L187F,14,0.796762068542514,0.0696036999444889,Intermediate
L187G,22,0.230808744972745,0.091146337623339,possibleLOA
L187H,7,0.501767735731111,0.121180701988091,Intermediate
L187I,22,0.901482323993017,0.0463828411790783,possibleWTL
L187K,18,0.801034997681509,0.0768674629829943,Intermediate
L187M,24,0.991302173914874,0.0560304400613371,WTL
L187N,19,0.748652909980103,0.0584653660333248,Intermediate
L187P,18,-0.0189192805794816,0.0226775732270683,LOA
L187Q,14,0.846963528005606,0.0520070785162598,Intermediate
L187R,12,0.88005883541459,0.075588253303493,Intermediate
L187S,19,0.829421171451358,0.064638163085572,Intermediate
L187T,11,0.865789295625805,0.0813912931605136,Intermediate
L187V,18,0.852121273933979,0.0647729136715938,Intermediate
L187W,21,0.378493126673179,0.0794357172282312,Intermediate
L187Y,18,0.478179585534632,0.0696324222070973,Intermediate
I188*,18,-0.00147314569868646,0.0515382785014598,LOA
I188A,15,0.880904936491852,0.062499949455695,Intermediate
I188C,25,0.88269575262865,0.0463527576780085,Intermediate
I188D,14,0.786994675446756,0.0496824946115054,Intermediate
I188E,21,0.962037496233981,0.0536882564243185,WTL
I188F,13,0.950096506162306,0.0810903755138686,possibleWTL
I188G,18,0.83835716033726,0.0946882605173502,Intermediate
I188H,22,0.927293212877345,0.0612924369387404,possibleWTL
I188K,22,0.9696980718078,0.06226366275714,WTL
I188L,10,0.977438874919193,0.0832480112005172,WTL
I188M,26,0.961342837230754,0.0591860405876023,WTL
I188N,17,0.9474459494271,0.102598815499619,possibleWTL
I188P,10,0.723292127580773,0.0960848676079587,Intermediate
I188Q,16,0.99407353569716,0.0339325433714881,WTL
I188R,9,0.903867837705261,0.0898274480859405,possibleWTL
I188S,13,1.00444195434341,0.0587787609397249,WTL
I188T,11,0.9384613612235,0.063294626324753,possibleWTL
I188V,18,0.973243372169418,0.0680903515026375,WTL
I188W,9,0.857007197702814,0.121985570368626,Intermediate
I188Y,21,0.905231503079724,0.0715025641834719,possibleWTL
P189*,22,0.0149267222988247,0.0826060310348338,LOA
P189A,27,0.919099071770303,0.0571459045701162,possibleWTL
P189C,12,0.722800148131055,0.0773256183073092,Intermediate
P189D,19,0.784918972032318,0.0450309882995354,Intermediate
P189E,19,0.867491376327088,0.0468210756047887,Intermediate
P189F,27,0.459540689300342,0.0522757963940075,Intermediate
P189G,19,0.777618313915826,0.0499645182425077,Intermediate
P189H,15,0.738524497481339,0.104365872976635,Intermediate
P189I,23,0.530268924531493,0.0666188852344951,Intermediate
P189K,21,0.934577895312049,0.0605856659982452,possibleWTL
P189L,18,0.682333539939103,0.0552384435868026,Intermediate
P189M,18,0.680212019150744,0.0603415564319207,Intermediate
P189N,18,0.801229149627356,0.0486525738220031,Intermediate
P189Q,14,0.856765609614358,0.0675898695753532,Intermediate
P189R,17,0.830999323205167,0.047066210252906,Intermediate
P189S,22,0.873242106816902,0.0731317572582767,Intermediate
P189T,16,0.81054489936043,0.107444430399198,Intermediate
P189V,15,0.662182303173276,0.0411686519417966,Intermediate
P189W,15,0.377404143808503,0.0623297764673,Intermediate
P189Y,12,0.533419179173797,0.0940280680139159,Intermediate
N190*,27,0.014895498892385,0.0708223508886393,LOA
N190A,26,0.90328621841381,0.0531748432007689,possibleWTL
N190C,12,0.895387709641977,0.05032278897939,possibleWTL
N190D,13,0.97150731975292,0.0874949938396641,possibleWTL
N190E,25,0.957018902785744,0.0918486253101181,possibleWTL
N190F,29,0.902208967048687,0.0786618476077695,possibleWTL
N190G,22,1.05956522562031,0.0636865003525934,WTL
N190H,31,0.994368627674768,0.0628346221745348,WTL
N190I,29,0.450006084801712,0.0449265648250113,Intermediate
N190K,46,0.961044809994196,0.0560063051403854,WTL
N190L,21,0.870687127240328,0.0590566486535486,Intermediate
N190M,29,0.894842243960496,0.0486789476889938,possibleWTL
N190P,32,-0.0124947035402007,0.0184252500496554,LOA
N190Q,30,0.933027396973115,0.0559304618993817,possibleWTL
N190R,36,0.959923518158526,0.055047969175367,WTL
N190S,28,0.973452881693715,0.050806439144875,WTL
N190T,39,0.835171037792765,0.0510355062616974,Intermediate
N190V,2,0.602537808417001,0.196595934241727,Intermediate
N190W,30,0.849974299621008,0.0622718419743297,Intermediate
N190Y,21,0.89780440870113,0.0758825488218357,possibleWTL
R191*,28,-0.0104450512997053,0.026945524131841,LOA
R191A,22,0.941532184872335,0.0756599083088256,possibleWTL
R191C,28,0.799237493462849,0.0425999240402264,Intermediate
R191D,24,0.0652818508325605,0.0503371432914798,LOA
R191E,20,0.610117122548579,0.0958742176039222,Intermediate
R191F,25,0.689651256112651,0.0487408577933801,Intermediate
R191G,25,0.628437727683993,0.0686357771373996,Intermediate
R191H,13,0.852984652954359,0.0390496631913553,Intermediate
R191I,22,0.826578850928642,0.054378796804529,Intermediate
R191K,25,0.981368599739673,0.0546762331159548,WTL
R191L,22,0.762654880448872,0.0576641791632165,Intermediate
R191M,17,0.965510669147158,0.0549175404538635,WTL
R191N,18,0.827135753040944,0.0745707457777409,Intermediate
R191P,24,-0.00262607216310328,0.0258089676047169,LOA
R191Q,14,0.902478334543657,0.0895252142036281,possibleWTL
R191S,26,0.924331205548518,0.0592511285076861,possibleWTL
R191T,21,0.905150154018645,0.0513707550066177,possibleWTL
R191V,24,0.89868023293686,0.056659828604594,possibleWTL
R191W,19,0.534714254605457,0.0636920821606092,Intermediate
R191Y,22,0.74135190805135,0.0616741506989233,Intermediate
M192*,28,0.0176955411717545,0.0907543754720422,LOA
M192A,2,0.635147167893304,0.147351125499433,Intermediate
M192D,5,-0.032686125162701,0.0358405394510405,LOA
M192E,22,-0.000998599880852901,0.0231252032427775,LOA
M192F,8,0.706564379721288,0.0891039326979563,Intermediate
M192G,1,0.367238683824573,0.214403512824063,Intermediate
M192H,3,0.431567276535405,0.165436817350084,Intermediate
M192I,12,1.01543390604511,0.105452063465233,WTL
M192K,22,0.691951209764182,0.0534843197945339,Intermediate
M192L,15,1.01632440563838,0.0811799674314733,WTL
M192N,9,0.174168288923969,0.0781980715046521,LOA
M192P,11,-0.00922271965078776,0.0275667538794326,LOA
M192Q,23,0.558197433550762,0.0466536653493674,Intermediate
M192R,20,0.653017571683287,0.0706124987822467,Intermediate
M192S,4,0.542200700627848,0.187830812584307,Intermediate
M192T,12,0.647612904333404,0.0898084344997575,Intermediate
M192V,15,0.97194571077201,0.0886803171946017,possibleWTL
M192W,8,0.0485613595233279,0.0821609794355963,LOA
M192Y,6,0.221778495877598,0.139153261723871,possibleLOA
S193*,29,-0.010868355605465,0.0274765987265023,LOA
S193A,16,0.989418303512002,0.0565856558502602,WTL
S193C,32,0.82113646042539,0.0260882759472061,Intermediate
S193D,39,0.921612276092872,0.0530037941236105,possibleWTL
S193E,33,0.991258267297587,0.0565249681752705,WTL
S193F,27,1.00149232228192,0.0529074336870545,WTL
S193G,28,0.89187847286148,0.0616553371110232,possibleWTL
S193H,23,1.02003047598722,0.0495440362535896,WTL
S193I,31,0.970836805423578,0.0449882482125293,WTL
S193K,38,1.03752528117669,0.0458530679760901,WTL
S193L,23,0.984712972578254,0.0541020372871624,WTL
S193M,26,0.935076891778928,0.0431224802722728,WTL
S193N,33,0.951112428031989,0.0624324337617026,possibleWTL
S193P,42,0.90883701861225,0.0610166647105009,possibleWTL
S193Q,37,0.987346784595035,0.0426050832114574,WTL
S193R,24,1.06564467549407,0.0444182111926197,WTL
S193T,27,1.02317110015491,0.0821082947225491,WTL
S193V,46,0.986744059439763,0.0442657681349801,WTL
S193W,29,0.964145607963349,0.0696515697752732,WTL
S193Y,35,0.982297364337757,0.0512606144374512,WTL
G194*,31,0.0107461914824568,0.0784537797002434,LOA
G194A,30,0.875480475586492,0.0460043264112249,Intermediate
G194C,36,0.709901551443624,0.0528755325733274,Intermediate
G194D,25,-0.0253804903215609,0.01490267199014,LOA
G194E,33,-0.00568243304144452,0.026164251108355,LOA
G194F,28,0.221145592181024,0.0660586432296522,possibleLOA
G194H,29,0.423325566850871,0.0715181387065384,Intermediate
G194I,22,0.868798163922181,0.0685301875111347,Intermediate
G194K,38,-0.0193741111725748,0.0176826555482522,LOA
G194L,20,0.645337396882478,0.0622966418653397,Intermediate
G194M,22,0.74708258743609,0.102122302925074,Intermediate
G194N,32,-0.0130077081502725,0.0161652301460613,LOA
G194P,20,-0.00818279816203427,0.0296972548454121,LOA
G194Q,26,0.271790617047355,0.0900004569183888,Intermediate
G194R,34,-0.0158330521980916,0.0233743484555407,LOA
G194S,15,0.755626894437068,0.0834468845957333,Intermediate
G194T,28,0.316311473541334,0.0620731890455786,Intermediate
G194V,23,0.666147831151328,0.0553313738253109,Intermediate
G194W,21,-0.0118500093450463,0.0291365679276629,LOA
G194Y,27,0.112539506147528,0.0742853815645542,LOA
E195*,22,0.0356073544310435,0.131820470248409,LOA
E195A,12,0.992953823990378,0.10913503038199,possibleWTL
E195C,24,0.880197462803236,0.0764794532369109,Intermediate
E195D,20,0.905462552964893,0.0659213482781616,possibleWTL
E195F,24,0.951735174537545,0.0595499104058031,WTL
E195G,24,0.817480320308379,0.07169988255548,Intermediate
E195H,34,0.989756970237301,0.0409628407238979,WTL
E195I,22,0.998958563445065,0.0706709746908693,WTL
E195K,18,1.00875020269155,0.0453903669517629,WTL
E195L,20,0.927390375309277,0.0596980338800062,possibleWTL
E195M,24,0.963564878720823,0.0421135677309842,WTL
E195N,20,0.976795102126063,0.0711961405654595,WTL
E195P,24,0.623854320191851,0.0737528539245576,Intermediate
E195Q,22,0.991619797724459,0.0478036447260589,WTL
E195R,31,0.996261170761002,0.0648522734402284,WTL
E195S,22,0.985417133153395,0.062820279365697,WTL
E195T,21,1.02279258891946,0.0526469198786151,WTL
E195V,19,0.996826991261355,0.0739415855675587,WTL
E195W,19,0.907221562296205,0.0756331622521064,possibleWTL
E195Y,27,0.957102094739319,0.0641356448843267,WTL
C196*,26,0.0318055054668105,0.107808336019595,LOA
C196A,18,-0.0167613136457334,0.0302831981822062,LOA
C196D,28,-0.0237027316334582,0.0216241083105557,LOA
C196E,28,-0.0152208356314417,0.0217242301009938,LOA
C196F,38,-0.0253332426470082,0.0196912614404419,LOA
C196G,8,-0.0134765766897857,0.0268063286883258,LOA
C196H,33,-0.0191181212523882,0.0168586927333663,LOA
C196I,22,-0.0262976363514886,0.0207339462472005,LOA
C196K,30,-0.0208870545733799,0.0235700088024899,LOA
C196L,28,-0.0312809702845093,0.0127802587009232,LOA
C196M,46,-0.0204582204575843,0.0120142067906402,LOA
C196N,27,-0.0274918829711913,0.0118641316530641,LOA
C196P,46,-0.0205436058638692,0.0183242514674146,LOA
C196Q,23,-0.0269128135865369,0.0102896661102962,LOA
C196R,36,-0.0128533251236834,0.0168024180640064,LOA
C196S,13,-0.0235319529378452,0.0293784764827665,LOA
C196T,33,-0.0212975245388084,0.0185351726467463,LOA
C196V,34,-0.0266078274738534,0.0239638079322749,LOA
C196W,39,-0.0198172771245776,0.0175646818829871,LOA
C196Y,31,-0.0100476173407846,0.0166299659863845,LOA
Q197*,11,0.00214184271755252,0.10991335863307,LOA
Q197A,7,1.03470361477833,0.0959658364097682,WTL
Q197C,22,0.936657044711156,0.0621949555352005,possibleWTL
Q197D,7,1.02649789871222,0.063000625360081,WTL
Q197E,25,0.977117655966368,0.0406438736811475,WTL
Q197F,16,0.905557052927213,0.10004835364019,possibleWTL
Q197G,28,0.954104037714819,0.0693854764259939,possibleWTL
Q197H,19,0.967974143757311,0.0632056688449719,WTL
Q197I,20,0.956807053144138,0.0621302034842264,WTL
Q197K,15,0.996308090120869,0.0411833363447026,WTL
Q197L,8,1.02017670474832,0.100633141141561,WTL
Q197M,17,0.989893349818218,0.0455727653365777,WTL
Q197N,27,0.994004372042211,0.0528001303566076,WTL
Q197P,24,0.828331663225325,0.0670110942177528,Intermediate
Q197R,21,0.909359628388064,0.0756071314430703,possibleWTL
Q197S,10,1.02889222114421,0.0892221634249044,WTL
Q197T,22,1.02689593926607,0.0563438313675992,WTL
Q197V,22,0.961602991404279,0.043931840081824,WTL
Q197W,25,0.847061079855394,0.0555502508927194,Intermediate
Q197Y,20,0.88847240727862,0.0637016905246887,Intermediate
S198*,22,0.0127136529895191,0.055720429554996,LOA
S198A,22,0.962323182369561,0.0647252679691021,WTL
S198C,31,0.714063540639025,0.0530676867023199,Intermediate
S198D,2,0.95513212884133,0.21925886399199,possibleWTL
S198E,20,0.984461139593159,0.0555725165794944,WTL
S198F,31,0.880018811616201,0.0415357457301857,Intermediate
S198G,14,0.896866141456334,0.0358788710667241,possibleWTL
S198H,14,0.900636084071098,0.094485929585586,possibleWTL
S198I,18,0.870004994998044,0.0546454568150003,Intermediate
S198K,23,0.915106968901624,0.0520742645694797,possibleWTL
S198L,19,0.898436766234137,0.064640804582236,possibleWTL
S198M,20,0.896280465743171,0.0422883973156216,possibleWTL
S198N,24,1.06124095622861,0.0612834689548909,WTL
S198P,19,0.0940573463405465,0.0576849539771806,LOA
S198Q,22,1.00767247259399,0.0847403374472982,WTL
S198R,21,0.896206188580472,0.0623148890828099,possibleWTL
S198T,7,1.01974491442968,0.0969045456410091,WTL
S198V,26,0.897691767946839,0.0602326309077986,possibleWTL
S198W,21,0.79610504063458,0.0505183425005554,Intermediate
S198Y,13,0.9085849899873,0.0643751932495669,possibleWTL
P199*,14,0.0164779027628378,0.0793278043545205,LOA
P199A,8,0.929521151639103,0.113934778238881,possibleWTL
P199C,3,0.840197766522179,0.150677459490776,Intermediate
P199D,8,0.999812537733453,0.100807049763275,WTL
P199E,7,0.95033033661546,0.113853176154331,possibleWTL
P199F,6,0.786559034230955,0.117041557105894,Intermediate
P199G,11,0.860505089640698,0.055425539726805,Intermediate
P199H,8,0.85658995880894,0.090454258195106,Intermediate
P199I,3,0.878013356538318,0.142509375190398,Intermediate
P199K,11,0.941340761575258,0.0527578865192878,possibleWTL
P199L,6,0.945231940431851,0.0885958661605708,possibleWTL
P199M,10,0.849599522706462,0.0865908258908829,Intermediate
P199N,8,0.878757013938081,0.103974093178858,Intermediate
P199Q,7,0.921886574797609,0.0927717212916339,possibleWTL
P199R,9,0.858737414649184,0.0930205985364148,Intermediate
P199S,11,0.902226721017164,0.0704676630578098,possibleWTL
P199T,6,0.962292066989053,0.110338454352739,possibleWTL
P199V,9,0.807987698795126,0.161879847507921,Intermediate
P199W,5,0.619658147831169,0.1824797850594,Intermediate
P199Y,15,0.808055938691747,0.0868948680031813,Intermediate
H200*,24,0.0227830832687921,0.10590502306549,LOA
H200A,21,1.02436153405086,0.0657869378865709,WTL
H200C,14,0.932648810764031,0.0949811201449106,possibleWTL
H200D,23,1.03703186360332,0.0369779453635535,WTL
H200E,18,1.0640388095607,0.0728958496209524,WTL
H200F,19,0.946496828401512,0.0597644762002114,possibleWTL
H200G,7,1.10249692182018,0.150414829216695,WTL
H200I,27,0.859410865418416,0.0500575487308283,Intermediate
H200K,20,0.989773395727775,0.0733535645455683,WTL
H200L,28,0.988369132712585,0.0536036082698589,WTL
H200M,26,0.992106438815596,0.046555777881083,WTL
H200N,21,1.05624120146726,0.0571489588514898,WTL
H200P,18,0.720575973119358,0.0506180005491911,Intermediate
H200Q,22,1.03541285826265,0.0737467594116828,WTL
H200R,28,0.947385856196667,0.0530266140206676,WTL
H200S,26,1.0464050516363,0.0513950159889744,WTL
H200T,19,1.01090362651172,0.0698032538888842,WTL
H200V,25,0.940100241129324,0.0474882999027682,WTL
H200W,22,0.884217001055828,0.096475394030156,Intermediate
H200Y,26,0.90499596273813,0.0476007664796018,possibleWTL
C201*,30,0.0284122121137118,0.101026725364003,LOA
C201A,19,-0.0200516969720556,0.0142824602455633,LOA
C201D,25,-0.0240570964367931,0.0219232697308317,LOA
C201E,16,-0.0289023869099226,0.0215163712581504,LOA
C201F,34,-0.0228381934447259,0.0145867954074467,LOA
C201G,9,0.0920253826862482,0.0584036346260504,LOA
C201H,32,-0.0264733741438697,0.0126401051254478,LOA
C201I,38,-0.0181029094959578,0.0100890834624272,LOA
C201K,29,0.0100621502474712,0.0330478185835522,LOA
C201L,21,-0.0292856599428003,0.0164097090968739,LOA
C201M,33,-0.0205790210156358,0.0169562607544227,LOA
C201N,34,-0.0156662891558749,0.0188312463886446,LOA
C201P,29,-0.0107936239777165,0.0315092781914729,LOA
C201Q,27,-0.0306594966398092,0.023203062025824,LOA
C201R,49,-0.0259648935066512,0.0188919010057779,LOA
C201S,19,-0.0322192105471155,0.0170688123420234,LOA
C201T,26,-0.0214386125128456,0.0177720149816857,LOA
C201V,13,-0.0319743891397052,0.0225583491406457,LOA
C201W,12,-0.0150799255948767,0.0339473761090208,LOA
C201Y,33,-0.0223670261899231,0.0196030044283899,LOA
P202*,34,0.0144113829053267,0.076179171414295,LOA
P202A,20,1.00033767424699,0.0554423975249947,WTL
P202C,31,0.890464691526303,0.0505509089360833,possibleWTL
P202D,25,1.0451395760787,0.0414532089505094,WTL
P202E,12,1.02154841895561,0.0773127430035999,WTL
P202F,26,0.898081703390865,0.0698430124783159,possibleWTL
P202G,21,1.02046663452169,0.0906236278015338,WTL
P202H,42,0.975002829160915,0.0602849312990307,WTL
P202I,33,0.916997932249373,0.0673596395524241,possibleWTL
P202K,40,1.03289750870612,0.0492788080739354,WTL
P202L,36,0.94500042008712,0.0565728759370553,possibleWTL
P202M,19,1.00264996369108,0.0829171860443435,WTL
P202N,32,1.02601058126092,0.0357271958812155,WTL
P202Q,32,0.94778429773298,0.035136917031702,WTL
P202R,34,0.969557636814618,0.0627880824291501,WTL
P202S,23,1.01845587362335,0.0360545700200733,WTL
P202T,34,0.998610741212884,0.0650234403871981,WTL
P202V,19,0.937136110448571,0.0671944782588517,possibleWTL
P202W,27,0.831715640105374,0.0418482076569837,Intermediate
P202Y,28,0.917437402418235,0.0414422456122238,possibleWTL
G203*,25,0.0127643826299893,0.0668343765834896,LOA
G203A,13,0.340724347222235,0.11023035356115,Intermediate
G203C,20,0.112218180190939,0.0912779209761233,LOA
G203D,25,0.147195559458132,0.0596803926713702,LOA
G203E,22,0.201542904729228,0.0633968721058233,possibleLOA
G203F,23,-0.0125145502266945,0.0146013310297483,LOA
G203H,16,0.0588169986681084,0.0512640122482625,LOA
G203I,27,-0.00769112589340896,0.0248598083464922,LOA
G203K,42,0.188827374760718,0.0714126723183136,possibleLOA
G203L,29,-0.0120207539837093,0.0216226742763986,LOA
G203M,20,0.00143428052415466,0.0305390922366798,LOA
G203N,24,0.406551412789433,0.0638905644354892,Intermediate
G203P,23,0.0172949610814185,0.0311361595200701,LOA
G203Q,24,0.18973090998949,0.0664876457042175,LOA
G203R,30,0.0962309374288183,0.0556752840213832,LOA
G203S,27,0.539947635369293,0.0482554015914829,Intermediate
G203T,19,0.149517550886252,0.0787891539684994,LOA
G203V,25,0.0351723697288065,0.0592455972159556,LOA
G203W,19,-0.0301424282477907,0.0142170914118985,LOA
G203Y,18,-0.00780324763006849,0.0246320716662827,LOA
T204*,26,0.0450626683385523,0.132958076672502,LOA
T204A,16,0.890790468837237,0.0768621040212245,possibleWTL
T204C,22,0.674763006658352,0.0574755364532383,Intermediate
T204D,21,0.906216732846438,0.0557095771728543,possibleWTL
T204E,12,0.924871794211247,0.0590112834644879,possibleWTL
T204F,30,0.667347774687963,0.0479471663777985,Intermediate
T204G,12,1.03403520184377,0.137235227876127,WTL
T204H,30,0.777077195753231,0.0511331912257955,Intermediate
T204I,31,0.828009794430579,0.0271549701756714,Intermediate
T204K,19,0.969670442789511,0.0562624983112238,WTL
T204L,34,0.805684045574657,0.0624892531374137,Intermediate
T204M,21,0.859850314580743,0.0893304999163473,Intermediate
T204N,18,0.943433459992341,0.0737134297135629,possibleWTL
T204P,18,0.21697125788179,0.09182984809364,possibleLOA
T204Q,21,0.94046216800837,0.0837519937665147,possibleWTL
T204R,29,0.905536508046429,0.0742090243024337,possibleWTL
T204S,27,0.943795574852618,0.0651359564455186,possibleWTL
T204V,14,0.906846358160977,0.0821691793471052,possibleWTL
T204W,37,0.462836560170845,0.055256168376161,Intermediate
T204Y,18,0.693522889118564,0.0655690545379919,Intermediate
S205*,25,0.0628962431977422,0.177766239088211,LOA
S205A,21,0.972933921182028,0.0514606417699582,WTL
S205C,32,0.898106902773937,0.0526637874885924,possibleWTL
S205D,21,0.916223145160584,0.0742443570669236,possibleWTL
S205E,27,0.976677951022189,0.0726469021239494,WTL
S205F,23,1.02667015496459,0.0644642778400338,WTL
S205G,26,0.938042889486607,0.039258956552507,WTL
S205H,19,0.962290186502346,0.0506956590196115,WTL
S205I,28,1.02686617141106,0.0551852601466285,WTL
S205K,31,1.03381667976908,0.0392158434322798,WTL
S205L,20,0.969222244865532,0.0578171314888473,WTL
S205M,38,1.02317974529209,0.0283044562690061,WTL
S205N,21,1.00159772282781,0.0580652198136202,WTL
S205P,24,-0.00751441325715354,0.0184451468250392,LOA
S205Q,22,0.998458309508926,0.0404893678995847,WTL
S205R,24,0.965871321129871,0.0485534438133421,WTL
S205T,25,1.08381864639469,0.0462041573497534,WTL
S205V,7,1.08518326249142,0.0708952514078577,WTL
S205W,22,0.917922048918353,0.0548442796797472,possibleWTL
S205Y,13,0.965714425740179,0.0812892958861562,possibleWTL
A206*,32,0.048756058334669,0.130845258446071,LOA
A206C,46,0.707149791397252,0.0447563409143236,Intermediate
A206D,40,-0.0228624854090122,0.0210430415402195,LOA
A206E,38,-0.00731753742244351,0.0207586018816631,LOA
A206F,34,0.365782131998347,0.0741291278488506,Intermediate
A206G,34,0.906841757753416,0.0562035914644803,possibleWTL
A206H,31,-0.0190721601606178,0.0171848483060259,LOA
A206I,34,0.294280177820245,0.0595804140539909,Intermediate
A206K,32,-0.0238732953915308,0.0132874717428183,LOA
A206L,29,0.197505951560055,0.0717645882066182,possibleLOA
A206M,41,0.240274259593366,0.0730746085949822,possibleLOA
A206N,49,-0.0243044115241017,0.010277535642752,LOA
A206P,33,0.930969523463439,0.0610082649060034,possibleWTL
A206Q,41,-0.0238826216329225,0.013538432199438,LOA
A206R,40,-0.0244861544252433,0.0141996653166947,LOA
A206S,39,0.578078582735313,0.0591145546838601,Intermediate
A206T,35,0.178172890693322,0.0735364239672203,LOA
A206V,40,0.67290690036106,0.0603713240427792,Intermediate
A206W,38,-0.0238548839899656,0.0113885893259549,LOA
A206Y,30,0.0959922426219871,0.0573151919103635,LOA
E207*,16,-0.0133459997654826,0.0436666387121949,LOA
E207A,25,0.829873275405989,0.063584928633681,Intermediate
E207C,14,0.748226424640862,0.0743006380436917,Intermediate
E207D,21,0.91367508194899,0.0417669086080593,possibleWTL
E207F,18,0.737924006419325,0.0597121718172788,Intermediate
E207G,21,0.611199590344425,0.0743273494150888,Intermediate
E207H,23,0.812694237908128,0.0496916560160767,Intermediate
E207I,20,0.710187699165161,0.0766073890655052,Intermediate
E207K,18,0.873728072391746,0.0502797063833918,Intermediate
E207L,26,0.756006926079416,0.0672347960993238,Intermediate
E207M,25,0.790111747137487,0.0686297040120709,Intermediate
E207N,6,0.835960112452121,0.117257144631195,Intermediate
E207P,22,-0.0287121772998012,0.0145085561878823,LOA
E207Q,28,0.923643631094847,0.0727936588129273,possibleWTL
E207R,31,0.845796274485374,0.0812912253640894,Intermediate
E207S,24,0.866147733741807,0.0604936242853628,Intermediate
E207T,15,0.847544775441704,0.0704773036504699,Intermediate
E207V,23,0.811311482761434,0.0519592263566438,Intermediate
E207W,7,0.570196929134084,0.13550754823018,Intermediate
E207Y,21,0.821293022314614,0.0718968961875264,Intermediate
F208*,27,0.0264208176255581,0.0993851354412729,LOA
F208A,21,0.638976949651399,0.0791143964193346,Intermediate
F208C,23,0.795977615192586,0.0632065613136069,Intermediate
F208D,28,-0.0240196830136752,0.0234967338670292,LOA
F208E,32,-0.0257681601776315,0.0208924789529581,LOA
F208G,20,-0.00850116532421752,0.0272457876867102,LOA
F208H,14,-0.0125145133546306,0.0320706879481019,LOA
F208I,28,0.791562414811367,0.0667001426976234,Intermediate
F208K,24,-0.0257559374076334,0.0197682102652478,LOA
F208L,32,0.400878756051158,0.0719332288472473,Intermediate
F208M,23,0.443760610313858,0.0787211490795307,Intermediate
F208N,19,-0.0128800643080075,0.0225236268146917,LOA
F208P,23,0.00792201289112152,0.0290755397785604,LOA
F208Q,38,-0.0254667662875297,0.0150557689063335,LOA
F208R,33,-0.0243450744506324,0.0178464293484342,LOA
F208S,21,0.0512598528062602,0.0470417549253138,LOA
F208T,26,0.189563258208042,0.0900379185519953,possibleLOA
F208V,27,0.74293416501963,0.0692177542082492,Intermediate
F208W,29,0.708770193875938,0.0781585102541445,Intermediate
F208Y,21,0.654336415328746,0.0740795326410045,Intermediate
F209*,30,0.000563266495289442,0.0453138691227645,LOA
F209A,24,1.01099429554755,0.0585774959463015,WTL
F209C,24,0.830718303614822,0.0602130189967878,Intermediate
F209D,34,0.958922285137217,0.0423521776121627,WTL
F209E,32,1.01213557746239,0.038168355379303,WTL
F209G,24,0.839235809577875,0.0725768524607278,Intermediate
F209H,33,0.972332283402182,0.0340883484610462,WTL
F209I,31,1.09161392105693,0.0691060109862082,WTL
F209K,32,1.03504363711818,0.0627783520196902,WTL
F209L,23,1.05360136680335,0.0752805862897276,WTL
F209M,36,1.01372554313293,0.0574912117767295,WTL
F209N,28,0.974362127266429,0.0506429838082752,WTL
F209P,31,0.0334232720955994,0.0417515425266175,LOA
F209Q,43,1.04620408987806,0.0461116733428444,WTL
F209R,24,0.973295871217968,0.0753264652476935,WTL
F209S,29,1.05465252000296,0.0449216082803599,WTL
F209T,32,1.03522198860008,0.048647865191255,WTL
F209V,23,1.10991571880006,0.0676698546236223,WTL
F209W,28,0.917770308916099,0.054899739562891,possibleWTL
F209Y,29,1.01068140893722,0.0462276705893847,WTL
F210*,24,-0.0102157768068642,0.0504462915613794,LOA
F210A,19,0.0278157795004581,0.0375556830684402,LOA
F210C,30,0.0219238639072395,0.0353878800180466,LOA
F210D,16,-0.0230485100420381,0.0233529092310302,LOA
F210E,20,-0.0260366515435823,0.0213357806751358,LOA
F210G,18,-0.00974472823526999,0.0326207062202314,LOA
F210H,26,-0.000129210232142985,0.0328799163148305,LOA
F210I,26,0.736807129632895,0.0833895078603551,Intermediate
F210K,28,-0.021878842463983,0.0193810537756613,LOA
F210L,21,0.919280955942042,0.0593871604780831,possibleWTL
F210M,27,0.789273999241812,0.0502294964123153,Intermediate
F210N,26,-0.0297438382905787,0.0129091402021261,LOA
F210P,17,-0.0184008426812593,0.0308700519827006,LOA
F210Q,20,-0.0270917244046705,0.0152302313426024,LOA
F210R,24,-0.0239555757911551,0.0233777904808045,LOA
F210S,23,-0.023699361823474,0.0234386467503246,LOA
F210T,18,0.336645014754238,0.081628757117582,Intermediate
F210V,25,0.735103302418851,0.0617752453883427,Intermediate
F210W,32,0.873295711765543,0.0465790680889381,Intermediate
F210Y,21,0.586419497464611,0.0550933233402541,Intermediate
K211*,28,0.00468218044381351,0.0553502027639376,LOA
K211A,19,1.05127518917714,0.0805046369558656,WTL
K211C,20,1.03706744807002,0.0566088651172479,WTL
K211D,23,1.0414987278843,0.0523704510327581,WTL
K211E,25,1.12771007686175,0.0539723914296371,WTL
K211F,32,0.988528692409082,0.0516398106609319,WTL
K211G,33,0.975131462343171,0.0587941835445992,WTL
K211H,26,1.11864095029274,0.058205739515783,WTL
K211I,23,1.01469504913131,0.0466723701060562,WTL
K211L,20,0.987709777460861,0.0546566256311959,WTL
K211M,26,1.01496505508564,0.0699532149788372,WTL
K211N,33,1.01300275507527,0.0450532502143705,WTL
K211P,30,0.14594185120001,0.0673222099910471,LOA
K211Q,29,1.14565647588534,0.0591959297669485,WTL
K211R,27,0.922400581755789,0.043757631838012,possibleWTL
K211S,10,1.05752998017146,0.082649889591764,WTL
K211T,20,1.06172044337735,0.0614910010476124,WTL
K211V,28,1.1042219676558,0.0537794961103576,WTL
K211W,22,0.729855636168665,0.0703926057641807,Intermediate
K211Y,17,1.13275440443255,0.0506455529062218,WTL
C212*,29,0.0352484180033559,0.0958727971733574,LOA
C212A,20,-0.0213864445174006,0.0165948187841094,LOA
C212D,22,-0.0219593607622832,0.021973896764604,LOA
C212E,30,-0.0186576336203399,0.0257588621571657,LOA
C212F,23,-0.0219249668006524,0.0191840675027783,LOA
C212G,24,-0.0222080510613695,0.0213792271130212,LOA
C212H,21,-0.0311645874651391,0.0167652429375082,LOA
C212I,4,-0.0186812802389206,0.0236817103089194,LOA
C212K,19,-0.0233227146612849,0.0229353051930801,LOA
C212L,32,-0.0147051259303525,0.0267343402202725,LOA
C212M,24,-0.0238619191524017,0.0162947191798655,LOA
C212N,16,-0.0156107422992007,0.0248371436353625,LOA
C212P,18,-0.0266360302582096,0.0177236534710397,LOA
C212Q,22,-0.0048026891977817,0.0448694007982277,LOA
C212R,18,-0.0234168139154413,0.019173193008323,LOA
C212S,16,-0.0167618400313513,0.0326412986956631,LOA
C212T,24,-0.00957322319162109,0.0484420161442519,LOA
C212V,17,-0.00517976761067567,0.0523198150559784,LOA
C212W,19,-0.0260144514799881,0.0140148787955993,LOA
C212Y,24,-0.0116238891069556,0.0194361240463315,LOA
G213*,26,-2.01513408046006e-05,0.0405933669411864,LOA
G213A,22,1.05522649448718,0.0503331676534208,WTL
G213C,11,0.830767059409836,0.0558991151841151,Intermediate
G213D,22,0.88406779050219,0.0745097738789308,Intermediate
G213E,34,0.841015806932769,0.0412236027710132,Intermediate
G213F,21,0.700697232338722,0.0841670859216374,Intermediate
G213H,19,0.786511782303664,0.0603283094852126,Intermediate
G213I,21,0.788303980685072,0.0753947271346965,Intermediate
G213K,35,0.83240076661119,0.0520806911190817,Intermediate
G213L,22,0.670146240106745,0.0472725832307541,Intermediate
G213M,25,0.833844615659918,0.0408833666104597,Intermediate
G213N,22,0.955243761488001,0.0729254188895104,possibleWTL
G213P,16,0.560481176059324,0.0939106068916024,Intermediate
G213Q,22,0.868641932279162,0.0554606400581057,Intermediate
G213R,21,0.801279428271037,0.0788266237871165,Intermediate
G213S,31,0.997587040389805,0.0368700739656859,WTL
G213T,37,0.928441439357614,0.0375817607949483,WTL
G213V,26,0.789208234653655,0.0716863815883023,Intermediate
G213W,15,0.710346332128185,0.0643425110860458,Intermediate
G213Y,21,0.774893827658968,0.0458285304014664,Intermediate
A214*,26,0.0565197572560481,0.167805207288972,LOA
A214C,37,0.859829342269832,0.0387844486622851,Intermediate
A214D,36,0.799652700823265,0.0539933528230098,Intermediate
A214E,37,0.943776942851829,0.0604040108791676,possibleWTL
A214F,30,0.821374452650084,0.0467951603385312,Intermediate
A214G,38,0.977371032300718,0.0374687165540549,WTL
A214H,29,0.839313535279914,0.0664594166230739,Intermediate
A214I,29,0.900264427974057,0.042405673369336,possibleWTL
A214K,22,0.927770003358185,0.0650810373608079,possibleWTL
A214L,42,0.838067399227972,0.0397886284910264,Intermediate
A214M,26,0.963794582341367,0.0624350793893989,WTL
A214N,25,0.887250696957429,0.0694787701525543,Intermediate
A214P,24,0.135411812257178,0.0764904760041345,LOA
A214Q,24,0.930763265651951,0.0560652550116736,possibleWTL
A214R,31,0.862081267892639,0.0567659196978956,Intermediate
A214S,28,0.93987242364261,0.0715054544984839,possibleWTL
A214T,31,0.860707602284351,0.0475103222683673,Intermediate
A214V,20,0.936859288892645,0.0710057066896876,possibleWTL
A214W,36,0.646088229881816,0.0478643490545682,Intermediate
A214Y,26,0.821759026832019,0.05144402342891,Intermediate
H215*,16,0.0391857185415475,0.0892150557893045,LOA
H215A,6,0.0360832066724448,0.0754336442494196,LOA
H215C,16,0.975425556334457,0.0672986018695407,WTL
H215D,10,0.187809845054489,0.0845188964884314,possibleLOA
H215E,9,0.367362390367319,0.0910516621836288,Intermediate
H215F,15,-0.0214085793479962,0.0230158597399496,LOA
H215G,8,-0.00749829665116965,0.0339751440170835,LOA
H215I,18,-0.0264240648415634,0.0133904528143148,LOA
H215K,10,-0.0219831195815048,0.0277782061032075,LOA
H215L,10,-0.019181228925181,0.0366191470206676,LOA
H215M,11,-0.0199125368895183,0.0558747340569573,LOA
H215N,9,0.0122427067288456,0.044051832882998,LOA
H215P,13,-0.0083131429201237,0.024045741357597,LOA
H215Q,12,-0.00325852257655676,0.0329703155214009,LOA
H215R,5,-0.0244197505501677,0.0261631902439389,LOA
H215S,6,0.0390028686300537,0.0633444962329554,LOA
H215T,3,-0.0306912786960772,0.024170967353602,LOA
H215V,12,-0.0127563032151926,0.0435512050391805,LOA
H215W,8,-0.0268387800264045,0.0157667517040548,LOA
H215Y,14,-0.0253670512678484,0.021248766555641,LOA
P216*,20,0.00573138847918367,0.0516020702745555,LOA
P216C,16,0.937307290853478,0.095250440869111,possibleWTL
P216D,22,1.03676074327007,0.0549546800944779,WTL
P216E,18,1.00055964187149,0.0972561967040727,WTL
P216F,13,0.907108306997624,0.0597530994325901,possibleWTL
P216G,4,0.953928170646533,0.0784993765770735,possibleWTL
P216H,17,0.982378112064223,0.0784662915067862,WTL
P216I,21,0.922606700311628,0.0623230080242368,possibleWTL
P216K,25,0.903525220966806,0.0596074731050391,possibleWTL
P216L,28,0.908594766895215,0.049372593958005,possibleWTL
P216M,18,0.840544488246435,0.0679419836078538,Intermediate
P216N,18,0.987972826637079,0.0597085608609874,WTL
P216Q,32,0.942798061950152,0.0725348744160183,possibleWTL
P216R,12,0.751370389305424,0.0874936247282352,Intermediate
P216S,14,0.884255317740004,0.0966703281176661,Intermediate
P216T,15,0.958498926365368,0.0746501671927256,possibleWTL
P216V,18,0.924675658634312,0.0776691707666015,possibleWTL
P216W,18,0.816212390838059,0.0550514214737309,Intermediate
P216Y,23,0.916150386992717,0.0666929229176547,possibleWTL
T217*,26,0.00773215925323158,0.0533493070787826,LOA
T217A,11,1.0224185303925,0.112064158855473,WTL
T217C,32,0.998990167905597,0.065979342808386,WTL
T217D,34,1.02751204391541,0.0649983787519078,WTL
T217E,30,1.09154196854902,0.0540030097167011,WTL
T217F,33,0.881593806330655,0.057298189683477,Intermediate
T217G,26,0.944791555514397,0.0565281585194201,possibleWTL
T217H,26,0.972505967035504,0.0581204987991596,WTL
T217I,31,0.908192908367476,0.0525658945556298,possibleWTL
T217K,39,0.885523161194725,0.0371009129019111,Intermediate
T217L,53,0.891161218128956,0.0276371638905349,possibleWTL
T217M,28,0.957972769631093,0.0417212886237563,WTL
T217N,31,0.978869102724131,0.0387353966400235,WTL
T217P,46,0.914546170466438,0.0412739387300858,possibleWTL
T217Q,53,0.97602990046944,0.0375856312939201,WTL
T217R,25,0.852561971827719,0.064592948201839,Intermediate
T217S,21,1.01629825916906,0.063536779594131,WTL
T217V,27,0.919815566912063,0.0736301273278172,possibleWTL
T217W,33,0.902576246673124,0.0425305877179151,possibleWTL
T217Y,42,0.934992250125434,0.0548622010792388,possibleWTL
S218*,21,0.0351900507106056,0.0987724353050562,LOA
S218A,21,1.03683462192435,0.0550333330890721,WTL
S218C,23,0.972196503456139,0.0588172105651371,WTL
S218D,17,1.04752005217842,0.0725976656793317,WTL
S218E,23,1.01883961148395,0.0563087479374985,WTL
S218F,17,0.948993735095609,0.0596016269425253,possibleWTL
S218G,16,0.952406455252053,0.0919576472586952,possibleWTL
S218H,24,1.00356625037541,0.06305014486089,WTL
S218I,20,0.931370168323246,0.0320893311356572,WTL
S218K,19,0.941382191806395,0.0822791502304614,possibleWTL
S218L,19,0.938435597263004,0.0563718180357961,possibleWTL
S218M,29,0.893703014842292,0.0344841001786478,possibleWTL
S218N,22,0.977162116083423,0.0573227547515928,WTL
S218P,13,0.93319715829723,0.0756488279119715,possibleWTL
S218Q,26,0.967347904848031,0.0503844395510453,WTL
S218R,24,0.907040132079625,0.0506188041294296,possibleWTL
S218T,24,1.02244653520247,0.0736355019143088,WTL
S218V,22,0.965512794823195,0.0772634307237893,possibleWTL
S218W,27,0.82183233630833,0.0685659492146685,Intermediate
S218Y,24,0.913285211649853,0.0896440900327274,possibleWTL
D219*,16,0.055758579489029,0.131953221528733,LOA
D219A,19,0.946949211776835,0.0976606293106091,possibleWTL
D219C,17,0.882928552715516,0.0914963259473658,Intermediate
D219E,16,0.975582853617002,0.0764171629227878,WTL
D219F,21,0.823637449177551,0.0383367402671565,Intermediate
D219G,17,0.861170728560293,0.0883317385721883,Intermediate
D219H,13,0.927502491243759,0.0843962226064809,possibleWTL
D219I,18,0.854538656330317,0.0894114248357969,Intermediate
D219K,24,0.913165849488787,0.0853205593657472,possibleWTL
D219L,22,0.855724247031473,0.0449050620687385,Intermediate
D219M,25,0.878582205634969,0.0570296816574316,Intermediate
D219N,20,0.961339389543522,0.0639164796872315,WTL
D219P,15,0.931798592158584,0.047968402158127,possibleWTL
D219Q,28,0.898815445558834,0.0414625820119896,possibleWTL
D219R,17,0.847444099053775,0.0765109098881668,Intermediate
D219S,21,0.942082659354702,0.0571491947069898,possibleWTL
D219T,18,0.934653416974902,0.0443600986858243,WTL
D219V,23,0.882938301082723,0.0548603465313479,Intermediate
D219W,11,0.779426418015068,0.0837484613024515,Intermediate
D219Y,22,0.844581324016591,0.0610709614853505,Intermediate
K220*,31,0.0191789943297046,0.083092252715411,LOA
K220A,30,1.0267173790209,0.0384059608422604,WTL
K220C,32,0.951151881007183,0.0352742526745914,WTL
K220D,28,1.02669835587994,0.0541391834659381,WTL
K220E,25,1.06243718305974,0.0401474401355015,WTL
K220F,24,0.934774449471947,0.0463359363384346,possibleWTL
K220G,19,1.01339584323994,0.0649303284139144,WTL
K220H,24,0.996306160924895,0.0249923814132951,WTL
K220I,34,0.915307784860266,0.0557732545482883,possibleWTL
K220L,28,0.981828078993052,0.0645760026385689,WTL
K220M,41,0.988235430674893,0.0634648622160041,WTL
K220N,28,0.97719205330439,0.103551149682538,possibleWTL
K220P,31,0.943514212442847,0.0352683481735389,WTL
K220Q,23,0.969481952604292,0.0496860212757521,WTL
K220R,28,0.950095854213027,0.0538388303240821,WTL
K220S,21,0.985812272558778,0.0770056609990703,WTL
K220T,27,1.0286360628091,0.0412726775550799,WTL
K220V,28,0.994855598758451,0.0479466136154863,WTL
K220W,30,0.928093670863434,0.0522337530696062,possibleWTL
K220Y,22,0.927633152390502,0.0926957151060328,possibleWTL
E221*,16,0.0787662985494088,0.219361515799154,possibleLOA
E221A,8,0.81887474476454,0.106856524572117,Intermediate
E221C,15,0.897847488368479,0.0486105158196256,possibleWTL
E221D,24,0.978534493353867,0.0557676885122906,WTL
E221F,18,0.860785338572228,0.0704828900809529,Intermediate
E221G,9,0.885697548510604,0.0893227353673257,Intermediate
E221H,11,0.96544810284512,0.0712501529754677,WTL
E221I,19,0.806482662431387,0.0751333221887928,Intermediate
E221K,20,0.851647931840401,0.0436429061537187,Intermediate
E221L,22,0.842657474214401,0.0479615664462221,Intermediate
E221M,20,0.851101166387736,0.058508662976008,Intermediate
E221N,27,0.862660578279512,0.0643156120492152,Intermediate
E221P,18,0.774623669041896,0.0845953067811471,Intermediate
E221Q,13,0.93789018675875,0.0811436282123516,possibleWTL
E221R,9,0.822856627129841,0.0718842407002877,Intermediate
E221S,21,0.923820854418827,0.0583144977280856,possibleWTL
E221T,22,0.889000310694129,0.0687022535140845,Intermediate
E221V,25,0.855766389500681,0.0556217138662362,Intermediate
E221W,15,0.799441246164816,0.081556142738174,Intermediate
E221Y,19,0.897803214164658,0.0569193075486833,possibleWTL
T222*,41,0.0491390764588942,0.134841010332395,LOA
T222A,17,0.93088145550488,0.05235137406986,possibleWTL
T222C,34,0.910143955544371,0.0458727687016803,possibleWTL
T222D,26,0.954795308717736,0.0539115305911398,WTL
T222E,21,0.957395284805142,0.0562894883365269,WTL
T222F,23,0.954040341910591,0.0506264987107189,WTL
T222G,23,0.910124253949245,0.0584487339062985,possibleWTL
T222H,44,0.983999335415102,0.0417096947078993,WTL
T222I,39,0.934996535431573,0.055216220466572,possibleWTL
T222K,29,0.985359006998083,0.0549566596014936,WTL
T222L,17,0.879443308613322,0.0736079874521686,Intermediate
T222M,30,0.885622447713831,0.0800669592527675,Intermediate
T222N,30,0.973996497727494,0.0435325337853954,WTL
T222P,25,0.891292701752016,0.0453435887453771,possibleWTL
T222Q,35,1.00560595501257,0.0492932185906358,WTL
T222R,32,0.94502777966457,0.0372606269228538,WTL
T222S,22,0.929395411954649,0.0315208006289663,WTL
T222V,6,0.852975193916365,0.0942281271139692,Intermediate
T222W,24,0.830488063436527,0.0697764429917686,Intermediate
T222Y,31,0.939180643630077,0.0557743079769194,possibleWTL
S223*,37,0.0792377195719438,0.16945060461734,LOA
S223A,19,1.09194831892539,0.0549892144814019,WTL
S223C,25,1.02124547580033,0.0490840334409578,WTL
S223D,21,0.960367639113774,0.0621246642578393,WTL
S223E,14,0.921633189689192,0.0762061931132011,possibleWTL
S223F,19,0.81542393755187,0.0696764329996633,Intermediate
S223G,22,0.859196380245787,0.0911307537750432,Intermediate
S223H,9,0.920518589766595,0.0579428286978207,possibleWTL
S223I,20,0.858966085953139,0.0511385209317209,Intermediate
S223K,26,0.368270236425436,0.0588688590085973,Intermediate
S223L,15,0.809883661097034,0.061064562260212,Intermediate
S223M,23,0.836413743195259,0.0534192755171527,Intermediate
S223N,27,0.866566655834472,0.0471137074224523,Intermediate
S223P,18,0.953828000280332,0.0742475389047593,possibleWTL
S223Q,16,0.871796889467068,0.0682272718351552,Intermediate
S223R,20,0.468416632215478,0.0709565375513794,Intermediate
S223T,20,0.986387397244948,0.067756813750908,WTL
S223V,17,0.93547211546666,0.074474788280306,possibleWTL
S223W,17,0.243217269026257,0.0503071250466203,possibleLOA
S223Y,24,0.826366202142982,0.046097145579377,Intermediate
V224*,24,0.076641131612762,0.173281312344523,LOA
V224A,28,1.02618620113165,0.0420506460452691,WTL
V224C,27,0.926459121052434,0.04399453172048,possibleWTL
V224D,30,0.994393356632311,0.052165028938572,WTL
V224E,29,1.05611430186432,0.0420660218406183,WTL
V224F,28,0.976084130602771,0.049939849006436,WTL
V224G,22,0.875620868514179,0.0878600076736639,Intermediate
V224H,22,0.927878062418685,0.0746100709061004,possibleWTL
V224I,35,1.02703497791841,0.0339920757725632,WTL
V224K,32,1.00732772524659,0.0593418086283962,WTL
V224L,22,0.963714222404514,0.0458007883856963,WTL
V224M,33,1.0039993006948,0.0559208743933436,WTL
V224N,30,0.920298666012584,0.048588951029148,possibleWTL
V224P,19,1.01293708951184,0.0758501618394329,WTL
V224Q,40,1.00551870150478,0.0554347663855623,WTL
V224R,17,0.936573069554538,0.0975188695000116,possibleWTL
V224S,40,0.961412579943223,0.0572080800191109,WTL
V224T,25,1.00241087314208,0.0583843849132886,WTL
V224W,28,0.92398239245072,0.0527609562325161,possibleWTL
V224Y,31,1.02988960229083,0.0465314750655482,WTL
A225*,19,0.0358745586747905,0.118070788995445,LOA
A225C,23,0.781606642268447,0.0726886014133807,Intermediate
A225D,23,0.000995535349249856,0.0280441475662103,LOA
A225E,29,0.487884588708781,0.0826758136069491,Intermediate
A225F,28,0.288385653983687,0.0752138270993424,Intermediate
A225G,28,0.874711647888175,0.0580643852573766,Intermediate
A225H,18,0.382531580196984,0.077355652982636,Intermediate
A225I,24,0.878284186059122,0.0645087739514524,Intermediate
A225K,24,0.00553949434304372,0.029687707134787,LOA
A225L,13,0.895343209776541,0.088906247262529,possibleWTL
A225M,21,0.350252096585339,0.0801974310329723,Intermediate
A225N,22,0.342099178235089,0.0769502747653758,Intermediate
A225P,19,1.15524946621884,0.0637626109794353,WTL
A225Q,14,0.625683550292819,0.0733112857458227,Intermediate
A225R,20,0.063761914756108,0.060617420298154,LOA
A225S,21,0.860980867081934,0.0545584299532427,Intermediate
A225T,10,0.705017288307996,0.0816650352944487,Intermediate
A225V,25,0.945245906213366,0.0542926936515868,WTL
A225W,12,0.444980627087584,0.0943498860943416,Intermediate
A225Y,25,0.486050158239164,0.0748202619223162,Intermediate
L226*,27,0.0476287931899499,0.119204362559971,LOA
L226A,28,0.102386870871836,0.0647465794405096,LOA
L226C,14,0.898188477254762,0.0670006881492597,possibleWTL
L226D,15,-0.0101716419052333,0.0370293164779562,LOA
L226E,19,-0.0169197391517817,0.0228931017660472,LOA
L226F,18,0.432180421279085,0.0700524144220882,Intermediate
L226G,23,-0.0212166751862566,0.0163042236858087,LOA
L226H,24,-0.0122344829200053,0.0165841428859255,LOA
L226I,21,0.188917199095936,0.0690951354361493,LOA
L226K,20,-0.0280662194452621,0.018482179064662,LOA
L226M,14,0.958235318868175,0.0664683941872738,WTL
L226N,24,-0.0240730217744709,0.011030491153097,LOA
L226P,38,-0.0224051512087895,0.0250850189139576,LOA
L226Q,28,-0.0139084021589691,0.0170928091080511,LOA
L226R,27,-0.0183578530455524,0.0313260948761658,LOA
L226S,14,-0.0266883299226073,0.0276131028656381,LOA
L226T,13,0.393850570842295,0.0897841113250988,Intermediate
L226V,18,0.686782981156534,0.0783978633667411,Intermediate
L226W,24,-0.0261937022627675,0.0159022347322074,LOA
L226Y,22,0.0758205795662813,0.0474065442903092,LOA
H227*,18,-0.0104033365145819,0.0357112225358666,LOA
H227A,15,1.03044814785333,0.0646584783945884,WTL
H227C,21,1.01743635280818,0.058219404017695,WTL
H227D,23,1.01950901780227,0.0614208923200768,WTL
H227E,24,1.21121626383449,0.0851095380380405,WTL
H227F,17,0.97272363845681,0.0672290212059075,WTL
H227G,12,1.0756431762612,0.0906854676373102,WTL
H227I,23,0.869081271578848,0.0770582656769247,Intermediate
H227K,16,1.08902710205512,0.0735479486226589,WTL
H227L,26,0.682744573556846,0.0976255084169022,Intermediate
H227M,14,0.940874100967835,0.0852604744110127,possibleWTL
H227N,28,1.17210939478332,0.0574777128817132,WTL
H227P,11,1.25533511747876,0.0751292293492432,WTL
H227Q,22,1.19124776486122,0.0696976429630426,WTL
H227R,20,1.04521961775163,0.0820077120834458,WTL
H227S,23,1.14361782755376,0.0569543241116555,WTL
H227T,18,1.13733880245269,0.0514348396339185,WTL
H227V,19,0.927923580448215,0.0658404671443902,possibleWTL
H227W,11,0.965216294286613,0.0883109795167723,possibleWTL
H227Y,25,1.02040826772972,0.0473178746281364,WTL
L228*,44,0.00671397497907847,0.0607247689997809,LOA
L228A,31,0.60638949043479,0.0786811493743327,Intermediate
L228C,34,0.893197862635361,0.0396991830698681,possibleWTL
L228D,17,0.51258818877566,0.083350980106314,Intermediate
L228E,34,0.0486900157834835,0.0552599182399809,LOA
L228F,42,0.686015169219915,0.0589026041786425,Intermediate
L228G,15,0.364188319666246,0.0863451109735939,Intermediate
L228H,48,0.902078646943849,0.0477284414293179,possibleWTL
L228I,47,0.24298031061907,0.0659420282821946,possibleLOA
L228K,39,0.306959211362657,0.0846408711580154,Intermediate
L228M,36,1.0522883686595,0.0422106039399896,WTL
L228N,30,0.884006343016986,0.0811961727913089,Intermediate
L228P,36,-0.0254367135538357,0.012035817056428,LOA
L228Q,40,1.014269057273,0.0328576190526427,WTL
L228R,20,0.75637546165044,0.0860193660210334,Intermediate
L228S,27,0.66429260021863,0.0768654302317777,Intermediate
L228T,29,0.092964135395078,0.0610470048056892,LOA
L228V,40,-0.0160249905107075,0.0186639543542303,LOA
L228W,39,0.464723747649262,0.0786165000716406,Intermediate
L228Y,42,0.980229152863491,0.0353903350735178,WTL
I229*,18,0.0131250475936425,0.0661914598424433,LOA
I229A,11,0.294713610918535,0.080987857431456,Intermediate
I229C,19,0.822600199821856,0.0670961206738574,Intermediate
I229D,16,-0.0266132391361051,0.0214108936220632,LOA
I229E,8,-0.036678785552596,0.0137503113736561,LOA
I229F,23,0.721057752955128,0.0747927963377243,Intermediate
I229G,9,-0.0278827135908273,0.0280931291669936,LOA
I229H,10,-0.0204423390182009,0.0237167245906661,LOA
I229K,13,0.00864975551867534,0.0729631664229346,LOA
I229L,4,0.982372856201,0.146049248203852,possibleWTL
I229M,8,0.948096736787609,0.0960330165520662,possibleWTL
I229N,35,-0.0272577522258662,0.0178351168360156,LOA
I229P,9,-0.0320799827619815,0.0190729678555403,LOA
I229Q,1,0.0597832080582697,0.158010340403654,LOA
I229R,13,-0.0175212460725621,0.0397381563241278,LOA
I229S,16,-0.0249166906488697,0.0263076090395739,LOA
I229T,20,0.19414782831828,0.0903568398653388,possibleLOA
I229V,9,1.07921264871803,0.169810138713436,WTL
I229W,2,0.00468145928190652,0.118334763307913,LOA
I229Y,38,0.0106894572423806,0.0242783990691394,LOA
A230*,28,0.025915883716434,0.140799511225133,LOA
A230C,20,0.968658720726228,0.0837901826286423,possibleWTL
A230D,24,-0.0186356390759661,0.0253033907559282,LOA
A230E,19,0.172955561751315,0.113580143722931,possibleLOA
A230F,9,0.822380912480603,0.0854144436168843,Intermediate
A230G,21,0.755033147118509,0.0509759804908821,Intermediate
A230H,17,1.07958476503188,0.0499665004461628,WTL
A230I,20,0.833022369696842,0.0718955277367518,Intermediate
A230K,26,1.11775706253683,0.073859991965731,WTL
A230L,25,0.80063188675232,0.0750926263777503,Intermediate
A230M,23,0.964240733170964,0.062250689022535,WTL
A230N,10,0.967437973627938,0.086819626795159,possibleWTL
A230P,18,-0.0110613578770386,0.0323509212371568,LOA
A230Q,10,1.00687885594412,0.0740758727431038,WTL
A230R,14,1.05590197549047,0.0736411050530691,WTL
A230S,23,1.00705877465681,0.0575414292986164,WTL
A230T,21,0.981405911883014,0.0755719001883164,WTL
A230V,21,0.922783402429885,0.0707439117010993,possibleWTL
A230W,28,0.79102478524199,0.0474635061064138,Intermediate
A230Y,17,0.934499486387314,0.066027763433512,possibleWTL
T231*,30,-0.00562250382298421,0.0371025410174492,LOA
T231A,28,0.995470265442599,0.0453402830726951,WTL
T231C,33,0.933901474969545,0.0555608185132277,possibleWTL
T231D,36,0.925005856789944,0.066324569990852,possibleWTL
T231E,19,0.979716885009263,0.0470473199046442,WTL
T231F,35,0.8912427958939,0.0611837957202186,possibleWTL
T231G,25,0.922760530610023,0.0581542925145811,possibleWTL
T231H,32,0.975037523845791,0.0620788256822082,WTL
T231I,30,0.850022215070482,0.043519599002539,Intermediate
T231K,34,0.970704808425166,0.0482019578426279,WTL
T231L,26,0.765229064175566,0.0626356802302568,Intermediate
T231M,20,0.843177740982967,0.0693277514863966,Intermediate
T231N,25,1.03926791125833,0.069930214287322,WTL
T231P,29,1.02461999637125,0.0278494350780912,WTL
T231Q,20,0.957615433783438,0.0863869953190557,possibleWTL
T231R,22,0.98489452909363,0.0530631641920573,WTL
T231S,17,0.958905893056918,0.0480608479906546,WTL
T231V,26,0.896369997880406,0.0437919714838448,possibleWTL
T231W,28,0.81563369690818,0.0656546837582275,Intermediate
T231Y,24,0.915056583676452,0.0323765274218152,possibleWTL
N232*,24,0.0516381685795385,0.152885212240857,LOA
N232A,22,-0.0329055386292538,0.0128221253954859,LOA
N232C,28,-0.0263402904914563,0.010360662985369,LOA
N232D,27,-0.0236354050813515,0.0203168350022341,LOA
N232E,29,-0.0188362397961387,0.0240124224893269,LOA
N232F,28,-0.0243380624293332,0.0188590351472005,LOA
N232G,15,-0.0191763025032305,0.0189792647661326,LOA
N232H,18,-0.0292999162185202,0.0165059579116593,LOA
N232I,29,-0.0274041766444384,0.0118159070030215,LOA
N232K,22,-0.0231850748288393,0.0240663667118213,LOA
N232L,35,-0.025154186697001,0.0167757376769757,LOA
N232M,28,-0.0270952606016584,0.0182541237498259,LOA
N232P,22,-0.0189565763007555,0.0200868525793863,LOA
N232Q,14,-0.0216739675058905,0.0191444422328671,LOA
N232R,31,-0.0171375508377405,0.0156078462862161,LOA
N232S,26,-0.0136732919253534,0.0198588839265568,LOA
N232T,32,-0.0256152531335808,0.0174294610943426,LOA
N232V,20,-0.0175653932466864,0.0229439383800393,LOA
N232W,24,-0.0254147645419915,0.0174396548213358,LOA
N232Y,21,-0.022522275807974,0.0185339351992855,LOA
S233*,16,0.019951916038252,0.115790818474634,LOA
S233A,18,0.954312716051466,0.0630030482300708,WTL
S233C,16,0.891009742206276,0.0538769523791105,possibleWTL
S233D,20,1.02721386639049,0.0602736966972572,WTL
S233E,24,0.894759912570553,0.0738737426846928,possibleWTL
S233F,23,0.896717003219878,0.0535035949792416,possibleWTL
S233G,17,0.856634098819273,0.0523010671459808,Intermediate
S233H,19,0.987643558706998,0.069766969598328,WTL
S233I,22,0.933429477439942,0.0644465578369818,possibleWTL
S233K,27,0.979514959961416,0.0513239105462947,WTL
S233L,25,0.863901521479139,0.0758764366661142,Intermediate
S233M,21,0.886435015224214,0.0706810943430192,Intermediate
S233N,26,1.02830203796932,0.0621050635261785,WTL
S233P,31,0.772638861153207,0.0588081678717038,Intermediate
S233Q,22,0.967987975116224,0.0586504960188978,WTL
S233R,23,0.94485516143676,0.0579910368685454,possibleWTL
S233T,23,1.07439419637207,0.0302867111394006,WTL
S233V,9,0.971353356743081,0.0896125679251587,possibleWTL
S233W,15,0.967985434382469,0.0975450526579675,possibleWTL
S233Y,23,0.981365739780947,0.0549904017173923,WTL
R234*,32,0.0548938117870423,0.130828047342362,LOA
R234A,22,0.914461025710482,0.0666032692247696,possibleWTL
R234C,18,0.779430711570232,0.0643085496019124,Intermediate
R234D,34,0.725327964493991,0.0577028435526115,Intermediate
R234E,27,0.756591701472935,0.0882445788405102,Intermediate
R234F,37,0.725922773595456,0.0384767689223514,Intermediate
R234G,16,0.752539071338144,0.0774173461995842,Intermediate
R234H,34,0.912695116368404,0.0741516315614489,possibleWTL
R234I,27,0.578498737386731,0.0776261634826844,Intermediate
R234K,29,1.04325636422174,0.0451786719461755,WTL
R234L,29,0.872093078534847,0.0534459407412135,Intermediate
R234M,23,0.884903615730993,0.0717445188245681,Intermediate
R234N,21,0.954684570000325,0.0395650943992656,WTL
R234P,40,0.691057136978303,0.0478491234278419,Intermediate
R234Q,27,0.949426140014516,0.0736372564764036,possibleWTL
R234S,31,0.865359557460123,0.0412646961466703,Intermediate
R234T,30,0.730865610458782,0.083318636296996,Intermediate
R234V,27,0.489723685134891,0.0672936891024024,Intermediate
R234W,20,0.736687732741199,0.0643721279967822,Intermediate
R234Y,26,0.846625817397253,0.0561428784925851,Intermediate
N235*,34,0.0613333804520197,0.146643033758009,LOA
N235A,20,0.929614561987088,0.074823403579771,possibleWTL
N235C,29,0.825142106776537,0.0615987846104271,Intermediate
N235D,18,0.930267125994257,0.0679047497708241,possibleWTL
N235E,19,0.916574518634505,0.0725569042221158,possibleWTL
N235F,27,0.799775611161289,0.047346353473842,Intermediate
N235G,15,1.03846154894712,0.0764618304395605,WTL
N235H,29,0.943111795080507,0.0684617248537528,possibleWTL
N235I,29,0.333351784912308,0.0698317587659362,Intermediate
N235K,30,1.00716679578469,0.0491795306733345,WTL
N235L,29,0.817670880560252,0.0571938724261943,Intermediate
N235M,26,0.938401486284483,0.0342845982133382,WTL
N235P,24,0.0854080042355538,0.0538722341121451,LOA
N235Q,26,0.951612539461986,0.0532542002797231,WTL
N235R,19,1.00087443632967,0.0475429079311113,WTL
N235S,11,1.02100619231714,0.0617716099499057,WTL
N235T,25,0.598730026927654,0.0776419095955006,Intermediate
N235V,20,0.45079437789597,0.0655509184548159,Intermediate
N235W,21,0.649561542310421,0.0645078473318385,Intermediate
N235Y,28,0.81149710979519,0.0698315190341413,Intermediate
I236*,22,0.00235252551032301,0.0641679161602264,LOA
I236A,21,0.942107635971231,0.143303803449563,possibleWTL
I236C,23,0.749350567387871,0.063279279077174,Intermediate
I236D,16,0.0232003888551919,0.0474472927932313,LOA
I236E,27,0.110175315562226,0.0778478770323728,LOA
I236F,30,0.384772053713451,0.0571964194177702,Intermediate
I236G,27,0.120407421424235,0.0778702803142484,LOA
I236H,27,0.613681681318393,0.0607509680880634,Intermediate
I236K,27,0.91796974486438,0.0485532854619215,possibleWTL
I236L,41,0.871428889476735,0.0743455392514163,Intermediate
I236M,19,0.781018082828673,0.0796692583764258,Intermediate
I236N,22,0.47147506758976,0.0818166048823002,Intermediate
I236P,23,-0.0298340945295322,0.0148458648414658,LOA
I236Q,19,0.578220498408003,0.0543553667629955,Intermediate
I236R,30,0.885819109130876,0.0802850325639835,Intermediate
I236S,28,0.81639782356819,0.0425614850622582,Intermediate
I236T,28,0.930752222247837,0.0556875291859049,possibleWTL
I236V,15,0.995977028474582,0.070379767476163,WTL
I236W,19,0.116425865500417,0.0644489400922825,LOA
I236Y,28,0.588867029226516,0.0725490705231125,Intermediate
T237*,25,0.0262532523853477,0.0763032971834194,LOA
T237A,29,1.04234344688744,0.0791539746550911,WTL
T237C,24,0.959342622275381,0.0915323754864885,possibleWTL
T237D,29,0.70668128950907,0.0683119755687479,Intermediate
T237E,28,1.02852656859834,0.0822587069931746,WTL
T237F,26,0.616600358104757,0.0538344942926474,Intermediate
T237G,33,0.978913932519699,0.0460162022515213,WTL
T237H,29,0.988672624291467,0.052692315380582,WTL
T237I,20,0.909629350197918,0.0574110716086461,possibleWTL
T237K,16,1.08041899026547,0.0717823442352462,WTL
T237L,23,0.816973377689838,0.0594646239255351,Intermediate
T237M,28,0.981524785241547,0.038220481573446,WTL
T237N,19,1.00079297813732,0.0512636208333985,WTL
T237P,31,1.17832380408713,0.0662634695240272,WTL
T237Q,30,1.05193207467136,0.0439998444783549,WTL
T237R,40,1.06003042559848,0.0299241299516561,WTL
T237S,20,1.06049444888119,0.0523406835235591,WTL
T237V,18,0.932654201143296,0.0535728693166108,possibleWTL
T237W,29,0.377775719092151,0.0693917847792446,Intermediate
T237Y,26,0.644005813324134,0.0304710840523847,Intermediate
C238*,27,0.043254185373781,0.117674827193897,LOA
C238A,19,-0.0253036868538619,0.0230982204045147,LOA
C238D,18,-0.0162892550078015,0.0219035126468181,LOA
C238E,25,-0.0208129979159433,0.0223630081013284,LOA
C238F,21,-0.0305479928883391,0.0176630719373524,LOA
C238G,26,-0.0219374292423637,0.0263536047610044,LOA
C238H,16,-0.0176003375226302,0.0268825398933671,LOA
C238I,18,-0.0202581891569996,0.0175016191550662,LOA
C238K,21,-0.0204756899606892,0.0156685293935821,LOA
C238L,20,-0.0208159757284595,0.0372271438985193,LOA
C238M,16,-0.0201961608437856,0.0281958032908382,LOA
C238N,23,-0.0283880819142857,0.0116073522220638,LOA
C238P,21,-0.0151225224747975,0.0310770652965986,LOA
C238Q,22,-0.0153932320933216,0.024911170078734,LOA
C238R,21,-0.027266412034257,0.0137390029161919,LOA
C238S,12,-0.0255205390265062,0.0277808078080803,LOA
C238T,24,-0.0140566456721961,0.0233056878502406,LOA
C238V,14,-0.0180083401800639,0.0344006111717272,LOA
C238W,20,-0.0198513968042647,0.0216012239459855,LOA
C238Y,20,-0.0157852528214382,0.0280717697462373,LOA
I239*,22,0.0504753009973031,0.144284618331042,LOA
I239A,37,0.899311635592568,0.0385838970228025,possibleWTL
I239C,17,0.748097876805831,0.0712299805925486,Intermediate
I239D,14,-0.0257957382400254,0.02408452708421,LOA
I239E,28,-0.027006837672816,0.0144795270585286,LOA
I239F,22,0.697464033524753,0.0488992073688222,Intermediate
I239G,23,0.136374634150888,0.0786736599017095,LOA
I239H,20,0.0223464098011419,0.0460739444767585,LOA
I239K,26,-0.0233237520520605,0.0281400879278116,LOA
I239L,30,0.792148599005018,0.0556103658402352,Intermediate
I239M,29,0.927082435152804,0.0598385898847042,possibleWTL
I239N,26,-0.0223001727115929,0.017371352470336,LOA
I239P,23,0.043838959492388,0.0360113806386212,LOA
I239Q,24,-0.00315486175960671,0.0388335506552124,LOA
I239R,23,-0.0317203508154334,0.0117798088473719,LOA
I239S,20,0.710595466824461,0.0693874886993902,Intermediate
I239T,28,0.794260418116741,0.0860688828157799,Intermediate
I239V,35,0.953576797995358,0.0343488403751408,WTL
I239W,36,0.120344947204424,0.0585484194449249,LOA
I239Y,27,0.765006697519451,0.0493369868815574,Intermediate
T240*,27,0.0368238822393794,0.123733067824415,LOA
T240A,19,1.05645071737267,0.0503184987629654,WTL
T240C,28,1.04960394756593,0.0738487253916028,WTL
T240D,27,0.411521894791618,0.068770487051305,Intermediate
T240E,32,0.800409303073967,0.0475256084739279,Intermediate
T240F,21,0.894784713972696,0.0708225704136868,possibleWTL
T240G,32,1.0396409168975,0.0425061904156403,WTL
T240H,27,0.766269198802038,0.0386398951822618,Intermediate
T240I,25,1.06905254350392,0.0690596808066346,WTL
T240K,38,0.905614120294804,0.0560252076051906,possibleWTL
T240L,31,0.974936935783362,0.0618668372260477,WTL
T240M,45,1.11947529061934,0.0585925103232621,WTL
T240N,40,1.05981699357412,0.0464726066202493,WTL
T240P,25,-0.0204287087105322,0.0171955131023987,LOA
T240Q,31,1.10319906345232,0.0596360034281282,WTL
T240R,35,0.826238755141992,0.0362818833552703,Intermediate
T240S,35,1.08988364621659,0.0431347194362595,WTL
T240V,34,1.08707875890051,0.0557316927264297,WTL
T240W,27,0.926032516531531,0.0547191839506682,possibleWTL
T240Y,32,0.807776114726054,0.0605911746076545,Intermediate
C241*,34,0.104299961749488,0.236365687891049,possibleLOA
C241A,25,-0.0252926481421668,0.0169435612201371,LOA
C241D,37,-0.0121180829680613,0.0260977865708898,LOA
C241E,27,-0.0262628884510199,0.0198708640630978,LOA
C241F,22,-0.0342303350362499,0.0127485080774613,LOA
C241G,26,-0.0189659158498989,0.024101098502407,LOA
C241H,34,-0.0210987700733385,0.0283495215297619,LOA
C241I,28,-0.0251305643976854,0.0155808598754723,LOA
C241K,45,-0.0222498537888712,0.0184952286619105,LOA
C241L,34,-0.0201679627898675,0.0133872095587253,LOA
C241M,25,-0.0204364932431205,0.0166841397652984,LOA
C241N,20,-0.0240433732659827,0.0298255336206233,LOA
C241P,30,-0.0110855209661874,0.0228431486722204,LOA
C241Q,29,-0.0153729098522408,0.0263703292398056,LOA
C241R,28,-0.0284291683875411,0.0156401512654365,LOA
C241S,14,-0.0168638109883013,0.0337483454001502,LOA
C241T,23,-0.0325959046948287,0.0170194524326592,LOA
C241V,32,-0.0234088527397773,0.0166471102636329,LOA
C241W,33,-0.0285049196121107,0.0102353845599577,LOA
C241Y,35,-0.0207469966708369,0.0230356545452407,LOA
T242*,21,0.0531424182808088,0.152173370137782,LOA
T242A,25,1.07584167771232,0.0524012145535871,WTL
T242C,44,1.0833565168181,0.0413260013666538,WTL
T242D,22,1.06910753310864,0.057108828017752,WTL
T242E,28,1.0574609173544,0.0562100239297068,WTL
T242F,22,1.02766100844825,0.042380899081166,WTL
T242G,29,1.06528391633028,0.0651129987077532,WTL
T242H,22,1.08047605808633,0.0780201122374365,WTL
T242I,20,0.767789691558888,0.0532073476603131,Intermediate
T242K,29,0.987614348114295,0.0561494165091009,WTL
T242L,16,1.05144988360766,0.0690012458532804,WTL
T242M,25,1.0483627067584,0.0544842385000039,WTL
T242N,29,1.08419296823464,0.0357492119755013,WTL
T242P,18,0.131906818374644,0.0431496903092724,LOA
T242Q,29,1.06489780008447,0.0535160165123654,WTL
T242R,25,0.977479357790825,0.0626037350861631,WTL
T242S,26,1.0756138017876,0.0553114002170614,WTL
T242V,24,0.833004461248737,0.0458451900432279,Intermediate
T242W,20,0.969794135988615,0.0451428907792767,WTL
T242Y,26,1.03489784846824,0.0358005783166541,WTL
D243*,26,0.0808799233311699,0.199480481343483,possibleLOA
D243A,28,1.01992778914789,0.0513279492629483,WTL
D243C,27,1.01023413757207,0.0453682598498919,WTL
D243E,19,1.12984167612902,0.0557387775637341,WTL
D243F,20,0.960236542669955,0.0425906785416006,WTL
D243G,12,0.966161744654945,0.0492956839076242,WTL
D243H,29,1.02333224866328,0.0518875027154723,WTL
D243I,27,0.886600667427801,0.0491713923915853,Intermediate
D243K,27,1.00031198126615,0.0409297763137485,WTL
D243L,34,1.01794292377201,0.0598023272154152,WTL
D243M,35,1.03201967838161,0.0371940939362214,WTL
D243N,27,1.0692913767214,0.0500028850146039,WTL
D243P,21,-0.0194567914285325,0.030525876235679,LOA
D243Q,7,1.08857777599673,0.0988940479972214,WTL
D243R,30,0.998620861276215,0.0553691748728093,WTL
D243S,28,1.04056208145209,0.0548748713008739,WTL
D243T,32,1.01312009555038,0.049007205011335,WTL
D243V,43,0.919111979027652,0.0776598110354829,possibleWTL
D243W,30,0.900856984328821,0.0418011871829939,possibleWTL
D243Y,34,0.977427927326345,0.0469993697672872,WTL
V244*,28,0.036077532332674,0.0904797103245554,LOA
V244A,33,0.801102936434468,0.0539759636716253,Intermediate
V244C,22,0.537021148329717,0.0372026312810198,Intermediate
V244D,33,0.376362376597252,0.0481132431795894,Intermediate
V244E,35,0.557450812950962,0.0630944857320053,Intermediate
V244F,25,0.605665325885163,0.0695347780040297,Intermediate
V244G,23,0.124677705002626,0.0405544969620649,LOA
V244H,27,0.557139896315367,0.0718099576893559,Intermediate
V244I,28,1.00733181436387,0.044455121515075,WTL
V244K,22,0.808407939968598,0.0584786191432007,Intermediate
V244L,29,0.756094094121967,0.047357521087532,Intermediate
V244M,25,0.689831236826811,0.062041550887064,Intermediate
V244N,29,0.730261857917646,0.0501577493117867,Intermediate
V244P,31,0.570349393290626,0.0563392635418525,Intermediate
V244Q,33,0.747664905806199,0.0438632215929935,Intermediate
V244R,29,0.823471234957569,0.0536648079215973,Intermediate
V244S,15,0.719268248732455,0.0587421142590067,Intermediate
V244T,23,0.858220822471768,0.0622160983497108,Intermediate
V244W,29,0.377638817872771,0.0536663383067902,Intermediate
V244Y,26,0.647697787009878,0.0545146317134122,Intermediate
R245*,19,0.0208120926657073,0.0965141832888931,LOA
R245A,28,0.98040545510965,0.0415883446067599,WTL
R245C,36,0.981147122219836,0.0506488451926583,WTL
R245D,24,0.450139120569595,0.0412151252068392,Intermediate
R245E,26,0.474295996505772,0.0707857242281903,Intermediate
R245F,35,0.370300405796298,0.0520389279780686,Intermediate
R245G,30,0.596927623088409,0.0381136850369351,Intermediate
R245H,21,0.894003525991935,0.0558129106913148,possibleWTL
R245I,27,0.585436863512273,0.0574746397581653,Intermediate
R245K,34,1.00786562461104,0.0739256709245131,WTL
R245L,21,0.620812543153338,0.0622371004555313,Intermediate
R245M,24,0.69497335507987,0.0374680376382193,Intermediate
R245N,31,0.782339397377041,0.0505944199043227,Intermediate
R245P,36,0.016013711582074,0.0272821141482031,LOA
R245Q,26,0.827726900394847,0.0476494691171826,Intermediate
R245S,22,0.9459585507965,0.0572775880048415,possibleWTL
R245T,23,0.900552760769515,0.0459666659722914,possibleWTL
R245V,36,0.884302146155256,0.0424036268544458,Intermediate
R245W,32,0.287188464735427,0.0516153019465816,Intermediate
R245Y,27,0.450599900253191,0.0521167719658895,Intermediate
S246*,37,0.0431541006827034,0.120277779589498,LOA
S246A,23,0.327570499301299,0.0531300181395875,Intermediate
S246C,27,0.723767734722748,0.0737860712680814,Intermediate
S246D,24,0.915939573275468,0.0581092315473034,possibleWTL
S246E,49,0.82031436202131,0.0425007652699425,Intermediate
S246F,32,0.0516200354422291,0.0355114667914909,LOA
S246G,32,0.331287910117428,0.0779476460129951,Intermediate
S246H,19,0.681647652314363,0.0410646746697384,Intermediate
S246I,28,-0.0232712534307041,0.0179348411249397,LOA
S246K,36,0.407728502234984,0.0636643278423973,Intermediate
S246L,27,-0.0201130239159208,0.0169332056833165,LOA
S246M,27,0.117404739556715,0.072855550033379,LOA
S246N,18,0.977831510277234,0.0642232029705749,WTL
S246P,21,-0.0169399028502119,0.0214859375529542,LOA
S246Q,26,0.711421908272724,0.0473737550361113,Intermediate
S246R,33,0.4933798109543,0.0573257561841023,Intermediate
S246T,31,0.933246608735332,0.0482411233918693,possibleWTL
S246V,33,0.0310821007941937,0.0377927781768906,LOA
S246W,36,0.051534080998096,0.0423679143749124,LOA
S246Y,38,0.310649117980456,0.0666405955679646,Intermediate
P247*,27,0.0578643099064537,0.139425868903303,LOA
P247A,26,0.523190620998878,0.0544459516709059,Intermediate
P247C,25,0.536058928818087,0.0704289653647441,Intermediate
P247D,39,0.0242597952301176,0.0239277219958027,LOA
P247E,29,0.711669622745983,0.0705028729512367,Intermediate
P247F,33,0.323113350503175,0.0584255129151979,Intermediate
P247G,28,-0.0138184676444837,0.0282441783247814,LOA
P247H,23,0.787653553074624,0.0946381640354181,Intermediate
P247I,19,0.78634652620268,0.0970980097733636,Intermediate
P247K,32,0.720573411925258,0.0379716261454639,Intermediate
P247L,36,0.735569211778053,0.0392598255753574,Intermediate
P247M,32,0.737829344824913,0.0350664496273672,Intermediate
P247N,28,0.392173874831462,0.0389111535488273,Intermediate
P247Q,31,0.759962198754375,0.0621069451027344,Intermediate
P247R,24,0.666215231703776,0.0472693866771168,Intermediate
P247S,31,0.476232611974498,0.0390906634958921,Intermediate
P247T,30,0.788771348894141,0.0463602380835312,Intermediate
P247V,28,0.798832747451999,0.0612872556369683,Intermediate
P247W,31,0.262157826056131,0.0570927625253675,Intermediate
P247Y,25,0.436002096693363,0.0521501292388449,Intermediate
V248*,23,0.105689519942063,0.19546722793035,possibleLOA
V248A,26,0.270276858767635,0.0618400962027164,Intermediate
V248C,16,0.742082449657012,0.0651942944511858,Intermediate
V248D,28,-0.023758425014075,0.0201064291574587,LOA
V248E,26,-0.0222306876702501,0.0236216604625179,LOA
V248F,28,-0.0140681017538514,0.0206049253508585,LOA
V248G,24,-0.0320749628314364,0.013675367779074,LOA
V248H,15,-0.0202587774341929,0.0240393004433572,LOA
V248I,34,0.923484781791192,0.0550249083337204,possibleWTL
V248K,17,-0.00727707246965727,0.0421312116377533,LOA
V248L,13,0.631902954639531,0.0546397947438826,Intermediate
V248M,22,0.4216744070617,0.0712863515797808,Intermediate
V248N,35,-0.0179614548372564,0.0250869017520979,LOA
V248P,17,-0.0303136116334036,0.0134654758288625,LOA
V248Q,18,-0.0107895501523467,0.0335151889153827,LOA
V248R,17,-0.0350867831382425,0.0191592427558814,LOA
V248S,13,0.113692576666811,0.0676577836414031,LOA
V248T,30,0.196408696760505,0.051793705722947,LOA
V248W,24,-0.0130360350994532,0.0313080105811009,LOA
V248Y,34,-0.0266491305942989,0.0172888714765115,LOA
L249*,30,0.0162446660923044,0.0693279617020177,LOA
L249A,26,0.00291589721981385,0.0235772871431346,LOA
L249C,27,0.365837790299323,0.0715153488882594,Intermediate
L249D,19,-0.0248745906401368,0.0188575632021905,LOA
L249E,29,-0.0250035331340441,0.0161202322798502,LOA
L249F,28,1.00975636426131,0.0375514227806458,WTL
L249G,23,-0.0179596150950709,0.0164880581504227,LOA
L249H,16,-0.00650345946908544,0.034591273815357,LOA
L249I,26,1.0052064954597,0.065715650561341,WTL
L249K,33,-0.0163522406151782,0.0154381847184353,LOA
L249M,25,0.941476794626097,0.0916609245234474,possibleWTL
L249N,28,-0.0227033216209207,0.0199193585431634,LOA
L249P,24,-0.0154680402098621,0.0235188191336226,LOA
L249Q,17,-0.0310789043728725,0.0130762698665667,LOA
L249R,27,-0.0199970782036391,0.0150027022474751,LOA
L249S,27,-0.0143994274975214,0.0232330497301,LOA
L249T,20,-0.0272831998706824,0.0143832519420591,LOA
L249V,22,0.887769850643722,0.0423330100832484,Intermediate
L249W,25,-0.00819750665638532,0.0327125291934256,LOA
L249Y,23,0.174008396429779,0.0582925010949042,LOA
V250*,29,0.00913670098962391,0.0692689434571396,LOA
V250A,46,0.397357602635405,0.0803432514770145,Intermediate
V250C,20,0.603352991213651,0.0822382344845687,Intermediate
V250D,34,-0.0236944321903825,0.0165800554346725,LOA
V250E,37,-0.027811630712231,0.0152287310062682,LOA
V250F,31,0.0531111792603363,0.0540238913420829,LOA
V250G,39,-0.00919306165702866,0.02680582815283,LOA
V250H,15,0.19031795872497,0.0529846445715433,LOA
V250I,42,1.02083787791928,0.0418754217792528,WTL
V250K,42,0.704909021112025,0.0579923041237825,Intermediate
V250L,3,1.03432947750144,0.278247124840033,possibleWTL
V250M,30,0.916812907797585,0.0627333315580233,possibleWTL
V250N,35,0.0321497155589999,0.0322725209350835,LOA
V250P,32,-0.0156058122244951,0.0186977493166605,LOA
V250Q,32,0.432838587647965,0.0826018417597849,Intermediate
V250R,28,0.923901438479396,0.0788652379556991,possibleWTL
V250S,32,0.127183181722318,0.0576416230326928,LOA
V250T,36,0.750738136362593,0.0827224021108659,Intermediate
V250W,30,-0.0184056798535329,0.0126735872046211,LOA
V250Y,31,0.0881131637776146,0.0593851885234213,LOA
F251*,30,0.0435611522012378,0.128755416706666,LOA
F251A,19,-0.00261399767368618,0.0359682141530774,LOA
F251C,26,-0.0163059721189145,0.0203791658543023,LOA
F251D,24,-0.0154284342947124,0.0220827903848509,LOA
F251E,28,-0.024869282641091,0.0155928545974896,LOA
F251G,20,-0.0180471662252464,0.0299899225996973,LOA
F251I,27,-0.0154898999269381,0.0199146513029661,LOA
F251K,24,-0.0228354516368965,0.0236883950121688,LOA
F251L,4,0.0709084073932238,0.0923624115409313,LOA
F251M,31,0.586707535968431,0.0616161869143638,Intermediate
F251N,22,0.271523137340312,0.056903986555931,Intermediate
F251P,3,-0.0442091687482288,0.0129794295738369,LOA
F251Q,1,0.305974506424452,0.214600611733756,Intermediate
F251R,37,-0.0192018955262365,0.0185272231297574,LOA
F251S,28,0.0785384673035574,0.0557692932225622,LOA
F251T,23,-0.0118720097177249,0.0270693541785609,LOA
F251V,20,-0.0144442924783524,0.039811388439137,LOA
F251W,25,0.847866368720899,0.0488053164997228,Intermediate
F251Y,23,0.591643553083754,0.0872217106560157,Intermediate
Q252*,25,-0.00372738834455221,0.0454422343934534,LOA
Q252A,11,0.977439992196857,0.104525589370965,possibleWTL
Q252C,21,0.83130478705619,0.0536990979256784,Intermediate
Q252D,29,0.93901677651724,0.0557732934631039,possibleWTL
Q252E,25,1.0077005649053,0.0503209085274335,WTL
Q252F,21,0.264708501740157,0.0581763457881232,Intermediate
Q252G,32,0.987211961271168,0.0535806458304421,WTL
Q252H,24,0.856242075730299,0.073227785883033,Intermediate
Q252I,23,0.307646550027669,0.0556756138921919,Intermediate
Q252K,27,0.902820047444169,0.065883905956887,possibleWTL
Q252L,18,0.657875297854669,0.0396966585714982,Intermediate
Q252M,26,0.829651453725045,0.0487469649670399,Intermediate
Q252N,19,0.994687462281289,0.0674269365684051,WTL
Q252P,17,1.09267614268062,0.0669347227539663,WTL
Q252R,29,0.892095782066773,0.057689796018667,possibleWTL
Q252S,23,0.999319944999976,0.0795456511175487,WTL
Q252T,13,1.00227970289902,0.0787404101548387,WTL
Q252V,27,0.503789458884289,0.0591551647051035,Intermediate
Q252W,33,0.339995296129887,0.0691128473650071,Intermediate
Q252Y,31,0.484744920346921,0.0487039488466857,Intermediate
C253*,16,0.0562278044300618,0.150023044764388,LOA
C253A,28,-0.0197627059181444,0.0192045726452668,LOA
C253D,21,-0.0232076977271939,0.0246502218221757,LOA
C253E,33,-0.0214569938575517,0.0161988408234784,LOA
C253F,28,-0.023070064118189,0.0156930733659111,LOA
C253G,27,-0.0191774458610443,0.0186868111558934,LOA
C253H,28,-0.0217312131364561,0.0165519627330459,LOA
C253I,20,-0.0188463993812498,0.0272435770929117,LOA
C253K,35,-0.0179896901464665,0.0169006548802494,LOA
C253L,23,-0.0222077328858982,0.0268691190025188,LOA
C253M,35,-0.0151762164810831,0.0260550637032864,LOA
C253N,26,-0.0298349637903495,0.0161982513763429,LOA
C253P,34,-0.0260585926840212,0.0200504522116757,LOA
C253Q,22,-0.0228730183334183,0.0155516168927616,LOA
C253R,17,-0.0280446194346945,0.0212189207472015,LOA
C253S,26,-0.0256227114494588,0.0198673488260893,LOA
C253T,29,-0.0311765623140739,0.00769016924809333,LOA
C253V,33,-0.0220809712129276,0.00914453216674847,LOA
C253W,28,-0.0188670622125916,0.0176655456813699,LOA
C253Y,28,-0.0307989463791483,0.0141614299598927,LOA
N254*,42,0.0374840011394738,0.0824530882680204,LOA
N254A,14,1.05627076480661,0.0644537361626388,WTL
N254C,32,0.83037802924447,0.0653219692245537,Intermediate
N254D,23,1.03989889984618,0.0436122974395258,WTL
N254E,29,1.0609382827435,0.0443259275296826,WTL
N254F,42,0.921183600756861,0.0359338159048928,possibleWTL
N254G,26,0.961410589422515,0.0605300015106057,WTL
N254H,17,0.964291626320415,0.0594218113804979,WTL
N254I,27,0.935998025704206,0.0739159953716309,possibleWTL
N254K,37,1.02881079691629,0.0420068372002747,WTL
N254L,18,0.946093385095899,0.0891017225875956,possibleWTL
N254M,28,0.961586548828565,0.0636982943667183,WTL
N254P,21,1.01477063008697,0.0602966056135344,WTL
N254Q,34,1.03517665794695,0.0510885265501456,WTL
N254R,24,0.937363835708179,0.0401050960866426,WTL
N254S,19,0.982253408460388,0.0776173679219396,WTL
N254T,5,0.959214711881211,0.105930173546086,possibleWTL
N254V,31,0.959319863995356,0.0383788772329174,WTL
N254W,33,0.805001186858247,0.0601724914112382,Intermediate
N254Y,27,0.9050322779885,0.0791249361715897,possibleWTL
S255*,42,0.0297722234955225,0.0920605886384759,LOA
S255A,4,0.993537073776413,0.11029193940518,possibleWTL
S255C,37,0.827634950120028,0.0544197926433109,Intermediate
S255D,22,1.08773236911346,0.0575533626127415,WTL
S255E,42,1.060703274066,0.0405444078071997,WTL
S255F,35,0.931869187597816,0.0651566297143613,possibleWTL
S255G,30,0.800168547251901,0.0503197768818942,Intermediate
S255H,29,0.880664816357235,0.0482659939976028,Intermediate
S255I,23,0.479595086926576,0.0611668338125171,Intermediate
S255K,25,1.0116883103203,0.0511637492920635,WTL
S255L,34,0.918285271095919,0.0541819189974423,possibleWTL
S255M,33,0.916654671378302,0.079250931216125,possibleWTL
S255N,27,0.95791066650333,0.0467795085213678,WTL
S255Q,36,0.980318181378039,0.0758879147896088,WTL
S255R,24,0.893137101275898,0.0604734561733931,possibleWTL
S255V,33,0.823383684594321,0.0450750601609658,Intermediate
S255W,23,0.864665052472575,0.0639403389720305,Intermediate
S255Y,23,0.931557576792543,0.0560481256290181,possibleWTL
R256*,30,0.0336639502290246,0.0921521369421319,LOA
R256A,36,0.901822874117599,0.0280922429141787,possibleWTL
R256C,26,0.535553834325303,0.0642569260905761,Intermediate
R256D,22,0.00938376754629826,0.0261770481194756,LOA
R256E,28,0.558245657180924,0.0899332787672661,Intermediate
R256F,30,0.619042234453264,0.0728091260202873,Intermediate
R256G,24,0.820716839245181,0.0706822948555439,Intermediate
R256H,28,0.938310725883386,0.0441860277493822,WTL
R256I,32,-0.0281317670086166,0.0101049091442033,LOA
R256K,28,1.05850121062248,0.0649259210279518,WTL
R256L,26,0.818091351409833,0.0405769553004873,Intermediate
R256M,28,0.898188611460034,0.0550776187662284,possibleWTL
R256N,28,0.927493780917428,0.0602510100657674,possibleWTL
R256P,25,-0.0209090791580735,0.0159565617584044,LOA
R256Q,23,0.977056326337346,0.045174661923407,WTL
R256S,28,0.868285449526329,0.0435430915144767,Intermediate
R256T,26,0.72298216593168,0.0837462275705671,Intermediate
R256V,32,-0.0185108922185646,0.0129794826414213,LOA
R256W,36,0.128110937085551,0.0558225364760406,LOA
R256Y,34,0.616908998451627,0.064990269305551,Intermediate
H257*,22,0.0203592106219277,0.074920389130407,LOA
H257A,21,-0.0286213588195594,0.0148485593704127,LOA
H257C,12,-0.00871789538697676,0.0280441106275222,LOA
H257D,24,-0.022882968462273,0.0180074531232398,LOA
H257E,20,-0.0294922512578217,0.014121779408853,LOA
H257F,24,-0.01968231568326,0.019177611014929,LOA
H257G,21,-0.0296618764166628,0.00827205533678681,LOA
H257I,13,-0.0334864710070192,0.0153911432739582,LOA
H257K,28,-0.0359456713788617,0.0117746061538176,LOA
H257L,20,-0.021991340226486,0.0145104596204234,LOA
H257M,25,-0.02092983237663,0.0208570872076353,LOA
H257N,17,-0.0348681772181798,0.0148413946478778,LOA
H257P,10,-0.0269983587429173,0.0216968202411147,LOA
H257Q,15,-0.00851404637074149,0.0373479125741752,LOA
H257R,14,-0.0239343992552619,0.020356133177589,LOA
H257S,21,-0.0213395387254771,0.0228309113407797,LOA
H257T,25,-0.028916857900567,0.0132456052134765,LOA
H257V,24,-0.021885838405816,0.0189185225116315,LOA
H257W,29,-0.0258181768564963,0.0145858430244238,LOA
H257Y,24,-0.0196588655830382,0.0179306556166037,LOA
V258*,10,0.0499702699599305,0.122609100249705,LOA
V258A,24,0.84764417730968,0.0923870305291671,Intermediate
V258C,26,0.934873962841786,0.0382352257966566,WTL
V258D,18,-0.0091025200437733,0.0401656206684421,LOA
V258E,31,-0.027870337781521,0.0104561045951163,LOA
V258F,22,-0.0268603207120823,0.02169636167973,LOA
V258G,26,-0.0127290614330676,0.0250655490000035,LOA
V258H,24,0.00571928856740366,0.0171023236103586,LOA
V258I,27,0.739161451417925,0.0564687478624803,Intermediate
V258K,31,-0.0234221794731559,0.0103672959799802,LOA
V258L,33,0.35551701365086,0.0625711579402908,Intermediate
V258M,20,0.15314232615475,0.0872598839280162,LOA
V258N,35,-0.00300904767320668,0.0225541194381522,LOA
V258P,50,-0.0166359094390113,0.0180862470452513,LOA
V258Q,30,-0.0196081917489633,0.021046001865969,LOA
V258R,16,-0.018600135487346,0.0324232763134105,LOA
V258S,24,0.724075082650504,0.0543341593050843,Intermediate
V258T,28,0.899498658582274,0.0352737560153202,possibleWTL
V258W,39,-0.0110128425431183,0.0199450352893418,LOA
V258Y,27,-0.0214578811801796,0.0138900697203677,LOA
I259*,20,0.0853378959907394,0.249565414302417,possibleLOA
I259A,5,0.264026338613758,0.0919070612065815,Intermediate
I259C,6,0.734758259972725,0.0945423127143038,Intermediate
I259D,14,-0.0187425612324473,0.0244435636259674,LOA
I259E,7,-0.0264575180076875,0.0245549295728287,LOA
I259F,25,-0.0220036242601566,0.0130420488006746,LOA
I259G,23,-0.0219622933383527,0.0171511277057703,LOA
I259H,21,-0.0270121003988434,0.0176324883337971,LOA
I259K,6,-0.0267808040942949,0.0243840292943087,LOA
I259L,4,0.866863388138615,0.12082522948749,Intermediate
I259M,4,0.92653038749945,0.112744271620998,possibleWTL
I259N,26,-0.0136148027179366,0.0263007849469622,LOA
I259P,16,-0.0270705743942763,0.0216129245478114,LOA
I259Q,7,0.91671449719298,0.0748154194382227,possibleWTL
I259R,19,-0.0345160877063504,0.0196645424286421,LOA
I259S,27,0.376061970110429,0.0581907315599999,Intermediate
I259T,19,0.509904494719056,0.0454949106613266,Intermediate
I259V,8,0.854783712485419,0.0821258540297054,Intermediate
I259W,12,-0.0174290290606493,0.0274233581026534,LOA
I259Y,22,-0.0194794249881054,0.0175019872109572,LOA
C260*,31,0.0549358167609958,0.130105775986031,LOA
C260A,27,-0.0177138009806464,0.0218497608572864,LOA
C260D,21,-0.0321606164139392,0.0107872586295735,LOA
C260E,25,-0.0286827570106669,0.0115479501686648,LOA
C260F,34,-0.0202838130312659,0.0186139814251913,LOA
C260G,23,-0.0187681398395825,0.0225924946692726,LOA
C260H,22,-0.0168754265104167,0.0211336202416624,LOA
C260I,20,-0.02912311507707,0.011909236825518,LOA
C260K,22,-0.0283705687982868,0.0115625144615721,LOA
C260L,3,-0.0345254842655788,0.0239739520025774,LOA
C260M,15,-0.019622289498196,0.0269417405811145,LOA
C260N,16,-0.0210864144699213,0.0173004827983015,LOA
C260P,28,-0.0303374973598573,0.00993363976445581,LOA
C260Q,18,-0.0188480805674406,0.0230209354911563,LOA
C260R,34,-0.0229508064521446,0.0150990086715986,LOA
C260S,21,-0.026335265159423,0.012371510246025,LOA
C260T,25,-0.0227876286372818,0.0212682555870795,LOA
C260V,15,-0.015525178370167,0.0191600062925835,LOA
C260W,27,-0.0293623398146725,0.0143843190752142,LOA
C260Y,36,-0.0226794200010497,0.0161736855297603,LOA
L261*,29,0.0614278204373902,0.163566222628151,LOA
L261A,31,0.367119715597995,0.0573236187051679,Intermediate
L261C,20,0.653755979719045,0.0498574909852315,Intermediate
L261D,21,-0.0151296557346775,0.0167149053115471,LOA
L261E,24,0.392146683249887,0.0533193610197226,Intermediate
L261F,29,0.876884667382037,0.0368397785900589,Intermediate
L261G,20,0.0536294068224974,0.0404509570148106,LOA
L261H,14,0.216844563635449,0.0503479491324767,possibleLOA
L261I,37,0.963033852725008,0.0454283019429656,WTL
L261K,27,0.0154001990902043,0.0307073531882774,LOA
L261M,14,0.91361452459399,0.0740829703961115,possibleWTL
L261N,25,-0.00406801819013557,0.0216949316949325,LOA
L261P,23,0.0485942073667769,0.0398346886660859,LOA
L261Q,36,0.352703429201111,0.0523594265496456,Intermediate
L261R,30,-0.0131147204100545,0.0175436999774599,LOA
L261S,32,0.166391224086232,0.0627889599136379,LOA
L261T,29,0.751524001460726,0.0524661806248646,Intermediate
L261V,11,0.874436880265229,0.113257638876669,Intermediate
L261W,15,0.421088214900141,0.0770221613281429,Intermediate
L261Y,25,0.44383001536769,0.0646834919506101,Intermediate
D262*,27,0.0388120300142288,0.141365517467376,LOA
D262A,27,0.484417935070887,0.0678293420655083,Intermediate
D262C,30,0.333384735162734,0.0556653507927625,Intermediate
D262E,39,0.942470809725417,0.042661339470632,WTL
D262F,28,0.347321562252091,0.065416513788977,Intermediate
D262G,35,0.485079305214618,0.0583602640059112,Intermediate
D262H,8,0.43209133832261,0.0776023042433395,Intermediate
D262I,31,0.392578470238243,0.063445403251555,Intermediate
D262K,25,0.428276862016377,0.073085271601033,Intermediate
D262L,8,0.39807637587332,0.0870980863515911,Intermediate
D262M,28,0.437412489338452,0.0681234660465006,Intermediate
D262N,20,0.547833481223948,0.0843986607681119,Intermediate
D262P,12,0.607412724793177,0.0987492734828248,Intermediate
D262Q,5,0.524820624164712,0.120403289143819,Intermediate
D262R,25,0.422082875045755,0.086321760220109,Intermediate
D262S,23,0.575928628722275,0.0571088735484854,Intermediate
D262T,32,0.487502184202926,0.0651169090628147,Intermediate
D262V,34,0.426713286674587,0.0658565001299145,Intermediate
D262W,24,0.500457841054105,0.0338278318311785,Intermediate
D262Y,21,0.445199505109857,0.0571780459610839,Intermediate
C263*,23,0.0277245797125969,0.101273816778836,LOA
C263A,24,-0.0249865132392535,0.0220616224524197,LOA
C263D,20,-0.0320226236122193,0.0149735062242632,LOA
C263E,28,-0.0205838028049624,0.0185745789140661,LOA
C263F,22,-0.0277403671557223,0.0106168739844517,LOA
C263G,23,-0.0272047775624853,0.0175891806357415,LOA
C263H,14,-0.0250999268578052,0.0166461969079393,LOA
C263I,23,-0.0166512593311588,0.0256344320920314,LOA
C263K,31,-0.0281951546916554,0.0187911494856918,LOA
C263L,21,-0.0322394152617628,0.0110237983091486,LOA
C263M,15,-0.0283156388114196,0.0176797302136795,LOA
C263N,20,-0.0218097333321103,0.0125900679499232,LOA
C263P,24,-0.0177533279638499,0.0278423936280375,LOA
C263Q,32,-0.0237502921237426,0.0147478927695146,LOA
C263R,19,-0.0239064638257744,0.0224942408715086,LOA
C263S,22,-0.0242298977089764,0.0184299839539312,LOA
C263T,22,-0.023549558751599,0.014388710657965,LOA
C263V,26,-0.0213362052951161,0.0267219885841869,LOA
C263W,24,-0.0303307334931457,0.0138148329227121,LOA
C263Y,21,-0.0230370531849145,0.0176369508048282,LOA
F264*,33,0.0522218629392588,0.136856395915168,LOA
F264A,27,-0.0103660741855095,0.0254210825485201,LOA
F264C,22,-0.0170744732564304,0.026157911686346,LOA
F264D,26,-0.02249639262177,0.0217653121782974,LOA
F264E,24,-0.0231456633592811,0.0123222286845307,LOA
F264G,26,-0.0297625583453367,0.0101734570013942,LOA
F264H,24,-0.0156338085560223,0.0248817347783958,LOA
F264I,28,-0.0169072148120196,0.01894365306357,LOA
F264K,25,-0.021316298057119,0.0267262894622111,LOA
F264L,28,0.417188324147492,0.0793705492897651,Intermediate
F264M,27,0.324885273398608,0.0579457420490007,Intermediate
F264N,27,-0.0284711596903496,0.0160545393659485,LOA
F264P,37,-0.0274783253250164,0.00954183040914665,LOA
F264Q,22,-0.0285355453032597,0.0195336490492107,LOA
F264R,33,-0.0251900293598999,0.0153514988664146,LOA
F264S,30,-0.0129638632395879,0.0181738175769859,LOA
F264T,22,-0.0165454999806667,0.0238855380489767,LOA
F264V,30,0.00571400011152626,0.0307075532215799,LOA
F264W,27,0.791629217927665,0.0556686207014595,Intermediate
F264Y,27,0.568017223687364,0.0507888952330272,Intermediate
H265*,17,0.0527971072715788,0.13480324583866,LOA
H265A,14,0.889851577125315,0.0649739691539661,Intermediate
H265C,21,0.795931463818431,0.0918338013776551,Intermediate
H265D,28,0.912786240937057,0.0576680155765265,possibleWTL
H265E,31,0.992492476715593,0.0676140605724364,WTL
H265F,30,1.05933301743298,0.0395301695480557,WTL
H265G,31,0.891720908231517,0.0874276055025382,possibleWTL
H265I,35,0.824872426256089,0.0521548950103276,Intermediate
H265K,30,0.546034962217356,0.0729894735132617,Intermediate
H265L,21,0.861056205053646,0.0866367014119597,Intermediate
H265M,19,0.946683790050815,0.0613627686251215,possibleWTL
H265N,27,0.840177820945294,0.0480825250417583,Intermediate
H265P,29,0.348558488156762,0.0529584615279442,Intermediate
H265Q,21,0.847292775797564,0.0370167829181606,Intermediate
H265R,32,0.53526977012386,0.066923054221749,Intermediate
H265S,4,0.826539869889559,0.104254756493931,Intermediate
H265T,25,0.830300215677228,0.0535113033090308,Intermediate
H265V,31,0.860400784077311,0.0447719253819601,Intermediate
H265W,32,0.975571817904102,0.0473682993859272,WTL
H265Y,26,1.05792640346333,0.0769366704066567,WTL
L266*,26,0.000738664926658794,0.0548986095622955,LOA
L266A,14,0.987388458646557,0.0782749440158402,WTL
L266C,32,0.965120399434663,0.0402423017502148,WTL
L266D,30,1.14398239062054,0.0393422678743071,WTL
L266E,28,0.542473836457693,0.0919898859499782,Intermediate
L266F,25,0.974401412512084,0.0394419394098983,WTL
L266G,19,0.70199203418274,0.0825374467217406,Intermediate
L266H,32,0.772965823651093,0.0801833849824568,Intermediate
L266I,16,1.09316812280481,0.0706244748870721,WTL
L266K,28,0.506396483420874,0.071632805402497,Intermediate
L266M,24,0.990618344776277,0.0805831018271183,WTL
L266N,22,1.0803218012474,0.0600742978987629,WTL
L266P,32,0.244155122135926,0.0819732403387965,possibleLOA
L266Q,39,0.723102443631313,0.0582798193527643,Intermediate
L266R,27,0.472147130750742,0.0828521802621159,Intermediate
L266S,22,0.960313368843574,0.0645935206149173,WTL
L266T,30,1.01491980759517,0.0463918799060434,WTL
L266V,30,1.03743183002361,0.051775286148104,WTL
L266W,21,0.734667675837474,0.088265390229772,Intermediate
L266Y,25,0.956257666735149,0.0300060345867033,WTL
Y267*,21,0.0452812557126653,0.120340445840677,LOA
Y267A,18,0.290173060787423,0.0601791017841247,Intermediate
Y267C,30,0.0612903868207625,0.0390685108007098,LOA
Y267D,23,-0.0275396088326996,0.0193565132355672,LOA
Y267E,29,0.0706643768050335,0.0388195414200161,LOA
Y267F,25,0.795068518962614,0.0523139440117433,Intermediate
Y267G,19,-0.0171200792682911,0.0193571703586506,LOA
Y267H,29,0.632944188797147,0.0573009963745069,Intermediate
Y267I,24,0.3147250415919,0.0562876669680922,Intermediate
Y267K,33,-0.0205539348809328,0.0299491363540522,LOA
Y267L,22,0.598505743434216,0.0728866882668419,Intermediate
Y267M,38,0.70624805438495,0.0274710708674323,Intermediate
Y267N,15,0.115099894861358,0.0734591245330137,LOA
Y267P,22,-0.0164039111420122,0.0296142954851468,LOA
Y267Q,30,0.290157319617001,0.0665146652242268,Intermediate
Y267R,23,-0.0156607627491681,0.0256418527147455,LOA
Y267S,24,0.011556765839287,0.0305856514673866,LOA
Y267T,39,0.350745145332489,0.0756815983728696,Intermediate
Y267V,30,0.411227630259409,0.0503392062817225,Intermediate
Y267W,24,0.722714234619344,0.0380610369243181,Intermediate
C268*,31,0.0138785183367524,0.071220806838761,LOA
C268A,24,1.0405379581472,0.0611881888263789,WTL
C268D,17,-0.0277610973576439,0.0217817865119459,LOA
C268E,30,-0.0152605182370198,0.0194935957179213,LOA
C268F,22,0.776464019199492,0.0737794821933357,Intermediate
C268G,26,0.958175583973831,0.050811292701389,WTL
C268H,22,-0.0211504139143537,0.0259259824611403,LOA
C268I,13,0.620148019889841,0.059963821316821,Intermediate
C268K,18,-0.0246777661965073,0.0356481382316834,LOA
C268L,19,0.558400912815079,0.0538131332758042,Intermediate
C268M,25,0.670555358067857,0.0843898295759675,Intermediate
C268N,22,-0.0214963179275947,0.0200882460391531,LOA
C268P,18,-0.0304396941547638,0.0157665656819262,LOA
C268Q,22,-0.0151200287822817,0.0230517485849339,LOA
C268R,21,-0.031675159776995,0.0132035399700897,LOA
C268S,21,0.886495997611974,0.0610368150276104,Intermediate
C268T,25,0.760002247995718,0.0873468351080318,Intermediate
C268V,24,0.940667596085024,0.0617971153968719,possibleWTL
C268W,21,-0.00612806307581344,0.030451165503617,LOA
C268Y,20,0.0179890081933613,0.028628881960334,LOA
V269*,35,0.0103336243839371,0.0577575259136506,LOA
V269A,22,0.605297829288511,0.0692260023225631,Intermediate
V269C,35,0.683802977525724,0.0491862261965546,Intermediate
V269D,27,0.265199967885434,0.0713817770833359,Intermediate
V269E,21,0.790830305702854,0.0795011085565006,Intermediate
V269F,20,0.0474007656056168,0.0537973235700735,LOA
V269G,14,0.240799847386441,0.0897887753849688,possibleLOA
V269H,24,0.385497579742257,0.0733058109209855,Intermediate
V269I,18,0.90719088188577,0.0730401362514446,possibleWTL
V269K,26,0.364018609674601,0.0703820296819276,Intermediate
V269L,21,0.518579919755514,0.0562069385444924,Intermediate
V269M,20,0.517527565024677,0.112170491639998,Intermediate
V269N,25,0.47673875796085,0.050261577200564,Intermediate
V269P,29,-0.0159314104288423,0.0340122448403317,LOA
V269Q,28,0.710213157658031,0.0516672890152303,Intermediate
V269R,33,0.352214786301792,0.0845121590900915,Intermediate
V269S,24,0.469300851769325,0.0914671987351411,Intermediate
V269T,21,0.679763770170999,0.0638196040809651,Intermediate
V269W,24,0.279184957544226,0.11293350542653,Intermediate
V269Y,23,0.377698943075213,0.0814301344256994,Intermediate
T270*,19,0.020035349951436,0.108396075751971,LOA
T270A,27,0.708821501869282,0.0679826525239618,Intermediate
T270C,18,0.935113313023811,0.0456168206209411,possibleWTL
T270D,28,0.366506711492302,0.0590071238923699,Intermediate
T270E,32,0.700926934833196,0.0488698369343532,Intermediate
T270F,22,0.428355906338992,0.0632534309639518,Intermediate
T270G,27,0.53637815755781,0.0425722653754607,Intermediate
T270H,20,0.406405398340383,0.0842645860888474,Intermediate
T270I,13,0.938633519579863,0.0847938667069273,possibleWTL
T270K,25,0.42441603193793,0.077099200212657,Intermediate
T270L,31,0.726064058434335,0.0558038588922826,Intermediate
T270M,17,0.889940033519515,0.0547151760613288,Intermediate
T270N,31,0.430948494684477,0.0892282750862083,Intermediate
T270P,23,0.0318024014319112,0.0403983954648425,LOA
T270Q,13,0.667319812079476,0.106952198198139,Intermediate
T270R,21,0.426340248006755,0.0759910062745987,Intermediate
T270S,27,0.768170895724132,0.0442171449690259,Intermediate
T270V,26,1.00007460678147,0.0546712745137076,WTL
T270W,31,0.551195806172351,0.0409901085077053,Intermediate
T270Y,22,0.560692118462611,0.0498383334570183,Intermediate
R271*,24,0.0553611650083136,0.120019244769123,LOA
R271A,19,1.04704162348468,0.0684685215720954,WTL
R271C,20,0.965118652598503,0.0606273133249844,WTL
R271D,22,-0.00999679566742757,0.0239786284465603,LOA
R271E,12,0.649243776106789,0.0854808283227175,Intermediate
R271F,28,0.805096964689427,0.0435732865155993,Intermediate
R271G,24,0.796407360733624,0.0636873796615943,Intermediate
R271H,17,1.03120986698154,0.0670572970118537,WTL
R271I,21,0.37663426622533,0.0604964153790576,Intermediate
R271K,20,1.11266471284084,0.0486901501991911,WTL
R271L,26,0.823488628378767,0.0915177795237043,Intermediate
R271M,24,1.04394182652231,0.0531070744243488,WTL
R271N,15,0.991800086632131,0.0463313916545303,WTL
R271P,23,-0.0239143294264136,0.0107106322212753,LOA
R271Q,28,1.05067333013665,0.0441887764100938,WTL
R271S,25,1.04830499455149,0.0445040460419665,WTL
R271T,22,0.844400296051496,0.0636271064698336,Intermediate
R271V,21,0.615563910441008,0.090327830495528,Intermediate
R271W,18,0.310949639877564,0.0628435535196867,Intermediate
R271Y,17,0.816476075607133,0.0696024832445239,Intermediate
L272*,36,0.0285864204984306,0.112051748126247,LOA
L272A,32,-0.00999237731433217,0.0192931387253078,LOA
L272C,28,0.0974043628431474,0.0675138296971746,LOA
L272D,26,-0.0161348411270089,0.0158830634983493,LOA
L272E,37,-0.0137302939968638,0.0232813339323013,LOA
L272F,29,0.119781424294214,0.0618365816847232,LOA
L272G,25,-0.0252529412645683,0.0150178070531066,LOA
L272H,45,0.0965841393067364,0.0542190997600827,LOA
L272I,21,0.906344813795214,0.0611304646872678,possibleWTL
L272K,28,-0.024555196079693,0.0153129538040151,LOA
L272M,31,0.996236931526524,0.0382842205605252,WTL
L272N,30,-0.0238118694389906,0.012269315631699,LOA
L272P,49,-0.0153119631133191,0.0209177117455511,LOA
L272Q,30,0.0268788516864191,0.0292552989915257,LOA
L272R,39,-0.00862547064144528,0.0174407960516097,LOA
L272S,39,-0.0199258869319973,0.0153831892275309,LOA
L272T,30,-0.0269843351834943,0.0120367246658647,LOA
L272V,31,0.108534384364651,0.0638435347819263,LOA
L272W,8,-0.0266899536598194,0.0272584298095691,LOA
L272Y,30,-0.0132607865522219,0.0162329382538129,LOA
N273*,26,0.0192149053129122,0.057454697795822,LOA
N273A,1,0.409750396412816,0.146717150897253,Intermediate
N273C,8,0.336576766031373,0.0654565441670182,Intermediate
N273D,11,0.579710431168984,0.0835432427340449,Intermediate
N273E,10,0.320328276801114,0.0861874353700407,Intermediate
N273F,26,0.544287718834719,0.0471186022070873,Intermediate
N273G,10,0.259250912952965,0.0623193850360529,possibleLOA
N273H,15,0.37057758089953,0.091151331464384,Intermediate
N273I,22,0.429239247747694,0.0586148668821552,Intermediate
N273K,34,0.371365433738177,0.106492881785375,Intermediate
N273L,31,0.413164938813523,0.0654237218693779,Intermediate
N273M,34,0.55740617626704,0.0684972549080601,Intermediate
N273P,28,-0.0234249299217985,0.0140235426905413,LOA
N273Q,23,0.406038157460281,0.0721903197580297,Intermediate
N273R,11,0.39885565036994,0.123213891614612,Intermediate
N273S,2,0.416933346188891,0.0694739978639973,Intermediate
N273T,28,0.366221844784625,0.0787600515830581,Intermediate
N273V,12,0.349019112986266,0.105730783789125,Intermediate
N273W,26,0.667549876787585,0.0432164257285999,Intermediate
N273Y,26,0.653977536143368,0.0373782131790704,Intermediate
D274*,20,-0.0113970764036716,0.0256473144720941,LOA
D274A,14,0.522206564101928,0.0810025261525697,Intermediate
D274C,21,0.597253454347655,0.0967070741670253,Intermediate
D274E,21,0.890304385845418,0.0777163918633349,possibleWTL
D274F,21,0.442599730874711,0.0580098777275303,Intermediate
D274G,15,0.492816589975714,0.0862138665164997,Intermediate
D274H,15,0.430798232698736,0.106769884068804,Intermediate
D274I,19,0.438440797348473,0.0990210603652896,Intermediate
D274K,20,0.39287752324299,0.101794349137038,Intermediate
D274L,22,0.759798981947667,0.0648189000017235,Intermediate
D274M,22,0.805016638793956,0.0501152976019093,Intermediate
D274N,27,0.669689579912052,0.0665725251352982,Intermediate
D274P,13,-0.0256596243647165,0.0190436384025091,LOA
D274Q,27,0.512218096674795,0.0824799920775764,Intermediate
D274R,23,0.351911079480689,0.101782038195216,Intermediate
D274S,26,0.556392890040205,0.0762132185119394,Intermediate
D274T,29,0.566244754583039,0.078406297456477,Intermediate
D274V,25,0.493439570410873,0.0678481362426203,Intermediate
D274W,25,0.310845627215091,0.0920471800191987,Intermediate
D274Y,15,0.388145732312959,0.0968637846229823,Intermediate
R275*,27,0.0152636901413838,0.0683760405657827,LOA
R275A,13,-0.0265711523118205,0.0218047747181126,LOA
R275C,20,-0.00531125773581036,0.0240705804128435,LOA
R275D,26,-0.0256578336802277,0.0158388264987001,LOA
R275E,12,-0.0333375719090145,0.0161458727219904,LOA
R275F,22,-0.00153176579464222,0.0290135609577871,LOA
R275G,16,0.0483245696809296,0.0422755360196408,LOA
R275H,20,0.449859155783041,0.0480986363172126,Intermediate
R275I,18,-0.0249437043830623,0.0212385528597214,LOA
R275K,26,0.508447163807609,0.053844945869542,Intermediate
R275L,26,0.0060446146204196,0.029452274473526,LOA
R275M,24,0.168358629732011,0.0756787899939962,LOA
R275N,20,0.0413422589857913,0.0597594408945111,LOA
R275P,24,-0.0112999576775119,0.0300837677846114,LOA
R275Q,21,0.0865893847821383,0.0658496337452126,LOA
R275S,23,-0.0148682664390488,0.020234897459044,LOA
R275T,21,-0.0227083944497793,0.0162788233092302,LOA
R275V,21,-0.0236531121292386,0.0144410291701295,LOA
R275W,17,-0.0220033164772082,0.0212229785352411,LOA
R275Y,21,-0.0208468108925522,0.0223770707139319,LOA
Q276*,33,0.0938592035976571,0.205323327338799,possibleLOA
Q276A,27,1.06767599672027,0.0464874350184484,WTL
Q276C,26,1.00303526269858,0.0640964689318645,WTL
Q276D,23,0.925521928014703,0.0797620501391577,possibleWTL
Q276E,41,0.985744846440959,0.0394130756170695,WTL
Q276F,18,0.762570135131491,0.0797107626789049,Intermediate
Q276G,32,1.00734138521491,0.0441654730921779,WTL
Q276H,29,0.870908977978352,0.0665522347062555,Intermediate
Q276I,24,0.690212775221148,0.0852335607666474,Intermediate
Q276K,31,0.926380877337906,0.0519691529629643,possibleWTL
Q276L,22,0.955819312913185,0.0480667382156233,WTL
Q276M,15,0.998128672463013,0.068347407371539,WTL
Q276N,26,0.920155457893231,0.0651963479736394,possibleWTL
Q276P,24,-0.033841289688719,0.0130687730263054,LOA
Q276R,27,0.892776108854484,0.0741923950482949,possibleWTL
Q276S,25,0.937049335237733,0.0327852305203591,WTL
Q276T,26,0.948965257619429,0.0461950068182458,WTL
Q276V,31,0.853972808896154,0.0446617573120645,Intermediate
Q276W,28,0.511536640815553,0.0580600924233599,Intermediate
Q276Y,26,0.708921741839341,0.0568220675288234,Intermediate
F277*,27,0.00612016319554689,0.0656858563198665,LOA
F277A,21,-0.023935449786116,0.0180867727022714,LOA
F277C,23,0.116791900672904,0.075151780862199,LOA
F277D,27,-0.0105839745743121,0.0226317611630295,LOA
F277E,29,-0.021504615553679,0.0196781416989834,LOA
F277G,14,-0.0120634302305748,0.0233044095256552,LOA
F277H,25,-0.0241491606429279,0.0143054152207709,LOA
F277I,22,0.687499084665069,0.0625332631204616,Intermediate
F277K,29,-0.0234253116429451,0.0119906135083004,LOA
F277L,11,0.990260764827312,0.0777002862556902,WTL
F277M,27,0.898189093554991,0.0678723333500072,possibleWTL
F277N,27,-0.0220640768418429,0.00938547743493705,LOA
F277P,23,-0.00469224044540996,0.0273670586016271,LOA
F277Q,37,-0.0297673410338487,0.0189740163300416,LOA
F277R,32,-0.0292181175257958,0.017821458786139,LOA
F277S,23,-0.0294395700050106,0.0151939005645979,LOA
F277T,26,-0.0188425041768958,0.0315812822789057,LOA
F277V,30,0.446601862307831,0.0946356512033938,Intermediate
F277W,29,0.947512965789191,0.0487715817641676,WTL
F277Y,36,0.989321242978176,0.0455080252509189,WTL
V278*,30,-0.0171061219893986,0.0327145872474453,LOA
V278A,26,0.941637677415983,0.0430992380873678,WTL
V278C,25,0.966781183459654,0.0398718157614733,WTL
V278D,23,0.879280840900372,0.0723989449344717,Intermediate
V278E,21,0.956937965535961,0.0573364053754883,WTL
V278F,26,0.893804457373739,0.0800602130621867,possibleWTL
V278G,34,0.525785252138327,0.0614713075612549,Intermediate
V278H,29,0.971771789719665,0.0599547563161217,WTL
V278I,33,1.001541968169,0.075197086986588,WTL
V278K,20,0.902995929631015,0.0841573634426397,possibleWTL
V278L,20,0.940305416897341,0.0688455318380296,possibleWTL
V278M,23,0.949799502839188,0.0389697705990965,WTL
V278N,27,0.821309384178549,0.0530665689300504,Intermediate
V278P,16,0.195644535514981,0.0685600545176435,possibleLOA
V278Q,30,0.983571766870262,0.0576597945536265,WTL
V278R,14,0.841626925221753,0.0784524395934947,Intermediate
V278S,33,0.918103325441706,0.0406819206865068,possibleWTL
V278T,34,0.928684484259455,0.0564994097396811,possibleWTL
V278W,32,0.837166782732737,0.0605728475343755,Intermediate
V278Y,20,0.941264468611667,0.0676660008681403,possibleWTL
H279*,20,0.0394341897236411,0.0887959560525472,LOA
H279A,11,0.91160515726225,0.0867528351482486,possibleWTL
H279C,19,0.909488212192087,0.0635981148096805,possibleWTL
H279D,15,0.82776980724727,0.0555150004265635,Intermediate
H279E,10,0.963431369733679,0.0633397000999911,WTL
H279F,26,1.00815630211577,0.0611377866568313,WTL
H279G,17,0.899537115925785,0.0943584298056969,possibleWTL
H279I,23,0.709760238619616,0.0595308305422877,Intermediate
H279K,12,1.01913565905434,0.0818377349193789,WTL
H279L,15,0.92906695946151,0.0398674128466772,possibleWTL
H279M,23,0.91656497738028,0.0784352901478253,possibleWTL
H279N,17,0.94931459005404,0.0461021918159301,WTL
H279P,18,0.924440525674656,0.0496541476103085,possibleWTL
H279Q,14,0.934239792400085,0.0641630571731336,possibleWTL
H279R,24,0.99924663833862,0.0448538843271334,WTL
H279S,21,0.901848700159895,0.0620679670256019,possibleWTL
H279T,16,0.772227644505504,0.0626326468239836,Intermediate
H279V,27,0.802506101135508,0.0547010769883326,Intermediate
H279W,37,0.958376356311809,0.0297961734228088,WTL
H279Y,31,1.04053105326375,0.0435854984582478,WTL
D280*,10,0.00571300722244061,0.0396041382056242,LOA
D280A,20,0.919110484285318,0.0861500411198732,possibleWTL
D280C,17,0.931545872625756,0.0861485689021235,possibleWTL
D280E,16,0.973399412555439,0.0937267320331681,possibleWTL
D280F,11,0.804953078858589,0.0737988424448639,Intermediate
D280G,20,0.774680114415633,0.0606061784122544,Intermediate
D280H,19,0.94871916391946,0.0710671174029241,possibleWTL
D280I,16,1.01950556403254,0.0804466183282958,WTL
D280K,16,0.942715676434289,0.070220538147964,possibleWTL
D280L,13,1.00429980482799,0.0778634361482699,WTL
D280M,17,0.976672799605976,0.0790873490470594,WTL
D280N,23,0.941117280047347,0.0502095852952479,WTL
D280P,24,-0.0274823751622824,0.0183646475006198,LOA
D280Q,9,0.967782258902771,0.0704940715277627,WTL
D280R,18,0.828352583756737,0.0771594251529322,Intermediate
D280S,20,0.950984987161002,0.0546763447341242,WTL
D280T,18,0.981941806253952,0.0677427215713987,WTL
D280V,21,1.0206086218419,0.0819751333556704,WTL
D280W,13,0.82353165953712,0.103668399044362,Intermediate
D280Y,17,0.92029556549479,0.0505827745082249,possibleWTL
P281*,24,0.0259384358527633,0.0993403584323779,LOA
P281A,17,0.937753848570691,0.0750049205314397,possibleWTL
P281C,29,0.820174378453881,0.0564214650793315,Intermediate
P281D,20,1.00448301993079,0.0600053857226211,WTL
P281E,30,0.948626572816083,0.0535515958023873,WTL
P281F,22,0.788763742626871,0.0503902471207324,Intermediate
P281G,14,0.961460639737825,0.0684031286890718,WTL
P281H,29,0.878154304501231,0.0661947680518695,Intermediate
P281I,22,0.858411426606252,0.0551673761050287,Intermediate
P281K,21,0.965472767715684,0.0586262313258607,WTL
P281L,23,0.889394212424662,0.0556492061080038,Intermediate
P281M,20,0.856947447499988,0.0592780561363258,Intermediate
P281N,29,0.914735953836332,0.0853276749265607,possibleWTL
P281Q,26,0.872143365111797,0.0591755561408372,Intermediate
P281R,27,0.859723489833242,0.0364858264724426,Intermediate
P281S,28,0.96033512649261,0.0563129503199908,WTL
P281T,22,0.95882331730275,0.0692664413944485,possibleWTL
P281V,21,0.823925365588575,0.0709983616323357,Intermediate
P281W,32,0.758433220414056,0.0548172391639347,Intermediate
P281Y,30,0.813604429023554,0.0411467072704104,Intermediate
Q282*,20,-0.00181244306099575,0.0782302200851526,LOA
Q282A,34,1.00849348549011,0.0350804739161351,WTL
Q282C,23,0.973307840858976,0.0541720711235631,WTL
Q282D,24,1.00415982724682,0.0482459844268291,WTL
Q282E,18,0.989764837271569,0.0637388742233805,WTL
Q282F,29,0.932006128987424,0.0475745608943856,possibleWTL
Q282G,24,0.640440360953621,0.0702735156586465,Intermediate
Q282H,23,0.962556736254909,0.0700965555646169,WTL
Q282I,13,0.995134523513961,0.0954041468296223,WTL
Q282K,28,1.01244221692892,0.0609176358141013,WTL
Q282L,31,0.974047229462169,0.0432966200454912,WTL
Q282M,32,0.964827590009259,0.0510990889520742,WTL
Q282N,18,1.03329865613277,0.0875897723475111,WTL
Q282P,28,0.930632690669266,0.0461201143653426,possibleWTL
Q282R,30,0.915274638898722,0.0651223108281883,possibleWTL
Q282S,24,1.01870929491465,0.0584157579000438,WTL
Q282T,24,0.997369451934159,0.0616708763384188,WTL
Q282V,20,0.966188574309312,0.0505201052022593,WTL
Q282W,8,0.820651011919993,0.118693259587253,Intermediate
Q282Y,21,0.917174704606692,0.0547453680640006,possibleWTL
L283*,29,0.0598781265498884,0.159213041982419,LOA
L283A,29,0.931211188243132,0.0466708288951748,possibleWTL
L283C,23,0.941478953493058,0.0520174984458471,possibleWTL
L283D,24,0.822864534702224,0.0421996988302451,Intermediate
L283E,27,0.88729942029797,0.0603183203138835,Intermediate
L283F,21,1.00751377297419,0.0405740450291132,WTL
L283G,35,0.979416095237138,0.0289042252426476,WTL
L283H,19,0.975333855904303,0.0774090260914822,WTL
L283I,19,1.10304432595856,0.0728028323098289,WTL
L283K,38,0.84782102098617,0.033505111028367,Intermediate
L283M,31,0.962276541637961,0.0451259004644899,WTL
L283N,23,1.01146454676616,0.0388839776799531,WTL
L283P,15,0.0224736315518406,0.0454555738026258,LOA
L283Q,19,0.920466715533351,0.0553517299513272,possibleWTL
L283R,26,0.930805059536175,0.057020182542254,possibleWTL
L283S,18,0.982655338816625,0.0884542885617272,WTL
L283T,29,0.93506287740701,0.0550345151896107,possibleWTL
L283V,23,1.00638658731413,0.0613175227423794,WTL
L283W,20,0.874943054220834,0.0521192183685338,Intermediate
L283Y,27,1.02096699100296,0.066264218138146,WTL
G284*,25,-0.0181930440934239,0.0182467388225606,LOA
G284A,27,0.286234158446023,0.0997691964076617,Intermediate
G284C,27,0.109321060677682,0.0682850923510929,LOA
G284D,29,0.257255826372737,0.0958382333438378,possibleLOA
G284E,21,0.335126989464722,0.0756971182353058,Intermediate
G284F,21,0.289214904402604,0.0848041051330943,Intermediate
G284H,13,0.363426614333374,0.101084448838481,Intermediate
G284I,23,-0.0212882934670167,0.0162242594164838,LOA
G284K,29,0.378613564511082,0.0820778984559914,Intermediate
G284L,23,-0.00363809364717248,0.0303621385732793,LOA
G284M,26,0.138159902996061,0.0706030724588597,LOA
G284N,23,0.646914393942119,0.0964780022985286,Intermediate
G284P,22,-0.0171146348268856,0.0153507029282876,LOA
G284Q,30,0.517211593763219,0.0890706299216862,Intermediate
G284R,21,0.437946780535632,0.0691869083401656,Intermediate
G284S,22,0.497637949229156,0.0978555636789288,Intermediate
G284T,21,0.300398284213287,0.0880839343689636,Intermediate
G284V,38,-0.00661462630973867,0.0111739807558628,LOA
G284W,19,0.00574718745551564,0.0247281562141714,LOA
G284Y,21,0.388904112307751,0.0829705332729458,Intermediate
Y285*,17,0.0616969125393151,0.138437232568288,LOA
Y285A,18,0.301361964974808,0.0668145484531775,Intermediate
Y285C,26,0.284924983949162,0.0811957660540129,Intermediate
Y285D,24,0.039548014010295,0.0381843159552605,LOA
Y285E,32,-0.0195152987036136,0.0122689689161399,LOA
Y285F,26,0.932174214701244,0.0374755549939288,WTL
Y285G,30,-0.0148373769606727,0.0293594178417917,LOA
Y285H,14,0.686479993857126,0.0915649359574433,Intermediate
Y285I,22,0.649712537066617,0.0539479335062409,Intermediate
Y285K,22,-0.0240496189510303,0.0208103652854845,LOA
Y285L,13,0.576994906863931,0.0476910676433349,Intermediate
Y285M,22,0.488942502506581,0.0520805249539134,Intermediate
Y285N,22,0.199054848562218,0.0591907640285267,LOA
Y285P,15,0.47000849495858,0.0714958248391821,Intermediate
Y285Q,13,0.00107926216344889,0.0390089530217469,LOA
Y285R,33,0.0437463311968954,0.0427654680482369,LOA
Y285S,21,0.171009422720567,0.0654863992755182,LOA
Y285T,17,0.448833197273283,0.0869334418666921,Intermediate
Y285V,35,0.535102620788254,0.0763805810397348,Intermediate
Y285W,23,1.01928243074748,0.0587565654869099,WTL
S286*,40,-0.0195363961023231,0.0190059222227741,LOA
S286A,6,0.184859613197883,0.088333146558445,possibleLOA
S286C,9,0.0555932431836421,0.0673521942635093,LOA
S286D,13,-0.0269895135786203,0.0273711614236658,LOA
S286E,40,-0.026396451090897,0.0157227624473995,LOA
S286F,4,-0.0343669694334269,0.0111252178062443,LOA
S286G,8,-0.0254441745994597,0.0221530137134792,LOA
S286H,6,-0.0161114579145901,0.034409643110925,LOA
S286I,8,-0.0261958412360039,0.0187085980430996,LOA
S286K,27,-0.0236641964074511,0.0238944323136939,LOA
S286L,36,-0.0178118855523411,0.0163144016015418,LOA
S286M,29,-0.0221604344554273,0.0164799562462692,LOA
S286N,17,-0.0236789355285138,0.0200363148309824,LOA
S286P,10,-0.0114238572618988,0.0431033054545124,LOA
S286Q,10,-0.020781252914232,0.0291227016017617,LOA
S286R,35,0.00291989143689934,0.0369871666714049,LOA
S286T,6,1.05224834914349,0.0909797296494916,WTL
S286V,19,0.0992058529344392,0.065550216043347,LOA
S286W,32,-0.0161323806519265,0.0244502700758655,LOA
S286Y,13,-0.0227110507826486,0.0234017406947418,LOA
L287*,33,0.0169240043458828,0.078984962318142,LOA
L287A,32,0.231889608490118,0.0785799149005348,possibleLOA
L287C,17,0.212244631917861,0.0434777270389725,LOA
L287D,39,-0.0262957113267879,0.0184722597311107,LOA
L287E,40,-0.0216762586552169,0.0139241690662286,LOA
L287F,35,-0.0169036926690855,0.0291555709986355,LOA
L287G,27,-0.017916920149181,0.0215241565674569,LOA
L287H,29,-0.0121964807679815,0.0275337073844112,LOA
L287I,25,0.939453290847348,0.0447617212123013,WTL
L287K,36,-0.0218992252601924,0.0178280321657192,LOA
L287M,44,0.152020453994349,0.0611175698817209,LOA
L287N,34,-0.0234198639460128,0.0184211518225881,LOA
L287P,38,-0.0247560534296352,0.0148593530426134,LOA
L287Q,8,-0.0275560615559406,0.0280011208926074,LOA
L287R,31,-0.0106750009477485,0.0232183227824811,LOA
L287S,31,-0.0194516722908109,0.0188976002898458,LOA
L287T,30,0.286605843245886,0.076806117806334,Intermediate
L287V,38,0.98845159209398,0.0509386630228531,WTL
L287W,28,-0.0264033274188966,0.0183064245457685,LOA
L287Y,32,-0.0234628560125717,0.0168463704115092,LOA
P288*,40,-0.0194885704098436,0.029675429934603,LOA
P288A,41,0.904418688563334,0.0482422115304491,possibleWTL
P288C,40,0.736501035488132,0.0470751463903362,Intermediate
P288D,44,0.800860512337469,0.0444581708331181,Intermediate
P288E,58,0.890054637794423,0.0560098120601007,possibleWTL
P288F,43,0.544526235567198,0.0509127756650072,Intermediate
P288G,36,1.05443349510434,0.0336789347162838,WTL
P288H,22,0.718721850556522,0.0672373075169885,Intermediate
P288I,52,0.427286320069574,0.0428334350548447,Intermediate
P288K,30,0.74712588876811,0.0738745954723046,Intermediate
P288L,7,0.600739774534966,0.0869015834473291,Intermediate
P288M,53,0.831503436682226,0.0375261215058501,Intermediate
P288N,52,0.903583750545772,0.0317692811541805,possibleWTL
P288Q,36,0.861153421766832,0.0471383358688941,Intermediate
P288R,45,0.778353051686389,0.0471551290654108,Intermediate
P288S,25,0.949315009108343,0.0680824036179711,possibleWTL
P288T,36,0.844809910332251,0.0578827567735111,Intermediate
P288V,40,0.342301192800507,0.0564626966890021,Intermediate
P288W,47,0.231755277771252,0.0628308290922504,possibleLOA
P288Y,39,0.630027690671135,0.0384730290267169,Intermediate
C289*,6,-0.0248404686521227,0.0283288298561831,LOA
C289A,6,-0.0318716837717902,0.0134779951562496,LOA
C289D,3,-0.0427593829284985,0.0152117959566992,LOA
C289E,6,-0.0237575438202914,0.0292429618056104,LOA
C289F,9,-0.0227788824428573,0.0276563147908494,LOA
C289G,11,-0.0256858558562026,0.0163993941744036,LOA
C289H,1,-0.0463398713239935,0.0189323551538919,LOA
C289I,8,-0.0148356944280599,0.0468986981341471,LOA
C289K,2,-0.00459678946338551,0.0816010211647078,LOA
C289L,2,0.0485894508506168,0.220666722348924,possibleLOA
C289M,6,-0.0298387491348497,0.0289341406717582,LOA
C289N,3,-0.0480932484123505,0.0107551554653752,LOA
C289P,4,-0.0140125278621538,0.0404047791291859,LOA
C289Q,3,-0.0332912399673683,0.0250949791659768,LOA
C289R,6,-0.0397361972525362,0.0279949374846984,LOA
C289S,8,-0.00510209931788161,0.0499751704897128,LOA
C289T,10,-0.00522846954880944,0.0579897558766676,LOA
C289V,5,-0.0198695335963452,0.0356614154238911,LOA
C289W,5,-0.0312829848513886,0.0178975017205068,LOA
C289Y,2,0.00635809454073448,0.1403568325571,LOA
V290*,41,0.0119911408171912,0.0523689428769015,LOA
V290A,43,0.994093756870292,0.0515154198644831,WTL
V290C,34,0.940475613277276,0.0393817410219073,WTL
V290D,44,-0.0223967458867941,0.0120447969695992,LOA
V290E,22,-0.029785831694106,0.0137768806876239,LOA
V290F,31,0.742142654114713,0.0599229020578523,Intermediate
V290G,26,0.0177978978210718,0.0279395421746156,LOA
V290H,27,-0.0249571565759713,0.00942686662582436,LOA
V290I,26,0.949395836989536,0.0508065006005576,WTL
V290K,26,0.413276299928455,0.0683163956736602,Intermediate
V290L,22,0.82072890260928,0.0557432576944631,Intermediate
V290M,7,0.721725410375681,0.10245456453518,Intermediate
V290N,41,0.393546544727103,0.0807899759087732,Intermediate
V290P,37,1.1133213037228,0.0481308932956668,WTL
V290Q,19,0.280641921803242,0.0792325307666625,Intermediate
V290R,31,0.523855944665032,0.0367011049712678,Intermediate
V290S,37,0.648364296253271,0.0745379619682213,Intermediate
V290T,35,0.836354617967211,0.0519179472964364,Intermediate
V290W,27,0.567219253783728,0.048788711505799,Intermediate
V290Y,34,0.813013621073743,0.0467622750786547,Intermediate
A291*,33,0.0640944723080138,0.148779444951251,LOA
A291C,26,0.99182846119836,0.0549850971778021,WTL
A291D,18,0.700064084357511,0.0901696202201979,Intermediate
A291E,33,0.371818982812661,0.0852634931488785,Intermediate
A291F,25,0.916955021519589,0.0323535300322516,possibleWTL
A291G,21,0.882981944864716,0.0540265598012529,Intermediate
A291H,20,0.778756932778783,0.0520625518920961,Intermediate
A291I,16,0.729426908626289,0.0557880322987685,Intermediate
A291K,23,0.974694146900549,0.0611771763050482,WTL
A291L,25,0.894644141735107,0.0732368535699151,possibleWTL
A291M,16,1.02725020317829,0.0693761790960025,WTL
A291N,23,0.975588330139115,0.0833003296472189,WTL
A291P,25,-0.0195472731619449,0.0234225686973188,LOA
A291Q,12,0.756635544335587,0.0534325199921267,Intermediate
A291R,29,0.882425305786429,0.0370468060174209,Intermediate
A291S,28,0.875937528605492,0.0616065437250999,Intermediate
A291T,30,0.694815243735185,0.0612562874012297,Intermediate
A291V,20,0.893689043155883,0.0498041513422087,possibleWTL
A291W,22,0.682303492876293,0.0535799200524121,Intermediate
A291Y,21,0.963147175317948,0.0648295222605602,WTL
G292*,5,-0.00073710298031963,0.0708125056448677,LOA
G292A,6,0.892990219986407,0.11400226520285,possibleWTL
G292C,2,0.64415161859991,0.125361530547935,Intermediate
G292D,12,0.842914693349495,0.114976049390615,Intermediate
G292E,11,0.843564186341678,0.0536143567004829,Intermediate
G292F,6,0.441800708168485,0.117891038649155,Intermediate
G292H,8,0.779417664493763,0.0733714339430418,Intermediate
G292I,3,0.112071644568216,0.124441404792146,LOA
G292K,10,0.769551921939908,0.0986324908787077,Intermediate
G292L,4,0.759462146973428,0.111279675971155,Intermediate
G292M,13,0.821493059602599,0.0712428808524719,Intermediate
G292N,17,0.928269708402401,0.0535177056136158,possibleWTL
G292P,4,-0.0211639357592915,0.0327491044422418,LOA
G292Q,11,0.910420835134035,0.0796517043190081,possibleWTL
G292R,11,0.743772551354803,0.0861406190729612,Intermediate
G292S,8,0.895321039735576,0.0891197615146907,possibleWTL
G292T,7,0.67968556821786,0.149348886008,Intermediate
G292V,4,0.229472226810062,0.111058608980281,possibleLOA
G292W,12,0.284697775348611,0.0912393397180019,Intermediate
G292Y,7,0.528483790820345,0.0666787068323517,Intermediate
C293*,13,0.0640966006168235,0.136345682260261,LOA
C293A,4,-0.0276210552996959,0.0265000512854815,LOA
C293D,10,-0.0135207668654092,0.0372481123599279,LOA
C293E,19,-0.0109791532940038,0.0366337347069676,LOA
C293F,1,-0.0390186011469982,0.0212017515932557,LOA
C293G,6,-0.0211949801327274,0.0357474432420793,LOA
C293H,8,-0.0290001699785406,0.0227028462106808,LOA
C293I,4,-0.00140499752454795,0.0651564536698439,LOA
C293K,10,-0.0331900175041597,0.0255656141980498,LOA
C293L,4,-0.0134161312515433,0.0619990476100403,LOA
C293M,12,-0.00111595902554568,0.0510107029894044,LOA
C293N,12,-0.0217425035509585,0.0185239421080619,LOA
C293P,6,-0.0251371313580272,0.0345012869302249,LOA
C293Q,13,-0.026538986633886,0.0226654070159745,LOA
C293R,7,-0.0167421766521725,0.0413432372732435,LOA
C293S,12,-0.0265859150539093,0.0183412938132319,LOA
C293T,4,-0.0175864067534184,0.0366098294187566,LOA
C293V,12,-0.0330436678363185,0.0204246529395285,LOA
C293W,14,-0.029073972898632,0.0168892265855939,LOA
C293Y,13,-0.0275946408564325,0.0149245922239477,LOA
P294*,16,-0.00799438814838371,0.0355816430278872,LOA
P294A,10,1.04039580596865,0.0599976236933795,WTL
P294C,10,0.855518410884734,0.0843829443084429,Intermediate
P294D,11,1.02329483614609,0.0876484758521132,WTL
P294E,10,0.993536640258857,0.129834528636611,possibleWTL
P294F,4,0.759065237192509,0.166844485392998,Intermediate
P294G,6,1.00752778747556,0.139422815963486,possibleWTL
P294H,33,0.94218027659393,0.0517730578609947,WTL
P294I,4,0.841016440350102,0.156829966136682,Intermediate
P294K,9,0.852599057755741,0.0849698943678239,Intermediate
P294L,5,0.631441746252106,0.14836635394263,Intermediate
P294M,10,0.854941067796415,0.0900386692242053,Intermediate
P294N,6,0.873939245436929,0.0788706254570004,Intermediate
P294Q,7,0.926336529265388,0.139889442547364,possibleWTL
P294R,8,0.834239520147015,0.103575350891872,Intermediate
P294S,6,0.994725746644455,0.0874282119573574,WTL
P294T,3,0.997822824321518,0.13930764494917,possibleWTL
P294V,9,0.973905012587617,0.093967042579215,possibleWTL
P294W,7,0.493013810515466,0.0925114883187333,Intermediate
P294Y,14,0.810721612772104,0.0655626263568668,Intermediate
N295*,9,-0.0144542055749886,0.0301944056228388,LOA
N295A,12,0.861554263662469,0.0835836124921992,Intermediate
N295C,3,0.636004135527743,0.150310063214065,Intermediate
N295D,13,1.02352090187816,0.0890620369921195,WTL
N295E,17,1.00869779757018,0.0502007385115991,WTL
N295F,5,0.791454816341329,0.160051957412816,Intermediate
N295G,9,0.93753569883034,0.0942514073932614,possibleWTL
N295H,10,0.839139195584868,0.0783436112387431,Intermediate
N295I,10,0.286427300410227,0.0839429669380788,Intermediate
N295K,24,0.927449140068436,0.078759993232571,possibleWTL
N295L,17,0.70385241941903,0.0898876687419861,Intermediate
N295M,9,0.878297892451114,0.0886409574408364,Intermediate
N295P,5,-0.0236248307320819,0.0385051620255039,LOA
N295Q,11,0.905572028324604,0.107090966392706,possibleWTL
N295R,13,0.840989361682461,0.0695913554301093,Intermediate
N295S,8,0.951286785539838,0.0682427203032377,possibleWTL
N295T,11,0.798207569135467,0.116625897096544,Intermediate
N295V,11,0.568047305330453,0.0880951352075329,Intermediate
N295W,8,0.467718091227949,0.0901748009298218,Intermediate
N295Y,6,0.73131612074416,0.099714394859199,Intermediate
S296*,39,-0.00905897841270721,0.0239509127528859,LOA
S296A,37,0.235644833119775,0.0562955790089888,possibleLOA
S296C,17,-0.0277950760255233,0.0143794065521435,LOA
S296D,31,-0.0231843416027869,0.0125739158681036,LOA
S296E,45,-0.0212170835904545,0.0108039992964026,LOA
S296F,24,0.282381168859963,0.0771513769647049,Intermediate
S296G,32,0.174887048963653,0.0808302806225438,LOA
S296H,40,-0.0142008473904863,0.0227987834061251,LOA
S296I,5,-0.0308363527243924,0.0420118248786385,LOA
S296K,28,-0.0169162946354016,0.0310648844181602,LOA
S296L,10,-0.0206403848210176,0.0183590401605396,LOA
S296M,41,-0.0281143832140222,0.0105428244620823,LOA
S296N,40,-0.0108268867971469,0.0137986443739966,LOA
S296P,40,-0.0196756147868072,0.0233936486052466,LOA
S296Q,24,-0.0230342211832502,0.0258969658152549,LOA
S296R,45,-0.0243180538279323,0.0127217595810359,LOA
S296T,26,0.328381496390571,0.077820133220651,Intermediate
S296V,38,-0.0141075154529584,0.0125021695416815,LOA
S296W,34,0.25234017002829,0.0865028619870991,possibleLOA
S296Y,35,0.816443819512889,0.0477753387587824,Intermediate
L297*,26,0.0171255133744531,0.0877212698304839,LOA
L297A,17,0.688267839630638,0.0631790488034361,Intermediate
L297C,17,0.748675782821491,0.0587366538862462,Intermediate
L297D,25,0.436271885088214,0.0584547632221578,Intermediate
L297E,19,0.737236416936098,0.080344620097584,Intermediate
L297F,19,0.750428187313202,0.057513844998924,Intermediate
L297G,26,0.221008917417562,0.0530603280282273,possibleLOA
L297H,23,0.64509504503117,0.0601378305600652,Intermediate
L297I,23,0.936748630257931,0.0784427290926614,possibleWTL
L297K,17,0.362543201222418,0.0647913016703077,Intermediate
L297M,33,0.922738552153479,0.0580900777845224,possibleWTL
L297N,21,0.768070863329144,0.0405291026563647,Intermediate
L297P,16,-0.0200470142480555,0.0299258474599454,LOA
L297Q,19,0.707816399424985,0.0933844868001455,Intermediate
L297R,22,0.376812442977634,0.0520571540569437,Intermediate
L297S,23,0.629275726617483,0.0774191421926595,Intermediate
L297T,19,0.886712940203201,0.0847070184272317,Intermediate
L297V,23,0.878256865752119,0.077164126492942,Intermediate
L297W,26,0.478241613103009,0.0596711616280957,Intermediate
L297Y,16,0.7185884515935,0.0667586570491901,Intermediate
I298*,33,-0.0243635483099782,0.0185394073237091,LOA
I298A,18,-0.0131932973075424,0.0436833806916044,LOA
I298C,29,-0.0182673112091702,0.0190659930135068,LOA
I298D,8,-0.0194073361256154,0.0351384868641225,LOA
I298E,20,-0.0246903180071127,0.0189788020954668,LOA
I298F,26,-0.0215238145522035,0.0167589761025132,LOA
I298G,28,-0.0235415625849243,0.0146454358615042,LOA
I298H,25,-0.0108032332589799,0.0279272087512837,LOA
I298K,20,-0.0296623920797281,0.0192014944686418,LOA
I298L,25,0.834276520803061,0.0720868414211658,Intermediate
I298M,29,0.782774016237626,0.0508172856401146,Intermediate
I298N,20,-0.0237191633505182,0.0216262624715463,LOA
I298P,14,-0.0321597499947518,0.0170647613650645,LOA
I298Q,21,-0.026355636393981,0.0274127153277554,LOA
I298R,21,-0.0193404529276296,0.0154480700952413,LOA
I298S,21,-0.00974694412844739,0.0279229227533634,LOA
I298T,28,-0.0147737712383408,0.0176882564915588,LOA
I298V,26,0.831729077440149,0.0554191238051126,Intermediate
I298W,33,-0.0214503346119296,0.0177096706651102,LOA
I298Y,26,-0.0174448966762211,0.0234981415910356,LOA
K299*,24,-0.0226245957004075,0.0201825536026395,LOA
K299A,22,0.850862622829801,0.101869230549122,Intermediate
K299C,27,0.72099483736981,0.0575023198567193,Intermediate
K299D,16,0.90847368000641,0.0659072206847792,possibleWTL
K299E,26,0.900407600099837,0.0578148681249879,possibleWTL
K299F,17,0.589104117154418,0.050188565854826,Intermediate
K299G,37,0.808070124936985,0.070391080791214,Intermediate
K299H,26,0.866839076750322,0.0396179332736764,Intermediate
K299I,20,0.624931306564329,0.0482191643548568,Intermediate
K299L,14,0.634477975974294,0.0664770553390906,Intermediate
K299M,28,0.791290073176366,0.0534375239161377,Intermediate
K299N,23,0.947510974276851,0.0920269469757227,possibleWTL
K299P,28,0.683891715403044,0.0611963002989868,Intermediate
K299Q,26,0.93066989833746,0.0609225246263562,possibleWTL
K299R,21,0.968551835498589,0.0700337311664776,WTL
K299S,20,0.973200194338694,0.0629024998152445,WTL
K299T,24,0.971361870509921,0.0507345857568345,WTL
K299V,28,0.678612923260159,0.0586778293907538,Intermediate
K299W,24,0.707493271034863,0.0828388659079883,Intermediate
K299Y,25,0.773752681709608,0.0543068943147381,Intermediate
E300*,26,-0.0248085972945233,0.0197890448212839,LOA
E300A,25,0.982953975292127,0.0634907577903251,WTL
E300C,20,0.831908547847047,0.0754179766273242,Intermediate
E300D,36,1.00783102810993,0.0492582428960108,WTL
E300F,26,0.647155181327158,0.0506427439763414,Intermediate
E300G,21,0.9205227478143,0.0659035032262292,possibleWTL
E300H,18,0.851415536197505,0.0734657685774737,Intermediate
E300I,22,0.397903229642921,0.0573891845206081,Intermediate
E300K,17,0.661905539696926,0.0698064411894698,Intermediate
E300L,29,0.448280858605472,0.0623072847766398,Intermediate
E300M,39,0.66387894211221,0.0719724182256503,Intermediate
E300N,22,0.968067788249131,0.0822122703237449,possibleWTL
E300P,37,1.05596797072027,0.0355793002263106,WTL
E300Q,28,0.900917995054825,0.0583758547710868,possibleWTL
E300R,28,0.535694047577588,0.0417383834312611,Intermediate
E300S,18,0.972775967582959,0.0406076142799287,WTL
E300T,36,0.868180348663578,0.0577679430400386,Intermediate
E300V,30,0.71428359057932,0.0641640416120441,Intermediate
E300W,25,0.595377799227206,0.0655335757058855,Intermediate
E300Y,30,0.764006231195977,0.0422611872091108,Intermediate
L301*,21,-0.00779546905390339,0.0259596916894152,LOA
L301A,20,0.936051155290729,0.0827001262791181,possibleWTL
L301C,29,0.844176335330066,0.0629222195852172,Intermediate
L301D,28,0.875295741962386,0.0675686595594963,Intermediate
L301E,34,0.937858777599488,0.0548008063647505,possibleWTL
L301F,25,0.899704895721441,0.0374286763268683,possibleWTL
L301G,20,0.867238125282793,0.0810437614033561,Intermediate
L301H,20,0.903353464308081,0.0498266282231228,possibleWTL
L301I,15,0.982606499802015,0.0786537359892625,WTL
L301K,22,0.915810655906339,0.0535808929171629,possibleWTL
L301M,23,0.969179543688855,0.04656097571472,WTL
L301N,22,0.914417353708232,0.0513376328303966,possibleWTL
L301P,18,0.939505703815447,0.0670437837585374,possibleWTL
L301Q,21,0.887700707994517,0.0786055245181402,Intermediate
L301R,16,0.78975337383254,0.0996833908162145,Intermediate
L301S,25,0.896370248111131,0.049219863130577,possibleWTL
L301T,27,1.02010756500088,0.058699927899248,WTL
L301V,24,0.924457793253645,0.0627964387959666,possibleWTL
L301W,16,0.641188176988133,0.0465697410649657,Intermediate
L301Y,22,0.836765263516755,0.0519463288116933,Intermediate
H302*,21,-0.0185697014357634,0.0255919420259543,LOA
H302A,18,1.04133320440616,0.100825431270585,WTL
H302C,26,0.957533308992408,0.05042512982315,WTL
H302D,11,1.14944244682259,0.118498561107295,WTL
H302E,20,1.17938923497946,0.069125515898811,WTL
H302F,24,0.885849828223272,0.0484308476852435,Intermediate
H302G,17,0.961238712434359,0.0990355584305039,possibleWTL
H302I,14,0.900518488410751,0.0945604840806553,possibleWTL
H302K,27,0.95924589181233,0.0388311313437935,WTL
H302L,29,0.910181740518732,0.0473787375256756,possibleWTL
H302M,15,0.946027620602981,0.0986589268157657,possibleWTL
H302N,30,1.06802802003281,0.0456848163832,WTL
H302P,33,0.74504310329754,0.0458424339141454,Intermediate
H302Q,29,1.09773722858482,0.0248985390672143,WTL
H302R,16,0.904945736508264,0.0853215426140287,possibleWTL
H302S,19,1.02995238587181,0.0775059017086703,WTL
H302T,28,1.03594332988538,0.0447795600132223,WTL
H302V,21,0.93111240479807,0.0742793198161913,possibleWTL
H302W,18,0.826940191228071,0.0466650725165084,Intermediate
H302Y,30,0.945525302115717,0.0628693979694491,possibleWTL
H303*,21,-0.020102040117315,0.0194526513092096,LOA
H303A,15,0.372709316593511,0.0917767273113967,Intermediate
H303C,29,0.62332549857057,0.0637753144612582,Intermediate
H303D,26,-0.0329397745943152,0.0114705355799894,LOA
H303E,26,-0.0220251185547189,0.0158231624668114,LOA
H303F,17,0.402202651348721,0.0902909627276384,Intermediate
H303G,19,-0.0194402619717461,0.0256298618497524,LOA
H303I,23,0.920597862499487,0.0430765749221901,possibleWTL
H303K,23,-0.0206587134299884,0.0193034655096575,LOA
H303L,26,0.813163727277762,0.0635201295673173,Intermediate
H303M,21,0.812807046738669,0.0618412020599422,Intermediate
H303N,27,0.0473027196566536,0.0329637242841399,LOA
H303P,30,-0.0162228074366183,0.0258468126502134,LOA
H303Q,30,0.0694408616747259,0.0430042148262465,LOA
H303R,36,-0.0234190906212242,0.0205573126780096,LOA
H303S,26,0.418856241733436,0.0677456475795218,Intermediate
H303T,20,0.998249815815673,0.0630786675339466,WTL
H303V,26,0.930182491312721,0.0700401909460586,possibleWTL
H303W,29,-0.0196414855573496,0.017121386945176,LOA
H303Y,26,0.811866927594617,0.0669856021665162,Intermediate
F304*,20,0.0499974836009784,0.159473303504481,LOA
F304A,15,-0.0073031116986542,0.0291397591100151,LOA
F304C,15,-0.0226174637931073,0.02534778153863,LOA
F304D,31,-0.0208558340254835,0.019287381872301,LOA
F304E,26,-0.0183356208577145,0.0225971983186486,LOA
F304G,23,-0.00804761368711386,0.0377005349291704,LOA
F304H,29,-0.0221120298457465,0.0178871479788933,LOA
F304I,19,0.00183832242336187,0.0301028803396886,LOA
F304K,37,-0.0236052934981948,0.0167191626676814,LOA
F304L,21,0.645784553798867,0.070304978591642,Intermediate
F304M,18,0.637329532982835,0.0737017330746215,Intermediate
F304N,26,-0.0242914490367603,0.0163847233633255,LOA
F304P,16,-0.0269638655428453,0.0215021502250892,LOA
F304Q,28,-0.0123309886020449,0.016558722856729,LOA
F304R,27,-0.0157387094633627,0.0253768898552591,LOA
F304S,20,-0.0144615728748934,0.0244457211854557,LOA
F304T,23,-0.0309364413379018,0.0174952989919623,LOA
F304V,21,-0.0191240855219532,0.0323398514936823,LOA
F304W,24,-0.0118129241196565,0.0222342545258531,LOA
F304Y,25,0.870057929038569,0.0507503923762103,Intermediate
R305*,27,0.0148306170257799,0.0726714976623248,LOA
R305A,18,0.979314263297037,0.0486381025456342,WTL
R305C,34,0.836048729560596,0.042507373551664,Intermediate
R305D,29,0.73043736878269,0.0495605042808788,Intermediate
R305E,21,1.01044701292308,0.0260088907221743,WTL
R305F,28,0.772082883568426,0.0841833477433113,Intermediate
R305G,32,0.849645541333558,0.0459857800602378,Intermediate
R305H,22,0.874763840761852,0.0675744534658868,Intermediate
R305I,23,0.845477445148968,0.0512181215564234,Intermediate
R305K,23,0.992145843542269,0.0479111007903457,WTL
R305L,20,0.883057038915706,0.0886194611876999,Intermediate
R305M,21,1.012960917847,0.0694811309933827,WTL
R305N,24,0.894971225320583,0.0687767491283285,possibleWTL
R305P,27,-0.0103187020437619,0.0292981111809725,LOA
R305Q,27,0.981002937269119,0.0560292623230426,WTL
R305S,24,0.958549228891085,0.0439182302384447,WTL
R305T,15,0.941726889804083,0.0936780234246125,possibleWTL
R305V,25,0.853213291889453,0.0498354351423084,Intermediate
R305W,36,0.804709720467387,0.0339955488106585,Intermediate
R305Y,20,0.815710434529696,0.055020780852563,Intermediate
I306*,17,0.0630721603408741,0.169218424990826,LOA
I306A,27,0.914499485108127,0.0863751073983065,possibleWTL
I306C,10,0.747103614480309,0.0737334837869478,Intermediate
I306D,22,-0.0306034956262111,0.0147676049037884,LOA
I306E,20,-0.0209531573243889,0.0141833465698548,LOA
I306F,21,0.504278996436522,0.0464896381646045,Intermediate
I306G,27,0.25034185600252,0.0876588616273686,possibleLOA
I306H,13,0.164507878355092,0.0719714467476981,LOA
I306K,18,-0.0239887262149351,0.0197541505526238,LOA
I306L,20,0.943845576082381,0.0699124298437393,possibleWTL
I306M,17,0.889346523541421,0.0787366725607881,Intermediate
I306N,17,0.00572246445431803,0.0373471850916709,LOA
I306P,24,-0.00491771318626932,0.0220431227409081,LOA
I306Q,10,0.316118013650803,0.0854793900980112,Intermediate
I306R,21,-0.0248969625977261,0.0217892791156876,LOA
I306S,14,0.660606829791296,0.0735628507108159,Intermediate
I306T,21,0.738657866514204,0.0355305539689904,Intermediate
I306V,17,0.883853264723175,0.070728655897149,Intermediate
I306W,15,0.175884335314996,0.0632697081008779,LOA
I306Y,26,0.229315220074522,0.0805966954632643,possibleLOA
L307*,36,0.00984311770498743,0.0654492596306291,LOA
L307A,21,0.973126780294121,0.0667164302402278,WTL
L307C,23,0.989517717952335,0.0866443576387562,WTL
L307D,29,-0.0232505502582854,0.0203541028328013,LOA
L307E,28,-0.0253938738565879,0.0123724068017562,LOA
L307F,18,0.515236239250827,0.0889985197299699,Intermediate
L307G,27,0.569263289967242,0.0736684416752061,Intermediate
L307H,34,0.0167488647232525,0.0316175369114733,LOA
L307I,23,1.01558565094753,0.0536675161646301,WTL
L307K,24,-0.0131154245019862,0.0230665259045319,LOA
L307M,31,0.883317641111152,0.0445813746256903,Intermediate
L307N,28,0.515905428540144,0.101578561116983,Intermediate
L307P,27,0.542134657500608,0.0866910235729308,Intermediate
L307Q,21,-0.0174751992397595,0.0218887622688684,LOA
L307R,29,-0.0252957255719791,0.0172427907506759,LOA
L307S,35,0.615468211464466,0.107386925531825,Intermediate
L307T,22,0.773732708867032,0.114801694933435,Intermediate
L307V,30,0.843551119750252,0.0512204285135426,Intermediate
L307W,21,0.0726718634275238,0.0455989706983656,LOA
L307Y,29,-0.0143038665125914,0.0113656332818136,LOA
G308*,32,0.0517019720461665,0.13500757761373,LOA
G308A,21,0.622037536192711,0.0736129875749967,Intermediate
G308C,34,0.69862376052757,0.0474790693505083,Intermediate
G308D,27,1.05581582302345,0.0532656513634887,WTL
G308E,29,1.0208163396765,0.0654325985677101,WTL
G308F,32,0.220009393878975,0.0755783749693286,possibleLOA
G308H,16,0.615767381454037,0.0620515913723446,Intermediate
G308I,19,0.325681789242454,0.0584658617689232,Intermediate
G308K,12,0.375259323714353,0.0916292776197572,Intermediate
G308L,21,0.292468315157807,0.0778668307279978,Intermediate
G308M,34,0.50093067098917,0.0498370013237238,Intermediate
G308N,21,0.765312600172648,0.0667852853639688,Intermediate
G308P,32,0.989348082651818,0.0560871460583084,WTL
G308Q,26,0.658869889449574,0.0428208976082187,Intermediate
G308R,24,0.395161904645512,0.0586613079034564,Intermediate
G308S,15,0.715661953168546,0.0597508546216582,Intermediate
G308T,21,0.721881237051027,0.0745181710402559,Intermediate
G308V,27,0.465756483957264,0.0459636361499983,Intermediate
G308W,14,0.183985962653313,0.0757701031287578,LOA
G308Y,25,0.420327905038357,0.0544479564393701,Intermediate
E309*,4,0.0848280670558092,0.214937285802579,possibleLOA
E309A,18,0.995803828908387,0.073692525734845,WTL
E309C,26,0.918211080084191,0.0440917914454126,possibleWTL
E309D,23,1.06315187313148,0.045055519924419,WTL
E309F,35,0.958502148253611,0.051020417995214,WTL
E309G,16,0.922693129723535,0.07463711278726,possibleWTL
E309H,24,1.03972924848039,0.057161537613832,WTL
E309I,23,0.940670810938924,0.036782829355403,WTL
E309K,28,0.909179072448183,0.0688118028134364,possibleWTL
E309L,25,1.0160858851568,0.0677367443560532,WTL
E309M,22,0.971740089219035,0.0528881321516465,WTL
E309N,24,1.10272422144919,0.0498135005596136,WTL
E309P,22,1.17976810086992,0.0686357132147196,WTL
E309Q,26,1.0190818726149,0.0641030220294778,WTL
E309R,13,1.03667576005326,0.0635518651042304,WTL
E309S,24,1.01302923390999,0.0282997506525297,WTL
E309T,20,1.02299275660089,0.0671803590923426,WTL
E309V,12,0.876840543533223,0.0825698584797706,Intermediate
E309W,10,0.844800913177041,0.070034831937372,Intermediate
E309Y,19,0.954295869803862,0.0909890417697775,possibleWTL
E310*,28,0.0524845800777716,0.133884379662885,LOA
E310A,5,0.878193928696329,0.183044978909198,Intermediate
E310C,37,0.78345448185468,0.0728701790394504,Intermediate
E310D,32,0.985006443813105,0.0478611064722918,WTL
E310F,26,0.982514522348572,0.0696207570821077,WTL
E310G,22,0.692888816285679,0.0619437843888421,Intermediate
E310H,41,0.800723090484986,0.0596972449536879,Intermediate
E310I,22,0.88451699526843,0.0894286644111724,Intermediate
E310K,32,0.796180487686764,0.0421122830257362,Intermediate
E310L,33,0.897857856758481,0.0531660810503126,possibleWTL
E310M,36,0.843779658519964,0.064278415902464,Intermediate
E310N,21,0.777487003799874,0.0417164574753921,Intermediate
E310P,15,0.8242642314218,0.0678313801415161,Intermediate
E310Q,32,0.937365851092159,0.0433157589405665,WTL
E310R,39,0.674489302186648,0.043246000281265,Intermediate
E310S,21,0.818628899444408,0.040218116985961,Intermediate
E310T,20,0.913754598216635,0.0808613227870934,possibleWTL
E310V,26,0.866857020118136,0.0435646301152516,Intermediate
E310W,35,0.67246065441241,0.0440754093708995,Intermediate
E310Y,27,0.970286372542266,0.0685874925576813,WTL
Q311*,19,0.0380797289037291,0.146053952328541,LOA
Q311A,23,0.751171201105857,0.0680399447825569,Intermediate
Q311C,19,0.72251629500808,0.0815262593071094,Intermediate
Q311D,23,0.781479691175624,0.0638181442764082,Intermediate
Q311E,23,0.763412629355305,0.0858255268927737,Intermediate
Q311F,27,0.845202233874828,0.0532603825158425,Intermediate
Q311G,22,0.706461413375494,0.103821359032843,Intermediate
Q311H,20,0.654283530715873,0.0454931396335126,Intermediate
Q311I,12,0.683819629686065,0.0964015566281698,Intermediate
Q311K,17,0.358692833900561,0.0921859102726042,Intermediate
Q311L,18,0.584950131480789,0.0925626535460481,Intermediate
Q311M,20,0.651560469172526,0.057062910381622,Intermediate
Q311N,25,0.767500891967636,0.0684852516446029,Intermediate
Q311P,14,0.553452499873055,0.05357542943579,Intermediate
Q311R,6,0.340021236145021,0.0679802893846971,Intermediate
Q311S,21,0.728712432890025,0.0562653365550359,Intermediate
Q311T,20,0.746997618447839,0.0750812472779051,Intermediate
Q311V,19,0.739100738730605,0.0893746024755528,Intermediate
Q311W,24,0.538431912155362,0.0830028973075399,Intermediate
Q311Y,25,0.556811512840114,0.0802449962934243,Intermediate
Y312*,23,0.0745262277654323,0.198189503946476,possibleLOA
Y312A,12,0.453731714501468,0.0949426666117537,Intermediate
Y312C,25,0.519606340163642,0.0765227341834889,Intermediate
Y312D,20,0.0145586336960679,0.0390330979160519,LOA
Y312E,30,0.180806186510511,0.0730945466798575,LOA
Y312F,25,1.02107503703634,0.0600990676728285,WTL
Y312G,21,0.172391396325314,0.0824871343175673,LOA
Y312H,19,0.990497867741798,0.029044509035972,WTL
Y312I,17,0.380041610615266,0.0893193351892422,Intermediate
Y312K,22,-0.0161119902972132,0.023237634896945,LOA
Y312L,36,0.56694895074101,0.0638699753586824,Intermediate
Y312M,18,0.62426112353072,0.0819053973898089,Intermediate
Y312N,14,0.521594226496145,0.118415951174206,Intermediate
Y312P,18,0.00400708586171615,0.0221483517999898,LOA
Y312Q,17,0.218042930122983,0.0894004528149789,possibleLOA
Y312R,24,0.0154578151017792,0.0267451263939629,LOA
Y312S,16,0.414926369623199,0.0671600759428939,Intermediate
Y312T,18,0.341326173431985,0.104192019288373,Intermediate
Y312V,22,0.437445793842811,0.0623356954213816,Intermediate
Y312W,28,1.03000435088151,0.0536332990301243,WTL
N313*,19,0.010179471447777,0.0686566750324441,LOA
N313A,17,0.953280814530959,0.0629526098395707,WTL
N313C,21,0.921118400948633,0.068107041302343,possibleWTL
N313D,23,0.862032832073024,0.060072129032678,Intermediate
N313E,31,0.922879654208219,0.0559033644395264,possibleWTL
N313F,13,1.07369660930794,0.0597716064146841,WTL
N313G,24,0.908068642404638,0.0474782613239977,possibleWTL
N313H,27,1.01865619154602,0.0624108801218144,WTL
N313I,30,0.924318524503733,0.0477388665531531,possibleWTL
N313K,32,1.01575822999229,0.0581715445132594,WTL
N313L,28,1.01136855768395,0.0685026542573398,WTL
N313M,14,0.994050065074719,0.0667008686101577,WTL
N313P,21,0.829563557385722,0.0788920151647451,Intermediate
N313Q,30,1.02327479065625,0.0730292816082616,WTL
N313R,29,1.00007290254061,0.0572207566170297,WTL
N313S,23,0.950045918820595,0.06774122869181,possibleWTL
N313T,21,0.944967902872273,0.0842586648234249,possibleWTL
N313V,24,0.89248863810774,0.0639382722562391,possibleWTL
N313W,23,1.16410075826956,0.069087290956286,WTL
N313Y,18,1.09164720302504,0.0587397378806963,WTL
R314*,27,0.0226963233805787,0.0935416131500082,LOA
R314A,23,0.226374569485159,0.0890394474764949,possibleLOA
R314C,22,0.119008443450645,0.0647475050025248,LOA
R314D,20,-0.000132661398275355,0.0366542981069685,LOA
R314E,28,0.0550234714936009,0.0483501171414777,LOA
R314F,24,0.0139364123238265,0.0311346883980415,LOA
R314G,21,-0.0264775417558189,0.0157808804283681,LOA
R314H,18,0.267684338136851,0.061450128243218,Intermediate
R314I,17,0.290311426674992,0.0637794509675926,Intermediate
R314K,20,0.456215590565622,0.0839335072539905,Intermediate
R314L,28,0.34436133664748,0.0688587097677391,Intermediate
R314M,18,0.350761165438018,0.0470748153966331,Intermediate
R314N,18,0.159363180492945,0.0861088171023867,LOA
R314P,19,-0.0281923663241433,0.0171804913022933,LOA
R314Q,25,0.387357087545898,0.0520772267118579,Intermediate
R314S,19,0.163883502418794,0.0728277724407934,LOA
R314T,29,0.194686710347461,0.0658076996260799,possibleLOA
R314V,22,0.308035386583603,0.0607661625051445,Intermediate
R314W,23,0.0146896563368136,0.0474233521913829,LOA
R314Y,28,0.050711564013743,0.0420212363203004,LOA
Y315*,24,0.0318413107491779,0.106857424019441,LOA
Y315A,21,0.523144201936037,0.0925135495298632,Intermediate
Y315C,16,0.898001871867617,0.0566286342096272,possibleWTL
Y315D,20,-0.0264111797775855,0.0162252843836311,LOA
Y315E,32,-0.0272270649273776,0.0160386715461353,LOA
Y315F,13,0.984203207169163,0.10536106449265,possibleWTL
Y315G,22,-0.0338492049267831,0.0103796018837372,LOA
Y315H,18,0.555791162609699,0.137101328158021,Intermediate
Y315I,23,0.970890010148059,0.0625321395856595,WTL
Y315K,27,0.00665502732721343,0.0210549023164083,LOA
Y315L,11,0.963312693562586,0.091059752752626,possibleWTL
Y315M,24,0.779503094924073,0.0676207770250166,Intermediate
Y315N,36,-0.0196053752457849,0.0201558236889343,LOA
Y315P,14,-0.0241594860298375,0.0207350675799196,LOA
Y315Q,22,0.460879319519239,0.0793645527440643,Intermediate
Y315R,24,-0.0132295998309553,0.0188640858494499,LOA
Y315S,18,0.401527405545766,0.105049972164315,Intermediate
Y315T,22,0.986869760679465,0.049000692749692,WTL
Y315V,15,1.00831159301872,0.0529584358875392,WTL
Y315W,28,0.930933283430837,0.0730489686664871,possibleWTL
Q316*,29,0.0275005598767956,0.111321160344404,LOA
Q316A,15,0.964474609393314,0.0860742061891487,possibleWTL
Q316C,19,0.974330393919433,0.0818518762517386,WTL
Q316D,26,0.973870840239965,0.0409724518861019,WTL
Q316E,23,0.98487989860521,0.0622613458279633,WTL
Q316F,19,0.849261736627281,0.0508448402339491,Intermediate
Q316G,15,0.861869463792867,0.098908515850621,Intermediate
Q316H,18,0.954783718261031,0.0633230233898214,WTL
Q316I,14,1.03510362321055,0.0513318158500547,WTL
Q316K,16,1.0256601093753,0.0210625966978054,WTL
Q316L,16,1.02773951054029,0.0749747098623134,WTL
Q316M,13,0.990639052969149,0.0681852850835636,WTL
Q316N,21,0.98861190572386,0.0735349823272279,WTL
Q316P,14,-0.0245140538297956,0.0231089162337699,LOA
Q316R,17,0.981233721633447,0.0894359505740491,WTL
Q316S,20,0.98510679654548,0.0586819555146873,WTL
Q316T,20,1.01995030213675,0.065610213253454,WTL
Q316V,24,0.984847456716789,0.068069476431039,WTL
Q316W,20,0.823869188172978,0.0527818468775111,Intermediate
Q316Y,23,0.898370022771971,0.0637125315481544,possibleWTL
Q317*,26,0.00625892885743658,0.0388734563041415,LOA
Q317A,27,1.04003711806224,0.0344691401094525,WTL
Q317C,21,0.992277054223426,0.0633302610328734,WTL
Q317D,18,0.870014768250452,0.0516387202686592,Intermediate
Q317E,21,0.970515226505395,0.0549901059034642,WTL
Q317F,19,0.800527538423063,0.049499168306896,Intermediate
Q317G,16,0.950535683369705,0.0710097927231762,possibleWTL
Q317H,21,0.955014417201434,0.0440630232636555,WTL
Q317I,18,0.850279755805933,0.0474431631958999,Intermediate
Q317K,15,1.03094599050171,0.0820074155523337,WTL
Q317L,14,0.899813286434191,0.131521624987891,possibleWTL
Q317M,24,0.991658733399409,0.0653367113685335,WTL
Q317N,19,1.04168941817611,0.0759959396929665,WTL
Q317P,19,-0.0199712897546091,0.0343659920074566,LOA
Q317R,20,1.11388594660556,0.045482722606996,WTL
Q317S,24,1.06864847470201,0.0470226289369706,WTL
Q317T,12,1.03176780895979,0.0774210391867801,WTL
Q317V,21,0.866125821450897,0.0684096732696314,Intermediate
Q317W,16,0.775955023052728,0.0853391106164118,Intermediate
Q317Y,12,0.782783621973074,0.0822169214000294,Intermediate
Y318*,38,0.0108011959893314,0.0728488000368121,LOA
Y318A,21,0.138007329225836,0.0761388261030295,LOA
Y318C,18,0.190071637127537,0.0967018859557306,possibleLOA
Y318D,14,-0.0253555802940153,0.0200097936499479,LOA
Y318E,28,0.0117563793774729,0.0208703902427816,LOA
Y318F,33,0.796705752765189,0.0645936555090564,Intermediate
Y318G,18,-0.0303093737255628,0.0147653091146812,LOA
Y318H,15,0.115098024777055,0.0638763738350895,LOA
Y318I,28,0.938014337995339,0.052032743715508,possibleWTL
Y318K,19,-0.0100193740988757,0.0342596312751578,LOA
Y318L,15,0.785604983111286,0.0870375046721952,Intermediate
Y318M,26,0.550177682604249,0.0745400025034336,Intermediate
Y318N,22,-0.0175514534070328,0.016852689975574,LOA
Y318P,22,-0.0135872584045816,0.0278857848824097,LOA
Y318Q,18,0.411320953125532,0.0669397685423469,Intermediate
Y318R,28,0.0593085721256704,0.0486907963127227,LOA
Y318S,19,-0.00261748091068544,0.0322809783852199,LOA
Y318T,19,0.149203122941387,0.0714100727531646,LOA
Y318V,22,0.481605674283989,0.055771321271229,Intermediate
Y318W,30,0.00278517365956769,0.0216356353167488,LOA
G319*,24,-0.00709657257559826,0.0338795426785401,LOA
G319A,1,0.926694195440886,0.186610593786135,possibleWTL
G319C,7,0.768300038670858,0.108987045018358,Intermediate
G319D,4,0.964295281125862,0.105203303634692,possibleWTL
G319E,6,0.99084989708038,0.147249132361773,possibleWTL
G319F,22,0.792903014905962,0.059334874680375,Intermediate
G319H,13,0.973283884303436,0.0636202466363363,WTL
G319I,14,0.654437609599219,0.0506552634779762,Intermediate
G319K,22,0.838324772788999,0.0638018900808414,Intermediate
G319L,33,0.680995781231039,0.057475982403005,Intermediate
G319M,14,0.863530671636963,0.0665141804134159,Intermediate
G319N,18,0.926819288305857,0.0802656897462321,possibleWTL
G319P,22,0.959921443467102,0.0821975880440605,possibleWTL
G319Q,24,0.881805389280352,0.0781921312687657,Intermediate
G319R,12,0.883109231049323,0.0730739949467232,Intermediate
G319S,13,0.962964047679368,0.0931017634678324,possibleWTL
G319T,16,0.873257307346397,0.0568929195704407,Intermediate
G319V,6,0.651830500974172,0.143726671215105,Intermediate
G319W,21,0.7192242660315,0.0880087757144539,Intermediate
G319Y,20,0.872565293467626,0.0635100550503339,Intermediate
A320*,34,0.0445034346452869,0.119636095843255,LOA
A320C,30,0.809659561474489,0.0526213601172969,Intermediate
A320D,24,1.06600598072657,0.0507654680106325,WTL
A320E,43,1.03347947549465,0.0315851844449423,WTL
A320F,24,0.946116456687628,0.0819829352196802,possibleWTL
A320G,25,0.945183452512545,0.0577480229997351,possibleWTL
A320H,6,0.970841184005088,0.110665401217878,possibleWTL
A320I,8,1.04159205564442,0.089567410404645,WTL
A320K,45,0.983965277834953,0.0266870322481257,WTL
A320L,6,0.939938774144061,0.128826208066714,possibleWTL
A320M,25,0.991982954757241,0.0490999001293556,WTL
A320N,40,1.02543519514563,0.0410476373848582,WTL
A320P,7,0.939368229805736,0.0889060086069092,possibleWTL
A320Q,7,0.968836359549062,0.116645675658378,possibleWTL
A320R,38,0.953681289125188,0.0583101469525398,WTL
A320S,28,1.00152921564821,0.04398483866288,WTL
A320T,12,1.0027016894534,0.108869839337756,WTL
A320V,25,0.958849328282332,0.0336076951316362,WTL
A320W,33,0.893458689729514,0.0482154195042245,possibleWTL
A320Y,36,0.967389164541306,0.0552776548833859,WTL
E321*,36,0.0243764046248195,0.0819168454310806,LOA
E321A,33,0.98762254378707,0.0405590250735738,WTL
E321C,21,0.833456343139688,0.0576598833032235,Intermediate
E321D,29,0.879875535669031,0.0914754560918071,Intermediate
E321F,23,0.534557234773554,0.0645857706097973,Intermediate
E321G,18,0.955474813818341,0.063127744050475,WTL
E321H,16,0.79182937371582,0.078118635669743,Intermediate
E321I,21,0.743728410842615,0.0479553879095899,Intermediate
E321K,45,0.732934095212711,0.0475542772856541,Intermediate
E321L,17,0.873147707257645,0.0813575729625172,Intermediate
E321M,22,0.849543018470895,0.0518176788488118,Intermediate
E321N,33,0.924629975402195,0.0610478592581223,possibleWTL
E321P,11,0.361220134582049,0.102833660648851,Intermediate
E321Q,13,1.24280678784623,0.0884202350685543,WTL
E321R,26,0.867563113065511,0.0762968370937056,Intermediate
E321S,32,0.955228197504409,0.0577383605739218,WTL
E321T,16,0.897766182927613,0.0763395052817472,possibleWTL
E321V,23,0.781345723128122,0.0698738444231303,Intermediate
E321W,27,0.663960449705753,0.0634175847618734,Intermediate
E321Y,36,0.571998330765122,0.0724042108473538,Intermediate
E322*,19,0.0594254966471041,0.129559486402838,LOA
E322A,8,0.735720691818357,0.0807940616635882,Intermediate
E322C,2,0.564954577020221,0.287361654077225,Intermediate
E322D,5,0.800228835728589,0.102511993218193,Intermediate
E322F,6,0.381771270390967,0.0853791006507397,Intermediate
E322G,1,0.366462222449072,0.212899242164917,Intermediate
E322H,4,0.606211060429376,0.166919267919583,Intermediate
E322I,8,0.400856480899196,0.0506429280748681,Intermediate
E322K,21,0.454268160927457,0.0708516236000264,Intermediate
E322L,10,0.459250260950504,0.102440393203399,Intermediate
E322M,14,0.586136081786356,0.0586439871541688,Intermediate
E322N,6,0.621212398907049,0.189648580760864,Intermediate
E322P,5,0.259539684850651,0.11405986957499,possibleLOA
E322Q,10,0.868115816392977,0.0624635940831814,Intermediate
E322R,16,0.494637577562848,0.0528445053956836,Intermediate
E322S,2,0.648624414676687,0.10238587389385,Intermediate
E322T,8,0.606767014328675,0.0969018764548095,Intermediate
E322V,28,0.652182469278163,0.0563811805909667,Intermediate
E322W,23,0.358247937800433,0.0563284861606583,Intermediate
E322Y,3,0.442875521488988,0.139756431677636,Intermediate
C323*,43,0.00245840288910173,0.0572987189898821,LOA
C323A,23,1.07547723873107,0.0428512341512866,WTL
C323D,32,1.0686937690963,0.0722817410486724,WTL
C323E,39,1.10494116309174,0.048680363107655,WTL
C323F,29,0.975074102542965,0.0623854006692271,WTL
C323G,39,1.00427491593704,0.0554388581711232,WTL
C323H,18,1.11044152551842,0.0594999995909474,WTL
C323I,34,1.03847160286755,0.0333331438143137,WTL
C323K,42,1.10602027279095,0.0553386231552179,WTL
C323L,24,1.01509060246592,0.0659920495214518,WTL
C323M,49,1.04121898528121,0.0373465664151306,WTL
C323N,33,1.06518345676135,0.0406646551117925,WTL
C323P,7,0.521962672380298,0.078331388957099,Intermediate
C323Q,45,1.10024924847051,0.0523356518005375,WTL
C323R,46,1.09970424739011,0.0335526695325215,WTL
C323S,37,1.07110313802018,0.0384969824840452,WTL
C323T,18,1.05089799822387,0.0407935968370344,WTL
C323V,56,0.976075301246952,0.0397099966091066,WTL
C323W,42,0.909092626593384,0.0454802206252101,possibleWTL
C323Y,30,1.01169284637177,0.0544295624219426,WTL
V324*,24,-0.0191300406862437,0.0287756760409355,LOA
V324A,23,0.949186010199181,0.064114099171957,possibleWTL
V324C,15,1.00512353174038,0.060545226691142,WTL
V324D,29,0.455280938101225,0.0482762011194129,Intermediate
V324E,17,0.415088778535155,0.0703055834569525,Intermediate
V324F,24,0.696766539191947,0.0644243808524233,Intermediate
V324G,16,0.436740643233667,0.0829540648935231,Intermediate
V324H,16,0.80066873618404,0.0791013607702808,Intermediate
V324I,15,1.02495061184829,0.0782634095599293,WTL
V324K,13,0.81761555344201,0.0825965441138017,Intermediate
V324L,26,0.832323828859366,0.0749109108082034,Intermediate
V324M,15,0.893724302815108,0.0915661383617429,possibleWTL
V324N,18,0.687045868390359,0.0757576864180138,Intermediate
V324P,19,0.309633302388003,0.0750802216791749,Intermediate
V324Q,28,0.66199766136789,0.0537850849134119,Intermediate
V324R,26,0.575054541516951,0.0551493377792628,Intermediate
V324S,13,0.758958980820042,0.0753844057584936,Intermediate
V324T,18,1.02714883392594,0.0412811428627036,WTL
V324W,16,0.597592478209074,0.0944026255592013,Intermediate
V324Y,23,0.896414860260718,0.0350126636525401,possibleWTL
L325*,21,-0.0216895753352316,0.028058499022933,LOA
L325A,21,0.542742585134761,0.0725495633516324,Intermediate
L325C,20,0.479192024691165,0.0527557306233908,Intermediate
L325D,13,0.419361523853074,0.0669252068169618,Intermediate
L325E,24,0.534428619264689,0.069377679285705,Intermediate
L325F,17,0.574817569575122,0.0751461394480316,Intermediate
L325G,16,0.464133606144606,0.0896757938351998,Intermediate
L325H,17,0.449497731272051,0.100168514248119,Intermediate
L325I,22,0.956260792224303,0.0617548256970032,WTL
L325K,21,0.636252228347728,0.0650125953639847,Intermediate
L325M,16,0.867555141003064,0.0754142501067853,Intermediate
L325N,19,0.504911104572593,0.0515136762599695,Intermediate
L325P,10,0.397038807557875,0.106556894570899,Intermediate
L325Q,23,0.618991133692699,0.0562240176801092,Intermediate
L325R,25,0.614075792235522,0.0551983717847098,Intermediate
L325S,23,0.519523812270185,0.0450333709789803,Intermediate
L325T,23,0.638421163015252,0.0509573968430128,Intermediate
L325V,18,0.864481114829647,0.077053594976977,Intermediate
L325W,24,0.428009060072513,0.0611615002833509,Intermediate
L325Y,23,0.548642449767394,0.0409838789615707,Intermediate
Q326*,37,-0.00993742898601481,0.0413028322517632,LOA
Q326A,32,0.993182811826725,0.050237664962038,WTL
Q326C,27,0.673027862187221,0.0559847713426366,Intermediate
Q326D,34,0.943820311520678,0.034961355302335,WTL
Q326E,19,1.0261797878876,0.054990037842783,WTL
Q326F,28,0.79893615044428,0.0407846260298563,Intermediate
Q326G,28,0.956377248630896,0.0547558259844612,WTL
Q326H,21,0.915138334406544,0.0495899187994709,possibleWTL
Q326I,32,0.832572836027069,0.0406072194650577,Intermediate
Q326K,27,1.03861274048844,0.0362227091806129,WTL
Q326L,34,0.878886589268922,0.0362717243998164,Intermediate
Q326M,28,0.94926265520176,0.0539729579567436,WTL
Q326N,34,0.954830586128519,0.0598310757597094,WTL
Q326P,25,0.37655647205392,0.0886858811039702,Intermediate
Q326R,26,1.0128720493252,0.05995463603711,WTL
Q326S,18,0.980916443558325,0.0606300779426579,WTL
Q326T,29,0.922751502405419,0.0486976812257922,possibleWTL
Q326V,30,0.814783416789795,0.0735318879188573,Intermediate
Q326W,34,0.722913041855395,0.0470171060343108,Intermediate
Q326Y,30,0.779135725924303,0.0733763908058765,Intermediate
M327*,15,-0.0264885955251038,0.0214785128358551,LOA
M327A,6,1.02841845620585,0.109451226762039,WTL
M327C,24,0.963187757850844,0.0693048906711446,WTL
M327D,19,0.968149500752878,0.0458923120323545,WTL
M327E,15,1.02120237471771,0.0571267628064317,WTL
M327F,21,0.842706325503045,0.0882513962363193,Intermediate
M327G,11,0.930174184657812,0.0612432722122166,possibleWTL
M327I,16,0.885080066011992,0.0794017441626589,Intermediate
M327K,18,1.07837137479222,0.0563679884483629,WTL
M327L,19,0.916490883328546,0.0702535275265513,possibleWTL
M327N,13,1.05614610829252,0.0780597988722419,WTL
M327P,8,0.386855294301882,0.0877187496893956,Intermediate
M327Q,13,1.02805287498725,0.0595420739885267,WTL
M327R,23,1.00021707023824,0.0807314553715962,WTL
M327S,20,0.981623031867553,0.0581049898376416,WTL
M327T,11,0.915356366577967,0.0840498009944443,possibleWTL
M327V,14,0.906816689981783,0.0792466517749327,possibleWTL
M327W,17,0.805440394898179,0.0670200417346727,Intermediate
M327Y,22,0.875236741942939,0.0583479662598422,Intermediate
G328*,32,-0.0196562046940612,0.0138396955010911,LOA
G328A,42,0.5824292384197,0.0458997938481754,Intermediate
G328C,26,0.480590715485357,0.0536995505438241,Intermediate
G328D,28,0.766222733484279,0.0493793663508451,Intermediate
G328E,36,0.639456901795562,0.0486916724730278,Intermediate
G328F,39,0.325417031130817,0.0568925493203449,Intermediate
G328H,17,0.69609130963649,0.059748955203644,Intermediate
G328I,24,0.062529138940954,0.0456567518760932,LOA
G328K,37,0.768612074683502,0.0449362384196353,Intermediate
G328L,28,0.322719138493106,0.0584451723023045,Intermediate
G328M,25,0.544555594155715,0.0751454185855856,Intermediate
G328N,43,0.877039490798446,0.0511735597015316,Intermediate
G328P,26,0.236259542642639,0.0651735858570895,possibleLOA
G328Q,24,0.726070363044562,0.0744754105031185,Intermediate
G328R,41,0.655656830195549,0.0421599940322483,Intermediate
G328S,36,0.61878585998921,0.0449690597975837,Intermediate
G328T,33,0.37897241766569,0.0351748471242339,Intermediate
G328V,6,0.11425142294974,0.0683163346875188,LOA
G328W,24,0.15754913424798,0.0609873868658844,LOA
G328Y,34,0.344535757945274,0.0741772573243319,Intermediate
G329*,26,-0.0155460417068146,0.0254310269401049,LOA
G329A,13,0.415417907216641,0.108604997397456,Intermediate
G329C,15,0.288617603068076,0.114662041901188,Intermediate
G329D,9,0.285779551298709,0.0603725600044571,Intermediate
G329E,19,0.337287207536935,0.0532421533141787,Intermediate
G329F,22,0.390213535709112,0.0928918257313401,Intermediate
G329H,10,0.355104808164455,0.0890912118676964,Intermediate
G329I,24,0.280278461172491,0.0765315984856057,Intermediate
G329K,24,0.382488262623975,0.0883066017977739,Intermediate
G329L,11,0.320298752688101,0.0741894743808977,Intermediate
G329M,30,0.435190227184559,0.0675273075242097,Intermediate
G329N,28,0.342498830454443,0.0774948244406909,Intermediate
G329P,20,0.316748353241715,0.0846523617917057,Intermediate
G329Q,27,0.401443610693671,0.0477418702594859,Intermediate
G329R,11,0.396820457353255,0.0844036264792138,Intermediate
G329S,10,0.344516888564383,0.0727552263145009,Intermediate
G329T,18,0.351853750509041,0.077085853360716,Intermediate
G329V,5,0.33748352433287,0.146327117857122,Intermediate
G329W,21,0.364000968656261,0.0691718269864392,Intermediate
G329Y,12,0.413330589438882,0.0888549006043637,Intermediate
V330*,51,0.00339625987245071,0.0428833486432446,LOA
V330A,33,0.748966714793304,0.0491866848714612,Intermediate
V330C,42,0.870819023893036,0.0487919303603249,Intermediate
V330D,44,0.532953083549967,0.0483230712030173,Intermediate
V330E,46,0.903998203652924,0.0302285274263714,possibleWTL
V330F,48,0.767373913467728,0.0372324525325541,Intermediate
V330G,23,0.271355109909238,0.0813497676593612,Intermediate
V330H,32,0.621792439475635,0.0653962310232529,Intermediate
V330I,41,1.01932631502399,0.0490620737450522,WTL
V330K,29,0.409656468113637,0.045530479181161,Intermediate
V330L,29,0.962834512788397,0.0618263113566979,WTL
V330M,36,0.966665016764741,0.0338809519549275,WTL
V330N,40,0.440881717101122,0.0628464225155575,Intermediate
V330P,36,0.195245669792127,0.0790459315467048,possibleLOA
V330Q,40,0.841308449562908,0.0683431540072781,Intermediate
V330R,29,0.431387126920788,0.0657437373577497,Intermediate
V330S,32,0.639034588513184,0.040956432114619,Intermediate
V330T,21,0.968091547425829,0.0602630818307493,WTL
V330W,23,0.579950365072932,0.0533192151672142,Intermediate
V330Y,47,0.799700813827628,0.0392504902168061,Intermediate
L331*,10,-0.0131491475998298,0.0404999493324226,LOA
L331A,4,0.443930693861446,0.0969877064117672,Intermediate
L331C,5,0.713727747629318,0.126289610340469,Intermediate
L331D,2,0.253625664143929,0.109605558644045,possibleLOA
L331E,7,0.379597743395131,0.0961484108709433,Intermediate
L331F,5,0.589706858056112,0.132961773832345,Intermediate
L331G,4,0.310612406940294,0.134256188889952,Intermediate
L331H,6,0.455395684999752,0.1148710848007,Intermediate
L331I,9,0.851318863158637,0.0883101035654612,Intermediate
L331K,10,0.475851564320654,0.0643439781285873,Intermediate
L331M,8,0.687169888206508,0.0868781910667984,Intermediate
L331N,8,0.460980477459683,0.105294018219724,Intermediate
L331P,9,0.356011749315162,0.0702392395615936,Intermediate
L331Q,9,0.789446635757663,0.0850101374794856,Intermediate
L331R,18,0.495430060092676,0.0559341580148411,Intermediate
L331S,9,0.476999121303615,0.0879456004999807,Intermediate
L331T,7,0.715891688239569,0.0839978966875783,Intermediate
L331V,3,0.690383759165457,0.14901529648415,Intermediate
L331W,2,0.456912731426123,0.166562995866224,Intermediate
L331Y,10,0.395839540277503,0.118954974378394,Intermediate
C332*,5,-0.0202844566490181,0.0470697642067061,LOA
C332A,14,0.226182864833307,0.0865305981949084,possibleLOA
C332D,6,0.213931266416136,0.123696520255458,possibleLOA
C332F,5,0.0615384807955148,0.072457396207641,LOA
C332G,11,0.202953779800767,0.103379027006676,possibleLOA
C332H,5,0.166663947732077,0.119597074309687,possibleLOA
C332I,8,0.0989616081260432,0.0854515546958494,LOA
C332K,3,0.237883531060244,0.162341745769107,possibleLOA
C332L,2,0.124985875307782,0.134405608859714,LOA
C332M,5,0.123664692655211,0.0894962968737402,LOA
C332N,6,0.228130686219211,0.0893156656711958,possibleLOA
C332P,8,0.218798384296843,0.0981594920290719,possibleLOA
C332Q,5,0.216926595579815,0.0857392103173686,possibleLOA
C332R,4,0.177733103900276,0.114065076026398,possibleLOA
C332S,8,0.2156873667233,0.0892446150910232,possibleLOA
C332T,6,0.224505095683543,0.178817328526253,possibleLOA
C332V,7,0.156074009517442,0.11679117014915,possibleLOA
C332W,3,0.0164122060087548,0.0842416110194747,LOA
C332Y,9,0.104452417550518,0.0603345200994511,LOA
P333*,44,-0.0140056751717275,0.0246105890069956,LOA
P333A,4,0.39326778589644,0.116529997184147,Intermediate
P333C,31,0.225328731561488,0.0724933080800375,possibleLOA
P333D,61,0.161041812867873,0.0655041723329439,LOA
P333E,59,0.199349504960911,0.0774561219079527,possibleLOA
P333F,64,0.0663902690770063,0.0418020750661014,LOA
P333G,21,0.280505501159946,0.0856475907707855,Intermediate
P333H,36,0.166998397108759,0.066697948499776,LOA
P333I,39,0.257630681608345,0.0599322703545058,possibleLOA
P333K,56,0.229847806654248,0.0763022634998292,possibleLOA
P333L,41,0.108877934343249,0.0538071140323001,LOA
P333M,47,0.179123138342396,0.0624823376851378,LOA
P333N,43,0.247160079056506,0.0858466026454296,possibleLOA
P333Q,47,0.235051389154844,0.0749178538457068,possibleLOA
P333R,37,0.221412692138867,0.0694739720691253,possibleLOA
P333S,12,0.480939720708111,0.0564850420108108,Intermediate
P333T,16,0.389822956746562,0.0623928955602331,Intermediate
P333V,56,0.463449040659717,0.0498963825151121,Intermediate
P333W,54,0.102158925636306,0.0555848647878384,LOA
P333Y,53,0.0696710516269318,0.0435741282896747,LOA
R334*,48,-0.0147880646466482,0.0261324089886074,LOA
R334A,11,0.874297606929732,0.0905228112397804,Intermediate
R334C,51,0.475790566859496,0.0629847146012734,Intermediate
R334D,37,0.443948552989093,0.0462617165558186,Intermediate
R334E,35,0.826434416533932,0.0554803626867855,Intermediate
R334F,44,0.808638434381482,0.0510030154911604,Intermediate
R334G,26,0.753594662878106,0.088200442770036,Intermediate
R334H,31,0.795155696685269,0.0797135679179892,Intermediate
R334I,47,0.993780584276277,0.0366127656661113,WTL
R334K,50,0.948945233776785,0.0410088928095386,WTL
R334L,39,0.861060163555974,0.073609203458789,Intermediate
R334M,46,1.03749931759531,0.0314610367217434,WTL
R334N,57,0.864214129221418,0.0466437067960588,Intermediate
R334P,39,0.240464395202489,0.0624373684873139,possibleLOA
R334Q,1,1.04353956949938,0.257404966091904,possibleWTL
R334S,38,0.887341284729958,0.0641607865990117,Intermediate
R334T,46,1.02195524711888,0.0368362302776176,WTL
R334V,53,0.86478466216795,0.045014159279803,Intermediate
R334W,28,0.773773818687621,0.0461045793992965,Intermediate
R334Y,56,0.781499229361716,0.040216341588641,Intermediate
P335*,18,0.0260437061458147,0.145672335869643,LOA
P335A,14,0.952694135529638,0.0768318080703223,possibleWTL
P335C,10,0.625046880995935,0.0520545596292142,Intermediate
P335D,7,0.692542272919768,0.0672020266619631,Intermediate
P335E,14,0.735947571072199,0.109977440466864,Intermediate
P335F,3,0.831197468445255,0.142778805005605,Intermediate
P335G,15,0.782353269816,0.105386400121167,Intermediate
P335H,13,0.821128494298093,0.0579247257619543,Intermediate
P335I,11,0.930497222265273,0.0788611805728199,possibleWTL
P335K,8,0.591004041113478,0.116033002806208,Intermediate
P335L,13,0.793553430741679,0.0699016388777601,Intermediate
P335M,8,0.910531464409024,0.0845745937491776,possibleWTL
P335N,8,0.929320938580293,0.097316884480653,possibleWTL
P335Q,1,0.889487344834983,0.153000001737251,Intermediate
P335R,7,0.742815137623973,0.133609388207516,Intermediate
P335S,2,1.00653268560239,0.116938691735794,possibleWTL
P335T,9,0.938055767819777,0.0858084991343938,possibleWTL
P335W,10,1.00584028776382,0.0634321434807523,WTL
P335Y,19,0.967387949721208,0.105119576595919,possibleWTL
G336*,46,-0.0165927968835144,0.0156547276766735,LOA
G336A,21,0.849305799075247,0.0873108585447953,Intermediate
G336C,21,0.871558834027652,0.0691289267044028,Intermediate
G336D,32,0.833375839667643,0.0451872349053209,Intermediate
G336E,34,0.825041083836279,0.0660505349911607,Intermediate
G336F,42,0.959405975469007,0.0425584187064197,WTL
G336H,32,0.882435534637852,0.0232033705184467,Intermediate
G336I,23,0.783932673414193,0.0619072290744337,Intermediate
G336K,33,0.843477904089252,0.0650395520400184,Intermediate
G336L,26,0.923203678728103,0.0711229380227026,possibleWTL
G336M,33,0.953469443104971,0.046415763155395,WTL
G336N,35,0.982415828979418,0.0361118110740263,WTL
G336P,40,0.620258178713391,0.0508642770706265,Intermediate
G336Q,32,0.868430959545135,0.0503728566694217,Intermediate
G336R,32,0.847491965201485,0.0484088218970698,Intermediate
G336S,26,0.897296481243906,0.0524289580441635,possibleWTL
G336T,22,0.824542492450207,0.0608638084667358,Intermediate
G336V,51,0.786608875175578,0.0593369883841159,Intermediate
G336W,27,0.882391994501863,0.0731414459481343,Intermediate
G336Y,36,0.923279340836521,0.0363239305328878,possibleWTL
C337*,11,0.101537007907112,0.242110347478374,possibleLOA
C337A,3,0.165133787819184,0.0726166763834512,LOA
C337D,7,0.254690050928996,0.112570319892661,possibleLOA
C337E,7,0.269024528840862,0.102459790654478,Intermediate
C337F,20,0.135200337955288,0.0691684535049664,LOA
C337G,4,0.231077776730427,0.101653065940265,possibleLOA
C337H,4,0.195463166623366,0.0777225361602368,possibleLOA
C337I,9,0.183178722550741,0.0990465310492655,possibleLOA
C337K,7,0.207045098576737,0.113954066075341,possibleLOA
C337L,3,0.162112908457821,0.100240406668414,possibleLOA
C337M,4,0.161734392605396,0.102910723688527,possibleLOA
C337N,12,0.222249842141389,0.0885065304681022,possibleLOA
C337P,7,0.223387999120794,0.0760701719227574,possibleLOA
C337Q,8,0.252971362801022,0.106788581433933,possibleLOA
C337R,9,0.198682246218467,0.10502349738107,possibleLOA
C337S,1,0.284844028392736,0.245232214445466,Intermediate
C337T,12,0.215017335704591,0.111158737589994,possibleLOA
C337V,2,0.227107971077301,0.12855391180849,possibleLOA
C337W,14,0.116117805409383,0.0618504101507057,LOA
C337Y,13,0.146166174284559,0.0761505222462207,LOA
G338*,13,-0.00357110291584973,0.0337113137429574,LOA
G338A,6,0.907997370786543,0.0731228367040462,possibleWTL
G338C,11,0.8511857012305,0.112650204419257,Intermediate
G338D,9,0.626294168776829,0.0843185781217174,Intermediate
G338E,19,0.892085001153005,0.0771433137050013,possibleWTL
G338F,7,0.760569997638294,0.113607003224017,Intermediate
G338H,9,0.780560507751772,0.0799797687402037,Intermediate
G338I,9,0.580641799926218,0.104531230203157,Intermediate
G338K,10,0.479724340858371,0.0742918758882091,Intermediate
G338L,1,0.693575947204303,0.153950964028282,Intermediate
G338M,15,0.729045957706895,0.0627863918668507,Intermediate
G338N,13,0.929458506058254,0.0602774056899899,possibleWTL
G338P,7,0.521847596620563,0.0637254105735847,Intermediate
G338R,18,0.53151071320273,0.0959111878547126,Intermediate
G338S,3,1.01806456979256,0.160859259229147,possibleWTL
G338T,11,0.894442050794312,0.0834455663394453,possibleWTL
G338V,7,0.764011839184539,0.0659615515246146,Intermediate
G338W,6,0.726844675857558,0.0828295528649083,Intermediate
G338Y,12,0.89982835698524,0.103307448964446,possibleWTL
A339*,9,0.091862063442334,0.281045195602233,possibleLOA
A339C,11,0.912664900985907,0.11587200689398,possibleWTL
A339D,9,0.734868449921804,0.0932770526208565,Intermediate
A339E,8,0.965178094469367,0.115869366578676,possibleWTL
A339F,16,1.02801573503386,0.0620115785917933,WTL
A339G,10,0.937971437464148,0.10275338539783,possibleWTL
A339H,4,0.930627367647666,0.102278116827557,possibleWTL
A339I,8,1.00722763125941,0.104029706221949,WTL
A339K,20,1.06065146329715,0.0917027018956156,WTL
A339L,11,0.996420420272398,0.108333382495559,possibleWTL
A339M,10,1.08149965051535,0.0889246463599543,WTL
A339N,17,1.04048455088646,0.0625657753126228,WTL
A339P,11,0.236328073943423,0.0957213178115014,possibleLOA
A339Q,5,0.96517245668161,0.142217463379729,possibleWTL
A339R,15,1.04290963915491,0.043971691364396,WTL
A339S,9,1.00355887898706,0.0777982326050437,WTL
A339T,12,1.07373339806477,0.103136071795713,WTL
A339V,13,1.02720187269118,0.0462361440077809,WTL
A339W,18,0.921127294939853,0.0650070198569913,possibleWTL
A339Y,6,1.09975198189967,0.0969026322656904,WTL
G340*,7,0.02661518045845,0.116802306971776,LOA
G340A,9,0.968197378683382,0.0910601011305248,possibleWTL
G340C,11,0.80414565475329,0.124316196861354,Intermediate
G340D,6,0.59811164382783,0.158354570419274,Intermediate
G340E,11,0.592622866258756,0.0920312245873847,Intermediate
G340F,12,0.661314601948285,0.0651344322578322,Intermediate
G340H,4,0.653200881491323,0.214562869901667,Intermediate
G340I,10,0.578539945369722,0.123454769991355,Intermediate
G340K,7,0.83187318681101,0.129675495764603,Intermediate
G340L,5,0.563513050916106,0.112682038186631,Intermediate
G340M,2,0.867941865250679,0.157991285482094,Intermediate
G340N,10,0.660468946670614,0.103811902885075,Intermediate
G340P,7,1.11828812052767,0.0956866011279665,WTL
G340Q,5,0.887662291406826,0.137843438753302,Intermediate
G340R,8,0.766106332380449,0.136543206588764,Intermediate
G340S,8,0.933709853075106,0.116072191450051,possibleWTL
G340T,9,0.819848830848564,0.0923925922628466,Intermediate
G340V,12,0.552132773724517,0.100710435410879,Intermediate
G340W,9,0.565502982510426,0.130760564402733,Intermediate
G340Y,3,0.697254309666365,0.113736420555623,Intermediate
L341*,12,0.0186983450622852,0.140991097164587,LOA
L341A,5,0.92744488332038,0.119783880033917,possibleWTL
L341C,5,1.00294295665021,0.102063778470484,WTL
L341D,6,0.29268045043146,0.0637821908566141,Intermediate
L341E,10,0.438003388813637,0.0728050017219464,Intermediate
L341F,11,0.90987233906214,0.079618481896851,possibleWTL
L341G,9,0.813367657169011,0.113968082736209,Intermediate
L341H,3,0.972381274685884,0.158263864942259,possibleWTL
L341I,5,1.00891695237832,0.101885046128765,WTL
L341K,6,0.793137079752196,0.137007750961086,Intermediate
L341M,8,1.00288558244278,0.0610583121593614,WTL
L341N,8,1.02720156406342,0.11878428966134,WTL
L341P,7,0.38150850837217,0.094310382705571,Intermediate
L341Q,16,0.998348937672807,0.0610970987234225,WTL
L341R,4,0.858948451475645,0.146478415263705,Intermediate
L341S,8,0.987744425452094,0.0846694604313887,WTL
L341T,13,0.962721739674832,0.0772120951354461,possibleWTL
L341V,8,1.00391508555835,0.0757964072635743,WTL
L341W,11,0.850738708655663,0.0876888160921458,Intermediate
L341Y,7,0.864510698152307,0.0752459433244898,Intermediate
L342*,13,-0.0183960506230967,0.0359299572850043,LOA
L342A,3,0.890921962719446,0.10948234142782,possibleWTL
L342C,16,0.90627819136125,0.0611502563545983,possibleWTL
L342D,19,0.681064370452148,0.0588703968094852,Intermediate
L342E,10,0.780808645701719,0.0966121550989376,Intermediate
L342F,16,0.953592296013308,0.0872969243485101,possibleWTL
L342G,19,0.599821589462576,0.0675535017992789,Intermediate
L342H,26,0.918174575011542,0.05652406914889,possibleWTL
L342I,12,0.960972314168692,0.0716007921370225,possibleWTL
L342K,10,0.88149423481695,0.086111947394062,Intermediate
L342M,10,0.966996880409707,0.0980443009923264,possibleWTL
L342N,17,0.949510425159386,0.0684772593718082,possibleWTL
L342P,11,0.477906951955728,0.0530101042680364,Intermediate
L342Q,6,0.887577230372092,0.139624133081482,Intermediate
L342R,26,0.909409387439952,0.069119305126415,possibleWTL
L342S,13,0.841330208089876,0.0808614131200439,Intermediate
L342T,17,0.941222505702732,0.0604320413571532,possibleWTL
L342V,9,0.945072978743285,0.0824518062130507,possibleWTL
L342W,6,0.95631413306515,0.093663600967107,possibleWTL
L342Y,17,0.934098950829754,0.0751963088326139,possibleWTL
P343*,18,0.0211263749117164,0.0960036459981283,LOA
P343A,13,0.939147038161659,0.0833946023923982,possibleWTL
P343C,12,0.935115539111004,0.0662610721989045,possibleWTL
P343D,14,0.617594370310278,0.0665825620201837,Intermediate
P343E,10,0.696496784378293,0.0878959628846941,Intermediate
P343F,14,0.79793532935058,0.107622868586242,Intermediate
P343G,10,0.87016611688965,0.0626018493512818,Intermediate
P343H,10,0.774237994399749,0.0626827500359372,Intermediate
P343I,16,0.906073569342945,0.0534414933863115,possibleWTL
P343K,17,0.84981240889149,0.0951974508927338,Intermediate
P343L,10,0.935808368173234,0.0818644432246726,possibleWTL
P343M,15,0.898981924037318,0.108997393328437,possibleWTL
P343N,20,0.809308987055636,0.0618108881276793,Intermediate
P343Q,15,0.874272923864189,0.0872089222285202,Intermediate
P343R,12,0.793414520056787,0.0651789957154905,Intermediate
P343S,19,0.848568112764405,0.0720152443172494,Intermediate
P343T,12,0.929404718483684,0.0757273681569627,possibleWTL
P343V,15,0.95136772437025,0.0926648037912991,possibleWTL
P343W,26,0.581565091761564,0.0364021668926658,Intermediate
P343Y,13,0.761001383632461,0.113999357846062,Intermediate
E344D,2,1.11609511813963,0.188804301493493,WTL
P345L,2,0.932532798242284,0.259845903412272,possibleWTL
P345Q,1,0.968562628490171,0.193606666927952,possibleWTL
P345S,1,1.02310368018992,0.300755231997855,possibleWTL
D346*,19,0.00417471010460185,0.0625813789452579,LOA
D346A,5,0.993155707624853,0.0728903797631161,WTL
D346C,14,0.912364882149581,0.0764067895382748,possibleWTL
D346E,12,0.975167741134895,0.0833534818652794,WTL
D346F,13,0.990358960570292,0.118583153877105,possibleWTL
D346G,3,0.923563142971186,0.167441684596139,possibleWTL
D346H,9,0.939990556259302,0.133162337020573,possibleWTL
D346I,9,0.953531552057724,0.0909478876250798,possibleWTL
D346K,8,0.935944110284848,0.106041298108351,possibleWTL
D346L,10,0.919315614811361,0.104462758627237,possibleWTL
D346M,15,0.915933225082652,0.0964039734510655,possibleWTL
D346N,13,0.980730205073545,0.0750166836814908,WTL
D346P,8,0.848536691999584,0.0723814721265856,Intermediate
D346Q,6,0.926213332012114,0.115430245578217,possibleWTL
D346R,12,1.01077107240121,0.0960202528626043,WTL
D346S,12,0.976005257819557,0.10231603446761,possibleWTL
D346T,7,0.968442591191247,0.122956620761025,possibleWTL
D346V,12,0.913904857569256,0.0798480404654549,possibleWTL
D346W,9,0.834429577320935,0.09179693231825,Intermediate
D346Y,12,0.905321713386826,0.0732052352887165,possibleWTL
Q347*,16,0.104632414580442,0.208598728852778,possibleLOA
Q347A,11,0.982840513531116,0.0760285980811474,WTL
Q347C,4,0.8740650042851,0.151582421937544,Intermediate
Q347D,7,0.995016476123768,0.0701012422579946,WTL
Q347E,9,0.993976520995771,0.126329632586608,possibleWTL
Q347F,11,0.856273132782263,0.129375781253691,Intermediate
Q347G,6,0.923500400463415,0.127707870737085,possibleWTL
Q347H,10,0.755487967774266,0.0646128647229865,Intermediate
Q347I,9,0.942418644404654,0.0857468694440145,possibleWTL
Q347K,14,1.01630220002805,0.0672635245325605,WTL
Q347L,12,0.968381289083848,0.0926467593437742,possibleWTL
Q347M,11,1.00496359500509,0.062256670624646,WTL
Q347N,6,0.978076832839724,0.0986970226100501,possibleWTL
Q347P,8,0.67718230889965,0.100450148848691,Intermediate
Q347R,9,0.948990453673852,0.0609702296842148,possibleWTL
Q347S,4,0.956696961734585,0.133121323642782,possibleWTL
Q347T,5,0.919338013136987,0.122369825511236,possibleWTL
Q347V,12,1.02687622684607,0.0668904886103711,WTL
Q347W,6,0.803172422766153,0.0802789351591244,Intermediate
Q347Y,13,0.837707779200756,0.0444604257375985,Intermediate
R348*,16,-0.00710568014619278,0.0446091315269239,LOA
R348A,11,0.896634669462951,0.108725839917068,possibleWTL
R348C,18,0.777216670124109,0.0579121237217471,Intermediate
R348D,13,0.723560344436188,0.0830639065336345,Intermediate
R348E,15,0.702003567216439,0.0573805840651949,Intermediate
R348F,18,0.682528218982934,0.0603560705018652,Intermediate
R348G,10,0.641758153896689,0.0838507200388725,Intermediate
R348H,11,0.831431816811119,0.114193985461768,Intermediate
R348I,22,0.821735186951131,0.0473342530782743,Intermediate
R348K,25,0.995032537630172,0.0690626718414116,WTL
R348L,21,0.896074668476995,0.0595836008340621,possibleWTL
R348M,23,0.917951261298928,0.0808063956851273,possibleWTL
R348N,24,0.805221622916657,0.0495814163237278,Intermediate
R348P,20,0.714052209569502,0.0595865579674648,Intermediate
R348Q,15,0.906372793378948,0.0612168325059652,possibleWTL
R348S,19,0.784009891841087,0.0767937353837275,Intermediate
R348T,16,0.814515443120256,0.0589847106645853,Intermediate
R348V,17,0.86230643269332,0.0715929356226942,Intermediate
R348W,23,0.650419594552148,0.0825097869421304,Intermediate
R348Y,23,0.726426175948393,0.0681707221560928,Intermediate
K349*,12,-0.02486138495893,0.0242526867384491,LOA
K349A,12,0.839930626241103,0.0912769003446196,Intermediate
K349C,17,0.646684639194367,0.0610944897159577,Intermediate
K349D,10,0.658361477502879,0.0866686057623116,Intermediate
K349E,20,0.911575347912792,0.0420148246036688,possibleWTL
K349F,10,0.860699709596505,0.110992895109456,Intermediate
K349G,18,0.752898427557275,0.0937210550922046,Intermediate
K349H,17,0.838926186382996,0.0688643813311497,Intermediate
K349I,10,0.971257666272876,0.0626370792389651,WTL
K349L,20,0.927147726527595,0.0984392821097051,possibleWTL
K349M,15,0.994466967840951,0.0524760720057152,WTL
K349N,17,0.889882998104181,0.0711328124882455,Intermediate
K349P,12,0.500089749764774,0.124156761928262,Intermediate
K349Q,9,0.792535032564561,0.0940797693719181,Intermediate
K349R,18,1.017770781341,0.0762592652296554,WTL
K349S,9,0.925173442794879,0.0583693189023394,possibleWTL
K349T,9,0.821660923399572,0.0585869224312608,Intermediate
K349V,19,0.823344471836963,0.104152454436414,Intermediate
K349W,16,0.358703877644483,0.0892596770539597,Intermediate
K349Y,17,0.133562150239391,0.10325310793118,LOA
V350*,16,0.00169426399784014,0.0384535971752346,LOA
V350A,25,0.782382109577545,0.0660350559977648,Intermediate
V350C,23,0.844278207542749,0.0608028649054109,Intermediate
V350D,17,0.174843170516841,0.103989481612311,possibleLOA
V350E,26,0.18365026066619,0.0799135093209732,possibleLOA
V350F,17,0.423973975085569,0.0721953229784558,Intermediate
V350G,18,0.254014782919096,0.0927997646922552,possibleLOA
V350H,20,0.238823740647986,0.0846589277733703,possibleLOA
V350I,19,1.06064933523878,0.0501187404075928,WTL
V350K,16,0.228916281912358,0.100830845531479,possibleLOA
V350L,10,0.968322593696176,0.0362429724882338,WTL
V350M,17,0.907784483230903,0.0714911715553371,possibleWTL
V350N,26,0.263624864066259,0.0804536989436595,Intermediate
V350P,19,0.164286467466979,0.0635981512954832,LOA
V350Q,18,0.529053679960994,0.0629411262168584,Intermediate
V350R,22,0.289639238924167,0.0751525576437807,Intermediate
V350S,24,0.341887218945829,0.0529536546911089,Intermediate
V350T,16,0.671316477927569,0.0531603766452972,Intermediate
V350W,27,0.470671523223795,0.042224641880071,Intermediate
V350Y,19,0.483247031331715,0.0586312502348131,Intermediate
T351*,21,0.00641793845032904,0.0667378629650128,LOA
T351A,21,0.870122807925715,0.0773072523906063,Intermediate
T351C,12,0.983287173169718,0.0514362348043969,WTL
T351D,30,0.892657871857119,0.0389936423457624,possibleWTL
T351E,22,0.882102806639958,0.0456024954104313,Intermediate
T351F,19,0.948394235792589,0.071804291306191,possibleWTL
T351G,22,0.483861891897323,0.0545851579887386,Intermediate
T351H,16,0.884292926959716,0.0586239503383568,Intermediate
T351I,27,1.04300410090652,0.046739488291889,WTL
T351K,22,0.855334789992759,0.0677389908778349,Intermediate
T351L,24,0.885317039842614,0.0533572565909243,Intermediate
T351M,23,0.828560411044087,0.070656949755918,Intermediate
T351N,17,0.900508970328575,0.0656333728312732,possibleWTL
T351P,12,0.653407880544571,0.08649941691394,Intermediate
T351Q,19,0.857598739351227,0.060282734063273,Intermediate
T351R,24,1.21701492588227,0.0517742917445603,WTL
T351S,17,0.974940382599971,0.0399029144160779,WTL
T351V,23,0.873476502376534,0.0494161156976679,Intermediate
T351W,24,0.703461738266408,0.1020230750054,Intermediate
T351Y,20,0.909075230725278,0.0553913983139637,possibleWTL
C352*,23,0.0870058144717286,0.192467066953601,possibleLOA
C352A,22,0.155420575739133,0.0757013960604056,LOA
C352D,26,0.188257206969753,0.0752367333762702,possibleLOA
C352E,30,0.126567906997714,0.071376344532572,LOA
C352F,23,0.0928420998944023,0.0551979425249312,LOA
C352G,19,0.150528859504122,0.0895301859071803,LOA
C352H,23,0.490636180617629,0.0530459957402293,Intermediate
C352I,25,0.103111741899429,0.0628221706521498,LOA
C352K,31,0.0922365100099422,0.0544732188188648,LOA
C352L,28,0.0478474610147038,0.0416731547616848,LOA
C352M,25,0.052845020776491,0.0502471539131625,LOA
C352N,32,0.143276083999164,0.0825902795147398,LOA
C352P,21,0.155803251259641,0.0726943094014058,LOA
C352Q,29,0.108812355700763,0.0539293920874618,LOA
C352R,29,0.115905136368607,0.077914529369064,LOA
C352S,28,0.143903937436934,0.0698858481423352,LOA
C352T,34,0.157593318586738,0.0741256175370877,LOA
C352V,18,0.0972175987825112,0.063194755631913,LOA
C352W,22,0.011665228221581,0.0351884045158805,LOA
C352Y,30,0.0787535930033569,0.0547916951984345,LOA
E353*,25,-0.0113115814702831,0.034607182151073,LOA
E353A,25,0.901285089003643,0.0474159459177578,possibleWTL
E353C,37,0.808131713113324,0.047079294678021,Intermediate
E353D,20,0.972328739544524,0.0690625455907308,WTL
E353F,22,0.810799940928441,0.0788488733997723,Intermediate
E353G,24,0.936389157820825,0.0821583452932755,possibleWTL
E353H,25,0.890206382890702,0.0601745078331902,possibleWTL
E353I,21,0.902892162936535,0.0655094905797645,possibleWTL
E353K,17,0.930102875339829,0.0681493004653263,possibleWTL
E353L,23,0.819107121431674,0.0991537933103272,Intermediate
E353M,19,0.894438860338971,0.0660222011616739,possibleWTL
E353N,34,0.922040620747766,0.0722232182409684,possibleWTL
E353P,25,0.74172921503831,0.05207070180509,Intermediate
E353Q,17,0.860852716892383,0.0774779107655503,Intermediate
E353R,23,0.872227098189772,0.0601175218149326,Intermediate
E353S,28,0.90426344652501,0.0681836913340472,possibleWTL
E353T,22,0.896276274245475,0.0554355582998033,possibleWTL
E353V,13,0.930185290301489,0.0620896938631746,possibleWTL
E353W,27,0.765537110528368,0.0595480674411651,Intermediate
E353Y,15,0.868164100269225,0.11608609828596,Intermediate
G354*,26,0.0150835291478672,0.0664175563515339,LOA
G354A,12,0.916748644529419,0.0583429587105762,possibleWTL
G354C,42,0.838319703591307,0.0542895633956409,Intermediate
G354D,30,1.07931113902033,0.0478316975537948,WTL
G354E,28,0.920150181556952,0.0557083904393638,possibleWTL
G354F,30,0.945799175205422,0.0670502101146027,possibleWTL
G354H,34,0.923995768747189,0.0493828064618457,possibleWTL
G354I,32,0.951618725883655,0.0646713966307289,possibleWTL
G354K,34,0.90496342895744,0.054099608559364,possibleWTL
G354L,26,0.952217604121084,0.0757081202531642,possibleWTL
G354M,34,0.964742487418116,0.0587717349729528,WTL
G354N,34,1.00065938109438,0.0558365243579328,WTL
G354P,29,0.987678850081012,0.0582561261406313,WTL
G354Q,21,0.902822402504467,0.030417797974822,possibleWTL
G354R,31,0.925115627663704,0.0362540252029032,possibleWTL
G354S,38,0.945039759238968,0.0531128747710225,WTL
G354T,33,0.999432518605756,0.0466092742034387,WTL
G354V,36,0.831815850211546,0.0600741378994325,Intermediate
G354W,32,0.840012817059095,0.0700889183659564,Intermediate
G354Y,37,0.978327647934579,0.0458710800673947,WTL
G355*,16,0.0698724302510214,0.17360034635036,LOA
G355A,16,1.03592131482898,0.0710408177231053,WTL
G355C,20,0.936221504851877,0.0589707683310338,possibleWTL
G355D,22,1.0483649686543,0.0492585713086263,WTL
G355E,20,1.05858790297656,0.0541975090648411,WTL
G355F,21,0.953231116870446,0.0897654176717041,possibleWTL
G355H,14,0.996250072751818,0.0587036815127674,WTL
G355I,16,0.970837800066476,0.0906670661513086,possibleWTL
G355K,21,0.919054042216518,0.0783965629226467,possibleWTL
G355L,21,0.942316884460987,0.0756307766443522,possibleWTL
G355M,23,1.00335602610198,0.0447598665218763,WTL
G355N,16,1.03493486592446,0.0487567482906429,WTL
G355P,14,1.04117722565795,0.0735721628908996,WTL
G355Q,24,0.996015002509256,0.0697328183240333,WTL
G355R,21,0.978375154846813,0.0788541435594094,WTL
G355S,14,1.03253030054887,0.0602640273028774,WTL
G355T,15,0.98868235642099,0.060145972592249,WTL
G355V,20,0.974419613260652,0.0691668158012533,WTL
G355W,14,0.921056111259161,0.0978490682443347,possibleWTL
G355Y,16,0.93195564877628,0.0688882873582685,possibleWTL
N356*,29,0.0479762198665259,0.1571535002356,LOA
N356A,17,1.00154989037598,0.0632700705103413,WTL
N356C,14,0.899119955958084,0.0821286233663008,possibleWTL
N356D,24,1.02236825991764,0.0636933055441104,WTL
N356E,32,0.939289495166142,0.0434719604316998,WTL
N356F,25,1.00561761426872,0.0739244136385306,WTL
N356G,22,0.888660284486509,0.0785099845061663,Intermediate
N356H,27,0.920880226535944,0.0661164653912507,possibleWTL
N356I,18,1.00016767698327,0.0520424435244979,WTL
N356K,38,0.894599001500735,0.0391026589952088,possibleWTL
N356L,33,0.857213751195646,0.0462299374219843,Intermediate
N356M,27,0.855631497564051,0.0918066354112924,Intermediate
N356P,17,0.919624961665546,0.0708078629321249,possibleWTL
N356Q,21,0.878614752937222,0.0371019038861568,Intermediate
N356R,24,0.969573778830736,0.0647156956157023,WTL
N356S,24,0.989015734745597,0.0640330128197239,WTL
N356T,15,1.0710835644402,0.0779254633252266,WTL
N356V,33,0.759532996270465,0.0797839031926727,Intermediate
N356W,31,0.722996077417949,0.0547805849194929,Intermediate
N356Y,19,0.932111775384301,0.0586301547369735,possibleWTL
G357*,20,-0.0195016735861087,0.0229360928905041,LOA
G357A,21,0.997672421328159,0.077296058746938,WTL
G357C,10,0.905829367780439,0.101225620053367,possibleWTL
G357D,15,0.984933316850465,0.0817925400267372,WTL
G357E,18,1.02456049078367,0.0622652796028128,WTL
G357F,16,1.06339358432514,0.0833517177356595,WTL
G357H,22,1.01515913437803,0.0440458940616385,WTL
G357I,21,1.00859030762057,0.08292787569518,WTL
G357K,27,1.04270403066554,0.0445842526531676,WTL
G357L,21,1.00363912140501,0.0445213367155062,WTL
G357M,23,1.05405448965055,0.0737590041507592,WTL
G357N,18,1.02843195417553,0.10827216260255,WTL
G357P,26,0.896507558243296,0.0505686599290228,possibleWTL
G357Q,23,1.06618415350567,0.0421005030429491,WTL
G357R,19,1.00082446626933,0.0659378335414296,WTL
G357S,23,0.956154682935125,0.0694356861032127,possibleWTL
G357T,12,1.07597406554562,0.119195429207236,WTL
G357V,23,1.04865619264223,0.0568137611317503,WTL
G357W,24,0.993885074484828,0.0789492881052853,WTL
G357Y,24,0.98796403942042,0.0744991433788962,WTL
L358*,34,0.1029653008936,0.18908531594745,possibleLOA
L358A,23,1.09006254964457,0.0607202447531622,WTL
L358C,21,1.03616206317322,0.0696602114317249,WTL
L358D,27,1.10170893214371,0.0500206429567024,WTL
L358E,20,1.13323214414037,0.075936969794407,WTL
L358F,16,1.02451765200841,0.070242443084703,WTL
L358G,27,1.07336141636727,0.061980158826968,WTL
L358H,26,1.0755709868086,0.064716544165268,WTL
L358I,22,1.10814460641055,0.0707900108528253,WTL
L358K,22,1.06483571404312,0.0630684584111318,WTL
L358M,30,1.08708750671924,0.0468088713114775,WTL
L358N,32,1.11636414036221,0.0436602516886304,WTL
L358P,22,1.05787297193498,0.0601391732520562,WTL
L358Q,23,1.05146779594045,0.0493203554593667,WTL
L358R,7,1.05056731786304,0.111631791670394,WTL
L358S,25,1.06645120028999,0.0530904938380222,WTL
L358T,16,1.05269068972126,0.0837391465772767,WTL
L358V,22,1.10478678587393,0.0452006051621833,WTL
L358W,19,0.890716552068992,0.0598301203731414,possibleWTL
L358Y,24,1.05661086040837,0.0566199909701049,WTL
G359*,19,-0.0121951997689669,0.0278122646714217,LOA
G359A,22,0.951540437523015,0.0685730097324794,possibleWTL
G359C,20,0.96421847790754,0.0571049715376859,WTL
G359D,18,0.89365676669745,0.0783258105092498,possibleWTL
G359E,29,0.923018758650773,0.0652860085402502,possibleWTL
G359F,21,1.04222674786326,0.0829961573548337,WTL
G359H,22,1.04129398403531,0.0389509212806084,WTL
G359I,34,0.866329425152501,0.0527142966140349,Intermediate
G359K,24,0.986830985341743,0.0657467750768671,WTL
G359L,36,0.784684496584134,0.0498192630490859,Intermediate
G359M,22,0.91668819082865,0.0516094758260948,possibleWTL
G359N,20,0.959436844118815,0.0731659650145535,possibleWTL
G359P,25,0.840800787409907,0.0696388088617682,Intermediate
G359Q,22,0.922824693445472,0.0744974904209471,possibleWTL
G359R,22,1.02385926867083,0.0507028412068232,WTL
G359S,25,0.954649561421331,0.051749327984426,WTL
G359T,26,1.00718940771822,0.0529712061415735,WTL
G359V,32,0.884868428347001,0.0472955929120083,Intermediate
G359W,18,0.786696473989007,0.0805479738134235,Intermediate
G359Y,23,1.01479002300188,0.0530384327258212,WTL
C360*,26,0.0447240292947713,0.11805590047045,LOA
C360A,18,0.166931346088318,0.0817384748284269,LOA
C360D,28,0.226358024291948,0.0887610558113336,possibleLOA
C360E,18,0.205792854663377,0.09009716134056,possibleLOA
C360F,25,0.11884447112719,0.0749421686121503,LOA
C360G,19,0.184038241804502,0.0723919579958738,LOA
C360H,24,0.188995325207185,0.0849604974386107,possibleLOA
C360I,19,0.153285408296367,0.0665719998374316,LOA
C360K,25,0.205681065395882,0.0738375298032041,possibleLOA
C360L,24,0.123556133279992,0.0708507403200526,LOA
C360M,35,0.144866564670749,0.0867235822023656,LOA
C360N,35,0.157494787078532,0.0709471737985318,LOA
C360P,24,0.166648706915728,0.0676473540743193,LOA
C360Q,32,0.175407299054907,0.0808637069565339,LOA
C360R,27,0.211264791915718,0.0735694173631916,possibleLOA
C360S,19,0.179887140716859,0.0796868294993342,LOA
C360T,21,0.195930050837888,0.086194536227857,possibleLOA
C360V,34,0.140426449909137,0.0745999427017712,LOA
C360W,34,0.0485485784363709,0.0387913107037308,LOA
C360Y,32,0.102992154566895,0.0636901089084589,LOA
G361*,21,-0.0123560698491138,0.0433511826655503,LOA
G361A,17,0.840285734958022,0.10916465033211,Intermediate
G361C,20,0.742112795448114,0.0560214004453846,Intermediate
G361D,13,0.748049182529071,0.0667159173175652,Intermediate
G361E,17,0.652615192772173,0.0772500088340098,Intermediate
G361F,8,1.07751516184711,0.167677509414288,WTL
G361H,32,0.922431279300512,0.0591601190837958,possibleWTL
G361I,22,0.187483491147232,0.0659220529390819,LOA
G361K,22,0.644958711096102,0.110148971033244,Intermediate
G361L,24,0.844059242344981,0.0797303167591891,Intermediate
G361M,24,0.895093015782916,0.0544150202010516,possibleWTL
G361N,14,0.825427309726027,0.0859644043919736,Intermediate
G361P,20,0.0753375767562449,0.0567064802041347,LOA
G361Q,22,0.869218633615525,0.0991451284283144,Intermediate
G361R,23,0.823785457148774,0.0698692506419496,Intermediate
G361S,12,0.857976356003427,0.0716630080420843,Intermediate
G361T,18,0.760947468862377,0.0717685933789092,Intermediate
G361V,27,0.234592914142974,0.0593493574777169,possibleLOA
G361W,24,0.912392750437006,0.0422752509944202,possibleWTL
G361Y,16,0.967325984763867,0.0575040192312464,WTL
F362*,36,0.0869280504940238,0.161118131837905,LOA
F362A,25,0.752046299029356,0.0484715295667633,Intermediate
F362C,24,0.500383583430691,0.0433307892790826,Intermediate
F362D,20,0.467237317424582,0.0733765056161045,Intermediate
F362E,25,0.694538940175695,0.0608219547150179,Intermediate
F362G,30,0.633884500881854,0.0777667052427687,Intermediate
F362H,16,0.864856710301076,0.102659071074414,Intermediate
F362I,21,0.869798555075039,0.0510217649901844,Intermediate
F362K,29,0.619023036319187,0.0601303775160844,Intermediate
F362L,18,0.904650159831044,0.0957837000077463,possibleWTL
F362M,24,0.894524085568049,0.0622961900567719,possibleWTL
F362N,22,0.765829823806708,0.0612568125054364,Intermediate
F362P,17,0.338132394772031,0.0648964909956524,Intermediate
F362Q,11,0.789775795932006,0.0582575113235511,Intermediate
F362R,42,0.601038429780509,0.0448792197889182,Intermediate
F362S,18,0.677672439984563,0.0666023480331329,Intermediate
F362T,33,0.822858830295152,0.0424566416224124,Intermediate
F362V,19,0.707565996945718,0.0538194783679982,Intermediate
F362W,24,0.823568748523024,0.117635557367793,Intermediate
F362Y,23,0.965657007651257,0.0726013451084372,WTL
A363*,27,-0.0176370153003278,0.0200041682224288,LOA
A363C,28,1.00473018259879,0.0609910525213618,WTL
A363D,27,1.05345046267103,0.0683503679011635,WTL
A363E,23,1.05326271368512,0.0405431689763499,WTL
A363F,27,0.92054923115009,0.0468923422707553,possibleWTL
A363G,15,0.913749227917265,0.0742396817429976,possibleWTL
A363H,27,1.01659191730296,0.0561013912651473,WTL
A363I,28,1.08307489667624,0.0557037752162817,WTL
A363K,21,1.03322501134062,0.0601851566655487,WTL
A363L,25,0.998164559357907,0.0489404884638131,WTL
A363M,22,1.05080510630037,0.0769326908915251,WTL
A363N,29,1.06384653247585,0.054006196931553,WTL
A363P,21,0.810909853961787,0.083813511822858,Intermediate
A363Q,29,1.05994813703177,0.0608321290668327,WTL
A363R,45,0.942885178472972,0.038663747630115,WTL
A363S,19,1.05142920267119,0.0517362680987515,WTL
A363T,32,1.09448792660253,0.0349145691941137,WTL
A363V,26,1.02557678507761,0.0704546512427664,WTL
A363W,38,0.753841123975464,0.0554927959016741,Intermediate
A363Y,31,0.91352515060813,0.0608664673353462,possibleWTL
F364*,28,0.0160521160839469,0.0864027284550814,LOA
F364A,20,0.338338105413154,0.0757918137720566,Intermediate
F364C,24,0.333724442798895,0.0642205241680576,Intermediate
F364D,31,0.212650107269323,0.0718161732449335,possibleLOA
F364E,38,0.167508805841545,0.0848386752475978,LOA
F364G,14,0.183249742353455,0.0930653782106167,possibleLOA
F364H,39,0.645886717870788,0.0535495757321735,Intermediate
F364I,38,0.502480938321134,0.063540182580145,Intermediate
F364K,51,0.186295766373985,0.0804318632582703,possibleLOA
F364L,28,0.494792447554633,0.038435354905636,Intermediate
F364M,50,0.713897705541975,0.0276032997110191,Intermediate
F364N,33,0.20273706666267,0.0851605922857288,possibleLOA
F364P,37,0.129699610977128,0.0607451584240098,LOA
F364Q,29,0.260013286521202,0.0655656313415178,Intermediate
F364R,41,0.133540918424322,0.0790264779676951,LOA
F364S,41,0.446257884324845,0.0543520026725416,Intermediate
F364T,28,0.304533499814876,0.0636196451744773,Intermediate
F364V,40,0.355983668805999,0.0589452652934809,Intermediate
F364W,45,0.610813547551387,0.066925092276489,Intermediate
F364Y,34,0.713459380576742,0.0681749429286974,Intermediate
C365*,30,-0.0137420400808589,0.0199424442023343,LOA
C365D,20,0.214682481646256,0.071335577774373,possibleLOA
C365E,22,0.2395713126297,0.0868516488677319,possibleLOA
C365F,20,0.0538806524917442,0.0464122038170608,LOA
C365G,10,0.185731685172075,0.0788621114600374,possibleLOA
C365H,14,0.145261594819962,0.0890255888628528,LOA
C365I,24,0.102732274690254,0.0671832460664286,LOA
C365K,23,0.171503014863483,0.0856336707736555,LOA
C365L,18,0.0861782565915376,0.0601683833194252,LOA
C365M,13,0.124820620233354,0.0789610354456767,LOA
C365N,10,0.163754569174102,0.104886111632494,possibleLOA
C365Q,21,0.172499552757542,0.0949239020457652,possibleLOA
C365R,18,0.153670745202412,0.0825840141635219,LOA
C365S,26,0.188315016569686,0.0752121052802978,possibleLOA
C365V,19,0.0985209995982199,0.0632278993370344,LOA
C365W,23,0.0406201478140872,0.034895103003691,LOA
C365Y,8,0.154216160049173,0.132644810851624,possibleLOA
R366*,25,0.000721858024001124,0.0449887081967407,LOA
R366A,17,0.95242851646209,0.0686686648912867,possibleWTL
R366C,24,0.841588222929189,0.0844226422146602,Intermediate
R366D,23,0.302307239760523,0.0592454636361396,Intermediate
R366E,35,0.400110357275314,0.0636966870243821,Intermediate
R366F,27,0.856591056613929,0.0645759105886475,Intermediate
R366G,28,0.834054106395488,0.0523463948671445,Intermediate
R366H,22,0.842413804611197,0.059581635323067,Intermediate
R366I,23,0.945993754660756,0.0556219812297921,WTL
R366K,28,1.03088743814853,0.0466932567893592,WTL
R366L,32,0.94145050233994,0.0549145066335978,possibleWTL
R366M,16,0.853085377558605,0.0761020801986228,Intermediate
R366N,17,0.887085968304617,0.0571341307053365,Intermediate
R366P,29,0.563030570506347,0.0543828461709283,Intermediate
R366Q,36,0.879407564047128,0.0370643703522144,Intermediate
R366S,16,0.929589391406725,0.058969659365295,possibleWTL
R366T,29,0.752608022153313,0.0873566851081729,Intermediate
R366V,34,0.974383649212986,0.0480008990202112,WTL
R366W,30,0.740370192127726,0.0481972963637781,Intermediate
R366Y,17,0.864290888213962,0.0878980760483934,Intermediate
E367*,20,0.0332615584154911,0.0879331335012931,LOA
E367A,25,0.863944885744328,0.0492922267606995,Intermediate
E367C,17,0.807680016874852,0.0851705856891757,Intermediate
E367D,32,0.996762854286391,0.0657072781111051,WTL
E367F,27,0.934852313747606,0.0479685404057256,possibleWTL
E367G,24,0.856688890095467,0.0615364818280502,Intermediate
E367H,20,0.884792931076315,0.0576333088708852,Intermediate
E367I,16,1.086856731652,0.0591864622340342,WTL
E367K,23,1.00709457114622,0.0620874848542121,WTL
E367L,23,0.974906324204112,0.0337829723293247,WTL
E367M,16,0.975969294129915,0.0621927253988155,WTL
E367N,17,0.996643883143588,0.0526241961857718,WTL
E367P,15,0.543647878750759,0.0924551932164323,Intermediate
E367Q,30,0.969887869011756,0.055223182919671,WTL
E367R,25,0.99068304943669,0.0581343926377184,WTL
E367S,25,0.870821083596098,0.0498263102056506,Intermediate
E367T,25,0.97518333511676,0.065520585328704,WTL
E367V,25,0.970487166548466,0.048961036875666,WTL
E367W,19,0.791243673208422,0.110977740868332,Intermediate
E367Y,20,0.899783585344323,0.0790280014771754,possibleWTL
C368*,22,0.0238442916974326,0.0822863914044947,LOA
C368A,12,0.135680463967629,0.0689174272784297,LOA
C368D,21,0.210820512673036,0.0997581194140764,possibleLOA
C368E,39,0.185351016177346,0.0823124120536116,possibleLOA
C368F,42,0.0789548430556181,0.0488101967884608,LOA
C368G,26,0.122867333763323,0.0633218367835627,LOA
C368H,30,0.15070319050103,0.0792522359208907,LOA
C368I,46,0.107537812806855,0.0596434454068076,LOA
C368K,37,0.172604086266047,0.0740101109158644,LOA
C368L,28,0.0819052333176333,0.0616118053602413,LOA
C368M,42,0.120003121502883,0.0699662471616466,LOA
C368N,50,0.162878484183654,0.0664967616288299,LOA
C368P,41,0.150322671006843,0.0716545275740176,LOA
C368Q,7,0.10919926725104,0.0786170888927062,LOA
C368R,41,0.134408514715848,0.077396175888398,LOA
C368S,30,0.140743104941522,0.0694601344263811,LOA
C368T,32,0.158211226636883,0.0782892397873751,LOA
C368V,48,0.101388684405467,0.0625839931025401,LOA
C368W,51,0.0570396602196209,0.0360774945847005,LOA
C368Y,51,0.0990539245007922,0.0624924051278844,LOA
K369*,18,-0.00323086080162826,0.0530562726984217,LOA
K369A,20,0.802138947523377,0.0790305145277563,Intermediate
K369C,22,0.862716603429399,0.0550126606239346,Intermediate
K369D,19,0.610234591323931,0.0738013010893628,Intermediate
K369E,23,0.812834130415776,0.0436828815227858,Intermediate
K369F,24,1.0123459847131,0.0727831630856378,WTL
K369G,14,0.979192271552751,0.0571427955714538,WTL
K369H,21,0.894505128921575,0.0465754005845592,possibleWTL
K369I,18,0.540401613168635,0.0643922350072621,Intermediate
K369L,19,0.877315194115635,0.0729057734606949,Intermediate
K369M,19,0.947624780505696,0.0680249669526485,possibleWTL
K369N,19,0.869126852618962,0.0398422666258828,Intermediate
K369P,18,0.068530339143441,0.0503623533061101,LOA
K369Q,19,0.923744592835652,0.0834870799413082,possibleWTL
K369R,22,0.806066039143367,0.0726574113503923,Intermediate
K369S,19,0.852696225076542,0.0764471049755064,Intermediate
K369T,10,0.639491192962299,0.097633904435153,Intermediate
K369V,23,0.544038316468821,0.065667945382696,Intermediate
K369W,20,0.784313904809449,0.0684264588718477,Intermediate
K369Y,23,0.985185851243766,0.0534167262562192,WTL
E370*,29,0.0415873891485543,0.114041128339118,LOA
E370A,22,0.864104173276781,0.0611548480388027,Intermediate
E370C,32,0.716101230069407,0.0571753845894609,Intermediate
E370D,32,0.961829554962453,0.0527701475660761,WTL
E370F,21,0.700235519740385,0.0729736497205693,Intermediate
E370G,21,0.806581734398895,0.0814903353096608,Intermediate
E370H,31,0.719811185984625,0.0530091119511581,Intermediate
E370I,30,0.604815561643486,0.0476831055839972,Intermediate
E370K,24,0.521686634010048,0.0975763895497853,Intermediate
E370L,27,0.835076029936359,0.0648841663934633,Intermediate
E370M,34,0.85445184268537,0.0464372603470213,Intermediate
E370N,18,0.872776206747138,0.0584979043808203,Intermediate
E370P,14,0.137228553167352,0.0698777870624575,LOA
E370Q,34,0.853200984752241,0.057401902473777,Intermediate
E370R,31,0.572811584272446,0.0754923068878891,Intermediate
E370S,22,0.827494653777731,0.0609114930998687,Intermediate
E370T,23,0.750402568138443,0.0884534106857396,Intermediate
E370V,30,0.634640094016769,0.0451182374162896,Intermediate
E370W,28,0.561554850961897,0.0915185596478215,Intermediate
E370Y,15,0.479146056240397,0.0785366404323153,Intermediate
A371*,30,0.0367586373525535,0.122650716269955,LOA
A371C,13,0.91269187555777,0.0824378161969719,possibleWTL
A371D,15,1.01192171744028,0.0468050253933329,WTL
A371E,21,1.02830996114109,0.0778626314536897,WTL
A371F,18,0.959489607885295,0.0579627402589019,WTL
A371G,24,0.891756698815717,0.086299613438873,possibleWTL
A371H,25,0.96081930044365,0.0607803365266872,WTL
A371I,10,1.01159376190892,0.0926170340510317,WTL
A371K,27,0.924442201000402,0.0631349189099755,possibleWTL
A371L,10,0.903100682044379,0.101358989126084,possibleWTL
A371M,12,1.02276416743654,0.0932856090921106,WTL
A371N,26,0.955432872951583,0.0451698151116257,WTL
A371P,7,1.02506677139774,0.0463586187170661,WTL
A371Q,19,1.0156226619714,0.0536386540165199,WTL
A371R,19,0.904019102493548,0.0600603330701455,possibleWTL
A371S,19,0.959678467996044,0.0772606136502138,possibleWTL
A371T,16,0.960135514263392,0.077811121578789,possibleWTL
A371V,31,0.946293588875679,0.0435690112321076,WTL
A371W,26,1.28342627964945,0.0365702691797555,WTL
A371Y,15,0.960201041986999,0.0493995692296889,WTL
Y372*,20,0.0297346764866308,0.109252363691265,LOA
Y372A,17,0.961271499396355,0.076873487120291,possibleWTL
Y372C,19,0.881171020835593,0.0365706007510355,Intermediate
Y372D,22,0.867757504549459,0.0670825513530022,Intermediate
Y372E,21,0.844667156016912,0.063206405223685,Intermediate
Y372F,17,0.965771303168882,0.0869516356270885,possibleWTL
Y372G,17,0.530304349283014,0.0533528620934691,Intermediate
Y372H,24,0.846569144093504,0.0583363265965168,Intermediate
Y372I,23,0.830861296816455,0.0583531889970566,Intermediate
Y372K,23,0.389415746224781,0.0631290458155357,Intermediate
Y372L,10,0.733611080858892,0.0730138554696952,Intermediate
Y372M,18,0.961055854079063,0.0943850803511726,possibleWTL
Y372N,32,0.65530205094585,0.0678212935734759,Intermediate
Y372P,18,0.975585344878035,0.0901781280590602,possibleWTL
Y372Q,18,0.763385819544735,0.0436665972955295,Intermediate
Y372R,23,0.319516344212654,0.0870516054501033,Intermediate
Y372S,25,0.907439757738291,0.0496950717030949,possibleWTL
Y372T,20,0.795750329308816,0.0707749655461977,Intermediate
Y372V,19,0.912811534909413,0.0603134347372554,possibleWTL
Y372W,20,0.860160993320083,0.0891478415565548,Intermediate
H373*,27,0.0224698106967081,0.0919629905016595,LOA
H373A,12,0.0988645665723865,0.0659423901950087,LOA
H373C,29,0.399289358576743,0.0514117442825095,Intermediate
H373D,26,0.0871402365365585,0.0609031177848005,LOA
H373E,36,0.08939771827059,0.0597776039301814,LOA
H373F,23,0.0422635229119715,0.0448211785251839,LOA
H373G,19,0.112555678157525,0.0726064359895341,LOA
H373I,29,0.0619260336356284,0.0399350514940563,LOA
H373K,20,0.170712265209374,0.0894658482046341,possibleLOA
H373L,27,0.0643463606028135,0.0547314230320707,LOA
H373M,30,0.0803824610634525,0.0660069342450543,LOA
H373N,26,0.139807092015524,0.0787358101093331,LOA
H373P,16,0.127344968616366,0.073353996198635,LOA
H373Q,28,0.129403771175897,0.0818964585419176,LOA
H373R,16,0.150547756936849,0.072618496915806,LOA
H373S,29,0.113432962448737,0.0595243199536049,LOA
H373T,20,0.122923994129878,0.0684473783519451,LOA
H373V,26,0.107132474206795,0.0682545286148471,LOA
H373W,27,0.021725286157805,0.0426610126185282,LOA
H373Y,24,0.0452318781411665,0.0364322571460494,LOA
E374*,28,0.00126818906698862,0.0698766897250875,LOA
E374A,17,0.890077458813403,0.0416258204060608,possibleWTL
E374C,18,0.685678302229334,0.0332963175790891,Intermediate
E374D,18,0.933438118079929,0.0890617127182875,possibleWTL
E374F,28,0.796457015528817,0.0477027309397715,Intermediate
E374G,11,0.738237178598871,0.125714558302337,Intermediate
E374H,16,0.736311941404859,0.0728247501514145,Intermediate
E374I,14,0.76383155594951,0.0699467623719108,Intermediate
E374K,13,0.852238526694438,0.0810120615547545,Intermediate
E374L,20,0.913677393409579,0.061831720292205,possibleWTL
E374M,13,0.800680436856866,0.0461510221319215,Intermediate
E374N,13,0.807401695828568,0.0376745817354771,Intermediate
E374P,16,0.908014559889409,0.0846518282966591,possibleWTL
E374Q,30,0.890107007049408,0.0605066130118235,possibleWTL
E374R,20,0.781478056324592,0.0569576752651975,Intermediate
E374S,15,0.83722982618327,0.10013650059545,Intermediate
E374T,19,0.810150577337867,0.0538491605609333,Intermediate
E374V,29,0.867664951815169,0.056598874940796,Intermediate
E374W,16,0.691700926699304,0.080457766120556,Intermediate
E374Y,16,0.796089108156477,0.0569820159599791,Intermediate
G375*,30,0.0597394674083789,0.159743668246042,LOA
G375A,15,0.884350400323845,0.0809664499737785,Intermediate
G375C,27,0.556311696536825,0.0661082731862083,Intermediate
G375D,14,1.03064518011203,0.0694353210178895,WTL
G375E,20,0.952575119910508,0.0709494054725446,possibleWTL
G375F,17,0.760214021207057,0.0954192181327991,Intermediate
G375H,28,0.577656620074913,0.0612703584674953,Intermediate
G375I,16,0.374689616853888,0.0555667580015281,Intermediate
G375K,28,0.938518744720301,0.0401846514976527,WTL
G375L,22,0.751053785145515,0.0549267306376481,Intermediate
G375M,13,0.795979542185148,0.111936951300531,Intermediate
G375N,22,0.987185862115984,0.054199997627506,WTL
G375P,18,0.471413780938713,0.0570593945966527,Intermediate
G375Q,27,0.870663392664296,0.0600267125210473,Intermediate
G375R,17,0.850717750506486,0.057390386622098,Intermediate
G375S,17,0.879817821097971,0.0931558811844606,Intermediate
G375T,25,0.838127892898044,0.0567403474495745,Intermediate
G375V,16,0.49176692692789,0.0795646001663504,Intermediate
G375W,18,0.70851488499208,0.0513075009825929,Intermediate
G375Y,35,0.79626352023847,0.0402071565382656,Intermediate
E376*,27,0.0756185079061951,0.166924723514795,LOA
E376A,6,1.03385594054439,0.210348725501703,possibleWTL
E376C,21,0.921919408157025,0.0549850997177785,possibleWTL
E376D,18,1.03657657446114,0.0675114810043997,WTL
E376F,21,0.899412050961287,0.0719212189288064,possibleWTL
E376G,15,0.948906585359568,0.0699874884232402,possibleWTL
E376H,20,0.984308441561331,0.0627094143777356,WTL
E376I,27,0.975387576898683,0.0606940851918472,WTL
E376K,21,1.01757821074384,0.0563666991298278,WTL
E376L,23,0.921034983076471,0.0575838013117447,possibleWTL
E376M,30,0.961361047766342,0.0459043595415201,WTL
E376N,23,1.003997667804,0.0883746043981173,WTL
E376P,27,0.961543543174009,0.0726099893632196,possibleWTL
E376Q,29,1.027336035127,0.0599626592763423,WTL
E376R,29,0.967791691962557,0.0472727602653697,WTL
E376S,14,1.020012569016,0.0812246731195266,WTL
E376T,24,0.986548901386354,0.0535245968849712,WTL
E376V,26,0.937556710791678,0.0640639523151563,possibleWTL
E376W,30,0.82338113811978,0.0530971512791899,Intermediate
E376Y,29,0.866195762344208,0.0469848833192448,Intermediate
C377*,25,0.0938664831561147,0.203647040901478,possibleLOA
C377A,19,0.10884004593647,0.0529822420229824,LOA
C377D,17,0.139292604091251,0.0716655827283211,LOA
C377E,27,0.166152923452516,0.0800692820925018,LOA
C377F,23,0.105371004652404,0.0547094047230119,LOA
C377G,15,0.128192198215813,0.0811742225792146,LOA
C377H,24,0.437009989985515,0.0520319141744304,Intermediate
C377I,17,0.101938212748157,0.0733113773287266,LOA
C377K,29,0.143741044216048,0.077638287659846,LOA
C377L,25,0.101589506297559,0.0506840332698278,LOA
C377M,19,0.123755897853586,0.0597427593772211,LOA
C377N,21,0.131948948939674,0.088034547096518,LOA
C377P,17,0.116105177286699,0.0634936780606198,LOA
C377Q,28,0.127018000221349,0.0630778457183865,LOA
C377R,23,0.146610901367852,0.076908473429377,LOA
C377S,29,0.154426348864217,0.102267030868571,LOA
C377T,27,0.123003337228122,0.079001285754801,LOA
C377V,26,0.0895513851351841,0.0598594755321385,LOA
C377W,29,0.066354103427122,0.0566608883936818,LOA
C377Y,18,0.0967020074966731,0.0672060626297272,LOA
S378*,30,0.00151043849636702,0.0536355741372087,LOA
S378A,21,0.904339438811875,0.0507888315722668,possibleWTL
S378C,28,1.02219498185021,0.0388736934888313,WTL
S378D,26,1.05201075709228,0.0483428089040974,WTL
S378E,30,0.965806108676415,0.048019710329975,WTL
S378F,14,1.01447923971762,0.061526322813181,WTL
S378G,12,0.972638015416414,0.0688840628830166,WTL
S378H,21,0.969128074172053,0.0601392215408878,WTL
S378I,14,1.0059017799656,0.0598053060047559,WTL
S378K,33,1.04261057364192,0.0570118791923165,WTL
S378L,22,0.883305779262558,0.073988255012248,Intermediate
S378M,32,0.965407169205224,0.0509098037064658,WTL
S378N,15,1.0834871377081,0.0522833877857365,WTL
S378P,14,1.0121140780526,0.051975467397439,WTL
S378Q,19,0.970238143328328,0.0644676201288819,WTL
S378R,21,0.943595872963644,0.0646605842951257,possibleWTL
S378T,16,0.981703427740979,0.0871472603002331,WTL
S378V,26,0.940610606973557,0.07346791857548,possibleWTL
S378W,22,0.968032162191517,0.0659094628224044,WTL
S378Y,28,1.06686968850405,0.0559126949420945,WTL
A379*,27,0.00668435870971146,0.0790487567563835,LOA
A379C,21,0.870114379910383,0.045860923851208,Intermediate
A379D,25,1.00258398985433,0.0380924288099329,WTL
A379E,24,0.932607723931001,0.0506298058048545,possibleWTL
A379F,25,0.979195657460298,0.0573473284687658,WTL
A379G,16,0.987259330661263,0.0498842275668564,WTL
A379H,15,0.905972931484812,0.0728789578737077,possibleWTL
A379I,16,0.999011447728818,0.0722834565333106,WTL
A379K,24,0.902368352767373,0.0460052078965736,possibleWTL
A379L,18,0.975525788803313,0.0495024111655441,WTL
A379M,23,0.973379284699009,0.0664483704035528,WTL
A379N,20,0.994163461302467,0.0619093459674848,WTL
A379P,14,0.877308136158124,0.114541651199991,Intermediate
A379Q,19,0.931202783926458,0.0573684751234,possibleWTL
A379R,27,0.918565794933326,0.0409344520000981,possibleWTL
A379S,18,0.976796190718909,0.0825801533993322,WTL
A379T,21,1.00966578569251,0.0699024562095395,WTL
A379V,14,0.991642891936728,0.0770174746808041,WTL
A379W,21,0.919519255397898,0.0902980876040653,possibleWTL
A379Y,16,1.059729710234,0.0680402585900733,WTL
V380*,37,-0.016669804841829,0.0232391445388943,LOA
V380A,21,0.905271227519481,0.0908959175784326,possibleWTL
V380C,36,0.908858710419828,0.0509361032133058,possibleWTL
V380D,47,0.822791872682508,0.0472164691815084,Intermediate
V380E,29,0.821885472927366,0.055477205391546,Intermediate
V380F,37,0.899047658699585,0.0299626912069646,possibleWTL
V380G,34,0.831846052354082,0.0482971843586624,Intermediate
V380H,23,0.963072115663316,0.0666194912242392,WTL
V380I,28,1.06384181740809,0.0469937007567205,WTL
V380K,35,0.952542604993828,0.0421111710180952,WTL
V380L,17,0.919960284576799,0.0883955570914486,possibleWTL
V380M,37,0.936307603157966,0.0561410110559136,possibleWTL
V380N,35,0.869396968364769,0.0752183115895701,Intermediate
V380P,23,0.928049704795612,0.0816388446313147,possibleWTL
V380Q,16,0.796680628611637,0.0763592222534686,Intermediate
V380R,35,0.913107840127537,0.0381323905522957,possibleWTL
V380S,41,0.895558194205982,0.0496816344029849,possibleWTL
V380T,40,0.893063292827794,0.0507804076859596,possibleWTL
V380W,15,0.894914785966754,0.0615778211146233,possibleWTL
V380Y,37,0.979653866966845,0.0509262691729481,WTL
F381*,18,0.0210592353886856,0.0845337908893422,LOA
F381A,22,0.842997468008171,0.0434255913806321,Intermediate
F381C,6,0.885063562612666,0.108407844252524,Intermediate
F381D,24,0.697588991607573,0.0607016937270839,Intermediate
F381E,18,0.815289829477934,0.0721363097081226,Intermediate
F381G,5,0.723388741148083,0.104592179846273,Intermediate
F381H,8,0.834809993474421,0.108856166399852,Intermediate
F381I,19,0.835667991610188,0.0921381506417083,Intermediate
F381K,21,0.846211494369715,0.0644238054766922,Intermediate
F381L,16,0.94637182566837,0.0584977073084609,possibleWTL
F381M,18,0.916910663037203,0.0893319254978804,possibleWTL
F381N,20,0.812884001498371,0.067999380777367,Intermediate
F381P,20,0.814202133080794,0.0626318720187198,Intermediate
F381Q,19,0.846258604055007,0.103446814622034,Intermediate
F381R,21,0.89892696361191,0.0582113175195279,possibleWTL
F381S,9,0.824348796793247,0.0849859321165744,Intermediate
F381T,23,0.881042083547145,0.0410415092622113,Intermediate
F381V,17,0.865485610351206,0.078837634038369,Intermediate
F381W,16,0.863908533771948,0.105142998492174,Intermediate
F381Y,5,1.02878410392543,0.105901358360352,WTL
E382*,24,-0.0156764962192103,0.0270145928753762,LOA
E382A,11,1.01086925825199,0.0730135396566284,WTL
E382C,24,1.03536555857997,0.0648870748888019,WTL
E382D,26,1.00095713452418,0.0414315615402382,WTL
E382F,25,1.01776692930902,0.0613924114498054,WTL
E382G,18,0.962402618487519,0.0426261396506654,WTL
E382H,21,1.04628629056954,0.0687612471963003,WTL
E382I,26,1.03218885452217,0.0537679641881201,WTL
E382K,34,1.03268360221043,0.0612993956080552,WTL
E382L,31,1.04078176945479,0.0459050141986691,WTL
E382M,31,1.04751018944358,0.047786610818608,WTL
E382N,19,1.0285268068671,0.050870470393068,WTL
E382P,29,0.934916153162302,0.0646833100437628,possibleWTL
E382Q,29,1.02157961073182,0.0518038586010312,WTL
E382R,29,1.01243965248265,0.055862349704273,WTL
E382S,27,1.00935040967585,0.0458277258181073,WTL
E382T,27,0.992553558370605,0.060428682359006,WTL
E382V,23,0.979514504358506,0.0533257713860984,WTL
E382W,25,0.932931822950468,0.0579930882719907,possibleWTL
E382Y,33,0.986484272552301,0.0493366344129221,WTL
A383*,21,-0.00106379833177456,0.0402274286828656,LOA
A383C,26,0.979793747621862,0.0486258101422735,WTL
A383D,21,0.958509437254065,0.0814548188435459,possibleWTL
A383E,24,0.997857101342187,0.0398495641522669,WTL
A383F,28,1.0243148609872,0.0487949692146149,WTL
A383G,21,0.94832579036797,0.0631012346345296,possibleWTL
A383H,13,0.999252396017952,0.0565380873353144,WTL
A383I,17,1.01823434729689,0.0551796579151676,WTL
A383K,22,1.02119164439829,0.0893370140965507,WTL
A383L,18,0.954007792916859,0.0566986133502602,WTL
A383M,24,0.985898814535395,0.0669697288288036,WTL
A383N,28,0.963050447813878,0.0557994713869556,WTL
A383P,28,0.98325950891645,0.0238542007078708,WTL
A383Q,22,0.977640147431333,0.0620815984107444,WTL
A383R,27,1.01762963065345,0.0371186707676801,WTL
A383S,19,0.974452818114458,0.0535978925800555,WTL
A383T,25,1.00568997044989,0.0915527206930608,WTL
A383V,27,0.951622733609809,0.0593100760857078,WTL
A383W,24,0.922510023528825,0.0536245159790007,possibleWTL
A383Y,26,0.993863362522972,0.0708308927421821,WTL
S384*,23,-0.0186689603903246,0.0426125301747737,LOA
S384A,24,0.997448738785096,0.0613923951835772,WTL
S384C,15,0.961775087741119,0.0876362933680404,possibleWTL
S384D,29,0.901124188311681,0.0473484265008988,possibleWTL
S384E,31,0.780424475659248,0.0878048849365271,Intermediate
S384F,21,0.960770759164048,0.0664097689106896,WTL
S384G,11,0.851911171857941,0.120431101489854,Intermediate
S384H,10,0.962428792584471,0.0810180753187449,possibleWTL
S384I,19,0.99547946884995,0.0780936787716764,WTL
S384K,21,0.890796211379509,0.0566758532200245,possibleWTL
S384L,21,0.92823182879274,0.0604148187619078,possibleWTL
S384M,17,0.946985293426607,0.0571475509504093,possibleWTL
S384N,26,0.921213673852676,0.0651767065637232,possibleWTL
S384P,24,0.967773045699349,0.0619793296432438,WTL
S384Q,25,0.895604209796076,0.0451104121751687,possibleWTL
S384R,25,0.950652297775345,0.0826823213537678,possibleWTL
S384T,27,1.00478093949164,0.0476079231517661,WTL
S384V,33,0.825251301662805,0.0549591841761907,Intermediate
S384W,30,0.813987027191432,0.0496855459996133,Intermediate
S384Y,23,0.960279162896064,0.059404910202217,WTL
G385*,27,0.040045039694293,0.11823373918849,LOA
G385A,14,0.947476551396577,0.0595111075704173,possibleWTL
G385C,22,0.871514694135098,0.0589895653722138,Intermediate
G385D,24,0.876290896031432,0.0511156491339654,Intermediate
G385E,28,0.914702277311624,0.0524766191740403,possibleWTL
G385F,30,0.880305510190458,0.055227730438879,Intermediate
G385H,31,0.867427429163868,0.062380989237696,Intermediate
G385I,31,0.911216407089812,0.0520999386592515,possibleWTL
G385K,32,0.957687347269532,0.0712903037518696,possibleWTL
G385L,30,0.918621181975346,0.0575829704166942,possibleWTL
G385M,37,0.916012216674389,0.0468085923997483,possibleWTL
G385N,14,0.929731468886638,0.0728709732098323,possibleWTL
G385P,32,0.891260961219385,0.0624915967549817,possibleWTL
G385Q,33,0.892766994237189,0.0638541633365389,possibleWTL
G385R,24,0.891148698355357,0.0399690886551744,possibleWTL
G385S,25,0.893388000746677,0.0526842847367252,possibleWTL
G385T,32,0.901775552443767,0.0567401830942599,possibleWTL
G385V,36,0.883167921112841,0.0467661699553582,Intermediate
G385W,46,0.889049148554495,0.0409922052627967,Intermediate
G385Y,29,0.86318910065525,0.0757220985188359,Intermediate
T386*,39,-0.00502371808464486,0.0252969672821098,LOA
T386A,23,1.04918234670603,0.0593058598327035,WTL
T386C,32,1.01376120255586,0.0553399014959013,WTL
T386D,31,0.999772010997097,0.0515767229069086,WTL
T386E,32,0.99649039126792,0.0483678476561683,WTL
T386F,40,1.00172102520096,0.0360277416348594,WTL
T386G,38,0.956446573546045,0.0290048941472005,WTL
T386H,28,0.943089238631359,0.0770267524396336,possibleWTL
T386I,24,1.0448692630239,0.056110925284017,WTL
T386K,40,1.03842125591402,0.0506738684008024,WTL
T386L,41,1.00801369726732,0.047670156003103,WTL
T386M,44,1.03876061613201,0.043526365420462,WTL
T386N,27,1.02227942685101,0.0566308516061409,WTL
T386P,42,0.964231906231539,0.074006014986169,WTL
T386Q,30,0.974306347158288,0.0346861785243496,WTL
T386R,29,1.0284402735497,0.0509769272286765,WTL
T386S,39,1.02292483224272,0.0329832807623433,WTL
T386V,30,0.998003060823723,0.045131024864077,WTL
T386W,29,1.00425057711764,0.0505881665227719,WTL
T386Y,53,1.01290278171314,0.0438681043067459,WTL
T387*,18,0.0942040817500786,0.199363011505343,possibleLOA
T387A,9,0.982192584917378,0.141690175020438,possibleWTL
T387C,17,0.962178399814204,0.0579116207803024,WTL
T387D,21,0.980981217453322,0.0615303581326074,WTL
T387E,19,0.996489771538109,0.08896972317504,WTL
T387F,18,0.921434724190944,0.0679950553691211,possibleWTL
T387G,21,0.94753088983645,0.059585019127631,possibleWTL
T387H,12,0.999419511055538,0.0837218214323731,WTL
T387I,13,1.02431491565583,0.0829700925143676,WTL
T387K,18,1.06040467725981,0.0944789900198874,WTL
T387L,10,0.993171514523517,0.0817876319302458,WTL
T387M,19,1.02507833900766,0.0572152461411446,WTL
T387N,17,1.03353004585712,0.0612695974913427,WTL
T387P,11,1.02602425056757,0.0674680685393217,WTL
T387Q,22,0.977420092143153,0.0596855712685449,WTL
T387R,18,0.970498537259601,0.0719137531319033,WTL
T387S,20,1.01305629151931,0.0370071458248541,WTL
T387V,23,0.989834962776069,0.0661717203111152,WTL
T387W,18,0.886384952720764,0.0519575774329149,Intermediate
T387Y,13,0.982383173367701,0.108368600443466,possibleWTL
T388*,20,0.070216374221372,0.174696709570477,LOA
T388A,20,1.01478233719083,0.0573677234731518,WTL
T388C,13,0.938416937186787,0.0773547971494065,possibleWTL
T388D,26,1.00820298962373,0.0727596138480381,WTL
T388E,29,1.04527701973682,0.0472223380406946,WTL
T388F,24,0.910211620044879,0.0554761851725208,possibleWTL
T388G,29,0.998036374327768,0.0712444288231441,WTL
T388H,24,0.966297931719129,0.0853823354667198,possibleWTL
T388I,25,1.01088214669521,0.0880590599524134,WTL
T388K,17,0.999677186546533,0.0632119978421015,WTL
T388L,29,1.0137457363759,0.0561683941675654,WTL
T388M,29,1.05451585692972,0.0550657631035447,WTL
T388N,26,1.01401419296278,0.0494598373788796,WTL
T388P,22,1.0116318807529,0.0738406568239244,WTL
T388Q,24,0.993687086037954,0.0514589753218124,WTL
T388R,26,1.00490271927945,0.0661011866060229,WTL
T388S,23,1.04629426366499,0.0715829486557179,WTL
T388V,27,1.04653279336303,0.0718427210918596,WTL
T388W,21,0.927785355034025,0.0536032362056521,possibleWTL
T388Y,24,0.97606025515342,0.0455480921401262,WTL
Q389*,37,0.111676415184997,0.206945874176152,possibleLOA
Q389A,29,1.07583801954737,0.0423933061024298,WTL
Q389C,33,1.02519685424858,0.0799304738561841,WTL
Q389D,19,1.01602921095125,0.0635637832527434,WTL
Q389E,28,1.01246973133587,0.0442828534168732,WTL
Q389F,28,0.948033251470052,0.059262502966837,possibleWTL
Q389G,23,1.0370497566746,0.0563838379286304,WTL
Q389H,49,1.04641959425499,0.0302930641848972,WTL
Q389I,31,1.05678063497611,0.0383333618809133,WTL
Q389K,39,1.05008652258137,0.0419168753779993,WTL
Q389L,26,1.0731454667634,0.0540648591285452,WTL
Q389M,26,1.04547413938305,0.0511799075064312,WTL
Q389N,22,1.07841042855474,0.050744604177042,WTL
Q389P,28,1.09379217714053,0.0544115408730288,WTL
Q389R,30,0.99771899896366,0.0497393129500261,WTL
Q389S,28,1.09547858695194,0.0579834121373725,WTL
Q389T,24,1.06658398087463,0.0546557447741192,WTL
Q389V,28,1.03030084622744,0.0843229915752972,WTL
Q389W,38,0.903568024411452,0.0635213104589007,possibleWTL
Q389Y,28,1.06582656952013,0.0524222493236833,WTL
A390*,27,-0.0134252130850084,0.0185330397011444,LOA
A390C,25,0.990034490443417,0.0693433779957937,WTL
A390D,47,1.03249515379963,0.042688167781411,WTL
A390E,42,1.11583445870441,0.048058569286565,WTL
A390F,19,0.800408018699272,0.0680638298546706,Intermediate
A390G,25,0.94932733186292,0.0516218203608682,WTL
A390H,45,1.01279670340923,0.0381266097815334,WTL
A390I,29,0.999479618818678,0.0674447055972318,WTL
A390K,28,1.00044697966576,0.0534664648447694,WTL
A390L,32,1.01337302703743,0.0470203917402422,WTL
A390M,33,0.983452619025586,0.0552632228796746,WTL
A390N,30,1.03409962061563,0.044316835451962,WTL
A390P,37,1.04761254434282,0.0344786780708249,WTL
A390Q,39,1.03986463013942,0.0346038530756604,WTL
A390R,34,0.995816183557674,0.043495821957618,WTL
A390S,29,1.0284392324761,0.0522420024686843,WTL
A390T,30,1.02173682926655,0.0317024914729902,WTL
A390V,30,0.985159882060023,0.055657907216997,WTL
A390W,34,0.878270326282255,0.0479166039355963,Intermediate
A390Y,34,0.998402611281636,0.0505823383890239,WTL
Y391*,15,-0.0235111302765209,0.0165742783866104,LOA
Y391A,9,0.819296150248404,0.0434920772694184,Intermediate
Y391C,16,0.726520963130634,0.0620613986182127,Intermediate
Y391D,15,0.698244013658946,0.0751567079448905,Intermediate
Y391E,15,0.758020870389093,0.10083468643608,Intermediate
Y391F,13,0.972085874739694,0.0590363483066984,WTL
Y391G,15,0.697437271757731,0.0691833246615941,Intermediate
Y391H,24,0.859210016892827,0.0401531405813969,Intermediate
Y391I,30,0.833560690706671,0.0290616604888885,Intermediate
Y391K,21,0.633044926432962,0.0674257766182595,Intermediate
Y391L,16,0.728274851634619,0.0935789328677321,Intermediate
Y391M,15,0.833847514566023,0.0770982330167966,Intermediate
Y391N,22,0.840574706721505,0.0757547525459575,Intermediate
Y391P,13,0.824563775570978,0.0835502882018174,Intermediate
Y391Q,13,0.773447041605902,0.0685179435327441,Intermediate
Y391R,20,0.682231013724264,0.0640101377556789,Intermediate
Y391S,21,0.751835114009186,0.0549771722014172,Intermediate
Y391T,23,0.779086470482855,0.0540198843643744,Intermediate
Y391V,24,0.761921716347766,0.052380175927909,Intermediate
Y391W,23,1.10477163349737,0.0446717997619158,WTL
R392*,33,-0.0248897119118041,0.0145536014023519,LOA
R392A,11,0.999575562119829,0.0705425264367077,WTL
R392C,18,0.956614119875323,0.0573269553772288,WTL
R392D,19,0.87408087100799,0.0572039384135969,Intermediate
R392E,26,0.921278543634228,0.0574146326411573,possibleWTL
R392F,19,0.96039162072417,0.0711754177947062,possibleWTL
R392G,31,0.926438643903372,0.0609325736607514,possibleWTL
R392H,19,0.985131095399061,0.0641365542689752,WTL
R392I,20,0.985173016108179,0.0634387635450862,WTL
R392K,17,1.06671546395206,0.0443841072839236,WTL
R392L,18,1.02614910634665,0.0460355894446374,WTL
R392M,24,0.953055749604655,0.0606699094626266,WTL
R392N,15,0.942260432127399,0.0606377663860559,possibleWTL
R392P,25,0.982735250229887,0.0256507287767404,WTL
R392Q,22,0.929520702545456,0.0731515609135641,possibleWTL
R392S,15,0.939596449055072,0.0635282210758507,possibleWTL
R392T,17,0.961041249463512,0.0958926871932751,possibleWTL
R392V,20,0.943080953543037,0.0688047313883009,possibleWTL
R392W,14,0.990142825816215,0.0759682933968958,WTL
R392Y,22,1.00248632966918,0.0703007426828279,WTL
V393*,29,-0.0180199464911428,0.0279535437500373,LOA
V393A,22,0.844262418868839,0.0658359689585579,Intermediate
V393C,23,0.894909235308832,0.0608293463188727,possibleWTL
V393D,20,0.349103257473085,0.0463409287957604,Intermediate
V393E,18,0.502824009673271,0.0853511631308008,Intermediate
V393F,19,0.853093358141218,0.0824807770279961,Intermediate
V393G,17,0.620854092114488,0.0577899828840855,Intermediate
V393H,14,0.767507838588945,0.080942731286338,Intermediate
V393I,16,1.00919284838741,0.0604972580855827,WTL
V393K,14,0.714399054116637,0.0713234907776061,Intermediate
V393L,16,0.961876988380722,0.0868653952539443,possibleWTL
V393M,20,0.90537226415329,0.0413730817114146,possibleWTL
V393N,16,0.631584493763416,0.103799478803087,Intermediate
V393P,20,0.901224113350125,0.0684340503526548,possibleWTL
V393Q,15,0.783480722847403,0.0716178271739258,Intermediate
V393R,24,0.689156018640344,0.0755400229870848,Intermediate
V393S,20,0.791861958861398,0.0562527000076958,Intermediate
V393T,11,0.848687926285097,0.0573490324835631,Intermediate
V393W,18,0.747524534869982,0.068669534822916,Intermediate
V393Y,16,0.520195276867432,0.0604694173572856,Intermediate
D394*,44,-0.0154280733882112,0.0230564106339439,LOA
D394A,44,0.795302890345463,0.0575356112139136,Intermediate
D394C,36,0.849111694459209,0.0593058670516577,Intermediate
D394E,31,0.960963960342175,0.0403014486240787,WTL
D394F,44,0.559729116623678,0.0445675755325814,Intermediate
D394G,38,0.69498737322209,0.0542648387228804,Intermediate
D394H,32,0.789474945704891,0.086613584202367,Intermediate
D394I,37,0.651278246529715,0.044612228484396,Intermediate
D394K,26,0.7495650695954,0.067364404887347,Intermediate
D394L,36,0.739270954287029,0.0359932576278109,Intermediate
D394M,32,0.761663911472086,0.0378438646290604,Intermediate
D394N,29,0.854878627056273,0.0628579126595188,Intermediate
D394P,32,0.795494128810488,0.043296348743178,Intermediate
D394Q,30,0.809848076440155,0.0688408208478741,Intermediate
D394R,39,0.688630820002917,0.047722265573791,Intermediate
D394S,22,0.84820986922166,0.0679882125822136,Intermediate
D394T,23,0.789329868865779,0.0742784022528881,Intermediate
D394V,28,0.739576397574272,0.058455696640287,Intermediate
D394W,33,0.602461040491669,0.0611574283399798,Intermediate
D394Y,23,0.641308782983581,0.0643210301117674,Intermediate
E395*,23,-0.0113735228653042,0.0224376363012834,LOA
E395A,18,0.97547000428558,0.074250015612046,WTL
E395C,27,0.932760501752257,0.0496713520631434,possibleWTL
E395D,22,0.986564943129833,0.0667743370893768,WTL
E395F,30,0.961786854279606,0.0460792887312019,WTL
E395G,33,0.883427843519175,0.0528903216736716,Intermediate
E395H,23,0.99122230165544,0.0458583285320155,WTL
E395I,25,0.958264202568277,0.0705941852896666,possibleWTL
E395K,32,0.998047181653687,0.068847398894216,WTL
E395L,18,0.993262065595789,0.0647865718571995,WTL
E395M,26,0.977334339429504,0.066651762033402,WTL
E395N,16,0.97048035500364,0.0474177184042506,WTL
E395P,36,1.04622395229138,0.0413420985330875,WTL
E395Q,30,1.01005161362216,0.055795625885154,WTL
E395R,24,0.970373177951279,0.0657195127791215,WTL
E395S,21,0.935187245692778,0.0894371790036879,possibleWTL
E395T,29,0.970329374135579,0.0391444750374369,WTL
E395V,25,0.932852347093013,0.0833570710822037,possibleWTL
E395W,26,0.941547557027982,0.0551529319201631,possibleWTL
E395Y,33,1.06267868838785,0.0405936644756466,WTL
R396*,23,0.0287746347988181,0.103606528808587,LOA
R396A,16,0.978242800313851,0.0892284417397851,possibleWTL
R396C,29,0.957112570540088,0.0597411985659846,WTL
R396D,28,1.03042257678828,0.0487607334276208,WTL
R396E,35,1.06765638894059,0.046300253253242,WTL
R396F,26,1.01336039265943,0.0474073513674937,WTL
R396G,24,0.952057298137147,0.0554058184971796,WTL
R396H,33,0.994441443806121,0.0539108437995371,WTL
R396I,38,0.98619086907452,0.0554257725336542,WTL
R396K,31,0.990699075708349,0.0530624814949558,WTL
R396L,33,0.970990986969746,0.0384451075053555,WTL
R396M,42,0.983459885804509,0.0481347342344748,WTL
R396N,24,0.959466310733648,0.0554197527539743,WTL
R396P,17,0.974811943540288,0.0357234547677339,WTL
R396Q,35,0.966992029863064,0.0652710078887995,WTL
R396S,32,1.02939843896245,0.0455681914776273,WTL
R396T,31,0.982676950656201,0.0360906157403944,WTL
R396V,36,0.936300733668531,0.0494065628580142,possibleWTL
R396W,32,0.906877784763612,0.0508748860813374,possibleWTL
R396Y,23,1.00508103631748,0.033911333426486,WTL
A397*,29,0.0396890418222228,0.169075170596146,LOA
A397C,21,0.980689810409699,0.0795043566506557,WTL
A397D,26,1.01690676704231,0.0485272218365474,WTL
A397E,25,1.00170250559551,0.0620609177257295,WTL
A397F,26,0.964672893904798,0.0741657436056989,WTL
A397G,24,0.915222027942204,0.0487531555368103,possibleWTL
A397H,23,0.939309031778194,0.0582484716015212,possibleWTL
A397I,23,0.980116126056778,0.0674492176660397,WTL
A397K,35,0.86878593979081,0.0546961341953533,Intermediate
A397L,27,0.955872200528798,0.0423486861794769,WTL
A397M,26,0.970279546854327,0.0698473275781173,WTL
A397N,29,1.01662008339288,0.0592249913485295,WTL
A397P,31,0.725968134865208,0.0695051108153586,Intermediate
A397Q,31,0.934119950061895,0.0612512238926463,possibleWTL
A397R,27,0.86542768400513,0.0522528247010826,Intermediate
A397S,33,1.00414966211942,0.0417191509119711,WTL
A397T,33,0.945328550660586,0.0429751652952599,WTL
A397V,33,1.00192231248294,0.0541103579168493,WTL
A397W,30,0.914030409141617,0.0649799485626927,possibleWTL
A397Y,25,0.930899729324094,0.0528740101967517,possibleWTL
A398*,34,-0.0168883907900438,0.0257074859658034,LOA
A398C,18,0.976346321604008,0.061552945726595,WTL
A398D,22,0.879862214559234,0.0803087651792898,Intermediate
A398E,20,1.02759432170535,0.0505486214318419,WTL
A398F,33,0.974512545498054,0.0326979342702938,WTL
A398G,16,0.865485455347265,0.10519840811506,Intermediate
A398H,18,0.932979979496505,0.050806779784082,possibleWTL
A398I,29,1.01156516141311,0.0488897351016068,WTL
A398K,29,1.0815131045112,0.0558921171124933,WTL
A398L,27,1.00722180608803,0.0622099441942245,WTL
A398M,29,1.06975092841996,0.0445897042719736,WTL
A398N,26,0.957466421106063,0.0569755247169957,WTL
A398P,16,0.513389053303011,0.093627413987168,Intermediate
A398Q,22,1.0378719463092,0.064401746660083,WTL
A398R,22,1.02185045382308,0.0765778446925403,WTL
A398S,26,0.998884972675456,0.05292074824036,WTL
A398T,18,0.959579734667603,0.0722979355938527,possibleWTL
A398V,20,0.992963419941863,0.042421650014038,WTL
A398W,27,0.951327607829725,0.0788330370879657,possibleWTL
A398Y,22,0.89534804694819,0.0661484737396285,possibleWTL
E399*,35,-0.00451493135683804,0.0364819975434764,LOA
E399A,28,0.983262825524356,0.0553077822536906,WTL
E399C,23,0.909732960451397,0.0600215929453004,possibleWTL
E399D,30,1.00124227894132,0.0580724471414685,WTL
E399F,27,0.955379231035234,0.0625948871369959,WTL
E399G,30,0.952809108934695,0.0353407143113266,WTL
E399H,36,0.968693961825684,0.0410167781762419,WTL
E399I,32,0.992307006032633,0.0449764938308618,WTL
E399K,27,0.920584598637681,0.0337599377732231,possibleWTL
E399L,32,0.998283463097536,0.0568701635148545,WTL
E399M,28,1.05153310408443,0.0574099119408538,WTL
E399N,22,1.01592447356422,0.054849056762945,WTL
E399P,36,0.678667214069168,0.0541105742200366,Intermediate
E399Q,21,0.970031041159749,0.0666050213267429,WTL
E399R,31,1.05132810297789,0.0672512824571904,WTL
E399S,21,1.03779185867919,0.0578668767652242,WTL
E399T,36,0.998704549921305,0.0493070990309429,WTL
E399V,34,0.949647223316275,0.0473109871980678,WTL
E399W,27,0.975089667069878,0.0630960481057197,WTL
E399Y,34,0.96908193235359,0.0663919659700807,WTL
Q400*,43,0.124563282384179,0.2311958881042,possibleLOA
Q400A,31,1.03212048302578,0.059660695435837,WTL
Q400C,31,1.04527553910209,0.038095496991741,WTL
Q400D,50,1.07007403324211,0.0392240597715178,WTL
Q400E,28,1.12931519783672,0.0595513915549437,WTL
Q400F,45,1.00707915916729,0.0431584861964997,WTL
Q400G,32,1.04298423448183,0.0470313352596182,WTL
Q400H,33,1.02723879221763,0.0546550735662292,WTL
Q400I,25,1.03313985828641,0.0421384529581333,WTL
Q400K,36,1.06800389031305,0.0593992719444659,WTL
Q400L,24,1.01709994733117,0.0582140997392282,WTL
Q400M,39,1.07462118383061,0.0514375054866044,WTL
Q400N,32,1.08344575372691,0.0388364454581434,WTL
Q400P,35,0.63170098416961,0.0677750783365696,Intermediate
Q400R,40,1.04713925922259,0.0357606510049426,WTL
Q400S,45,1.06840977031402,0.0351188677203837,WTL
Q400T,35,1.01549642030133,0.0520752610145893,WTL
Q400V,40,1.08136873685403,0.0501128991707505,WTL
Q400W,38,1.00018769243472,0.0514769051736056,WTL
Q400Y,35,0.979928820290643,0.0494746701947412,WTL
A401*,17,0.0475100694155187,0.182033604246235,LOA
A401C,16,0.883842795542523,0.0741553849510894,Intermediate
A401D,23,0.028309320062921,0.0287786059556724,LOA
A401E,25,0.0355710728879998,0.0404876305928525,LOA
A401F,19,0.116911041349619,0.0752521510389678,LOA
A401G,27,0.856325813225784,0.0597306768653446,Intermediate
A401H,20,0.468864188480175,0.0723764530973035,Intermediate
A401I,13,-0.0135086250437601,0.0393602905267322,LOA
A401K,14,0.0228404851988984,0.0336917934229962,LOA
A401L,13,0.0252012454433333,0.0435462211137541,LOA
A401M,18,0.0448946528978241,0.0567925664012797,LOA
A401N,18,0.241765773605614,0.0780279046726743,possibleLOA
A401P,14,0.100625344801488,0.0602517655635756,LOA
A401Q,24,0.20186267507032,0.0873632666257278,possibleLOA
A401R,15,0.00716265104655322,0.0269630946010293,LOA
A401S,22,0.926250374533903,0.0654842200612211,possibleWTL
A401T,12,0.138866492709259,0.0863467121563743,LOA
A401V,18,-0.0246685581387171,0.0187471701999407,LOA
A401W,10,0.419641654258024,0.111161400798541,Intermediate
A401Y,20,0.143569013814321,0.0646854371666087,LOA
R402*,46,-0.010804397821817,0.0283913575415642,LOA
R402A,24,0.854255809165398,0.0784382185847798,Intermediate
R402C,35,0.959465893153551,0.0646428770815984,WTL
R402D,22,0.15245108784284,0.079762223408324,LOA
R402E,35,0.905816611883015,0.0351704892704557,possibleWTL
R402F,35,0.455047363169645,0.085274729338747,Intermediate
R402G,39,0.695354973522033,0.0512855273829173,Intermediate
R402H,30,0.755594486563966,0.0526903283697565,Intermediate
R402I,34,0.951190182870099,0.0686041338692347,possibleWTL
R402K,38,1.00959961715457,0.0275999347241227,WTL
R402L,26,0.690646209072406,0.0699971548705652,Intermediate
R402M,43,0.94607015242933,0.0537793960300635,WTL
R402N,21,0.801717789743807,0.0469544631211725,Intermediate
R402P,37,0.0671800693354613,0.0476619288545664,LOA
R402Q,38,0.964618817156215,0.0368394477727456,WTL
R402S,28,0.991379151191597,0.0745276495720156,WTL
R402T,30,0.943720323596146,0.0636499932428375,possibleWTL
R402V,26,0.895806432554233,0.0379011284063701,possibleWTL
R402W,23,0.319898707011678,0.0444929508689039,Intermediate
R402Y,34,0.366460919862407,0.0826828130743313,Intermediate
W403*,22,0.047470173744623,0.139538852037395,LOA
W403A,14,0.345739945490405,0.0856237493329395,Intermediate
W403C,30,0.295620586107813,0.0926125778815708,Intermediate
W403D,19,0.206336142698268,0.0845828744377987,possibleLOA
W403E,24,0.113024414077625,0.0823226955477493,LOA
W403F,16,0.868730829589309,0.0995238162299223,Intermediate
W403G,15,0.169190753817466,0.0916337304815951,possibleLOA
W403H,25,0.307329876617055,0.0819561986059462,Intermediate
W403I,17,0.441644263491329,0.0990848854992081,Intermediate
W403K,23,0.228288239715014,0.0868183052065622,possibleLOA
W403L,34,0.783598929594245,0.0728601859358873,Intermediate
W403M,22,0.810151753742416,0.0585960901389027,Intermediate
W403N,26,0.15991883589082,0.0815259825789664,LOA
W403P,27,0.125754057345948,0.0552771561805932,LOA
W403Q,35,0.141214131236252,0.0964624662008563,LOA
W403R,11,0.171029938431348,0.0826335053308263,LOA
W403S,21,0.296329757059404,0.0781596359742055,Intermediate
W403T,21,0.161053944952234,0.0895476152374769,LOA
W403V,32,0.384063179253253,0.0835543773713476,Intermediate
W403Y,28,0.820027547418785,0.074806276633161,Intermediate
E404*,34,-0.00178653907858781,0.033561369491268,LOA
E404A,35,0.930065610759452,0.0519102954636716,possibleWTL
E404C,32,0.90487445332206,0.0590826988105658,possibleWTL
E404D,36,0.995321194306819,0.0452257753055309,WTL
E404F,31,0.912697923008175,0.0556224530366279,possibleWTL
E404G,24,0.898017736358553,0.0577607091365648,possibleWTL
E404H,19,0.92649391664641,0.0711083250075418,possibleWTL
E404I,29,1.01867928956708,0.0495705092349201,WTL
E404K,18,0.925052131145815,0.0840732444170774,possibleWTL
E404L,28,0.943616050917234,0.0531453999051302,WTL
E404M,18,0.966965338530767,0.0631590100234564,WTL
E404N,32,1.00556346756349,0.0601298048924207,WTL
E404P,28,1.00917485461616,0.0425350197100779,WTL
E404Q,25,0.913600596051071,0.0530647780147973,possibleWTL
E404R,24,0.881455076609201,0.0605689416524018,Intermediate
E404S,13,0.948969611491656,0.0802332036283225,possibleWTL
E404T,32,0.949303980035315,0.0478589198522406,WTL
E404V,31,0.897751034865435,0.046752719815087,possibleWTL
E404W,33,0.748057269785303,0.0741118100187055,Intermediate
E404Y,19,0.895254488451274,0.0318089931853486,possibleWTL
A405*,26,0.0464982714623286,0.0619194945696091,LOA
A405C,22,0.987318633772039,0.0491996081506681,WTL
A405D,22,1.01076434166956,0.0512929025546767,WTL
A405E,20,1.07696654620442,0.0481415790508445,WTL
A405F,16,0.973027686850784,0.0575330977000172,WTL
A405G,22,0.950131764439126,0.0618385068922312,possibleWTL
A405H,17,0.946315693554872,0.0642005774877315,possibleWTL
A405I,25,1.04099920282611,0.0426419020267554,WTL
A405K,27,1.0531023020506,0.0482700373042366,WTL
A405L,24,1.00358867654011,0.0512589642954741,WTL
A405M,18,1.01816122488601,0.0984136986137716,WTL
A405N,25,1.02837034767024,0.0623888012763954,WTL
A405P,20,1.01822839152928,0.0458471464648297,WTL
A405Q,18,0.933429048447023,0.0810197314399243,possibleWTL
A405R,18,1.01310055362813,0.0644417411984432,WTL
A405S,27,1.03079532360126,0.0761491339452106,WTL
A405T,33,1.02617355311612,0.0564534681471192,WTL
A405V,18,1.00996972303662,0.0596063119845712,WTL
A405W,29,0.84646847481603,0.0711782011964407,Intermediate
A405Y,21,1.00490607446474,0.0555345166508454,WTL
A406*,23,-0.00330474741547157,0.0297094449109812,LOA
A406C,24,0.942141718751043,0.0821517997723008,possibleWTL
A406D,27,1.11390636220574,0.0557537704328607,WTL
A406E,24,1.00465206078496,0.055700125491051,WTL
A406F,29,0.984962819809941,0.0617248629551944,WTL
A406G,22,0.952510932287185,0.0511044083321317,WTL
A406H,34,0.987701188426816,0.0454394923739988,WTL
A406I,34,0.992738968833353,0.0535216934815228,WTL
A406K,36,1.02985290110484,0.0630200915446523,WTL
A406L,26,0.918925889419312,0.0482754325296222,possibleWTL
A406M,29,1.03605177440957,0.0377452668967996,WTL
A406N,19,1.03459215371291,0.0613462599720025,WTL
A406P,15,1.01859904462604,0.0493316255765336,WTL
A406Q,20,1.00066601555824,0.0469068978251171,WTL
A406R,30,1.02495297212771,0.0583614887684151,WTL
A406S,20,1.03980429267005,0.0712014600964871,WTL
A406T,21,1.03729388271579,0.0535044080621054,WTL
A406V,19,0.951246995827386,0.0734799103331258,possibleWTL
A406W,26,0.917418871525598,0.0584448350439235,possibleWTL
A406Y,31,1.02140468276002,0.0406397558721771,WTL
S407*,29,0.00140493294786366,0.0193281627511571,LOA
S407A,18,0.963666703450996,0.0837427696580112,possibleWTL
S407C,21,0.968092679129537,0.0635582589191926,WTL
S407D,31,0.986198772844615,0.0523678329963545,WTL
S407E,18,0.991755270841564,0.0652009145557601,WTL
S407F,26,0.919195215173789,0.0379056233356499,possibleWTL
S407G,30,0.871449936622309,0.0369518020399688,Intermediate
S407H,28,1.00008104455861,0.0291377537770904,WTL
S407I,28,0.947742060798298,0.0699774452894171,possibleWTL
S407K,15,0.997910635889445,0.0428238539983344,WTL
S407L,38,0.913018784189412,0.0557480464188462,possibleWTL
S407M,24,0.936315693039608,0.0678311589949847,possibleWTL
S407N,27,1.05010822387592,0.0457570206397175,WTL
S407P,24,1.01548801371051,0.0556674855685422,WTL
S407Q,25,0.940179158257446,0.0467805952312373,WTL
S407R,18,0.969386759318338,0.044034225220893,WTL
S407T,25,1.01098478118078,0.0397592370291274,WTL
S407V,26,0.841831900825679,0.0636750219851522,Intermediate
S407W,19,0.855825457153481,0.0774282921078762,Intermediate
S407Y,27,0.945656309693497,0.0502616052831132,WTL
K408*,22,0.0256175963171312,0.0612979278685802,LOA
K408A,14,0.949628678893863,0.0746424424428537,possibleWTL
K408C,19,0.89765930438834,0.0608319846360756,possibleWTL
K408D,18,0.98936032214292,0.0914755975643755,WTL
K408E,36,1.01768084875072,0.0250617141351249,WTL
K408F,20,0.91377257541693,0.0601439990372218,possibleWTL
K408G,28,0.962380266895848,0.0538621230954908,WTL
K408H,23,0.966170871118299,0.0443455129830333,WTL
K408I,29,0.968325033370832,0.0721343100633558,WTL
K408L,24,1.00584854831507,0.0628653915513597,WTL
K408M,19,0.976226487958216,0.0589301936442583,WTL
K408N,27,1.00014967069148,0.0314933095390556,WTL
K408P,26,0.955399251201628,0.0644720481585208,WTL
K408Q,25,0.975512326216769,0.0460690804699832,WTL
K408R,26,0.883598995502398,0.0658647572426358,Intermediate
K408S,28,0.947300275127467,0.0820230956574278,possibleWTL
K408T,23,0.972223604232671,0.0618281996923434,WTL
K408V,28,1.0055456805032,0.035894814993633,WTL
K408W,23,0.881381462858372,0.0682751039193169,Intermediate
K408Y,38,0.941590977713704,0.041481857860774,WTL
E409*,31,-0.00311431080538013,0.0222632446917291,LOA
E409A,15,0.903446219652321,0.068389750920904,possibleWTL
E409C,24,0.927756942405568,0.0826345394727025,possibleWTL
E409D,38,1.04402459942016,0.0598032034749582,WTL
E409F,38,0.934314249803095,0.0440749509837334,WTL
E409G,21,0.807721265852327,0.0765253752947162,Intermediate
E409H,14,0.988486882626413,0.0944297815716427,WTL
E409I,25,0.926464438316844,0.0702441373007947,possibleWTL
E409K,28,0.908484449085985,0.088606881732036,possibleWTL
E409L,35,0.907829875268259,0.0505104063054031,possibleWTL
E409M,28,0.940254528527252,0.0500951838135519,WTL
E409N,22,0.969497620705661,0.0696427979805773,WTL
E409P,25,0.921462546578004,0.0704516543739536,possibleWTL
E409Q,27,0.910481844616421,0.0602421189782616,possibleWTL
E409R,20,0.920610482660417,0.0674626113591946,possibleWTL
E409S,26,0.937469035749839,0.0465367615764346,WTL
E409T,32,0.937826634405498,0.0626633170879101,possibleWTL
E409V,26,0.906347711358551,0.0378176130597205,possibleWTL
E409W,21,0.938690874712239,0.0661471965199722,possibleWTL
E409Y,33,0.98448565228561,0.0568893406544061,WTL
T410*,29,0.00379916762124016,0.0427034653842196,LOA
T410A,26,0.94578719500451,0.0605941036629893,possibleWTL
T410C,22,0.963560738081077,0.0453212107026903,WTL
T410D,37,1.02792101344599,0.0353123613671786,WTL
T410E,28,1.01072564886273,0.0549810673446792,WTL
T410F,28,0.91228574153804,0.0724844150933915,possibleWTL
T410G,33,0.901860213917411,0.0773355387650325,possibleWTL
T410H,20,0.958306758728612,0.0782451424043105,possibleWTL
T410I,36,0.891355141527785,0.0394903259256948,possibleWTL
T410K,34,0.923683066309126,0.0388289478896375,possibleWTL
T410L,37,0.87394390223604,0.0508134583513503,Intermediate
T410M,19,0.975744218286068,0.0544248286884643,WTL
T410N,46,0.939006589421413,0.0600337034740594,possibleWTL
T410P,34,0.902890282728658,0.0671972616255432,possibleWTL
T410Q,23,0.941008973656851,0.0643378018082074,possibleWTL
T410R,33,0.936693287842962,0.0513472441842878,possibleWTL
T410S,23,0.9361321431866,0.0570664696130475,possibleWTL
T410V,38,0.952178416783245,0.0456150597883863,WTL
T410W,35,0.938172524920601,0.050719880943383,possibleWTL
T410Y,22,0.943929438212793,0.075476527236564,possibleWTL
I411*,20,0.0730960251844285,0.101821916263709,LOA
I411A,19,0.922711661222859,0.0731928187872238,possibleWTL
I411C,26,0.911071323406433,0.0380046213438539,possibleWTL
I411D,23,1.0780362615946,0.0476341634858861,WTL
I411E,27,0.996655786750692,0.0475208919490087,WTL
I411F,23,0.966036857862807,0.0547302619159049,WTL
I411G,18,0.880687029800428,0.0577545242137091,Intermediate
I411H,22,0.966307527463478,0.0640201436678517,WTL
I411K,27,1.03248886751256,0.0612870980930522,WTL
I411L,24,0.970621086820037,0.0814772034792791,possibleWTL
I411M,36,0.98691186933461,0.0384538485371368,WTL
I411N,23,1.03396450147807,0.0361926648528907,WTL
I411P,21,0.909599199465543,0.088958388075952,possibleWTL
I411Q,29,1.01145172516755,0.0357537330928931,WTL
I411R,36,0.957328548360828,0.0580003160220228,WTL
I411S,23,1.01713792520867,0.0551073821216397,WTL
I411T,31,0.970207915145533,0.0641405548614874,WTL
I411V,30,0.959483757446763,0.0634528288429203,WTL
I411W,41,0.915157079822961,0.0603573764247767,possibleWTL
I411Y,35,0.96364325913378,0.0619412407980605,WTL
K412*,32,-0.00974895801662848,0.0160666554688747,LOA
K412A,32,0.959785972251335,0.0561620787398393,WTL
K412C,24,0.977960047587647,0.0332290810223298,WTL
K412D,17,0.979184163079632,0.0596007450686692,WTL
K412E,18,0.951799213986871,0.0630213816208802,possibleWTL
K412F,24,0.943920032780013,0.0439283393821235,WTL
K412G,24,0.96485037912446,0.061595251190754,WTL
K412H,34,0.979097214808467,0.0492133610294209,WTL
K412I,26,1.00052853725831,0.0744862160442097,WTL
K412L,23,0.986150210305931,0.0355183943418495,WTL
K412M,31,0.986592290595549,0.0386816846221138,WTL
K412N,18,1.02459686403279,0.0657935526720272,WTL
K412P,34,0.928251233424681,0.0396405208516449,possibleWTL
K412Q,28,0.954222043323575,0.0376149004847214,WTL
K412R,23,0.953314362081475,0.0664726119809575,possibleWTL
K412S,29,1.00132393636397,0.0311988358604477,WTL
K412T,31,1.00724885467757,0.0550642830360732,WTL
K412V,34,0.967195124485743,0.0371068870310025,WTL
K412W,45,0.95350701295672,0.0432193679269696,WTL
K412Y,24,0.972257599682732,0.0576544007855288,WTL
K413*,18,0.0964276351423507,0.156299145845405,LOA
K413A,25,1.05152545015815,0.0482761389566896,WTL
K413C,30,1.0080370321727,0.0475650255640484,WTL
K413D,24,1.10529836034053,0.0532508905479291,WTL
K413E,30,1.05354905130159,0.0502253066575235,WTL
K413F,17,1.08431630787682,0.0455086260223628,WTL
K413G,25,1.01056896872049,0.0492177202464095,WTL
K413H,23,1.09612202154485,0.0540159710295524,WTL
K413I,26,1.03826779207972,0.0738884523320825,WTL
K413L,29,0.991269758307265,0.0394387758547442,WTL
K413M,19,0.983959888123658,0.0677791515296234,WTL
K413N,26,1.0172891958881,0.0614719386620078,WTL
K413P,37,1.01967505459317,0.0528138144844505,WTL
K413Q,23,1.00782291699424,0.0647341952658339,WTL
K413R,27,0.992225227241006,0.0715056136598986,WTL
K413S,40,1.04543763198654,0.047779216983414,WTL
K413T,23,1.03096202009331,0.0679545160274997,WTL
K413V,18,1.21215735820846,0.048630693789469,WTL
K413W,24,0.953897908917294,0.0421902073421178,WTL
K413Y,32,1.0327472145061,0.041170712837465,WTL
T414*,29,0.0127568902712067,0.0341883697110143,LOA
T414A,31,0.955268745640336,0.0531430631841987,WTL
T414C,26,0.92794423020827,0.0689855114529838,possibleWTL
T414D,29,0.972807864532383,0.0690904735834708,WTL
T414E,28,1.03715541326259,0.0394347515690889,WTL
T414F,29,0.946873407160224,0.0414232323641017,WTL
T414G,12,0.942736430166961,0.0800037170285844,possibleWTL
T414H,22,1.00653147116082,0.0530613943914762,WTL
T414I,21,0.940950679496826,0.0694164298664343,possibleWTL
T414K,31,0.947869571428316,0.051676932707473,WTL
T414L,27,0.915226866415727,0.0650129748574085,possibleWTL
T414M,41,0.924533199644951,0.0640074254832529,possibleWTL
T414N,31,0.903192856079928,0.0389440337651321,possibleWTL
T414P,23,1.02244520800763,0.0531969326254856,WTL
T414Q,19,0.957515148951149,0.0695277282806267,possibleWTL
T414R,29,1.02055948982476,0.053979637938587,WTL
T414S,33,0.987305791298965,0.0476442655665785,WTL
T414V,24,1.02846772488264,0.0493941652581563,WTL
T414W,25,0.975185086330531,0.0452972692947808,WTL
T414Y,16,1.00034012319584,0.0749314063317336,WTL
T415*,26,0.0123634134258937,0.0279393334502452,LOA
T415A,26,0.943757368118289,0.0538199815416819,possibleWTL
T415C,33,0.954771195189246,0.0447171849572258,WTL
T415D,19,0.962973215450341,0.0670350331554457,WTL
T415E,33,0.97953483953739,0.0453988271449693,WTL
T415F,29,0.966654870715541,0.0432976228265618,WTL
T415G,12,0.843669694677756,0.0797691319029244,Intermediate
T415H,33,0.990758466366711,0.0537766914033851,WTL
T415I,21,0.976881316839098,0.0563524626354741,WTL
T415K,28,0.946917111293969,0.0744450926420951,possibleWTL
T415L,20,0.910658453619489,0.0885924752865437,possibleWTL
T415M,31,0.978081905591107,0.0578437733768468,WTL
T415N,27,1.01686763053824,0.0560178647052557,WTL
T415P,18,0.922733637131336,0.0617822382053167,possibleWTL
T415Q,27,0.917131955494669,0.0535234139319295,possibleWTL
T415R,27,0.962451688598875,0.0379065334908093,WTL
T415S,25,0.963450442161217,0.041386285277527,WTL
T415V,26,0.96819407156848,0.0411434963113296,WTL
T415W,24,1.00552410921643,0.0563125525882473,WTL
T415Y,30,1.00595813871593,0.0540151883688912,WTL
K416*,27,-0.00474782951503165,0.0290173419749329,LOA
K416A,14,0.869139463293061,0.0722036368413217,Intermediate
K416C,28,0.745455395100181,0.091623425547778,Intermediate
K416D,22,0.746683409124966,0.0566389085685025,Intermediate
K416E,25,0.899604225207044,0.0574723804191066,possibleWTL
K416F,28,0.728246448671945,0.0598714982635509,Intermediate
K416G,16,0.856213434106627,0.0696690044793622,Intermediate
K416H,25,0.736195766136371,0.0504088493272661,Intermediate
K416I,26,0.76979229356101,0.0505297253361368,Intermediate
K416L,26,0.832464616535535,0.0799533269829664,Intermediate
K416M,21,0.998010465354091,0.101435957253951,WTL
K416N,21,0.757862547973854,0.0612471401367456,Intermediate
K416P,35,0.434604661977056,0.0746047846371636,Intermediate
K416Q,20,0.920852046655382,0.0391167206035444,possibleWTL
K416R,40,0.852222689390277,0.032396964730427,Intermediate
K416S,31,0.861426979251017,0.0655295921570442,Intermediate
K416T,26,0.800913549540651,0.0938366121919355,Intermediate
K416V,21,0.926260660233137,0.0750811272122028,possibleWTL
K416W,23,0.847731690014889,0.0477570837525627,Intermediate
K416Y,23,0.823340611092193,0.0889052130571016,Intermediate
P417*,25,-0.0174360049052315,0.0124185013975449,LOA
P417A,23,0.963872451124315,0.065144987336115,WTL
P417C,36,0.973821278775892,0.0368500859906389,WTL
P417D,16,1.13220273055147,0.097247122425279,WTL
P417E,34,1.05733340639123,0.0570848152645061,WTL
P417F,23,0.910604382776235,0.0479846034731221,possibleWTL
P417G,21,0.945202152580799,0.0533502410282657,WTL
P417H,33,0.990414978345805,0.0664243589846632,WTL
P417I,38,0.868409407368712,0.0499323125328747,Intermediate
P417K,23,1.0005207760439,0.058101476972636,WTL
P417L,18,0.906744428572036,0.0634604015904551,possibleWTL
P417M,38,0.947090084193366,0.0474451661431928,WTL
P417N,38,1.07074410755288,0.0525071498441481,WTL
P417Q,18,0.976581050750453,0.0589196557383715,WTL
P417R,27,0.944768558836659,0.0738667922570878,possibleWTL
P417S,30,0.983971050662135,0.0419530191227359,WTL
P417T,35,0.939988259904664,0.0421477777477839,WTL
P417V,23,1.17840846178503,0.0709557832700006,WTL
P417W,19,1.01660218180774,0.0482561229889284,WTL
P417Y,24,0.971852360636693,0.070569765090905,WTL
C418*,31,-0.0191842065575983,0.0211902698820773,LOA
C418A,31,-0.0187046435126326,0.0219088311707081,LOA
C418D,24,-0.0152061087907538,0.0168508541217634,LOA
C418E,23,-0.0170911849735503,0.0259046571530385,LOA
C418F,38,-0.0210931701064616,0.0151056421705842,LOA
C418G,23,-0.0188798899378549,0.036535877807358,LOA
C418H,30,-0.00787744469935692,0.0336539765430207,LOA
C418I,22,-0.027189132316133,0.0228665477419885,LOA
C418K,24,-0.0189070293408861,0.0162099503542309,LOA
C418L,26,-0.0129261710487809,0.0204700935066626,LOA
C418M,22,-0.0290602013168564,0.0219996180165598,LOA
C418N,24,-0.0210256461249976,0.0341965406355122,LOA
C418P,32,-0.0304959838264116,0.023039857275314,LOA
C418Q,26,-0.0112692665507324,0.0419266904860338,LOA
C418R,22,-0.0166933001886705,0.024719317436339,LOA
C418S,21,-0.00130647848996583,0.0298256043953689,LOA
C418T,30,-0.0222044713496069,0.0169149637517123,LOA
C418V,13,-0.017505303937956,0.0286011875641382,LOA
C418W,24,-0.0169082948475368,0.0218460157334671,LOA
C418Y,20,-0.0202179748402982,0.0258856031881374,LOA
P419*,24,-0.000145827519204857,0.0254525441164087,LOA
P419A,29,0.592482993982266,0.0491753027270628,Intermediate
P419C,38,0.282246028681819,0.0840250133215094,Intermediate
P419D,23,-0.00762451971678819,0.0275476658637762,LOA
P419E,38,0.167147790109778,0.0827082979500862,LOA
P419F,28,0.445392165403024,0.0819647725676518,Intermediate
P419G,12,0.331629206119117,0.081058950299523,Intermediate
P419H,23,0.310112794668793,0.0818388266225368,Intermediate
P419I,23,0.842085756353226,0.0633874682882998,Intermediate
P419K,31,0.474555133104394,0.0737188397351004,Intermediate
P419L,19,0.672453672015803,0.0668285058059375,Intermediate
P419M,23,0.608308273694103,0.0630196790418642,Intermediate
P419N,21,0.292142046477233,0.083091577521149,Intermediate
P419Q,30,0.415530174201291,0.0667046190125121,Intermediate
P419R,26,0.419576130612489,0.100669226832229,Intermediate
P419S,11,0.461800289813992,0.124456412374844,Intermediate
P419T,19,0.53337921603423,0.0773878185237284,Intermediate
P419V,21,0.666202362653837,0.0523280487617153,Intermediate
P419W,25,0.268284568690273,0.0702905663721699,Intermediate
P419Y,27,0.388194579691256,0.0758724017806099,Intermediate
R420*,29,-0.0246538606653904,0.02064345595079,LOA
R420A,36,1.01609545525049,0.033477966590513,WTL
R420C,31,0.968037789643729,0.0719652121418088,WTL
R420D,31,1.02350609812381,0.0642052458623129,WTL
R420E,34,0.968077012584942,0.0500261425198344,WTL
R420F,38,1.07766424442964,0.0623351168179895,WTL
R420G,33,1.04486732961066,0.0396137717260996,WTL
R420H,37,1.10433097748369,0.026931437326416,WTL
R420I,33,0.981990577582926,0.0642402629797328,WTL
R420K,27,1.09777812352255,0.0447578575063977,WTL
R420L,34,1.03374814341881,0.0481266818183132,WTL
R420M,22,1.03570720014559,0.0769227190279646,WTL
R420N,30,1.15875586891342,0.050675443041182,WTL
R420P,41,-0.0217591597608965,0.0174501751630817,LOA
R420Q,25,1.03327495709339,0.0610627049198951,WTL
R420S,35,1.07214308452421,0.0374019178562428,WTL
R420T,28,0.933780651957669,0.0538492877692146,possibleWTL
R420V,39,0.89118478279259,0.0432155849050662,possibleWTL
R420W,38,0.880870259717989,0.0440474778447965,Intermediate
R420Y,34,1.06408686791663,0.0388659808225601,WTL
C421*,25,-0.0145592491870401,0.0243381681120703,LOA
C421A,15,-0.0169905034445972,0.0487519784086266,LOA
C421D,24,0.0815554550572478,0.0581422999833694,LOA
C421E,18,-0.00757879745919189,0.0262814733329507,LOA
C421F,24,-0.0199748418844749,0.0254687890669724,LOA
C421G,11,0.0513909689981711,0.0560452427117135,LOA
C421H,15,-0.0235394902990085,0.0187356070333884,LOA
C421I,26,-0.0119042152080434,0.0186070522855631,LOA
C421K,28,-0.0231429049099221,0.0148669073991582,LOA
C421L,17,-0.0210107870312123,0.037294624744983,LOA
C421M,21,-0.0250343600100051,0.0136773937837759,LOA
C421N,23,-0.0267147921213243,0.0135728066386555,LOA
C421P,19,-0.0239244957713751,0.0128988868036045,LOA
C421Q,14,-0.0356581145677925,0.0135289869670066,LOA
C421R,28,-0.0267826406683582,0.0167476737649772,LOA
C421S,28,-0.0218812390607495,0.0228694981514454,LOA
C421T,27,-0.03142644310286,0.0146222122977355,LOA
C421V,16,-0.012010408640737,0.0354888006090119,LOA
C421W,19,-0.0329853181121989,0.0128743028568171,LOA
C421Y,23,-0.0210967191946949,0.0278292647874706,LOA
H422*,22,-0.0272573166037513,0.0202839074883393,LOA
H422A,25,0.853720492061423,0.0557619253524965,Intermediate
H422C,25,0.877107192754266,0.0669245770895588,Intermediate
H422D,28,0.913358354035116,0.0646738353625463,possibleWTL
H422E,19,0.875455450829467,0.0765431857787252,Intermediate
H422F,35,0.947479105215012,0.0959628837170847,possibleWTL
H422G,24,0.927920175545353,0.055799297538109,possibleWTL
H422I,25,0.867418417692243,0.0656326759127126,Intermediate
H422K,26,0.760014462317895,0.0919263048432636,Intermediate
H422L,33,0.905518650690444,0.0401375514287392,possibleWTL
H422M,32,0.892639974077338,0.0522360845822773,possibleWTL
H422N,32,1.02128669323088,0.0547813352177171,WTL
H422P,28,-0.0173952595289143,0.0219347160118017,LOA
H422Q,23,0.867511920475059,0.0680328463362497,Intermediate
H422R,21,0.817287087030947,0.0581977906558973,Intermediate
H422S,20,0.988148623887622,0.0552491397410698,WTL
H422T,29,1.0174175486685,0.0551691220637301,WTL
H422V,30,0.654779629049675,0.0662372775173933,Intermediate
H422W,36,0.761233679037088,0.0695022634887694,Intermediate
H422Y,21,0.96283137344889,0.0666937491182767,WTL
V423*,27,-0.0302654052197613,0.0119278847299212,LOA
V423A,26,1.06280800500106,0.0530726001134308,WTL
V423C,17,1.03574835888574,0.0552166131013995,WTL
V423D,27,0.998427888265406,0.0483687963440421,WTL
V423E,26,1.10737817375754,0.0484838885712633,WTL
V423F,29,0.975436619940374,0.08397006747488,WTL
V423G,20,1.06791206673375,0.0676484514035178,WTL
V423H,22,1.0443480760002,0.0465716569136142,WTL
V423I,16,1.021311866843,0.0840635187610416,WTL
V423K,21,1.09550719659175,0.0505781656788889,WTL
V423L,27,0.971884071522186,0.067435074579835,WTL
V423M,21,1.09965356643364,0.0486771559488706,WTL
V423N,25,1.11045419716646,0.0449892057979341,WTL
V423P,26,-0.0327833639664906,0.0206867277003184,LOA
V423Q,29,1.00766653634156,0.0589078998982531,WTL
V423R,17,1.03775412360008,0.0627120703095766,WTL
V423S,20,1.13590951707968,0.0528238336379205,WTL
V423T,24,1.1413742819022,0.0369630239934838,WTL
V423W,28,1.00818317349544,0.032442664605626,WTL
V423Y,26,1.01109038630735,0.0581483433595891,WTL
P424*,35,-0.0243486361379978,0.0152666370979377,LOA
P424A,31,1.08506555201549,0.0460465536872079,WTL
P424C,25,0.756307761085103,0.0717244051076059,Intermediate
P424D,26,0.99264464402309,0.0615287839765904,WTL
P424E,28,0.92605514395053,0.0649675519713295,possibleWTL
P424F,43,0.885683617652108,0.06556811508723,Intermediate
P424G,38,0.952440816333779,0.0428089817036038,WTL
P424H,27,0.989070978114759,0.0558367515390215,WTL
P424I,41,0.936420375350537,0.0332007731902601,WTL
P424K,42,0.923507461420483,0.0620035477181845,possibleWTL
P424L,26,0.927256832504769,0.0642008469135127,possibleWTL
P424M,27,0.908437033214816,0.0632995581432515,possibleWTL
P424N,35,1.02598570253267,0.0520782678786354,WTL
P424Q,36,0.952326234009668,0.0550818354811069,WTL
P424R,28,0.840415804439753,0.0880142343431635,Intermediate
P424S,27,0.782994946091081,0.0742344986569074,Intermediate
P424T,25,1.01123468424973,0.0665720479586072,WTL
P424V,36,0.792757640425087,0.0676885798040435,Intermediate
P424W,33,0.541027057784726,0.104235180369185,Intermediate
P424Y,36,0.854881310850664,0.0361948563318905,Intermediate
V425*,26,-0.0237928563085286,0.0099115774305915,LOA
V425A,33,1.07556081119424,0.0423596124768768,WTL
V425C,16,0.987710276742156,0.0766885040569859,WTL
V425D,28,0.951972210506053,0.0437111147130338,WTL
V425E,19,0.972049587444222,0.0489837596329848,WTL
V425F,24,0.89707638753452,0.0715985326779129,possibleWTL
V425G,26,1.02300929146403,0.0641400519802756,WTL
V425H,18,0.854133240808214,0.0872196909359881,Intermediate
V425I,20,1.02005716007109,0.0346586595939632,WTL
V425K,22,0.809820265977692,0.0662082404390984,Intermediate
V425L,25,0.9492014024592,0.0502989712076131,WTL
V425M,22,0.998505372069051,0.0692181781538522,WTL
V425N,22,1.09494486450651,0.0686747093117355,WTL
V425P,24,0.135609096296724,0.0574202287478879,LOA
V425Q,23,1.04218417805374,0.0384102096058071,WTL
V425R,27,0.648917293013436,0.0654953514101193,Intermediate
V425S,26,1.05721013913978,0.0547020296023054,WTL
V425T,24,1.05728382247608,0.0307548304255528,WTL
V425W,16,0.717725186258334,0.0848893256339289,Intermediate
V425Y,21,0.852255513649919,0.0703685252345357,Intermediate
E426*,42,-0.0254312302830821,0.0139637316962104,LOA
E426A,18,1.00387715612123,0.0900545119332307,WTL
E426C,25,0.874073702694,0.0599472509035631,Intermediate
E426D,25,1.0023543181215,0.0466756673249161,WTL
E426F,38,0.894397654623724,0.0428722860505437,possibleWTL
E426G,24,0.917984208396163,0.0741746812134493,possibleWTL
E426H,14,1.00050250025141,0.0645519808446254,WTL
E426I,29,0.966349887367775,0.0677821659986744,WTL
E426K,25,0.897077698393593,0.0634538541192244,possibleWTL
E426L,33,0.948144283491406,0.048455546949639,WTL
E426M,38,1.02212380144099,0.0646003648145013,WTL
E426N,34,0.982870537948155,0.0644677544510957,WTL
E426P,27,0.9820269621915,0.0692910326441019,WTL
E426Q,26,0.975657434945353,0.0600612402454004,WTL
E426R,33,0.823138841540182,0.0812550603642454,Intermediate
E426S,31,0.927442197567243,0.0464065604795703,possibleWTL
E426T,22,1.03873439957145,0.048340413614374,WTL
E426V,32,0.960209485678323,0.0538184933917688,WTL
E426W,30,0.804562191202747,0.0626160466758361,Intermediate
E426Y,31,0.889227384487196,0.0683313807047715,Intermediate
K427*,30,-0.0200424619650661,0.0235428289724519,LOA
K427A,13,0.949407734728292,0.0768701818937476,possibleWTL
K427C,28,0.809432170588382,0.0516306351280052,Intermediate
K427D,18,1.08368730449104,0.0783168101235392,WTL
K427E,24,0.777430445431402,0.0627107765125354,Intermediate
K427F,29,1.05743162869015,0.0518683438773915,WTL
K427G,20,0.928609662521829,0.115203342577355,possibleWTL
K427H,19,0.944412605166503,0.0828522687065612,possibleWTL
K427I,27,0.91158903322677,0.0424812224953654,possibleWTL
K427L,15,0.865011344906628,0.0464159736734632,Intermediate
K427M,22,0.891537375037367,0.0517604787101205,possibleWTL
K427N,31,1.09538948770369,0.0548909055262782,WTL
K427P,14,1.05163082273007,0.101565308571642,WTL
K427Q,14,0.93118556484468,0.0570568830928222,possibleWTL
K427R,24,1.05325578859192,0.0593738901043068,WTL
K427S,25,0.892647218790012,0.0573369716001863,possibleWTL
K427T,30,0.805249095534574,0.0604232277319295,Intermediate
K427V,19,0.905495083117724,0.08437542074408,possibleWTL
K427W,16,0.952459987793842,0.0870627874036278,possibleWTL
K427Y,15,1.25428523244252,0.0663078748369825,WTL
N428*,40,-0.0182722241133329,0.024101636411479,LOA
N428A,20,1.10191581741495,0.0633219327865973,WTL
N428C,28,0.999065152746662,0.0649386675039703,WTL
N428D,42,1.11859607948037,0.0751242889684815,WTL
N428E,24,1.22607569203958,0.0630117564740217,WTL
N428F,23,1.02686552276891,0.0483676728924237,WTL
N428G,40,0.914242117653127,0.0419042559868649,possibleWTL
N428H,23,0.981202936068638,0.048999866025557,WTL
N428I,26,1.03023999776493,0.0651154136136661,WTL
N428K,27,1.16503480808816,0.0554154508261706,WTL
N428L,35,1.00986314531068,0.0546642646727984,WTL
N428M,32,1.09488680870788,0.0437289816551091,WTL
N428P,26,1.04322145822325,0.0709257097907119,WTL
N428Q,30,1.08906545607083,0.0360653772125507,WTL
N428R,43,1.12680509710197,0.0421232385075932,WTL
N428S,37,1.01883709787632,0.045948213227831,WTL
N428T,25,1.04535806669883,0.0550289348791724,WTL
N428V,36,1.33526309833797,0.0437313746653839,WTL
N428W,22,0.935420458862433,0.0351957732707838,WTL
N428Y,28,1.01070477367635,0.0340673470086401,WTL
G429*,22,-0.0162977939770817,0.0156075874728957,LOA
G429A,14,1.06850931290866,0.0723483870968652,WTL
G429C,19,1.05007436683673,0.0587728372351486,WTL
G429D,13,1.1068682391893,0.0641789819006694,WTL
G429E,14,1.02681501895398,0.0731122986451997,WTL
G429F,19,1.0757175256764,0.0703711342716947,WTL
G429H,13,1.08296903360264,0.0833181152660902,WTL
G429I,22,1.02920888204505,0.0590071353987822,WTL
G429K,23,1.05182391868949,0.0643597280385404,WTL
G429L,16,0.974609109161836,0.07733171998236,WTL
G429M,18,0.953080722107635,0.0978647899409588,possibleWTL
G429N,27,1.11597589476474,0.0750723535693804,WTL
G429P,11,0.871748611520844,0.0846876247950355,Intermediate
G429Q,17,1.07427006461562,0.0853712458692343,WTL
G429R,16,0.991196450632133,0.0590172661760228,WTL
G429S,21,1.06893207138114,0.0524291625377139,WTL
G429T,20,1.12541368991906,0.0613340038306649,WTL
G429V,20,0.906297446827593,0.058288266344909,possibleWTL
G429W,22,0.791832030986379,0.0476914885526362,Intermediate
G429Y,22,1.02827561085384,0.0951657081900301,WTL
G430*,12,-0.0219813692969369,0.0226130372746207,LOA
G430A,39,1.23737238803558,0.0431659021083422,WTL
G430C,23,0.872311406647868,0.053936156825666,Intermediate
G430D,20,1.00150475709996,0.0729667579327766,WTL
G430E,28,0.892397763762169,0.0748310896991417,possibleWTL
G430F,20,1.04329326332295,0.0666873683445283,WTL
G430H,18,1.12330336372824,0.0668866840418669,WTL
G430I,7,0.545099506099193,0.160299929141524,Intermediate
G430K,12,1.07060444349498,0.0676363055211713,WTL
G430L,13,0.96657371368408,0.101525562856692,possibleWTL
G430M,10,1.13141922672026,0.0815442462133646,WTL
G430N,22,1.18593812728909,0.0654797283348272,WTL
G430P,13,1.08348337173183,0.0782800878340579,WTL
G430Q,16,1.25006151263446,0.0504597705469225,WTL
G430R,16,1.05682529238209,0.0786804353956662,WTL
G430S,23,1.08206095048599,0.0915997979085817,WTL
G430T,9,1.15100415965603,0.05035998846045,WTL
G430V,33,0.44238661221087,0.0860433781506354,Intermediate
G430W,17,0.816793447374246,0.0541022646613882,Intermediate
G430Y,28,1.08441687016127,0.0702396063575287,WTL
C431*,39,-0.0292576753833988,0.0127850977133468,LOA
C431A,26,1.20169472615508,0.084534221426451,WTL
C431D,28,0.475090614563239,0.140173664026568,Intermediate
C431E,39,0.577947709474068,0.0415145429001687,Intermediate
C431F,34,0.579265636156192,0.0915219084050636,Intermediate
C431G,27,0.950005396420727,0.0687966408833413,possibleWTL
C431H,28,0.887661411459022,0.0904148603076377,Intermediate
C431I,29,0.985542807508729,0.0675554944688126,WTL
C431K,32,0.705815084205262,0.0528067960665323,Intermediate
C431L,34,0.939537922030646,0.0464160600643889,WTL
C431M,38,0.767185445899043,0.043929228695205,Intermediate
C431N,34,1.09130999896728,0.0430685945569956,WTL
C431P,30,0.87392613504202,0.170854819442145,Intermediate
C431Q,30,0.76281630482666,0.0752279037016699,Intermediate
C431R,32,0.805320725935368,0.057808356956135,Intermediate
C431S,22,1.05036516270635,0.0743038639577527,WTL
C431T,27,1.2360697140713,0.0723821491360258,WTL
C431V,31,0.66376752075607,0.0754866985732895,Intermediate
C431W,29,0.26483598503371,0.0640563542943192,Intermediate
C431Y,29,0.838438617908224,0.0512022084745715,Intermediate
M432*,23,-0.0225633501183398,0.0184205597150778,LOA
M432A,6,0.722953867718274,0.0969604797127503,Intermediate
M432C,16,0.700597130508376,0.0914614513925878,Intermediate
M432D,16,0.0506370408116409,0.0438247194809375,LOA
M432E,30,0.318789845108448,0.0719992873615321,Intermediate
M432F,26,0.683529227888353,0.0665299426042286,Intermediate
M432G,3,0.24333326235627,0.12408117129071,possibleLOA
M432H,23,0.776502241676568,0.0677894024364929,Intermediate
M432I,27,0.407290357376233,0.0694215014183244,Intermediate
M432K,20,0.549177802219607,0.0665824324480173,Intermediate
M432L,27,0.717054610792865,0.0680479184755263,Intermediate
M432N,38,0.749031788426156,0.075501588706399,Intermediate
M432P,29,-0.0167367080124169,0.0124243110796194,LOA
M432Q,21,0.705451331481387,0.0450333188311542,Intermediate
M432R,18,0.375708810051087,0.064524360799021,Intermediate
M432S,21,0.790327190351347,0.0587824944145949,Intermediate
M432T,17,0.791639810540892,0.0637128579597057,Intermediate
M432V,14,0.600082304523738,0.0683724750093958,Intermediate
M432W,43,0.549018562375131,0.0685276575324037,Intermediate
M432Y,27,0.634700217178792,0.0687264026808033,Intermediate
H433*,27,-0.0267331943712437,0.0188162891748476,LOA
H433A,31,0.808334130105896,0.0560772579629894,Intermediate
H433C,28,0.619402724316298,0.0667180292349744,Intermediate
H433D,25,0.524014268923822,0.0705599720063096,Intermediate
H433E,40,0.648434713144107,0.0660959722388379,Intermediate
H433F,25,0.63272153783931,0.044066018343606,Intermediate
H433G,36,0.596207782503591,0.0538991757931045,Intermediate
H433I,45,0.355725713434997,0.0556522133334404,Intermediate
H433K,30,0.645484061304957,0.0745074632907736,Intermediate
H433L,26,0.529739649833392,0.0798686130864971,Intermediate
H433M,34,0.639092766505023,0.0667080137266516,Intermediate
H433N,35,0.753822429471679,0.04140697264714,Intermediate
H433P,24,-0.0281555124348992,0.0134092851264376,LOA
H433Q,31,0.581835546703573,0.0898100816694784,Intermediate
H433R,39,0.581527381889681,0.084521182985388,Intermediate
H433S,18,0.592599817247905,0.0881591969039853,Intermediate
H433T,19,0.60800218701222,0.0691573282472285,Intermediate
H433V,41,0.416468461398524,0.075159282456666,Intermediate
H433W,32,0.578625576654911,0.0573181327928263,Intermediate
H433Y,29,0.676850497016655,0.0679745074439107,Intermediate
M434*,29,-0.0274529982556076,0.0170207501430302,LOA
M434A,17,0.874907215321021,0.0588454612905718,Intermediate
M434C,29,0.650243945651339,0.0687968349027362,Intermediate
M434D,30,-0.0179131844638992,0.0208956352049676,LOA
M434E,29,0.422532718015016,0.0668345380652329,Intermediate
M434F,39,0.476604381846898,0.0457480120615296,Intermediate
M434G,17,0.189850914347242,0.0691616752140536,LOA
M434H,31,0.651979752995548,0.0567480776847406,Intermediate
M434I,32,0.993144831516774,0.0528578850820718,WTL
M434K,27,0.860261091030128,0.0841401096528989,Intermediate
M434L,24,0.771105654549935,0.0674752782569803,Intermediate
M434N,30,0.492010090213714,0.0799921487747771,Intermediate
M434P,35,-0.0165983709806186,0.0290978873606569,LOA
M434Q,32,0.796352942293682,0.0313793458748005,Intermediate
M434R,40,0.513881085090497,0.0508322654589095,Intermediate
M434S,22,0.767153814496111,0.0365395881940149,Intermediate
M434T,14,1.16552655396333,0.0522082808218621,WTL
M434V,29,0.812867930922552,0.0580950862975232,Intermediate
M434W,30,-0.0231039151610592,0.0164620800503699,LOA
M434Y,28,0.68144465337597,0.0295673701506211,Intermediate
K435*,26,-0.0191792291624913,0.0175865287066159,LOA
K435A,14,1.04989019667482,0.0591913692128896,WTL
K435C,17,0.777493714189459,0.0936147642157591,Intermediate
K435D,34,1.01853659694114,0.0887179244255119,WTL
K435E,31,0.752815588908154,0.0422010361875617,Intermediate
K435F,27,1.00137138405596,0.0883218562375604,WTL
K435G,19,0.367541796278319,0.0508154577640466,Intermediate
K435H,24,1.10009223349824,0.0484677753265271,WTL
K435I,19,0.992060618764102,0.0688587394506948,WTL
K435L,13,0.751364906321398,0.0803208974804923,Intermediate
K435M,25,0.770228772709456,0.0631084397070514,Intermediate
K435N,31,1.20277614399914,0.0433727956678808,WTL
K435P,20,0.863413515577868,0.166467174069816,Intermediate
K435Q,10,0.622181031834363,0.116871004524754,Intermediate
K435R,16,0.807642800197228,0.114222949488237,Intermediate
K435S,16,0.862102284661518,0.0904852563638977,Intermediate
K435T,18,1.13231821903578,0.0543472939057495,WTL
K435V,38,1.09740152883614,0.045284921379315,WTL
K435W,26,0.683479826074475,0.071374656591753,Intermediate
K435Y,30,1.24532027832303,0.0555629628569618,WTL
C436*,32,-0.0163708625597507,0.0275465473794793,LOA
C436A,33,-0.0111708504168114,0.0151650877873831,LOA
C436D,42,-0.0163424975393475,0.0203320588015991,LOA
C436E,51,-0.0192344676594876,0.0227409215564239,LOA
C436F,33,-0.0233842282612683,0.0184914105013242,LOA
C436G,25,-0.0226730113116759,0.0192830573184812,LOA
C436H,37,-0.0167641257139713,0.0150370671574284,LOA
C436I,32,-0.0107780216412252,0.0222653177351485,LOA
C436K,40,-0.0196522774428568,0.0170925843734115,LOA
C436L,24,-0.0156042468273754,0.0211424949953026,LOA
C436M,27,-0.00732333519245581,0.0374004573460829,LOA
C436N,34,-0.0214713089683827,0.0215212276349664,LOA
C436P,40,-0.0127560928703189,0.0259243631223509,LOA
C436Q,12,-0.024183708078272,0.0336819795841698,LOA
C436R,45,-0.0163584082175594,0.0178439902331368,LOA
C436S,34,-0.024077108393833,0.0171818950757027,LOA
C436T,38,-0.0291091140151635,0.0121645201626204,LOA
C436V,15,-0.0123122304531537,0.0422953803059319,LOA
C436W,27,-0.0276166579664921,0.0160211862922876,LOA
C436Y,32,-0.0210860862998675,0.0261868564115239,LOA
P437*,27,-0.0251081556446971,0.0226910161492065,LOA
P437A,14,0.853140793364155,0.0937557807290016,Intermediate
P437C,25,0.789434691676959,0.0605243622200397,Intermediate
P437D,34,0.86273102438404,0.0621587920391282,Intermediate
P437E,18,0.782802164291226,0.0593249705875273,Intermediate
P437F,23,0.778342089229929,0.0564263048197471,Intermediate
P437G,28,0.874628681042508,0.0381384467811222,Intermediate
P437H,26,0.9828710063124,0.0640609685721963,WTL
P437I,24,0.690646589429353,0.059229545211843,Intermediate
P437K,12,0.550588385743074,0.0822835320272578,Intermediate
P437L,1,0.870018920248376,0.229710579997911,Intermediate
P437N,33,0.945908361214804,0.0466453771890656,WTL
P437Q,8,0.920571127576632,0.104439375896307,possibleWTL
P437R,29,0.811342748892363,0.061633298262342,Intermediate
P437S,20,0.822880495002527,0.0903337926629622,Intermediate
P437T,20,0.908494282664993,0.0645722516627649,possibleWTL
P437V,3,0.553965970138885,0.130303706179158,Intermediate
P437W,17,0.751422706256159,0.06583469074194,Intermediate
P437Y,26,0.930275801943054,0.0572078153371461,possibleWTL
Q438*,21,-0.0363541384702378,0.0157587368372691,LOA
Q438A,30,0.46483862832709,0.0881778175764277,Intermediate
Q438C,4,0.631968457232587,0.146721582566027,Intermediate
Q438D,23,0.595403149952073,0.0850759986090564,Intermediate
Q438E,22,0.743007619449517,0.0498268296237127,Intermediate
Q438F,24,0.776775389233823,0.0504420949493897,Intermediate
Q438G,22,0.588777611893366,0.0651797763627403,Intermediate
Q438H,22,0.639906897536215,0.0774638653242098,Intermediate
Q438I,30,0.383276600204906,0.0930574810842429,Intermediate
Q438K,25,0.877897117226548,0.0309440500919006,Intermediate
Q438L,34,0.738217799561502,0.0583878938566662,Intermediate
Q438M,18,0.542508969870409,0.10213409231779,Intermediate
Q438N,23,0.591468751670373,0.100668181155807,Intermediate
Q438P,38,-0.0146452795521773,0.0189845405952708,LOA
Q438R,20,0.635269670141289,0.0784929460567924,Intermediate
Q438S,18,0.556859435351144,0.104442838522145,Intermediate
Q438T,25,0.448462750402542,0.0721614968413894,Intermediate
Q438V,18,0.595026399078252,0.0628423377442297,Intermediate
Q438W,19,0.800852390113387,0.0679051743703806,Intermediate
Q438Y,17,0.511209125836924,0.0960776525132456,Intermediate
P439*,35,-0.02358535321885,0.0174655298032467,LOA
P439A,27,1.00791975838663,0.0631336667340623,WTL
P439C,22,0.616211776758656,0.065438952601662,Intermediate
P439D,21,0.862952027648869,0.0690621148742179,Intermediate
P439E,22,0.690695570195855,0.0970966952075792,Intermediate
P439F,27,0.881733980997231,0.0696439301682732,Intermediate
P439G,20,0.816757528800296,0.0503653946840935,Intermediate
P439H,10,0.866476251611758,0.0573700915133987,Intermediate
P439I,22,0.841023108723482,0.0599910996826693,Intermediate
P439K,32,0.730874149063564,0.0646656544484437,Intermediate
P439L,15,0.952912488981919,0.0626403209454114,WTL
P439M,32,0.687040477625943,0.056709714556634,Intermediate
P439N,30,1.05933225117541,0.0519538298067472,WTL
P439Q,27,0.954285767069695,0.0627963358235336,WTL
P439R,26,0.878296619295395,0.0614104837211582,Intermediate
P439S,35,0.968590254091025,0.0517394576844248,WTL
P439T,26,0.915781676372932,0.0700226914094651,possibleWTL
P439V,28,1.16195356212587,0.0591854106120071,WTL
P439W,30,0.727732382055357,0.0546654364636837,Intermediate
P439Y,28,0.866113242971562,0.0612327096821881,Intermediate
Q440*,23,-0.0241883602532595,0.0164780152041231,LOA
Q440A,16,1.08774547633291,0.0677494706619044,WTL
Q440C,13,0.981530182835005,0.0619845477773897,WTL
Q440D,14,1.11992750567894,0.0528712808432822,WTL
Q440E,23,1.02730603597759,0.0653364094611101,WTL
Q440F,20,1.07674555678504,0.0623219018556724,WTL
Q440G,13,1.04303884820687,0.0987597446784348,WTL
Q440H,14,1.12957016831818,0.0450283531168501,WTL
Q440I,20,1.0449318394979,0.0425011274916638,WTL
Q440K,21,1.08971367170742,0.0714130501592742,WTL
Q440L,42,0.982921651698885,0.0630321768888017,WTL
Q440M,18,0.98699246822153,0.0576553916632874,WTL
Q440N,16,1.12437614580843,0.0662372685831716,WTL
Q440P,45,0.887459402215834,0.0454871480503212,Intermediate
Q440R,21,0.935100257137729,0.066909836042826,possibleWTL
Q440S,20,1.12305667613255,0.0608016702905442,WTL
Q440T,17,1.00329059739589,0.0532781129399812,WTL
Q440V,26,0.926945970743861,0.0565188707907354,possibleWTL
Q440W,37,0.882274598479166,0.0544557757375208,Intermediate
Q440Y,28,1.10335884436223,0.0606249759080546,WTL
C441*,35,-0.0162830125073243,0.0191464815985825,LOA
C441A,13,-0.0325985768085407,0.0182410979980771,LOA
C441D,16,-0.0294058762693981,0.0199784616764392,LOA
C441E,27,-0.0234915327725011,0.0153006215254606,LOA
C441F,21,-0.0222485188828694,0.0181406660660696,LOA
C441G,24,-0.00499495290197462,0.0375558238072977,LOA
C441H,19,-0.0293766806828275,0.0172347729522479,LOA
C441I,22,-0.0241854392168397,0.0181667316205713,LOA
C441K,23,-0.0141222546333162,0.0223585498666841,LOA
C441L,26,-0.0258571503170445,0.0119621276344318,LOA
C441M,44,-0.0128451186242384,0.0149070057156849,LOA
C441N,27,-0.0202106996724721,0.0182199251463914,LOA
C441P,26,-0.0256756373166373,0.0195704005930022,LOA
C441Q,34,-0.0210817030778443,0.024369937649879,LOA
C441R,28,-0.0240185340426112,0.0247389294606779,LOA
C441S,17,-0.0207360247669119,0.0371092177191962,LOA
C441T,32,0.0013110895005027,0.0326696900546313,LOA
C441V,32,0.0228038144815546,0.0858576808883326,LOA
C441W,27,-0.0155883113011708,0.0185579606902184,LOA
C441Y,23,-0.0195418852172271,0.0288878451384568,LOA
R442*,7,-0.00248031989095655,0.0625513946317652,LOA
R442A,4,1.16269720094042,0.123006267852355,WTL
R442C,6,0.927916551934906,0.107247170371028,possibleWTL
R442D,7,0.826676564433038,0.139978938711413,Intermediate
R442E,6,0.886730810987554,0.159314933128038,Intermediate
R442F,10,0.866611074615978,0.0988766451510481,Intermediate
R442G,7,0.941123902882395,0.102834520487046,possibleWTL
R442H,1,1.3172068964958,0.183849356536743,WTL
R442I,7,0.644972181726264,0.0725181229704608,Intermediate
R442K,5,1.03271018109329,0.139958421509797,WTL
R442L,6,0.778859309930691,0.114951408092214,Intermediate
R442M,8,0.755721262508181,0.111089478092445,Intermediate
R442N,3,0.939487489009983,0.187077759195449,possibleWTL
R442P,2,0.682766241172825,0.188987448647434,Intermediate
R442Q,5,0.632589643223497,0.159139939735605,Intermediate
R442S,6,0.968938188342941,0.108168403723744,possibleWTL
R442T,2,1.24934578574201,0.0751330588965335,WTL
R442V,7,0.673871496773754,0.102757090454299,Intermediate
R442W,7,0.707789787800581,0.118600324212259,Intermediate
R442Y,1,0.859127341366329,0.201783279550805,Intermediate
L443*,20,-0.0243587001099128,0.0231104102280924,LOA
L443A,19,0.933504684050675,0.0682577300113668,possibleWTL
L443C,15,0.725998373049403,0.100918900535754,Intermediate
L443D,17,0.866776243112534,0.0529467029062013,Intermediate
L443E,16,0.848045862062784,0.0834119840098744,Intermediate
L443F,18,0.934613371308569,0.0689273283656231,possibleWTL
L443G,20,0.668001644469534,0.0672118388321511,Intermediate
L443H,6,1.0573496757372,0.125322717735473,WTL
L443I,16,0.843575847738825,0.0589261413635161,Intermediate
L443K,12,0.80844848490361,0.071358219568338,Intermediate
L443M,24,0.891522194255155,0.0837593787160891,possibleWTL
L443N,12,0.97984106734129,0.101708771485568,possibleWTL
L443P,5,-0.00879438409951711,0.0397287437726263,LOA
L443Q,19,0.896865751767009,0.0705082857073867,possibleWTL
L443R,23,0.643212274999675,0.0573566524673925,Intermediate
L443S,13,0.784339853448163,0.0604469551818922,Intermediate
L443T,12,1.01692420937864,0.0463500079010805,WTL
L443V,16,0.716997902426212,0.0938013485890109,Intermediate
L443W,24,0.646936691383846,0.0922942241345134,Intermediate
L443Y,18,0.880740752022226,0.0631275341880434,Intermediate
E444*,28,-0.0240295193769399,0.0102728829157109,LOA
E444A,9,1.03106950356772,0.0793910295972217,WTL
E444C,15,0.812778028881918,0.0820650755574976,Intermediate
E444D,18,1.30412619963552,0.0535684118303544,WTL
E444F,15,0.677030108965002,0.123133026272698,Intermediate
E444G,12,0.782744142506976,0.0890355159729636,Intermediate
E444H,1,1.18166028770038,0.285990476115878,WTL
E444I,22,0.71189752670421,0.105510203586893,Intermediate
E444K,18,0.607242155574025,0.0760394574360823,Intermediate
E444L,17,0.507188192820918,0.0812167456795149,Intermediate
E444M,22,0.817561838414404,0.0633628823374832,Intermediate
E444N,23,1.32197447254643,0.0467934942585151,WTL
E444P,13,0.61968358970072,0.108105746718697,Intermediate
E444Q,4,1.13058078811394,0.0868875009464909,WTL
E444R,15,0.751249327204524,0.0618683604358259,Intermediate
E444S,13,1.14508917004149,0.0785735294419972,WTL
E444T,16,0.980575417535275,0.0699826045300431,WTL
E444V,9,0.593929757372929,0.113942598334417,Intermediate
E444W,21,0.731892112885035,0.0622702005634337,Intermediate
E444Y,8,0.66926689022486,0.109615831860904,Intermediate
W445*,34,-0.0223348223569306,0.0197538507126809,LOA
W445A,25,0.0786168780207631,0.0837713032292751,LOA
W445C,37,0.0022070204357344,0.0199036666129394,LOA
W445D,22,-0.0167067778285591,0.026562882866391,LOA
W445E,32,-0.0268444584748596,0.0116402462314776,LOA
W445F,25,1.12203589583774,0.0451425754830981,WTL
W445G,27,-0.00528944121997015,0.0203795642426478,LOA
W445H,11,0.72035824684417,0.175742730419464,Intermediate
W445I,39,0.300636905921543,0.0814472631832282,Intermediate
W445K,35,-0.0230942991324664,0.0157973329164683,LOA
W445L,22,0.259778500412082,0.109480213353456,possibleLOA
W445M,28,0.657037291082606,0.169261746989745,Intermediate
W445N,37,-0.0202060827133395,0.0196121096932727,LOA
W445P,25,-0.0257632106784715,0.0163401437846256,LOA
W445Q,21,-0.00713016978381339,0.0213380583141115,LOA
W445R,39,-0.0221252695814933,0.0154106203666755,LOA
W445S,29,0.466059817617609,0.0474556008876093,Intermediate
W445T,41,0.377389104380277,0.0991258838487952,Intermediate
W445V,22,0.718345178475732,0.381831868054232,Intermediate
W445Y,41,1.18986137705616,0.0661739925158341,WTL
C446*,30,-0.0209649769319761,0.0217789875006879,LOA
C446A,20,-0.0212385368804029,0.0213030556881761,LOA
C446D,33,-0.0290244140756922,0.0157340677376442,LOA
C446E,25,-0.02831604109677,0.0155812508129595,LOA
C446F,31,-0.00672433069268817,0.038784252177038,LOA
C446G,18,-0.013544253782419,0.0410549097030298,LOA
C446H,20,-0.0307483391376539,0.0165280620991579,LOA
C446I,23,-0.0160637273371145,0.0258763113858929,LOA
C446K,34,-0.0143801527323317,0.027521575327764,LOA
C446L,19,-0.0264124307426215,0.0194051614166058,LOA
C446M,19,-0.0184217969228276,0.0211807155142805,LOA
C446N,18,-0.0277718957865828,0.0250816087997724,LOA
C446P,25,-0.0265282364786174,0.0200700344374614,LOA
C446Q,25,-0.018812080265749,0.0204487064503597,LOA
C446R,22,-0.0229503970164974,0.0199730650422748,LOA
C446S,13,-0.0156431633170547,0.0232112872825822,LOA
C446T,23,-0.0241173211154162,0.0185932571683662,LOA
C446V,34,-0.015250232446826,0.0235295026410554,LOA
C446W,34,-0.0278051387162549,0.0160688109048198,LOA
C446Y,28,-0.0194824282851307,0.0193358045858538,LOA
W447*,26,-0.0186010733030431,0.0226977025632294,LOA
W447A,20,0.864337525548519,0.110822853703152,Intermediate
W447C,16,0.667840294416556,0.100475202794673,Intermediate
W447D,25,0.667414755554575,0.0847012707266973,Intermediate
W447E,30,0.927393882752656,0.080875941889491,possibleWTL
W447F,26,0.897490030604312,0.072876479282656,possibleWTL
W447G,18,0.235371154006015,0.100995722980173,possibleLOA
W447H,11,0.616773530635216,0.0649863404282715,Intermediate
W447I,23,0.686021744623769,0.0651711675758645,Intermediate
W447K,32,0.302924175266076,0.0831014655999371,Intermediate
W447L,23,0.399347669644929,0.133048967264466,Intermediate
W447M,21,0.798375069644331,0.078989923223169,Intermediate
W447N,18,0.736033433307538,0.0486872923572696,Intermediate
W447P,20,-0.0287107492886271,0.0183020134509848,LOA
W447Q,17,0.69156244907071,0.0740326251487693,Intermediate
W447R,31,0.872939051738959,0.105578483988482,Intermediate
W447S,19,0.830462355380049,0.067848613813518,Intermediate
W447T,24,0.43815525727203,0.0486869513038843,Intermediate
W447V,27,0.589314022094211,0.0372862288371575,Intermediate
W447Y,15,0.949560047998219,0.0754351973445117,possibleWTL
N448*,28,-0.0142313005878746,0.0424472363233993,LOA
N448A,18,0.890806250926595,0.0609463332218328,possibleWTL
N448C,26,0.867995654194547,0.0685878099995179,Intermediate
N448D,35,0.910421595121172,0.0868185986122908,possibleWTL
N448E,21,0.39018701561008,0.0585378183293035,Intermediate
N448F,24,0.89630532630668,0.0823775289435034,possibleWTL
N448G,36,0.952701537267798,0.0548941236961191,WTL
N448H,21,0.835787536635912,0.118639816501427,Intermediate
N448I,24,0.893134199482973,0.0805036419538877,possibleWTL
N448K,29,0.759993063987232,0.0437799457370228,Intermediate
N448L,34,0.975107606220051,0.021790164493705,WTL
N448M,21,0.542701962749734,0.105395038744998,Intermediate
N448P,19,0.499650937372348,0.078677060792151,Intermediate
N448Q,25,0.61788696481405,0.106562808796388,Intermediate
N448R,19,0.67647584073768,0.0629392668462437,Intermediate
N448S,25,0.887589296607363,0.055548608994823,Intermediate
N448T,23,0.610637016673302,0.103368464671775,Intermediate
N448V,28,0.242605456650828,0.0925850483646431,possibleLOA
N448W,31,0.413906251345813,0.08954391358996,Intermediate
N448Y,19,0.714365775176456,0.147725534834685,Intermediate
C449*,24,-0.0141039213423853,0.0256231701871724,LOA
C449A,20,-0.0117068949652409,0.0500386150396906,LOA
C449D,26,0.508770288812312,0.0759444717674923,Intermediate
C449E,23,0.238048678166355,0.0776825207449254,possibleLOA
C449F,31,-0.0216386709727195,0.0215128954640159,LOA
C449G,28,-0.0237735931968472,0.0236200838476536,LOA
C449H,23,0.363470137580401,0.102608737656337,Intermediate
C449I,34,-0.0202500510451092,0.0211261951274817,LOA
C449K,24,-0.00545491635709031,0.0310847729282215,LOA
C449L,24,-0.0256313294204319,0.0169949416037289,LOA
C449M,33,-0.0271379676647339,0.0145438621780555,LOA
C449N,25,-0.0156387838921928,0.0264431459076734,LOA
C449P,23,-0.0211917277415084,0.0154148073908546,LOA
C449Q,25,-0.0178123884092429,0.0220239553941849,LOA
C449R,29,-0.0228418204415453,0.0253418585220884,LOA
C449S,19,-0.0116379457125553,0.0323635059100798,LOA
C449T,24,-0.0142618679418756,0.0379297821549342,LOA
C449V,27,-0.0202040024482285,0.0239940265703561,LOA
C449W,44,-0.0214824225691321,0.0160418024941556,LOA
C449Y,28,-0.0195329201329775,0.0248035023878675,LOA
G450*,37,-0.0186124887062276,0.0296768482659276,LOA
G450A,25,1.03277895372759,0.0780177807460569,WTL
G450C,35,0.494324474937989,0.068719625215356,Intermediate
G450D,16,0.572117402816725,0.0573630834520133,Intermediate
G450E,36,0.106643870763171,0.0879144822191064,LOA
G450F,33,0.416114328366378,0.0571925498987096,Intermediate
G450H,19,0.8380722134976,0.0633276067697594,Intermediate
G450I,25,0.400612093204707,0.0654738579332788,Intermediate
G450K,28,0.0426656756899304,0.0538693694934532,LOA
G450L,24,0.150150679585046,0.0998717961852681,LOA
G450M,37,0.187992499226553,0.102307820849265,possibleLOA
G450N,33,0.0518644483642842,0.07161619624288,LOA
G450P,30,-0.0074034994471235,0.0375444344081429,LOA
G450Q,22,0.173058890982752,0.0823324048037524,LOA
G450R,24,0.138342548806623,0.103908081006541,LOA
G450S,25,0.659054176287329,0.0710199746323855,Intermediate
G450T,28,0.773090365490812,0.0662300885323524,Intermediate
G450V,34,0.132812470361403,0.052112695589062,LOA
G450W,26,0.0991064079615369,0.0645200075136802,LOA
G450Y,22,0.317223071500209,0.0819072047662373,Intermediate
C451*,28,-0.0194808900489298,0.0215266166198738,LOA
C451A,26,1.37369071943971,0.0396846745182747,WTL
C451D,14,1.38527954249738,0.0304021224118112,WTL
C451E,23,1.38926876952756,0.0194331399735323,WTL
C451F,33,1.37722863109808,0.0330717772994246,WTL
C451G,31,1.37559287020511,0.0272503434749783,WTL
C451H,23,1.37826439345801,0.0261660843323691,WTL
C451I,29,1.37772519849097,0.0186485484959409,WTL
C451K,36,1.35518993907744,0.0386149583451539,WTL
C451L,25,1.36789821327009,0.0333898012829729,WTL
C451M,24,1.37578865174512,0.0295544964607721,WTL
C451N,29,1.36914713876087,0.0341143912949395,WTL
C451P,31,1.37139753192587,0.0411925987047517,WTL
C451Q,31,1.37454251049999,0.0388391268275167,WTL
C451R,22,1.38873032219967,0.0201374759536952,WTL
C451S,30,1.36613127203554,0.0428667834341499,WTL
C451T,20,1.38112018255572,0.030577236861707,WTL
C451V,28,1.38435550010425,0.0287599210384486,WTL
C451W,40,1.37543776365193,0.0295179244764133,WTL
C451Y,25,1.37493428347408,0.0354092850293159,WTL
E452*,44,-0.00124665240586141,0.0249383213700097,LOA
E452A,29,1.37878179106868,0.0303927307915958,WTL
E452C,39,1.38414339687415,0.0233077417693696,WTL
E452D,24,1.39020722183856,0.0277461276580792,WTL
E452F,29,1.37631229779515,0.0298026423403933,WTL
E452G,28,1.38679014281373,0.0246507191892332,WTL
E452H,47,1.3710055202813,0.0312968352092293,WTL
E452I,32,1.38409899713639,0.0243902722113524,WTL
E452K,29,-0.00547838136258806,0.0203308875792744,LOA
E452L,34,1.376444948376,0.0252741653077166,WTL
E452M,22,1.34949324120316,0.0475698854760376,WTL
E452N,37,1.38236474768688,0.0274000864636565,WTL
E452P,27,1.37330371604062,0.0290565155859053,WTL
E452Q,33,1.37347940816032,0.0224259786010497,WTL
E452R,32,1.36631237685188,0.0340512724513261,WTL
E452S,29,1.38382113564005,0.0241752511355013,WTL
E452T,21,1.37100293027505,0.0465056299973931,WTL
E452V,25,1.37346851316876,0.0335094864164789,WTL
E452W,35,1.36167601338978,0.0593463523689309,WTL
E452Y,26,1.3713017726807,0.0250563441444968,WTL
W453*,26,-0.012395817181717,0.0402854401277974,LOA
W453A,23,0.00630749406760952,0.0236048862892245,LOA
W453C,25,-0.0213963041932583,0.0260630061810813,LOA
W453D,21,-0.0189145715871411,0.0170828883690714,LOA
W453E,33,0.0140837145921649,0.0211495718877186,LOA
W453F,22,0.478710281493981,0.0928151574366781,Intermediate
W453G,27,-0.0138586785489609,0.0317302687493305,LOA
W453H,18,-0.0268265506709092,0.0181080803610724,LOA
W453I,32,1.33306486653121,0.059447387203737,WTL
W453K,25,-0.0200080320241201,0.0218598038563269,LOA
W453L,22,0.197284821997854,0.142900317205907,possibleLOA
W453M,34,1.37541884112813,0.0266643745836394,WTL
W453N,34,-0.0264779307733503,0.0102441888453905,LOA
W453P,18,-0.000477015046095127,0.0284115055881747,LOA
W453Q,12,0.231700221219787,0.188297368967117,possibleLOA
W453R,31,-0.0169705161801667,0.0224634302153987,LOA
W453S,21,-0.00975548173248089,0.0294689233495317,LOA
W453T,25,-0.0202514916299183,0.0134011573992094,LOA
W453V,23,0.250739754893882,0.184074758610139,possibleLOA
W453Y,19,-0.0284874751316288,0.0244309547349254,LOA
N454*,24,-0.0234418697683732,0.0168654989423569,LOA
N454A,20,0.818713192014916,0.105443783902028,Intermediate
N454C,23,0.705094839720584,0.0732849087800343,Intermediate
N454D,26,0.46258411896791,0.0748324103090965,Intermediate
N454E,23,0.0165672799536485,0.0330010960027871,LOA
N454F,34,-0.0159385519890299,0.0108050917174753,LOA
N454G,21,0.00963337815847232,0.0435008603028007,LOA
N454H,27,1.04383404754088,0.114858484390542,WTL
N454I,29,-0.00480172839762589,0.0227526687371114,LOA
N454K,30,0.800313923906742,0.129689424928827,Intermediate
N454L,31,-0.00785229862544634,0.0197942131213426,LOA
N454M,36,0.17652585834077,0.0568878562268453,LOA
N454P,21,-0.0179389525645682,0.0147341292524469,LOA
N454Q,27,0.657560731748977,0.0747958420085818,Intermediate
N454R,26,1.01650630706311,0.17655148667189,possibleWTL
N454S,37,1.25357812691861,0.0651707830665695,WTL
N454T,35,1.31639190054753,0.0472632575055347,WTL
N454V,42,-0.00998488410223848,0.0277211666759252,LOA
N454W,36,-0.0199641441345429,0.0177068211502192,LOA
N454Y,29,-0.0146049383147509,0.0181852968520693,LOA
R455*,22,-0.0251455982078851,0.0205246614498819,LOA
R455A,18,1.32154685363655,0.0434894566508268,WTL
R455C,29,1.274767786616,0.0729230893051619,WTL
R455D,20,1.35437288460474,0.0432816379805644,WTL
R455E,20,1.3728443292371,0.0346792631058794,WTL
R455F,25,1.30708278280751,0.0440847848281766,WTL
R455G,29,1.26422017027946,0.0554503000163419,WTL
R455H,24,1.36929365392325,0.0347616940672418,WTL
R455I,36,1.34574822423178,0.0452061223646217,WTL
R455K,25,1.38130108173297,0.0197925595149151,WTL
R455L,33,1.32528335077572,0.0562677625336918,WTL
R455M,19,1.33216931824024,0.044233164000132,WTL
R455N,28,1.35892879328246,0.0377648770984916,WTL
R455P,27,1.35696294882419,0.0422985839778652,WTL
R455Q,18,1.37282534372269,0.032156891684812,WTL
R455S,21,1.33846093194624,0.0431539949699177,WTL
R455T,35,1.35374027720673,0.0425900034283469,WTL
R455V,28,1.28781189549322,0.0646845739508764,WTL
R455W,24,0.510285530759727,0.0704504050152337,Intermediate
R455Y,20,1.34328775660099,0.0421310986466092,WTL
V456*,34,-0.0273455272630914,0.0160159805038455,LOA
V456A,20,1.36629705368278,0.0358463551502501,WTL
V456C,19,1.36256650424111,0.0416174870329409,WTL
V456D,34,1.36212411213116,0.0378980018792665,WTL
V456E,21,1.31696971155626,0.0420876853731558,WTL
V456F,20,1.37450421977175,0.0437247872018571,WTL
V456G,23,1.24073045502154,0.0661072897349677,WTL
V456H,25,1.30840788190111,0.0308525376508852,WTL
V456I,31,1.38265746451731,0.0284447003225189,WTL
V456K,23,1.37812728549219,0.0302312133145712,WTL
V456L,23,1.36654146104529,0.0444790017712093,WTL
V456M,25,1.37514354349888,0.0302508764434335,WTL
V456N,23,1.38006691267828,0.0357948806920341,WTL
V456P,25,1.3183561428337,0.081929495809553,WTL
V456Q,27,1.37315370761207,0.0364201771088153,WTL
V456R,22,1.37481981764229,0.0351082439037049,WTL
V456S,20,1.38455223805232,0.0213494962160568,WTL
V456T,23,1.3711387946792,0.0296474847179623,WTL
V456W,27,1.35474825613169,0.0355300799411341,WTL
V456Y,22,1.24304078172501,0.0770965672449059,WTL
C457*,35,-0.0263734639067056,0.016643579235816,LOA
C457A,23,-0.0247127538558959,0.0197559515349502,LOA
C457D,38,-0.026263893132889,0.0177038227368764,LOA
C457E,35,-0.0149062144529425,0.0253818501358356,LOA
C457F,28,-0.0138279908459667,0.0236048025459788,LOA
C457G,36,0.0219249193023755,0.0390584337742315,LOA
C457H,26,0.3024422654556,0.118567814254768,Intermediate
C457I,29,-0.0184105988018545,0.0274499625520978,LOA
C457K,33,-0.0136069917065907,0.0260603292448359,LOA
C457L,37,-0.017208131110617,0.0182891765007527,LOA
C457M,35,-0.0194937405058125,0.0134841336343912,LOA
C457N,41,-0.0248652502145915,0.0133011160532474,LOA
C457P,20,-0.0147125828481525,0.0334306894169055,LOA
C457Q,30,-0.0258600152629674,0.0130989682555706,LOA
C457R,33,-0.0249100181017962,0.0163014950459465,LOA
C457S,29,-0.0206113420373765,0.0270400062099681,LOA
C457T,34,-0.0285017008137835,0.0139657207427105,LOA
C457V,40,-0.0222116983173119,0.0177965444061633,LOA
C457W,29,-0.0154960792826893,0.0240173972015168,LOA
C457Y,28,-0.0188056754141281,0.0254657025379766,LOA
M458*,28,-0.0149059248262566,0.0235107267630437,LOA
M458A,35,1.36596002505125,0.0516015117072608,WTL
M458C,29,1.36323251623424,0.034674022381563,WTL
M458D,29,0.948990715490731,0.308874551462977,possibleWTL
M458E,27,1.26957791113125,0.0464854906993697,WTL
M458F,29,1.00225674569382,0.238088268849059,possibleWTL
M458G,30,1.36068028914445,0.0451193546592835,WTL
M458H,24,1.00224633039373,0.281378365989757,possibleWTL
M458I,32,1.35559648524161,0.0291980418510411,WTL
M458K,35,1.26231231894559,0.060370520074924,WTL
M458L,40,1.13910994656872,0.0543816015791105,WTL
M458N,33,1.3189199783045,0.0837382567252043,WTL
M458P,25,1.33515529890688,0.0601503492596816,WTL
M458Q,35,1.35005532708034,0.0291275949193245,WTL
M458R,39,1.36526238776703,0.0414043493937156,WTL
M458S,28,1.37691118793038,0.0317983359510033,WTL
M458T,29,1.3631721387442,0.0316910124441346,WTL
M458V,29,0.43771760813508,0.0628134252717637,Intermediate
M458W,43,0.25003967680267,0.0654480941022453,possibleLOA
M458Y,33,1.17728992246186,0.177117790439714,WTL
G459*,25,-0.0141595347416893,0.0330972088552362,LOA
G459A,17,1.37042588813998,0.0327662531518749,WTL
G459C,9,1.15694332662125,0.103736522556461,WTL
G459D,29,1.36623191172669,0.0398139632603326,WTL
G459E,27,1.35203988829572,0.0402583057890216,WTL
G459F,22,1.1952336666217,0.0778103354112323,WTL
G459H,17,1.32274249860548,0.0413325795642053,WTL
G459I,17,1.26570082119149,0.0600133718678297,WTL
G459K,34,1.34184771340155,0.0374936596227567,WTL
G459L,37,1.27625787058802,0.0752403667233284,WTL
G459M,26,1.30969783925039,0.0528327227368244,WTL
G459N,14,1.33410836477621,0.0420330123877989,WTL
G459P,23,0.100527640125619,0.0883613725656905,LOA
G459Q,19,1.33059516462041,0.0412938546066888,WTL
G459R,18,1.22956269362816,0.0597819898227877,WTL
G459S,22,1.31552991386075,0.0634277441594966,WTL
G459T,23,1.36206927625785,0.0302519171638271,WTL
G459V,30,1.13060774256109,0.0604359574014392,WTL
G459W,30,0.210925228171936,0.0964459330108496,possibleLOA
G459Y,21,1.22249476087715,0.0487639919687271,WTL
D460*,15,-0.0222204869431069,0.0215382071914976,LOA
D460A,22,1.22026190511094,0.0433135073653809,WTL
D460C,27,0.725880732722223,0.0688170155186501,Intermediate
D460E,46,0.609813711889947,0.0617723679851904,Intermediate
D460F,31,0.807437260013167,0.0767196362961596,Intermediate
D460G,36,0.453631359798384,0.0804837054186804,Intermediate
D460H,14,1.26787691795419,0.0727790865457655,WTL
D460I,26,0.987185623779281,0.0570614272756386,WTL
D460K,35,0.749807122715764,0.0541240599884064,Intermediate
D460L,15,1.18250603751566,0.0788658170811747,WTL
D460M,18,0.91196195909056,0.0328945923399521,possibleWTL
D460N,32,0.833196338638243,0.0722535118166959,Intermediate
D460P,26,-0.0076482773822206,0.0305483691799279,LOA
D460Q,21,1.21418332214221,0.0682759899984538,WTL
D460R,16,0.807605032597906,0.0578133853073206,Intermediate
D460S,26,1.11758851499323,0.0459625877783869,WTL
D460T,14,1.33744810851164,0.0427080670308422,WTL
D460V,24,0.559379252012517,0.0565289754413903,Intermediate
D460W,32,0.123206347936572,0.0842028850131295,LOA
D460Y,19,0.633721918326262,0.102278823559864,Intermediate
H461*,21,-0.0167418842085227,0.0281173182953283,LOA
H461A,13,-0.0309380538398434,0.0265614002087972,LOA
H461C,16,-0.0306043703921753,0.0160436176903263,LOA
H461D,16,-0.0206260430893567,0.0368072900855109,LOA
H461E,33,-0.0232495990858478,0.0255750347453842,LOA
H461F,14,-0.0298720232023052,0.0171739627473497,LOA
H461G,18,-0.0216018132537704,0.0266690309591076,LOA
H461I,21,-0.0165723996920105,0.0192459377454305,LOA
H461K,27,-0.0239612937033798,0.0172636312612591,LOA
H461L,28,-0.0298196027360194,0.0171204112750941,LOA
H461M,25,-0.0213371469853016,0.0182102862497613,LOA
H461N,19,-0.0166885213094221,0.0226037071816837,LOA
H461P,20,-0.0316955853376458,0.0116109215642592,LOA
H461Q,24,-0.0116406300850881,0.0138195588863314,LOA
H461R,30,-0.0184509948341365,0.0187340206899778,LOA
H461S,12,-0.0363882576417873,0.0260026728415736,LOA
H461T,25,-0.0201594214516557,0.0169601073425358,LOA
H461V,22,-0.0125332060748535,0.0179326281753541,LOA
H461W,25,-0.0230431743085624,0.0197273303270203,LOA
H461Y,20,-0.025987963382507,0.0181648006053691,LOA
W462*,30,-0.0234738321213472,0.0132402550344861,LOA
W462A,19,1.36389202737827,0.0375686864748113,WTL
W462C,29,1.34111141354875,0.0590601845610896,WTL
W462D,27,-0.0215419925498599,0.014757634487573,LOA
W462E,27,-0.0182522737400323,0.0174923428453856,LOA
W462F,34,1.33856578250547,0.0334521175149925,WTL
W462G,27,1.34648131346912,0.0463963214215189,WTL
W462H,28,1.06795004346721,0.218627238156328,possibleWTL
W462I,18,0.796517680814533,0.281349623022284,Intermediate
W462K,32,-0.0241013988959917,0.0138042923059755,LOA
W462L,32,1.06300511137163,0.127553276444582,WTL
W462M,30,0.913244228114203,0.105892538972909,possibleWTL
W462N,23,0.167104374176507,0.0837142327444471,LOA
W462P,32,1.33772693160307,0.0589560329629077,WTL
W462Q,29,0.847141078062921,0.251240806952982,Intermediate
W462R,31,-0.0253000550901147,0.0133419458161942,LOA
W462S,17,1.25801548344803,0.116949063906918,WTL
W462T,29,0.294848765708838,0.167170615100359,Intermediate
W462V,36,0.54032196123071,0.0895529245825276,Intermediate
W462Y,28,1.36447908074242,0.0302981744088172,WTL
F463*,23,-0.0214555106617509,0.0208735791214233,LOA
F463A,29,-0.0326577646081519,0.00999887571467182,LOA
F463C,25,-0.0201803157965553,0.0298361644205162,LOA
F463D,42,-0.0225348544074251,0.0186401999222854,LOA
F463E,33,-0.0238638892491314,0.0217171515782627,LOA
F463G,16,-0.0236126173701877,0.0218687298933646,LOA
F463H,30,-0.0260847684420602,0.0111922010647201,LOA
F463I,33,0.441392472131326,0.258150876697428,Intermediate
F463K,18,-0.0275678755083941,0.0194991154661802,LOA
F463L,28,0.0645277519494228,0.0730306189167786,LOA
F463M,35,0.478258577308647,0.176332627298401,Intermediate
F463N,21,-0.0175050764223184,0.0174951052668077,LOA
F463P,21,-0.023283119454184,0.0188856511181895,LOA
F463Q,27,-0.0131872822454881,0.0223491395124349,LOA
F463R,33,-0.0188579093674908,0.0196304266009503,LOA
F463S,30,-0.0338748609363035,0.0065355732777137,LOA
F463T,19,-0.0229548852550866,0.0158410496321915,LOA
F463V,31,-0.0174741287523244,0.0188328754261241,LOA
F463W,28,-0.00384670544114349,0.0320180916080956,LOA
F463Y,22,0.584785474555609,0.0508993732681399,Intermediate
D464*,29,0.538287213951822,0.0730527786405537,Intermediate
D464A,13,1.32710062948818,0.0597323635685343,WTL
D464C,34,1.32870052913212,0.0447085436376323,WTL
D464E,25,1.30989216368936,0.0376002891685895,WTL
D464F,36,1.3353775705963,0.0395844850350305,WTL
D464G,32,1.33434606888625,0.0428409867301502,WTL
D464H,32,1.37258089288755,0.0405280947653923,WTL
D464I,36,1.36144462277197,0.0431317442947662,WTL
D464K,30,1.30148755270042,0.0464618398545648,WTL
D464L,25,1.31189465961485,0.0405186019896238,WTL
D464M,32,1.02691731409964,0.0694759260310898,WTL
D464N,27,1.35698346262895,0.0383961893771261,WTL
D464P,28,-0.0227657240417172,0.011605786694519,LOA
D464Q,32,1.33407444220758,0.0429651430649026,WTL
D464R,25,1.25270349993354,0.0632235197521784,WTL
D464S,29,1.35964336948919,0.0272923913938105,WTL
D464T,20,1.37619235840385,0.0270914854098548,WTL
D464V,28,1.17146045230948,0.0452130360066492,WTL
D464W,50,0.17467824191746,0.108905522437394,possibleLOA
D464Y,30,1.33707247632543,0.0509516503709075,WTL
V465*,30,1.26673530827491,0.0477407835674642,WTL
V465A,28,1.33722714146807,0.0625884974620742,WTL
V465C,24,1.29914424087657,0.0537671492820545,WTL
V465D,43,1.35944607318606,0.0443847798310326,WTL
V465E,22,1.28414771491382,0.04421943591642,WTL
V465F,25,1.24543334441749,0.059599218427589,WTL
V465G,30,1.24379647286949,0.0596709985175535,WTL
V465H,27,1.32928005786207,0.0587498095159562,WTL
V465I,40,1.21866269664948,0.0672306632061318,WTL
V465K,18,0.779860474540171,0.0641093486615879,Intermediate
V465L,23,1.31105975805043,0.0553096757034512,WTL
V465M,24,1.08688167478453,0.0428836129886373,WTL
V465N,30,1.31086413500909,0.050343807389173,WTL
V465P,31,1.23868430193118,0.0579585854183044,WTL
V465Q,29,1.357423106791,0.0280231938401508,WTL
V465R,31,0.462330880352509,0.102505609093778,Intermediate
V465S,29,0.763977741269656,0.0484053356793922,Intermediate
V465T,39,0.201423015671814,0.0901361848042973,possibleLOA
V465W,32,1.35335812620449,0.0369104136443937,WTL
V465Y,31,1.27903788168912,0.0507300187664637,WTL
